time_s,gps_lat,gps_lon,gps_alt,gps_speed,gps_bearing,gps_hAcc,gps_vAcc,gps_speedAcc,gps_bearingAcc,gps_unixTimestamp,gps_hasFix,gps_source,gps_flags,gps_phone_lat,gps_phone_lon,gps_phone_alt,gps_phone_speed,gps_phone_bearing,gps_phone_hAcc,gps_phone_hasFix
0.000000,,,,,,,,,,,,,,28.129219,-82.365732,-27.045115,6.135558,223.465729,0.000000,1
0.100000,,,,,,,,,,,,,,28.129219,-82.365732,-27.045115,6.135558,223.465729,0.000000,1
0.200000,,,,,,,,,,,,,,28.129219,-82.365732,-27.045115,6.135558,223.465729,0.000000,1
0.300000,,,,,,,,,,,,,,28.129219,-82.365732,-27.045115,6.135558,223.465729,0.000000,1
0.400000,,,,,,,,,,,,,,28.129219,-82.365732,-27.045115,6.135558,223.465729,0.000000,1
0.500000,,,,,,,,,,,,,,28.129219,-82.365732,-27.045115,6.135558,223.465729,0.000000,1
0.600000,,,,,,,,,,,,,,28.129219,-82.365732,-27.045115,6.135558,223.465729,0.000000,1
0.700000,,,,,,,,,,,,,,28.129219,-82.365732,-27.045115,6.135558,223.465729,0.000000,1
0.800000,,,,,,,,,,,,,,28.129219,-82.365732,-27.045115,6.135558,223.465729,0.000000,1
0.900000,,,,,,,,,,,,,,28.129219,-82.365732,-27.045115,6.135558,223.465729,0.000000,1
1.000000,,,,,,,,,,,,,,28.129219,-82.365732,-27.045115,6.135558,223.465729,0.000000,1
1.100000,,,,,,,,,,,,,,28.129219,-82.365732,-27.045115,6.135558,223.465729,0.000000,1
1.200000,,,,,,,,,,,,,,28.129219,-82.365732,-27.045115,6.135558,223.465729,0.000000,1
1.300000,,,,,,,,,,,,,,28.129219,-82.365732,-27.045115,6.135558,223.465729,0.000000,1
1.400000,,,,,,,,,,,,,,28.129219,-82.365732,-27.045115,6.135558,223.465729,0.000000,1
1.500000,,,,,,,,,,,,,,28.129219,-82.365732,-27.045115,6.135558,223.465729,0.000000,1
1.600000,,,,,,,,,,,,,,28.129219,-82.365732,-27.045115,6.135558,223.465729,0.000000,1
1.700000,,,,,,,,,,,,,,28.129219,-82.365732,-27.045115,6.135558,223.465729,0.000000,1
1.800000,,,,,,,,,,,,,,28.129219,-82.365732,-27.045115,6.135558,223.465729,0.000000,1
1.900000,,,,,,,,,,,,,,28.129219,-82.365732,-27.045115,6.135558,223.465729,0.000000,1
2.000000,,,,,,,,,,,,,,28.129219,-82.365732,-27.045115,6.135558,223.465729,0.000000,1
2.100000,,,,,,,,,,,,,,28.129219,-82.365732,-27.045115,6.135558,223.465729,0.000000,1
2.200000,,,,,,,,,,,,,,28.129219,-82.365732,-27.045115,6.135558,223.465729,0.000000,1
2.300000,,,,,,,,,,,,,,28.129219,-82.365732,-27.045115,6.135558,223.465729,0.000000,1
2.400000,,,,,,,,,,,,,,28.129219,-82.365732,-27.045115,6.135558,223.465729,0.000000,1
2.500000,,,,,,,,,,,,,,28.129219,-82.365732,-27.045115,6.135558,223.465729,0.000000,1
2.600000,,,,,,,,,,,,,,28.129219,-82.365732,-27.045115,6.135558,223.465729,0.000000,1
2.700000,,,,,,,,,,,,,,28.129219,-82.365732,-27.045115,6.135558,223.465729,0.000000,1
2.800000,,,,,,,,,,,,,,28.129219,-82.365732,-27.045115,6.135558,223.465729,0.000000,1
2.900000,,,,,,,,,,,,,,28.129219,-82.365732,-27.045115,6.135558,223.465729,0.000000,1
3.000000,,,,,,,,,,,,,,28.129219,-82.365732,-27.045115,6.135558,223.465729,0.000000,1
3.100000,,,,,,,,,,,,,,28.129219,-82.365732,-27.045115,6.135558,223.465729,0.000000,1
3.200000,,,,,,,,,,,,,,28.129219,-82.365732,-27.045115,6.135558,223.465729,0.000000,1
3.300000,,,,,,,,,,,,,,28.129219,-82.365732,-27.045115,6.135558,223.465729,0.000000,1
3.400000,,,,,,,,,,,,,,28.129219,-82.365732,-27.045115,6.135558,223.465729,0.000000,1
3.500000,,,,,,,,,,,,,,28.129219,-82.365732,-27.045115,6.135558,223.465729,0.000000,1
3.600000,,,,,,,,,,,,,,28.129219,-82.365732,-27.045115,6.135558,223.465729,0.000000,1
3.700000,,,,,,,,,,,,,,28.129219,-82.365732,-27.045115,6.135558,223.465729,0.000000,1
3.800000,,,,,,,,,,,,,,28.129219,-82.365732,-27.045115,6.135558,223.465729,0.000000,1
3.900000,,,,,,,,,,,,,,28.129219,-82.365732,-27.045115,6.135558,223.465729,0.000000,1
4.000000,,,,,,,,,,,,,,28.129219,-82.365732,-27.045115,6.135558,223.465729,0.000000,1
4.100000,,,,,,,,,,,,,,28.129219,-82.365732,-27.045115,6.135558,223.465729,0.000000,1
4.200000,,,,,,,,,,,,,,28.129219,-82.365732,-27.045115,6.135558,223.465729,0.000000,1
4.300000,,,,,,,,,,,,,,28.129219,-82.365732,-27.045115,6.135558,223.465729,0.000000,1
4.400000,,,,,,,,,,,,,,28.129219,-82.365732,-27.045115,6.135558,223.465729,0.000000,1
4.500000,,,,,,,,,,,,,,28.129219,-82.365732,-27.045115,6.135558,223.465729,0.000000,1
4.600000,,,,,,,,,,,,,,28.129219,-82.365732,-27.045115,6.135558,223.465729,0.000000,1
4.700000,,,,,,,,,,,,,,28.129219,-82.365732,-27.045115,6.135558,223.465729,0.000000,1
4.800000,,,,,,,,,,,,,,28.129219,-82.365732,-27.045115,6.135558,223.465729,0.000000,1
4.900000,,,,,,,,,,,,,,28.129219,-82.365732,-27.045115,6.135558,223.465729,0.000000,1
5.000000,,,,,,,,,,,,,,28.129219,-82.365732,-27.045115,6.135558,223.465729,0.000000,1
5.100000,,,,,,,,,,,,,,28.129219,-82.365732,-27.045115,6.135558,223.465729,0.000000,1
5.200000,,,,,,,,,,,,,,28.129219,-82.365732,-27.045115,6.135558,223.465729,0.000000,1
5.300000,,,,,,,,,,,,,,28.129219,-82.365732,-27.045115,6.135558,223.465729,0.000000,1
5.400000,,,,,,,,,,,,,,28.129219,-82.365732,-27.045115,6.135558,223.465729,0.000000,1
5.500000,,,,,,,,,,,,,,28.129219,-82.365732,-27.045115,6.135558,223.465729,0.000000,1
5.600000,,,,,,,,,,,,,,28.129219,-82.365732,-27.045115,6.135558,223.465729,0.000000,1
5.700000,,,,,,,,,,,,,,28.129219,-82.365732,-27.045115,6.135558,223.465729,0.000000,1
5.800000,,,,,,,,,,,,,,28.129219,-82.365732,-27.045115,6.135558,223.465729,0.000000,1
5.900000,,,,,,,,,,,,,,28.129219,-82.365732,-27.045115,6.135558,223.465729,0.000000,1
6.000000,,,,,,,,,,,,,,28.129219,-82.365732,-27.045115,6.135558,223.465729,0.000000,1
6.100000,,,,,,,,,,,,,,28.129219,-82.365732,-27.045115,6.135558,223.465729,0.000000,1
6.200000,,,,,,,,,,,,,,28.129219,-82.365732,-27.045115,6.135558,223.465729,0.000000,1
6.300000,,,,,,,,,,,,,,28.129219,-82.365732,-27.045115,6.135558,223.465729,0.000000,1
6.400000,,,,,,,,,,,,,,28.129219,-82.365732,-27.045115,6.135558,223.465729,0.000000,1
6.500000,,,,,,,,,,,,,,28.129219,-82.365732,-27.045115,6.135558,223.465729,0.000000,1
6.600000,,,,,,,,,,,,,,28.129219,-82.365732,-27.045115,6.135558,223.465729,0.000000,1
6.700000,,,,,,,,,,,,,,28.129219,-82.365732,-27.045115,6.135558,223.465729,0.000000,1
6.800000,,,,,,,,,,,,,,28.129219,-82.365732,-27.045115,6.135558,223.465729,0.000000,1
6.900000,,,,,,,,,,,,,,28.129219,-82.365732,-27.045115,6.135558,223.465729,0.000000,1
7.000000,,,,,,,,,,,,,,28.129219,-82.365732,-27.045115,6.135558,223.465729,0.000000,1
7.100000,,,,,,,,,,,,,,28.129219,-82.365732,-27.045115,6.135558,223.465729,0.000000,1
7.200000,,,,,,,,,,,,,,28.129219,-82.365732,-27.045115,6.135558,223.465729,0.000000,1
7.300000,,,,,,,,,,,,,,28.129219,-82.365732,-27.045115,6.135558,223.465729,0.000000,1
7.400000,,,,,,,,,,,,,,28.129219,-82.365732,-27.045115,6.135558,223.465729,0.000000,1
7.500000,,,,,,,,,,,,,,28.129219,-82.365732,-27.045115,6.135558,223.465729,0.000000,1
7.600000,,,,,,,,,,,,,,28.129219,-82.365732,-27.045115,6.135558,223.465729,0.000000,1
7.700000,,,,,,,,,,,,,,28.129219,-82.365732,-27.045115,6.135558,223.465729,0.000000,1
7.800000,,,,,,,,,,,,,,28.129219,-82.365732,-27.045115,6.135558,223.465729,0.000000,1
7.900000,,,,,,,,,,,,,,28.129219,-82.365732,-27.045115,6.135558,223.465729,0.000000,1
8.000000,,,,,,,,,,,,,,28.129219,-82.365732,-27.045115,6.135558,223.465729,0.000000,1
8.100000,,,,,,,,,,,,,,28.129219,-82.365732,-27.045115,6.135558,223.465729,0.000000,1
8.200000,,,,,,,,,,,,,,28.129219,-82.365732,-27.045115,6.135558,223.465729,0.000000,1
8.300000,,,,,,,,,,,,,,28.129219,-82.365732,-27.045115,6.135558,223.465729,0.000000,1
8.400000,,,,,,,,,,,,,,28.129219,-82.365732,-27.045115,6.135558,223.465729,0.000000,1
8.500000,,,,,,,,,,,,,,28.129219,-82.365732,-27.045115,6.135558,223.465729,0.000000,1
8.600000,,,,,,,,,,,,,,28.129219,-82.365732,-27.045115,6.135558,223.465729,0.000000,1
8.700000,,,,,,,,,,,,,,28.129219,-82.365732,-27.045115,6.135558,223.465729,0.000000,1
8.800000,,,,,,,,,,,,,,28.129219,-82.365732,-27.045115,6.135558,223.465729,0.000000,1
8.900000,,,,,,,,,,,,,,28.129219,-82.365732,-27.045115,6.135558,223.465729,0.000000,1
9.000000,,,,,,,,,,,,,,28.129219,-82.365732,-27.045115,6.135558,223.465729,0.000000,1
9.100000,,,,,,,,,,,,,,28.129219,-82.365732,-27.045115,6.135558,223.465729,0.000000,1
9.200000,,,,,,,,,,,,,,28.129219,-82.365732,-27.045115,6.135558,223.465729,0.000000,1
9.300000,,,,,,,,,,,,,,28.129219,-82.365732,-27.045115,6.135558,223.465729,0.000000,1
9.400000,,,,,,,,,,,,,,28.129219,-82.365732,-27.045115,6.135558,223.465729,0.000000,1
9.500000,,,,,,,,,,,,,,28.129219,-82.365732,-27.045115,6.135558,223.465729,0.000000,1
9.600000,,,,,,,,,,,,,,28.129219,-82.365732,-27.045115,6.135558,223.465729,0.000000,1
9.700000,,,,,,,,,,,,,,28.129219,-82.365732,-27.045115,6.135558,223.465729,0.000000,1
9.800000,,,,,,,,,,,,,,28.129219,-82.365732,-27.045115,6.135558,223.465729,0.000000,1
9.900000,,,,,,,,,,,,,,28.129219,-82.365732,-27.045115,6.135558,223.465729,0.000000,1
10.000000,,,,,,,,,,,,,,28.129219,-82.365732,-27.045115,6.135558,223.465729,0.000000,1
10.100000,,,,,,,,,,,,,,28.129219,-82.365732,-27.045115,6.135558,223.465729,0.000000,1
10.200000,,,,,,,,,,,,,,28.129219,-82.365732,-27.045115,6.135558,223.465729,0.000000,1
10.300000,,,,,,,,,,,,,,28.129219,-82.365732,-27.045115,6.135558,223.465729,0.000000,1
10.400000,,,,,,,,,,,,,,28.129219,-82.365732,-27.045115,6.135558,223.465729,0.000000,1
10.500000,,,,,,,,,,,,,,28.129219,-82.365732,-27.045115,6.135558,223.465729,0.000000,1
10.600000,,,,,,,,,,,,,,28.129219,-82.365732,-27.045115,6.135558,223.465729,0.000000,1
10.700000,,,,,,,,,,,,,,28.129219,-82.365732,-27.045115,6.135558,223.465729,0.000000,1
10.800000,,,,,,,,,,,,,,28.129219,-82.365732,-27.045115,6.135558,223.465729,0.000000,1
10.900000,,,,,,,,,,,,,,28.129219,-82.365732,-27.045115,6.135558,223.465729,0.000000,1
11.000000,,,,,,,,,,,,,,28.129219,-82.365732,-27.045115,6.135558,223.465729,0.000000,1
11.100000,,,,,,,,,,,,,,28.129219,-82.365732,-27.045115,6.135558,223.465729,0.000000,1
11.200000,,,,,,,,,,,,,,28.129219,-82.365732,-27.045115,6.135558,223.465729,0.000000,1
11.300000,,,,,,,,,,,,,,28.129219,-82.365732,-27.045115,6.135558,223.465729,0.000000,1
11.400000,,,,,,,,,,,,,,28.129219,-82.365732,-27.045115,6.135558,223.465729,0.000000,1
11.500000,,,,,,,,,,,,,,28.129219,-82.365732,-27.045115,6.135558,223.465729,0.000000,1
11.600000,,,,,,,,,,,,,,28.129219,-82.365732,-27.045115,6.135558,223.465729,0.000000,1
11.700000,,,,,,,,,,,,,,28.129219,-82.365732,-27.045115,6.135558,223.465729,0.000000,1
11.800000,,,,,,,,,,,,,,28.129219,-82.365732,-27.045115,6.135558,223.465729,0.000000,1
11.900000,,,,,,,,,,,,,,28.129219,-82.365732,-27.045115,6.135558,223.465729,0.000000,1
12.000000,,,,,,,,,,,,,,28.129219,-82.365732,-27.045115,6.135558,223.465729,0.000000,1
12.100000,,,,,,,,,,,,,,28.129219,-82.365732,-27.045115,6.135558,223.465729,0.000000,1
12.200000,,,,,,,,,,,,,,28.129219,-82.365732,-27.045115,6.135558,223.465729,0.000000,1
12.300000,,,,,,,,,,,,,,28.129219,-82.365732,-27.045115,6.135558,223.465729,0.000000,1
12.400000,,,,,,,,,,,,,,28.129219,-82.365732,-27.045115,6.135558,223.465729,0.000000,1
12.500000,,,,,,,,,,,,,,28.129219,-82.365732,-27.045115,6.135558,223.465729,0.000000,1
12.600000,,,,,,,,,,,,,,28.129219,-82.365732,-27.045115,6.135558,223.465729,0.000000,1
12.700000,,,,,,,,,,,,,,28.129219,-82.365732,-27.045115,6.135558,223.465729,0.000000,1
12.800000,,,,,,,,,,,,,,28.129219,-82.365732,-27.045115,6.135558,223.465729,0.000000,1
12.900000,,,,,,,,,,,,,,28.129219,-82.365732,-27.045115,6.135558,223.465729,0.000000,1
13.000000,,,,,,,,,,,,,,28.129219,-82.365732,-27.045115,6.135558,223.465729,0.000000,1
13.100000,,,,,,,,,,,,,,28.129219,-82.365732,-27.045115,6.135558,223.465729,0.000000,1
13.200000,,,,,,,,,,,,,,28.129219,-82.365732,-27.045115,6.135558,223.465729,0.000000,1
13.300000,,,,,,,,,,,,,,28.129219,-82.365732,-27.045115,6.135558,223.465729,0.000000,1
13.400000,,,,,,,,,,,,,,28.129219,-82.365732,-27.045115,6.135558,223.465729,0.000000,1
13.500000,,,,,,,,,,,,,,28.129219,-82.365732,-27.045115,6.135558,223.465729,0.000000,1
13.600000,,,,,,,,,,,,,,28.129219,-82.365732,-27.045115,6.135558,223.465729,0.000000,1
13.700000,,,,,,,,,,,,,,28.129219,-82.365732,-27.045115,6.135558,223.465729,0.000000,1
13.800000,,,,,,,,,,,,,,28.129219,-82.365732,-27.045115,6.135558,223.465729,0.000000,1
13.900000,,,,,,,,,,,,,,28.129219,-82.365732,-27.045115,6.135558,223.465729,0.000000,1
14.000000,,,,,,,,,,,,,,28.129219,-82.365732,-27.045115,6.135558,223.465729,0.000000,1
14.100000,,,,,,,,,,,,,,28.129219,-82.365732,-27.045115,6.135558,223.465729,0.000000,1
14.200000,,,,,,,,,,,,,,28.129219,-82.365732,-27.045115,6.135558,223.465729,0.000000,1
14.300000,,,,,,,,,,,,,,28.129219,-82.365732,-27.045115,6.135558,223.465729,0.000000,1
14.400000,,,,,,,,,,,,,,28.129219,-82.365732,-27.045115,6.135558,223.465729,0.000000,1
14.500000,,,,,,,,,,,,,,28.129219,-82.365732,-27.045115,6.135558,223.465729,0.000000,1
14.600000,,,,,,,,,,,,,,28.129219,-82.365732,-27.045115,6.135558,223.465729,0.000000,1
14.700000,,,,,,,,,,,,,,28.129219,-82.365732,-27.045115,6.135558,223.465729,0.000000,1
14.800000,,,,,,,,,,,,,,28.129219,-82.365732,-27.045115,6.135558,223.465729,0.000000,1
14.900000,,,,,,,,,,,,,,28.129219,-82.365732,-27.045115,6.135558,223.465729,0.000000,1
15.000000,,,,,,,,,,,,,,28.129219,-82.365732,-27.045115,6.135558,223.465729,0.000000,1
15.100000,,,,,,,,,,,,,,28.129219,-82.365732,-27.045115,6.135558,223.465729,0.000000,1
15.200000,,,,,,,,,,,,,,28.129219,-82.365732,-27.045115,6.135558,223.465729,0.000000,1
15.300000,,,,,,,,,,,,,,28.129219,-82.365732,-27.045115,6.135558,223.465729,0.000000,1
15.400000,,,,,,,,,,,,,,28.129219,-82.365732,-27.045115,6.135558,223.465729,0.000000,1
15.500000,,,,,,,,,,,,,,28.129219,-82.365732,-27.045115,6.135558,223.465729,0.000000,1
15.600000,,,,,,,,,,,,,,28.129219,-82.365732,-27.045115,6.135558,223.465729,0.000000,1
15.700000,,,,,,,,,,,,,,28.129219,-82.365732,-27.045115,6.135558,223.465729,0.000000,1
15.800000,,,,,,,,,,,,,,28.129219,-82.365732,-27.045115,6.135558,223.465729,0.000000,1
15.900000,,,,,,,,,,,,,,28.129219,-82.365732,-27.045115,6.135558,223.465729,0.000000,1
16.000000,,,,,,,,,,,,,,28.129219,-82.365732,-27.045115,6.135558,223.465729,0.000000,1
16.100000,,,,,,,,,,,,,,28.129219,-82.365732,-27.045115,6.135558,223.465729,0.000000,1
16.200000,,,,,,,,,,,,,,28.129219,-82.365732,-27.045115,6.135558,223.465729,0.000000,1
16.300000,,,,,,,,,,,,,,28.129219,-82.365732,-27.045115,6.135558,223.465729,0.000000,1
16.400000,,,,,,,,,,,,,,28.129219,-82.365732,-27.045115,6.135558,223.465729,0.000000,1
16.500000,,,,,,,,,,,,,,28.129219,-82.365732,-27.045115,6.135558,223.465729,0.000000,1
16.600000,,,,,,,,,,,,,,28.129219,-82.365732,-27.045115,6.135558,223.465729,0.000000,1
16.700000,,,,,,,,,,,,,,28.129219,-82.365732,-27.045115,6.135558,223.465729,0.000000,1
16.800000,,,,,,,,,,,,,,28.129219,-82.365732,-27.045115,6.135558,223.465729,0.000000,1
16.900000,,,,,,,,,,,,,,28.129219,-82.365732,-27.045115,6.135558,223.465729,0.000000,1
17.000000,,,,,,,,,,,,,,28.129219,-82.365732,-27.045115,6.135558,223.465729,0.000000,1
17.100000,,,,,,,,,,,,,,28.129219,-82.365732,-27.045115,6.135558,223.465729,0.000000,1
17.200000,,,,,,,,,,,,,,28.129219,-82.365732,-27.045115,6.135558,223.465729,0.000000,1
17.300000,,,,,,,,,,,,,,28.129219,-82.365732,-27.045115,6.135558,223.465729,0.000000,1
17.400000,,,,,,,,,,,,,,28.129219,-82.365732,-27.045115,6.135558,223.465729,0.000000,1
17.500000,,,,,,,,,,,,,,28.129219,-82.365732,-27.045115,6.135558,223.465729,0.000000,1
17.600000,,,,,,,,,,,,,,28.129219,-82.365732,-27.045115,6.135558,223.465729,0.000000,1
17.700000,,,,,,,,,,,,,,28.129219,-82.365732,-27.045115,6.135558,223.465729,0.000000,1
17.800000,,,,,,,,,,,,,,28.129219,-82.365732,-27.045115,6.135558,223.465729,0.000000,1
17.900000,,,,,,,,,,,,,,28.129219,-82.365732,-27.045115,6.135558,223.465729,0.000000,1
18.000000,,,,,,,,,,,,,,28.129219,-82.365732,-27.045115,6.135558,223.465729,0.000000,1
18.100000,,,,,,,,,,,,,,28.129219,-82.365732,-27.045115,6.135558,223.465729,0.000000,1
18.200000,,,,,,,,,,,,,,28.129219,-82.365732,-27.045115,6.135558,223.465729,0.000000,1
18.300000,,,,,,,,,,,,,,28.129219,-82.365732,-27.045115,6.135558,223.465729,0.000000,1
18.400000,,,,,,,,,,,,,,28.129219,-82.365732,-27.045115,6.135558,223.465729,0.000000,1
18.500000,,,,,,,,,,,,,,28.129219,-82.365732,-27.045115,6.135558,223.465729,0.000000,1
18.600000,,,,,,,,,,,,,,28.129219,-82.365732,-27.045115,6.135558,223.465729,0.000000,1
18.700000,,,,,,,,,,,,,,28.129219,-82.365732,-27.045115,6.135558,223.465729,0.000000,1
18.800000,,,,,,,,,,,,,,28.129219,-82.365732,-27.045115,6.135558,223.465729,0.000000,1
18.900000,,,,,,,,,,,,,,28.129219,-82.365732,-27.045115,6.135558,223.465729,0.000000,1
19.000000,,,,,,,,,,,,,,28.129219,-82.365732,-27.045115,6.135558,223.465729,0.000000,1
19.100000,,,,,,,,,,,,,,28.129219,-82.365732,-27.045115,6.135558,223.465729,0.000000,1
19.200000,,,,,,,,,,,,,,28.129219,-82.365732,-27.045115,6.135558,223.465729,0.000000,1
19.300000,,,,,,,,,,,,,,28.129219,-82.365732,-27.045115,6.135558,223.465729,0.000000,1
19.400000,,,,,,,,,,,,,,28.129219,-82.365732,-27.045115,6.135558,223.465729,0.000000,1
19.500000,,,,,,,,,,,,,,28.129219,-82.365732,-27.045115,6.135558,223.465729,0.000000,1
19.600000,,,,,,,,,,,,,,28.129219,-82.365732,-27.045115,6.135558,223.465729,0.000000,1
19.700000,,,,,,,,,,,,,,28.129219,-82.365732,-27.045115,6.135558,223.465729,0.000000,1
19.800000,,,,,,,,,,,,,,28.129219,-82.365732,-27.045115,6.135558,223.465729,0.000000,1
19.900000,,,,,,,,,,,,,,28.129219,-82.365732,-27.045115,6.135558,223.465729,0.000000,1
20.000000,,,,,,,,,,,,,,28.129219,-82.365732,-27.045115,6.135558,223.465729,0.000000,1
20.100000,,,,,,,,,,,,,,28.129219,-82.365732,-27.045115,6.135558,223.465729,0.000000,1
20.200000,,,,,,,,,,,,,,28.129219,-82.365732,-27.045115,6.135558,223.465729,0.000000,1
20.300000,,,,,,,,,,,,,,28.129219,-82.365732,-27.045115,6.135558,223.465729,0.000000,1
20.400000,,,,,,,,,,,,,,28.129219,-82.365732,-27.045115,6.135558,223.465729,0.000000,1
20.500000,,,,,,,,,,,,,,28.129219,-82.365732,-27.045115,6.135558,223.465729,0.000000,1
20.600000,,,,,,,,,,,,,,28.129219,-82.365732,-27.045115,6.135558,223.465729,0.000000,1
20.700000,,,,,,,,,,,,,,28.129219,-82.365732,-27.045115,6.135558,223.465729,0.000000,1
20.800000,,,,,,,,,,,,,,28.129219,-82.365732,-27.045115,6.135558,223.465729,0.000000,1
20.900000,,,,,,,,,,,,,,28.129219,-82.365732,-27.045115,6.135558,223.465729,0.000000,1
21.000000,,,,,,,,,,,,,,28.129219,-82.365732,-27.045115,6.135558,223.465729,0.000000,1
21.100000,,,,,,,,,,,,,,28.129219,-82.365732,-27.045115,6.135558,223.465729,0.000000,1
21.200000,,,,,,,,,,,,,,28.129219,-82.365732,-27.045115,6.135558,223.465729,0.000000,1
21.300000,,,,,,,,,,,,,,28.129219,-82.365732,-27.045115,6.135558,223.465729,0.000000,1
21.400000,,,,,,,,,,,,,,28.129219,-82.365732,-27.045115,6.135558,223.465729,0.000000,1
21.500000,,,,,,,,,,,,,,28.129219,-82.365732,-27.045115,6.135558,223.465729,0.000000,1
21.600000,,,,,,,,,,,,,,28.129219,-82.365732,-27.045115,6.135558,223.465729,0.000000,1
21.700000,,,,,,,,,,,,,,28.129219,-82.365732,-27.045115,6.135558,223.465729,0.000000,1
21.800000,,,,,,,,,,,,,,28.129219,-82.365732,-27.045115,6.135558,223.465729,0.000000,1
21.900000,,,,,,,,,,,,,,28.129219,-82.365732,-27.045115,6.135558,223.465729,0.000000,1
22.000000,,,,,,,,,,,,,,28.129219,-82.365732,-27.045115,6.135558,223.465729,0.000000,1
22.100000,,,,,,,,,,,,,,28.129219,-82.365732,-27.045115,6.135558,223.465729,0.000000,1
22.200000,,,,,,,,,,,,,,28.129219,-82.365732,-27.045115,6.135558,223.465729,0.000000,1
22.300000,,,,,,,,,,,,,,28.129219,-82.365732,-27.045115,6.135558,223.465729,0.000000,1
22.400000,,,,,,,,,,,,,,28.129219,-82.365732,-27.045115,6.135558,223.465729,0.000000,1
22.500000,,,,,,,,,,,,,,28.129219,-82.365732,-27.045115,6.135558,223.465729,0.000000,1
22.600000,,,,,,,,,,,,,,28.129219,-82.365732,-27.045115,6.135558,223.465729,0.000000,1
22.700000,,,,,,,,,,,,,,28.129219,-82.365732,-27.045115,6.135558,223.465729,0.000000,1
22.800000,,,,,,,,,,,,,,28.129219,-82.365732,-27.045115,6.135558,223.465729,0.000000,1
22.900000,,,,,,,,,,,,,,28.129219,-82.365732,-27.045115,6.135558,223.465729,0.000000,1
23.000000,,,,,,,,,,,,,,28.129219,-82.365732,-27.045115,6.135558,223.465729,0.000000,1
23.100000,,,,,,,,,,,,,,28.129219,-82.365732,-27.045115,6.135558,223.465729,0.000000,1
23.200000,,,,,,,,,,,,,,28.129219,-82.365732,-27.045115,6.135558,223.465729,0.000000,1
23.300000,,,,,,,,,,,,,,28.129219,-82.365732,-27.045115,6.135558,223.465729,0.000000,1
23.400000,,,,,,,,,,,,,,28.129219,-82.365732,-27.045115,6.135558,223.465729,0.000000,1
23.500000,,,,,,,,,,,,,,28.129219,-82.365732,-27.045115,6.135558,223.465729,0.000000,1
23.600000,,,,,,,,,,,,,,28.129219,-82.365732,-27.045115,6.135558,223.465729,0.000000,1
23.700000,,,,,,,,,,,,,,28.129219,-82.365732,-27.045115,6.135558,223.465729,0.000000,1
23.800000,,,,,,,,,,,,,,28.129219,-82.365732,-27.045115,6.135558,223.465729,0.000000,1
23.900000,,,,,,,,,,,,,,28.129219,-82.365732,-27.045115,6.135558,223.465729,0.000000,1
24.000000,,,,,,,,,,,,,,28.129219,-82.365732,-27.045115,6.135558,223.465729,0.000000,1
24.100000,,,,,,,,,,,,,,28.129219,-82.365732,-27.045115,6.135558,223.465729,0.000000,1
24.200000,,,,,,,,,,,,,,28.129219,-82.365732,-27.045115,6.135558,223.465729,0.000000,1
24.300000,,,,,,,,,,,,,,28.129219,-82.365732,-27.045115,6.135558,223.465729,0.000000,1
24.400000,,,,,,,,,,,,,,28.129219,-82.365732,-27.045115,6.135558,223.465729,0.000000,1
24.500000,,,,,,,,,,,,,,28.129219,-82.365732,-27.045115,6.135558,223.465729,0.000000,1
24.600000,,,,,,,,,,,,,,28.129219,-82.365732,-27.045115,6.135558,223.465729,0.000000,1
24.700000,,,,,,,,,,,,,,28.129219,-82.365732,-27.045115,6.135558,223.465729,0.000000,1
24.800000,,,,,,,,,,,,,,28.129219,-82.365732,-27.045115,6.135558,223.465729,0.000000,1
24.900000,,,,,,,,,,,,,,28.129219,-82.365732,-27.045115,6.135558,223.465729,0.000000,1
25.000000,,,,,,,,,,,,,,28.129219,-82.365732,-27.045115,6.135558,223.465729,0.000000,1
25.100000,,,,,,,,,,,,,,28.129219,-82.365732,-27.045115,6.135558,223.465729,0.000000,1
25.200000,,,,,,,,,,,,,,28.129219,-82.365732,-27.045115,6.135558,223.465729,0.000000,1
25.300000,,,,,,,,,,,,,,28.129219,-82.365732,-27.045115,6.135558,223.465729,0.000000,1
25.400000,,,,,,,,,,,,,,28.129219,-82.365732,-27.045115,6.135558,223.465729,0.000000,1
25.500000,,,,,,,,,,,,,,28.129219,-82.365732,-27.045115,6.135558,223.465729,0.000000,1
25.600000,,,,,,,,,,,,,,28.129219,-82.365732,-27.045115,6.135558,223.465729,0.000000,1
25.700000,,,,,,,,,,,,,,28.129219,-82.365732,-27.045115,6.135558,223.465729,0.000000,1
25.800000,,,,,,,,,,,,,,28.129219,-82.365732,-27.045115,6.135558,223.465729,0.000000,1
25.900000,,,,,,,,,,,,,,28.129219,-82.365732,-27.045115,6.135558,223.465729,0.000000,1
26.000000,,,,,,,,,,,,,,28.129219,-82.365732,-27.045115,6.135558,223.465729,0.000000,1
26.100000,,,,,,,,,,,,,,28.129219,-82.365732,-27.045115,6.135558,223.465729,0.000000,1
26.200000,,,,,,,,,,,,,,28.129219,-82.365732,-27.045115,6.135558,223.465729,0.000000,1
26.300000,,,,,,,,,,,,,,28.129219,-82.365732,-27.045115,6.135558,223.465729,0.000000,1
26.400000,,,,,,,,,,,,,,28.129219,-82.365732,-27.045115,6.135558,223.465729,0.000000,1
26.500000,,,,,,,,,,,,,,28.129219,-82.365732,-27.045115,6.135558,223.465729,0.000000,1
26.600000,,,,,,,,,,,,,,28.129219,-82.365732,-27.045115,6.135558,223.465729,0.000000,1
26.700000,,,,,,,,,,,,,,28.129219,-82.365732,-27.045115,6.135558,223.465729,0.000000,1
26.800000,,,,,,,,,,,,,,28.129219,-82.365732,-27.045115,6.135558,223.465729,0.000000,1
26.900000,,,,,,,,,,,,,,28.129219,-82.365732,-27.045115,6.135558,223.465729,0.000000,1
27.000000,,,,,,,,,,,,,,28.129219,-82.365732,-27.045115,6.135558,223.465729,0.000000,1
27.100000,,,,,,,,,,,,,,28.129219,-82.365732,-27.045115,6.135558,223.465729,0.000000,1
27.200000,,,,,,,,,,,,,,28.129219,-82.365732,-27.045115,6.135558,223.465729,0.000000,1
27.300000,,,,,,,,,,,,,,28.129219,-82.365732,-27.045115,6.135558,223.465729,0.000000,1
27.400000,,,,,,,,,,,,,,28.129219,-82.365732,-27.045115,6.135558,223.465729,0.000000,1
27.500000,,,,,,,,,,,,,,28.129219,-82.365732,-27.045115,6.135558,223.465729,0.000000,1
27.600000,,,,,,,,,,,,,,28.129219,-82.365732,-27.045115,6.135558,223.465729,0.000000,1
27.700000,,,,,,,,,,,,,,28.129219,-82.365732,-27.045115,6.135558,223.465729,0.000000,1
27.800000,,,,,,,,,,,,,,28.129219,-82.365732,-27.045115,6.135558,223.465729,0.000000,1
27.900000,,,,,,,,,,,,,,28.129219,-82.365732,-27.045115,6.135558,223.465729,0.000000,1
28.000000,,,,,,,,,,,,,,28.129219,-82.365732,-27.045115,6.135558,223.465729,0.000000,1
28.100000,,,,,,,,,,,,,,28.129219,-82.365732,-27.045115,6.135558,223.465729,0.000000,1
28.200000,,,,,,,,,,,,,,28.129219,-82.365732,-27.045115,6.135558,223.465729,0.000000,1
28.300000,,,,,,,,,,,,,,28.129219,-82.365732,-27.045115,6.135558,223.465729,0.000000,1
28.400000,,,,,,,,,,,,,,28.129219,-82.365732,-27.045115,6.135558,223.465729,0.000000,1
28.500000,,,,,,,,,,,,,,28.129219,-82.365732,-27.045115,6.135558,223.465729,0.000000,1
28.600000,,,,,,,,,,,,,,28.129219,-82.365732,-27.045115,6.135558,223.465729,0.000000,1
28.700000,,,,,,,,,,,,,,28.129219,-82.365732,-27.045115,6.135558,223.465729,0.000000,1
28.800000,,,,,,,,,,,,,,28.129219,-82.365732,-27.045115,6.135558,223.465729,0.000000,1
28.900000,,,,,,,,,,,,,,28.129219,-82.365732,-27.045115,6.135558,223.465729,0.000000,1
29.000000,,,,,,,,,,,,,,28.129219,-82.365732,-27.045115,6.135558,223.465729,0.000000,1
29.100000,,,,,,,,,,,,,,28.129219,-82.365732,-27.045115,6.135558,223.465729,0.000000,1
29.200000,,,,,,,,,,,,,,28.129219,-82.365732,-27.045115,6.135558,223.465729,0.000000,1
29.300000,,,,,,,,,,,,,,28.129219,-82.365732,-27.045115,6.135558,223.465729,0.000000,1
29.400000,,,,,,,,,,,,,,28.129219,-82.365732,-27.045115,6.135558,223.465729,0.000000,1
29.500000,,,,,,,,,,,,,,28.129219,-82.365732,-27.045115,6.135558,223.465729,0.000000,1
29.600000,,,,,,,,,,,,,,28.129219,-82.365732,-27.045115,6.135558,223.465729,0.000000,1
29.700000,,,,,,,,,,,,,,28.129219,-82.365732,-27.045115,6.135558,223.465729,0.000000,1
29.800000,,,,,,,,,,,,,,28.129219,-82.365732,-27.045115,6.135558,223.465729,0.000000,1
29.900000,,,,,,,,,,,,,,28.129219,-82.365732,-27.045115,6.135558,223.465729,0.000000,1
30.000000,,,,,,,,,,,,,,28.129219,-82.365732,-27.045115,6.135558,223.465729,0.000000,1
30.100000,,,,,,,,,,,,,,28.129219,-82.365732,-27.045115,6.135558,223.465729,0.000000,1
30.200000,,,,,,,,,,,,,,28.129219,-82.365732,-27.045115,6.135558,223.465729,0.000000,1
30.300000,,,,,,,,,,,,,,28.129219,-82.365732,-27.045115,6.135558,223.465729,0.000000,1
30.400000,,,,,,,,,,,,,,28.129219,-82.365732,-27.045115,6.135558,223.465729,0.000000,1
30.500000,,,,,,,,,,,,,,28.129219,-82.365732,-27.045115,6.135558,223.465729,0.000000,1
30.600000,,,,,,,,,,,,,,28.129219,-82.365732,-27.045115,6.135558,223.465729,0.000000,1
30.700000,,,,,,,,,,,,,,28.129219,-82.365732,-27.045115,6.135558,223.465729,0.000000,1
30.800000,,,,,,,,,,,,,,28.129219,-82.365732,-27.045115,6.135558,223.465729,0.000000,1
30.900000,,,,,,,,,,,,,,28.129219,-82.365732,-27.045115,6.135558,223.465729,0.000000,1
31.000000,,,,,,,,,,,,,,28.129219,-82.365732,-27.045115,6.135558,223.465729,0.000000,1
31.100000,,,,,,,,,,,,,,28.129219,-82.365732,-27.045115,6.135558,223.465729,0.000000,1
31.200000,,,,,,,,,,,,,,28.129219,-82.365732,-27.045115,6.135558,223.465729,0.000000,1
31.300000,,,,,,,,,,,,,,28.129219,-82.365732,-27.045115,6.135558,223.465729,0.000000,1
31.400000,,,,,,,,,,,,,,28.129219,-82.365732,-27.045115,6.135558,223.465729,0.000000,1
31.500000,,,,,,,,,,,,,,28.129219,-82.365732,-27.045115,6.135558,223.465729,0.000000,1
31.600000,,,,,,,,,,,,,,28.129219,-82.365732,-27.045115,6.135558,223.465729,0.000000,1
31.700000,,,,,,,,,,,,,,28.129219,-82.365732,-27.045115,6.135558,223.465729,0.000000,1
31.800000,,,,,,,,,,,,,,28.129219,-82.365732,-27.045115,6.135558,223.465729,0.000000,1
31.900000,,,,,,,,,,,,,,28.129219,-82.365732,-27.045115,6.135558,223.465729,0.000000,1
32.000000,,,,,,,,,,,,,,28.129219,-82.365732,-27.045115,6.135558,223.465729,0.000000,1
32.100000,,,,,,,,,,,,,,28.129219,-82.365732,-27.045115,6.135558,223.465729,0.000000,1
32.200000,,,,,,,,,,,,,,28.129219,-82.365732,-27.045115,6.135558,223.465729,0.000000,1
32.300000,,,,,,,,,,,,,,28.129219,-82.365732,-27.045115,6.135558,223.465729,0.000000,1
32.400000,,,,,,,,,,,,,,28.129219,-82.365732,-27.045115,6.135558,223.465729,0.000000,1
32.500000,,,,,,,,,,,,,,28.129219,-82.365732,-27.045115,6.135558,223.465729,0.000000,1
32.600000,,,,,,,,,,,,,,28.129219,-82.365732,-27.045115,6.135558,223.465729,0.000000,1
32.700000,,,,,,,,,,,,,,28.129219,-82.365732,-27.045115,6.135558,223.465729,0.000000,1
32.800000,,,,,,,,,,,,,,28.129219,-82.365732,-27.045115,6.135558,223.465729,0.000000,1
32.900000,,,,,,,,,,,,,,28.129219,-82.365732,-27.045115,6.135558,223.465729,0.000000,1
33.000000,,,,,,,,,,,,,,28.129219,-82.365732,-27.045115,6.135558,223.465729,0.000000,1
33.100000,,,,,,,,,,,,,,28.129219,-82.365732,-27.045115,6.135558,223.465729,0.000000,1
33.200000,,,,,,,,,,,,,,28.129219,-82.365732,-27.045115,6.135558,223.465729,0.000000,1
33.300000,,,,,,,,,,,,,,28.129219,-82.365732,-27.045115,6.135558,223.465729,0.000000,1
33.400000,,,,,,,,,,,,,,28.129219,-82.365732,-27.045115,6.135558,223.465729,0.000000,1
33.500000,,,,,,,,,,,,,,28.129219,-82.365732,-27.045115,6.135558,223.465729,0.000000,1
33.600000,,,,,,,,,,,,,,28.129219,-82.365732,-27.045115,6.135558,223.465729,0.000000,1
33.700000,,,,,,,,,,,,,,28.129219,-82.365732,-27.045115,6.135558,223.465729,0.000000,1
33.800000,,,,,,,,,,,,,,28.129219,-82.365732,-27.045115,6.135558,223.465729,0.000000,1
33.900000,,,,,,,,,,,,,,28.129219,-82.365732,-27.045115,6.135558,223.465729,0.000000,1
34.000000,,,,,,,,,,,,,,28.129219,-82.365732,-27.045115,6.135558,223.465729,0.000000,1
34.100000,,,,,,,,,,,,,,28.129219,-82.365732,-27.045115,6.135558,223.465729,0.000000,1
34.200000,,,,,,,,,,,,,,28.129219,-82.365732,-27.045115,6.135558,223.465729,0.000000,1
34.300000,,,,,,,,,,,,,,28.129219,-82.365732,-27.045115,6.135558,223.465729,0.000000,1
34.400000,,,,,,,,,,,,,,28.129219,-82.365732,-27.045115,6.135558,223.465729,0.000000,1
34.500000,,,,,,,,,,,,,,28.129219,-82.365732,-27.045115,6.135558,223.465729,0.000000,1
34.600000,,,,,,,,,,,,,,28.129219,-82.365732,-27.045115,6.135558,223.465729,0.000000,1
34.700000,,,,,,,,,,,,,,28.129219,-82.365732,-27.045115,6.135558,223.465729,0.000000,1
34.800000,,,,,,,,,,,,,,28.129219,-82.365732,-27.045115,6.135558,223.465729,0.000000,1
34.900000,,,,,,,,,,,,,,28.129219,-82.365732,-27.045115,6.135558,223.465729,0.000000,1
35.000000,,,,,,,,,,,,,,28.129219,-82.365732,-27.045115,6.135558,223.465729,0.000000,1
35.100000,,,,,,,,,,,,,,28.129219,-82.365732,-27.045115,6.135558,223.465729,0.000000,1
35.200000,,,,,,,,,,,,,,28.129218,-82.365732,-27.120130,6.134286,223.460277,0.000000,1
35.300000,,,,,,,,,,,,,,28.129214,-82.365736,-27.405160,6.129453,223.439562,0.000000,1
35.400000,,,,,,,,,,,,,,28.129211,-82.365739,-27.690191,6.124621,223.418847,0.000000,1
35.500000,,,,,,,,,,,,,,28.129207,-82.365743,-27.975222,6.119788,223.398133,0.000000,1
35.600000,,,,,,,,,,,,,,28.129203,-82.365746,-28.260252,6.114955,223.377418,0.000000,1
35.700000,,,,,,,,,,,,,,28.129200,-82.365749,-28.545283,6.110122,223.356703,0.000000,1
35.800000,,,,,,,,,,,,,,28.129196,-82.365753,-28.830313,6.105289,223.335988,0.000000,1
35.900000,,,,,,,,,,,,,,28.129192,-82.365756,-29.115344,6.100457,223.315273,0.000000,1
36.000000,,,,,,,,,,,,,,28.129189,-82.365759,-29.400374,6.095624,223.294558,0.000000,1
36.100000,,,,,,,,,,,,,,28.129185,-82.365763,-29.685405,6.090791,223.273844,0.000000,1
36.200000,,,,,,,,,,,,,,28.129181,-82.365767,-29.729711,6.085804,223.265509,0.000000,1
36.300000,,,,,,,,,,,,,,28.129176,-82.365772,-29.163596,6.080425,223.288569,0.000000,1
36.400000,,,,,,,,,,,,,,28.129171,-82.365778,-28.597481,6.075046,223.311628,0.000000,1
36.500000,,,,,,,,,,,,,,28.129167,-82.365784,-28.031367,6.069667,223.334687,0.000000,1
36.600000,,,,,,,,,,,,,,28.129162,-82.365789,-27.465252,6.064287,223.357747,0.000000,1
36.700000,,,,,,,,,,,,,,28.129157,-82.365795,-26.899137,6.058908,223.380806,0.000000,1
36.800000,,,,,,,,,,,,,,28.129153,-82.365801,-26.333022,6.053529,223.403866,0.000000,1
36.900000,,,,,,,,,,,,,,28.129148,-82.365806,-25.766907,6.048150,223.426925,0.000000,1
37.000000,,,,,,,,,,,,,,28.129143,-82.365812,-25.200792,6.042771,223.449985,0.000000,1
37.100000,,,,,,,,,,,,,,28.129138,-82.365818,-24.634677,6.037392,223.473044,0.000000,1
37.200000,,,,,,,,,,,,,,28.129134,-82.365823,-24.182323,6.043349,223.475638,0.000000,1
37.300000,,,,,,,,,,,,,,28.129129,-82.365828,-23.947049,6.070939,223.439178,0.000000,1
37.400000,,,,,,,,,,,,,,28.129124,-82.365832,-23.711775,6.098529,223.402719,0.000000,1
37.500000,,,,,,,,,,,,,,28.129119,-82.365837,-23.476501,6.126118,223.366259,0.000000,1
37.600000,,,,,,,,,,,,,,28.129114,-82.365842,-23.241227,6.153708,223.329799,0.000000,1
37.700000,,,,,,,,,,,,,,28.129109,-82.365846,-23.005953,6.181297,223.293340,0.000000,1
37.800000,,,,,,,,,,,,,,28.129104,-82.365851,-22.770679,6.208887,223.256880,0.000000,1
37.900000,,,,,,,,,,,,,,28.129099,-82.365855,-22.535405,6.236476,223.220421,0.000000,1
38.000000,,,,,,,,,,,,,,28.129094,-82.365860,-22.300131,6.264066,223.183961,0.000000,1
38.100000,,,,,,,,,,,,,,28.129089,-82.365865,-22.064857,6.291656,223.147502,0.000000,1
38.200000,,,,,,,,,,,,,,28.129084,-82.365869,-21.859120,6.281371,223.134282,0.000000,1
38.300000,,,,,,,,,,,,,,28.129080,-82.365874,-21.717108,6.189372,223.171202,0.000000,1
38.400000,,,,,,,,,,,,,,28.129076,-82.365879,-21.575097,6.097374,223.208122,0.000000,1
38.500000,,,,,,,,,,,,,,28.129072,-82.365884,-21.433085,6.005376,223.245041,0.000000,1
38.600000,,,,,,,,,,,,,,28.129068,-82.365889,-21.291073,5.913378,223.281961,0.000000,1
38.700000,,,,,,,,,,,,,,28.129065,-82.365894,-21.149062,5.821379,223.318881,0.000000,1
38.800000,,,,,,,,,,,,,,28.129061,-82.365898,-21.007050,5.729381,223.355801,0.000000,1
38.900000,,,,,,,,,,,,,,28.129057,-82.365903,-20.865038,5.637383,223.392721,0.000000,1
39.000000,,,,,,,,,,,,,,28.129053,-82.365908,-20.723026,5.545385,223.429640,0.000000,1
39.100000,,,,,,,,,,,,,,28.129049,-82.365913,-20.581015,5.453386,223.466560,0.000000,1
39.200000,,,,,,,,,,,,,,28.129045,-82.365917,-20.484141,5.349043,223.512094,0.000000,1
39.300000,,,,,,,,,,,,,,28.129042,-82.365921,-20.477620,5.219988,223.574873,0.000000,1
39.400000,,,,,,,,,,,,,,28.129038,-82.365925,-20.471099,5.090933,223.637651,0.000000,1
39.500000,,,,,,,,,,,,,,28.129035,-82.365929,-20.464578,4.961879,223.700429,0.000000,1
39.600000,,,,,,,,,,,,,,28.129031,-82.365933,-20.458057,4.832824,223.763207,0.000000,1
39.700000,,,,,,,,,,,,,,28.129028,-82.365936,-20.451536,4.703769,223.825985,0.000000,1
39.800000,,,,,,,,,,,,,,28.129025,-82.365940,-20.445015,4.574714,223.888763,0.000000,1
39.900000,,,,,,,,,,,,,,28.129021,-82.365944,-20.438495,4.445660,223.951541,0.000000,1
40.000000,,,,,,,,,,,,,,28.129018,-82.365948,-20.431974,4.316605,224.014320,0.000000,1
40.100000,,,,,,,,,,,,,,28.129014,-82.365951,-20.425453,4.187550,224.077098,0.000000,1
40.200000,,,,,,,,,,,,,,28.129011,-82.365955,-20.387145,4.042377,224.076551,0.000000,1
40.300000,,,,,,,,,,,,,,28.129010,-82.365957,-20.276824,3.860685,223.932543,0.000000,1
40.400000,,,,,,,,,,,,,,28.129009,-82.365959,-20.166503,3.678994,223.788536,0.000000,1
40.500000,,,,,,,,,,,,,,28.129007,-82.365962,-20.056182,3.497303,223.644528,0.000000,1
40.600000,,,,,,,,,,,,,,28.129006,-82.365964,-19.945861,3.315612,223.500520,0.000000,1
40.700000,,,,,,,,,,,,,,28.129004,-82.365967,-19.835539,3.133921,223.356512,0.000000,1
40.800000,,,,,,,,,,,,,,28.129003,-82.365969,-19.725218,2.952229,223.212504,0.000000,1
40.900000,,,,,,,,,,,,,,28.129001,-82.365971,-19.614897,2.770538,223.068496,0.000000,1
41.000000,,,,,,,,,,,,,,28.129000,-82.365974,-19.504576,2.588847,222.924488,0.000000,1
41.100000,,,,,,,,,,,,,,28.128998,-82.365976,-19.394255,2.407156,222.780480,0.000000,1
41.200000,,,,,,,,,,,,,,28.128997,-82.365978,-19.321998,2.269403,222.760492,0.000000,1
41.300000,,,,,,,,,,,,,,28.128995,-82.365980,-19.341124,2.237137,223.038246,0.000000,1
41.400000,,,,,,,,,,,,,,28.128994,-82.365982,-19.360250,2.204872,223.316000,0.000000,1
41.500000,,,,,,,,,,,,,,28.128993,-82.365984,-19.379376,2.172606,223.593754,0.000000,1
41.600000,,,,,,,,,,,,,,28.128991,-82.365986,-19.398501,2.140340,223.871508,0.000000,1
41.700000,,,,,,,,,,,,,,28.128990,-82.365988,-19.417627,2.108074,224.149262,0.000000,1
41.800000,,,,,,,,,,,,,,28.128988,-82.365990,-19.436753,2.075808,224.427016,0.000000,1
41.900000,,,,,,,,,,,,,,28.128987,-82.365992,-19.455879,2.043542,224.704770,0.000000,1
42.000000,,,,,,,,,,,,,,28.128985,-82.365994,-19.475005,2.011276,224.982524,0.000000,1
42.100000,,,,,,,,,,,,,,28.128984,-82.365996,-19.494131,1.979010,225.260278,0.000000,1
42.200000,,,,,,,,,,,,,,28.128982,-82.365998,-19.509467,1.981114,225.366245,0.000000,1
42.300000,,,,,,,,,,,,,,28.128981,-82.365999,-19.515482,2.067755,225.049674,0.000000,1
42.400000,,,,,,,,,,,,,,28.128979,-82.366000,-19.521497,2.154395,224.733103,0.000000,1
42.500000,,,,,,,,,,,,,,28.128977,-82.366002,-19.527512,2.241036,224.416532,0.000000,1
42.600000,,,,,,,,,,,,,,28.128976,-82.366003,-19.533527,2.327676,224.099961,0.000000,1
42.700000,,,,,,,,,,,,,,28.128974,-82.366004,-19.539542,2.414317,223.783390,0.000000,1
42.800000,,,,,,,,,,,,,,28.128973,-82.366005,-19.545557,2.500958,223.466819,0.000000,1
42.900000,,,,,,,,,,,,,,28.128971,-82.366007,-19.551572,2.587598,223.150248,0.000000,1
43.000000,,,,,,,,,,,,,,28.128969,-82.366008,-19.557587,2.674239,222.833677,0.000000,1
43.100000,,,,,,,,,,,,,,28.128968,-82.366009,-19.563602,2.760879,222.517107,0.000000,1
43.200000,,,,,,,,,,,,,,28.128966,-82.366011,-19.558589,2.842473,222.501249,0.000000,1
43.300000,,,,,,,,,,,,,,28.128965,-82.366013,-19.529595,2.913095,223.139256,0.000000,1
43.400000,,,,,,,,,,,,,,28.128963,-82.366016,-19.500602,2.983716,223.777264,0.000000,1
43.500000,,,,,,,,,,,,,,28.128962,-82.366018,-19.471608,3.054337,224.415272,0.000000,1
43.600000,,,,,,,,,,,,,,28.128960,-82.366020,-19.442615,3.124958,225.053279,0.000000,1
43.700000,,,,,,,,,,,,,,28.128959,-82.366023,-19.413621,3.195580,225.691287,0.000000,1
43.800000,,,,,,,,,,,,,,28.128957,-82.366025,-19.384628,3.266201,226.329294,0.000000,1
43.900000,,,,,,,,,,,,,,28.128956,-82.366028,-19.355635,3.336822,226.967302,0.000000,1
44.000000,,,,,,,,,,,,,,28.128954,-82.366030,-19.326641,3.407443,227.605309,0.000000,1
44.100000,,,,,,,,,,,,,,28.128953,-82.366032,-19.297648,3.478064,228.243317,0.000000,1
44.200000,,,,,,,,,,,,,,28.128951,-82.366035,-19.266989,3.528170,228.902267,0.000000,1
44.300000,,,,,,,,,,,,,,28.128949,-82.366038,-19.232430,3.530219,229.610275,0.000000,1
44.400000,,,,,,,,,,,,,,28.128947,-82.366041,-19.197870,3.532268,230.318283,0.000000,1
44.500000,,,,,,,,,,,,,,28.128945,-82.366043,-19.163311,3.534317,231.026291,0.000000,1
44.600000,,,,,,,,,,,,,,28.128943,-82.366046,-19.128752,3.536366,231.734298,0.000000,1
44.700000,,,,,,,,,,,,,,28.128941,-82.366049,-19.094192,3.538415,232.442306,0.000000,1
44.800000,,,,,,,,,,,,,,28.128939,-82.366052,-19.059633,3.540463,233.150314,0.000000,1
44.900000,,,,,,,,,,,,,,28.128937,-82.366055,-19.025074,3.542512,233.858322,0.000000,1
45.000000,,,,,,,,,,,,,,28.128935,-82.366058,-18.990514,3.544561,234.566330,0.000000,1
45.100000,,,,,,,,,,,,,,28.128933,-82.366061,-18.955955,3.546610,235.274338,0.000000,1
45.200000,,,,,,,,,,,,,,28.128931,-82.366064,-18.936475,3.546057,236.219433,0.000000,1
45.300000,,,,,,,,,,,,,,28.128930,-82.366067,-18.946469,3.540420,237.627955,0.000000,1
45.400000,,,,,,,,,,,,,,28.128929,-82.366070,-18.956464,3.534782,239.036476,0.000000,1
45.500000,,,,,,,,,,,,,,28.128928,-82.366074,-18.966458,3.529144,240.444998,0.000000,1
45.600000,,,,,,,,,,,,,,28.128926,-82.366077,-18.976453,3.523507,241.853520,0.000000,1
45.700000,,,,,,,,,,,,,,28.128925,-82.366081,-18.986447,3.517869,243.262041,0.000000,1
45.800000,,,,,,,,,,,,,,28.128924,-82.366084,-18.996441,3.512231,244.670563,0.000000,1
45.900000,,,,,,,,,,,,,,28.128923,-82.366087,-19.006436,3.506594,246.079085,0.000000,1
46.000000,,,,,,,,,,,,,,28.128922,-82.366091,-19.016430,3.500956,247.487606,0.000000,1
46.100000,,,,,,,,,,,,,,28.128921,-82.366094,-19.026425,3.495318,248.896128,0.000000,1
46.200000,,,,,,,,,,,,,,28.128920,-82.366098,-19.032106,3.494238,250.449821,0.000000,1
46.300000,,,,,,,,,,,,,,28.128919,-82.366101,-19.028845,3.502606,252.304455,0.000000,1
46.400000,,,,,,,,,,,,,,28.128919,-82.366105,-19.025584,3.510975,254.159090,0.000000,1
46.500000,,,,,,,,,,,,,,28.128919,-82.366109,-19.022323,3.519343,256.013724,0.000000,1
46.600000,,,,,,,,,,,,,,28.128918,-82.366113,-19.019063,3.527711,257.868359,0.000000,1
46.700000,,,,,,,,,,,,,,28.128918,-82.366116,-19.015802,3.536079,259.722993,0.000000,1
46.800000,,,,,,,,,,,,,,28.128917,-82.366120,-19.012541,3.544447,261.577628,0.000000,1
46.900000,,,,,,,,,,,,,,28.128917,-82.366124,-19.009280,3.552815,263.432262,0.000000,1
47.000000,,,,,,,,,,,,,,28.128916,-82.366127,-19.006019,3.561184,265.286897,0.000000,1
47.100000,,,,,,,,,,,,,,28.128916,-82.366131,-19.002759,3.569552,267.141531,0.000000,1
47.200000,,,,,,,,,,,,,,28.128915,-82.366135,-19.000225,3.574557,268.777927,0.000000,1
47.300000,,,,,,,,,,,,,,28.128915,-82.366140,-18.999381,3.571745,269.907110,0.000000,1
47.400000,,,,,,,,,,,,,,28.128915,-82.366145,-18.998538,3.568933,271.036294,0.000000,1
47.500000,,,,,,,,,,,,,,28.128915,-82.366150,-18.997694,3.566122,272.165477,0.000000,1
47.600000,,,,,,,,,,,,,,28.128914,-82.366155,-18.996851,3.563310,273.294660,0.000000,1
47.700000,,,,,,,,,,,,,,28.128914,-82.366160,-18.996007,3.560499,274.423844,0.000000,1
47.800000,,,,,,,,,,,,,,28.128914,-82.366164,-18.995164,3.557687,275.553027,0.000000,1
47.900000,,,,,,,,,,,,,,28.128913,-82.366169,-18.994320,3.554875,276.682210,0.000000,1
48.000000,,,,,,,,,,,,,,28.128913,-82.366174,-18.993477,3.552064,277.811394,0.000000,1
48.100000,,,,,,,,,,,,,,28.128913,-82.366179,-18.992633,3.549252,278.940577,0.000000,1
48.200000,,,,,,,,,,,,,,28.128913,-82.366183,-18.966856,3.558814,280.362333,0.000000,1
48.300000,,,,,,,,,,,,,,28.128914,-82.366187,-18.876814,3.600266,282.538174,0.000000,1
48.400000,,,,,,,,,,,,,,28.128915,-82.366190,-18.786773,3.641718,284.714016,0.000000,1
48.500000,,,,,,,,,,,,,,28.128917,-82.366193,-18.696731,3.683170,286.889857,0.000000,1
48.600000,,,,,,,,,,,,,,28.128918,-82.366196,-18.606690,3.724622,289.065699,0.000000,1
48.700000,,,,,,,,,,,,,,28.128919,-82.366199,-18.516648,3.766074,291.241540,0.000000,1
48.800000,,,,,,,,,,,,,,28.128920,-82.366202,-18.426607,3.807526,293.417382,0.000000,1
48.900000,,,,,,,,,,,,,,28.128921,-82.366205,-18.336565,3.848978,295.593223,0.000000,1
49.000000,,,,,,,,,,,,,,28.128923,-82.366208,-18.246523,3.890430,297.769065,0.000000,1
49.100000,,,,,,,,,,,,,,28.128924,-82.366211,-18.156482,3.931882,299.944906,0.000000,1
49.200000,,,,,,,,,,,,,,28.128926,-82.366214,-18.083134,3.976203,301.788219,0.000000,1
49.300000,,,,,,,,,,,,,,28.128928,-82.366217,-18.046053,4.026754,302.909109,0.000000,1
49.400000,,,,,,,,,,,,,,28.128931,-82.366220,-18.008973,4.077306,304.029999,0.000000,1
49.500000,,,,,,,,,,,,,,28.128934,-82.366223,-17.971893,4.127858,305.150890,0.000000,1
49.600000,,,,,,,,,,,,,,28.128937,-82.366226,-17.934812,4.178410,306.271780,0.000000,1
49.700000,,,,,,,,,,,,,,28.128939,-82.366229,-17.897732,4.228962,307.392670,0.000000,1
49.800000,,,,,,,,,,,,,,28.128942,-82.366232,-17.860651,4.279514,308.513560,0.000000,1
49.900000,,,,,,,,,,,,,,28.128945,-82.366235,-17.823571,4.330066,309.634451,0.000000,1
50.000000,,,,,,,,,,,,,,28.128947,-82.366239,-17.786491,4.380617,310.755341,0.000000,1
50.100000,,,,,,,,,,,,,,28.128950,-82.366242,-17.749410,4.431169,311.876231,0.000000,1
50.200000,,,,,,,,,,,,,,28.128953,-82.366245,-17.711296,4.501463,312.605474,0.000000,1
50.300000,,,,,,,,,,,,,,28.128957,-82.366248,-17.670832,4.616648,312.444130,0.000000,1
50.400000,,,,,,,,,,,,,,28.128960,-82.366251,-17.630368,4.731833,312.282787,0.000000,1
50.500000,,,,,,,,,,,,,,28.128964,-82.366254,-17.589904,4.847018,312.121444,0.000000,1
50.600000,,,,,,,,,,,,,,28.128967,-82.366257,-17.549439,4.962204,311.960101,0.000000,1
50.700000,,,,,,,,,,,,,,28.128970,-82.366260,-17.508975,5.077389,311.798757,0.000000,1
50.800000,,,,,,,,,,,,,,28.128974,-82.366263,-17.468511,5.192574,311.637414,0.000000,1
50.900000,,,,,,,,,,,,,,28.128977,-82.366267,-17.428047,5.307759,311.476071,0.000000,1
51.000000,,,,,,,,,,,,,,28.128981,-82.366270,-17.387582,5.422944,311.314728,0.000000,1
51.100000,,,,,,,,,,,,,,28.128984,-82.366273,-17.347118,5.538130,311.153384,0.000000,1
51.200000,,,,,,,,,,,,,,28.128988,-82.366276,-17.298455,5.642861,311.059171,0.000000,1
51.300000,,,,,,,,,,,,,,28.128992,-82.366281,-17.230131,5.722521,311.125947,0.000000,1
51.400000,,,,,,,,,,,,,,28.128996,-82.366286,-17.161807,5.802182,311.192724,0.000000,1
51.500000,,,,,,,,,,,,,,28.129000,-82.366291,-17.093482,5.881842,311.259500,0.000000,1
51.600000,,,,,,,,,,,,,,28.129004,-82.366296,-17.025158,5.961502,311.326277,0.000000,1
51.700000,,,,,,,,,,,,,,28.129008,-82.366301,-16.956834,6.041163,311.393054,0.000000,1
51.800000,,,,,,,,,,,,,,28.129012,-82.366306,-16.888509,6.120823,311.459830,0.000000,1
51.900000,,,,,,,,,,,,,,28.129016,-82.366311,-16.820185,6.200484,311.526607,0.000000,1
52.000000,,,,,,,,,,,,,,28.129020,-82.366316,-16.751861,6.280144,311.593383,0.000000,1
52.100000,,,,,,,,,,,,,,28.129024,-82.366321,-16.683536,6.359805,311.660160,0.000000,1
52.200000,,,,,,,,,,,,,,28.129028,-82.366326,-16.624492,6.414444,311.753319,0.000000,1
52.300000,,,,,,,,,,,,,,28.129032,-82.366330,-16.588801,6.406116,311.912872,0.000000,1
52.400000,,,,,,,,,,,,,,28.129035,-82.366334,-16.553110,6.397788,312.072426,0.000000,1
52.500000,,,,,,,,,,,,,,28.129039,-82.366338,-16.517418,6.389459,312.231979,0.000000,1
52.600000,,,,,,,,,,,,,,28.129043,-82.366342,-16.481727,6.381131,312.391532,0.000000,1
52.700000,,,,,,,,,,,,,,28.129047,-82.366346,-16.446036,6.372803,312.551085,0.000000,1
52.800000,,,,,,,,,,,,,,28.129050,-82.366350,-16.410345,6.364475,312.710638,0.000000,1
52.900000,,,,,,,,,,,,,,28.129054,-82.366354,-16.374654,6.356147,312.870192,0.000000,1
53.000000,,,,,,,,,,,,,,28.129058,-82.366358,-16.338962,6.347819,313.029745,0.000000,1
53.100000,,,,,,,,,,,,,,28.129062,-82.366362,-16.303271,6.339491,313.189298,0.000000,1
53.200000,,,,,,,,,,,,,,28.129065,-82.366366,-16.266069,6.335107,313.307537,0.000000,1
53.300000,,,,,,,,,,,,,,28.129070,-82.366372,-16.226385,6.337202,313.357899,0.000000,1
53.400000,,,,,,,,,,,,,,28.129074,-82.366377,-16.186701,6.339297,313.408260,0.000000,1
53.500000,,,,,,,,,,,,,,28.129078,-82.366383,-16.147017,6.341392,313.458621,0.000000,1
53.600000,,,,,,,,,,,,,,28.129082,-82.366389,-16.107333,6.343487,313.508982,0.000000,1
53.700000,,,,,,,,,,,,,,28.129086,-82.366394,-16.067649,6.345582,313.559343,0.000000,1
53.800000,,,,,,,,,,,,,,28.129090,-82.366400,-16.027965,6.347677,313.609705,0.000000,1
53.900000,,,,,,,,,,,,,,28.129094,-82.366405,-15.988281,6.349772,313.660066,0.000000,1
54.000000,,,,,,,,,,,,,,28.129098,-82.366411,-15.948597,6.351867,313.710427,0.000000,1
54.100000,,,,,,,,,,,,,,28.129102,-82.366416,-15.900396,6.328467,313.792774,0.000000,1
54.200000,,,,,,,,,,,,,,28.129106,-82.366419,-15.826642,6.228569,313.971093,0.000000,1
54.300000,,,,,,,,,,,,,,28.129110,-82.366423,-15.752888,6.128671,314.149411,0.000000,1
54.400000,,,,,,,,,,,,,,28.129113,-82.366427,-15.679133,6.028774,314.327730,0.000000,1
54.500000,,,,,,,,,,,,,,28.129117,-82.366430,-15.605379,5.928876,314.506049,0.000000,1
54.600000,,,,,,,,,,,,,,28.129120,-82.366434,-15.531624,5.828978,314.684368,0.000000,1
54.700000,,,,,,,,,,,,,,28.129124,-82.366437,-15.457870,5.729080,314.862687,0.000000,1
54.800000,,,,,,,,,,,,,,28.129128,-82.366441,-15.384115,5.629183,315.041006,0.000000,1
54.900000,,,,,,,,,,,,,,28.129131,-82.366444,-15.310361,5.529285,315.219325,0.000000,1
55.000000,,,,,,,,,,,,,,28.129135,-82.366448,-15.236606,5.429387,315.397644,0.000000,1
55.100000,,,,,,,,,,,,,,28.129138,-82.366452,-15.162852,5.329490,315.575963,0.000000,1
55.200000,,,,,,,,,,,,,,28.129142,-82.366455,-15.094349,5.235339,315.712339,0.000000,1
55.300000,,,,,,,,,,,,,,28.129146,-82.366459,-15.044619,5.161734,315.698789,0.000000,1
55.400000,,,,,,,,,,,,,,28.129150,-82.366463,-14.994889,5.088129,315.685238,0.000000,1
55.500000,,,,,,,,,,,,,,28.129153,-82.366467,-14.945159,5.014524,315.671688,0.000000,1
55.600000,,,,,,,,,,,,,,28.129157,-82.366471,-14.895429,4.940919,315.658137,0.000000,1
55.700000,,,,,,,,,,,,,,28.129161,-82.366475,-14.845699,4.867314,315.644586,0.000000,1
55.800000,,,,,,,,,,,,,,28.129164,-82.366478,-14.795969,4.793709,315.631036,0.000000,1
55.900000,,,,,,,,,,,,,,28.129168,-82.366482,-14.746239,4.720104,315.617485,0.000000,1
56.000000,,,,,,,,,,,,,,28.129172,-82.366486,-14.696509,4.646499,315.603934,0.000000,1
56.100000,,,,,,,,,,,,,,28.129176,-82.366490,-14.646779,4.572894,315.590384,0.000000,1
56.200000,,,,,,,,,,,,,,28.129179,-82.366494,-14.608064,4.497803,315.636846,0.000000,1
56.300000,,,,,,,,,,,,,,28.129181,-82.366496,-14.627880,4.414816,316.002189,0.000000,1
56.400000,,,,,,,,,,,,,,28.129183,-82.366499,-14.647697,4.331829,316.367533,0.000000,1
56.500000,,,,,,,,,,,,,,28.129186,-82.366502,-14.667513,4.248843,316.732876,0.000000,1
56.600000,,,,,,,,,,,,,,28.129188,-82.366504,-14.687330,4.165856,317.098219,0.000000,1
56.700000,,,,,,,,,,,,,,28.129190,-82.366507,-14.707146,4.082869,317.463563,0.000000,1
56.800000,,,,,,,,,,,,,,28.129192,-82.366510,-14.726963,3.999882,317.828906,0.000000,1
56.900000,,,,,,,,,,,,,,28.129194,-82.366513,-14.746779,3.916896,318.194249,0.000000,1
57.000000,,,,,,,,,,,,,,28.129196,-82.366515,-14.766596,3.833909,318.559593,0.000000,1
57.100000,,,,,,,,,,,,,,28.129198,-82.366518,-14.786412,3.750922,318.924936,0.000000,1
57.200000,,,,,,,,,,,,,,28.129200,-82.366520,-14.803639,3.671310,319.322206,0.000000,1
57.300000,,,,,,,,,,,,,,28.129203,-82.366523,-14.814699,3.599731,319.795491,0.000000,1
57.400000,,,,,,,,,,,,,,28.129205,-82.366525,-14.825759,3.528153,320.268776,0.000000,1
57.500000,,,,,,,,,,,,,,28.129207,-82.366527,-14.836819,3.456575,320.742061,0.000000,1
57.600000,,,,,,,,,,,,,,28.129209,-82.366529,-14.847879,3.384996,321.215346,0.000000,1
57.700000,,,,,,,,,,,,,,28.129211,-82.366531,-14.858939,3.313418,321.688631,0.000000,1
57.800000,,,,,,,,,,,,,,28.129213,-82.366533,-14.869999,3.241840,322.161916,0.000000,1
57.900000,,,,,,,,,,,,,,28.129215,-82.366536,-14.881059,3.170262,322.635201,0.000000,1
58.000000,,,,,,,,,,,,,,28.129217,-82.366538,-14.892119,3.098683,323.108485,0.000000,1
58.100000,,,,,,,,,,,,,,28.129219,-82.366540,-14.903179,3.027105,323.581770,0.000000,1
58.200000,,,,,,,,,,,,,,28.129221,-82.366542,-14.906188,2.950593,323.997243,0.000000,1
58.300000,,,,,,,,,,,,,,28.129223,-82.366544,-14.890308,2.862506,324.277092,0.000000,1
58.400000,,,,,,,,,,,,,,28.129225,-82.366545,-14.874428,2.774419,324.556940,0.000000,1
58.500000,,,,,,,,,,,,,,28.129227,-82.366547,-14.858549,2.686331,324.836789,0.000000,1
58.600000,,,,,,,,,,,,,,28.129229,-82.366548,-14.842669,2.598244,325.116637,0.000000,1
58.700000,,,,,,,,,,,,,,28.129231,-82.366550,-14.826790,2.510157,325.396485,0.000000,1
58.800000,,,,,,,,,,,,,,28.129233,-82.366551,-14.810910,2.422070,325.676334,0.000000,1
58.900000,,,,,,,,,,,,,,28.129236,-82.366553,-14.795031,2.333983,325.956182,0.000000,1
59.000000,,,,,,,,,,,,,,28.129238,-82.366555,-14.779151,2.245896,326.236031,0.000000,1
59.100000,,,,,,,,,,,,,,28.129240,-82.366556,-14.763271,2.157809,326.515879,0.000000,1
59.200000,,,,,,,,,,,,,,28.129242,-82.366557,-14.739552,2.069166,326.790750,0.000000,1
59.300000,,,,,,,,,,,,,,28.129243,-82.366558,-14.693636,1.978949,327.051528,0.000000,1
59.400000,,,,,,,,,,,,,,28.129243,-82.366558,-14.647720,1.888731,327.312306,0.000000,1
59.500000,,,,,,,,,,,,,,28.129244,-82.366558,-14.601804,1.798514,327.573084,0.000000,1
59.600000,,,,,,,,,,,,,,28.129245,-82.366559,-14.555888,1.708297,327.833862,0.000000,1
59.700000,,,,,,,,,,,,,,28.129246,-82.366559,-14.509972,1.618080,328.094640,0.000000,1
59.800000,,,,,,,,,,,,,,28.129247,-82.366559,-14.464056,1.527863,328.355418,0.000000,1
59.900000,,,,,,,,,,,,,,28.129248,-82.366559,-14.418139,1.437646,328.616196,0.000000,1
60.000000,,,,,,,,,,,,,,28.129248,-82.366560,-14.372223,1.347428,328.876974,0.000000,1
60.100000,,,,,,,,,,,,,,28.129249,-82.366560,-14.339261,1.259263,329.067139,0.000000,1
60.200000,,,,,,,,,,,,,,28.129249,-82.366561,-14.341183,1.176625,329.067139,0.000000,1
60.300000,,,,,,,,,,,,,,28.129250,-82.366561,-14.343106,1.093987,329.067139,0.000000,1
60.400000,,,,,,,,,,,,,,28.129250,-82.366562,-14.345028,1.011348,329.067139,0.000000,1
60.500000,,,,,,,,,,,,,,28.129250,-82.366563,-14.346950,0.928710,329.067139,0.000000,1
60.600000,,,,,,,,,,,,,,28.129251,-82.366563,-14.348873,0.846071,329.067139,0.000000,1
60.700000,,,,,,,,,,,,,,28.129251,-82.366564,-14.350795,0.763433,329.067139,0.000000,1
60.800000,,,,,,,,,,,,,,28.129251,-82.366565,-14.352717,0.680795,329.067139,0.000000,1
60.900000,,,,,,,,,,,,,,28.129252,-82.366566,-14.354640,0.598156,329.067139,0.000000,1
61.000000,,,,,,,,,,,,,,28.129252,-82.366566,-14.356562,0.515518,329.067139,0.000000,1
61.100000,,,,,,,,,,,,,,28.129252,-82.366567,-14.358484,0.432879,329.067139,0.000000,1
61.200000,,,,,,,,,,,,,,28.129253,-82.366567,-14.354920,0.366447,329.067139,0.000000,1
61.300000,,,,,,,,,,,,,,28.129253,-82.366567,-14.337935,0.339651,329.067139,0.000000,1
61.400000,,,,,,,,,,,,,,28.129254,-82.366567,-14.320951,0.312855,329.067139,0.000000,1
61.500000,,,,,,,,,,,,,,28.129255,-82.366567,-14.303966,0.286059,329.067139,0.000000,1
61.600000,,,,,,,,,,,,,,28.129256,-82.366567,-14.286981,0.259264,329.067139,0.000000,1
61.700000,,,,,,,,,,,,,,28.129256,-82.366567,-14.269997,0.232468,329.067139,0.000000,1
61.800000,,,,,,,,,,,,,,28.129257,-82.366567,-14.253012,0.205672,329.067139,0.000000,1
61.900000,,,,,,,,,,,,,,28.129258,-82.366567,-14.236027,0.178876,329.067139,0.000000,1
62.000000,,,,,,,,,,,,,,28.129258,-82.366566,-14.219043,0.152080,329.067139,0.000000,1
62.100000,,,,,,,,,,,,,,28.129259,-82.366566,-14.202058,0.125284,329.067139,0.000000,1
62.200000,,,,,,,,,,,,,,28.129260,-82.366566,-14.184153,0.104913,329.067139,0.000000,1
62.300000,,,,,,,,,,,,,,28.129260,-82.366566,-14.163089,0.106596,329.067139,0.000000,1
62.400000,,,,,,,,,,,,,,28.129261,-82.366566,-14.142026,0.108280,329.067139,0.000000,1
62.500000,,,,,,,,,,,,,,28.129261,-82.366566,-14.120962,0.109963,329.067139,0.000000,1
62.600000,,,,,,,,,,,,,,28.129262,-82.366566,-14.099898,0.111646,329.067139,0.000000,1
62.700000,,,,,,,,,,,,,,28.129262,-82.366567,-14.078835,0.113329,329.067139,0.000000,1
62.800000,,,,,,,,,,,,,,28.129263,-82.366567,-14.057771,0.115012,329.067139,0.000000,1
62.900000,,,,,,,,,,,,,,28.129263,-82.366567,-14.036707,0.116696,329.067139,0.000000,1
63.000000,,,,,,,,,,,,,,28.129264,-82.366567,-14.015643,0.118379,329.067139,0.000000,1
63.100000,,,,,,,,,,,,,,28.129264,-82.366567,-13.994580,0.120062,329.067139,0.000000,1
63.200000,,,,,,,,,,,,,,28.129265,-82.366567,-13.983285,0.121568,329.067139,0.000000,1
63.300000,,,,,,,,,,,,,,28.129265,-82.366567,-13.993909,0.122676,329.067139,0.000000,1
63.400000,,,,,,,,,,,,,,28.129265,-82.366567,-14.004533,0.123783,329.067139,0.000000,1
63.500000,,,,,,,,,,,,,,28.129266,-82.366568,-14.015157,0.124891,329.067139,0.000000,1
63.600000,,,,,,,,,,,,,,28.129266,-82.366568,-14.025781,0.125999,329.067139,0.000000,1
63.700000,,,,,,,,,,,,,,28.129266,-82.366568,-14.036405,0.127107,329.067139,0.000000,1
63.800000,,,,,,,,,,,,,,28.129266,-82.366568,-14.047029,0.128215,329.067139,0.000000,1
63.900000,,,,,,,,,,,,,,28.129267,-82.366568,-14.057653,0.129322,329.067139,0.000000,1
64.000000,,,,,,,,,,,,,,28.129267,-82.366569,-14.068277,0.130430,329.067139,0.000000,1
64.100000,,,,,,,,,,,,,,28.129267,-82.366569,-14.066992,0.131940,329.067139,0.000000,1
64.200000,,,,,,,,,,,,,,28.129267,-82.366569,-14.037054,0.134416,329.067139,0.000000,1
64.300000,,,,,,,,,,,,,,28.129268,-82.366569,-14.007115,0.136892,329.067139,0.000000,1
64.400000,,,,,,,,,,,,,,28.129268,-82.366569,-13.977177,0.139368,329.067139,0.000000,1
64.500000,,,,,,,,,,,,,,28.129268,-82.366569,-13.947238,0.141844,329.067139,0.000000,1
64.600000,,,,,,,,,,,,,,28.129268,-82.366568,-13.917300,0.144320,329.067139,0.000000,1
64.700000,,,,,,,,,,,,,,28.129269,-82.366568,-13.887361,0.146796,329.067139,0.000000,1
64.800000,,,,,,,,,,,,,,28.129269,-82.366568,-13.857423,0.149272,329.067139,0.000000,1
64.900000,,,,,,,,,,,,,,28.129269,-82.366568,-13.827484,0.151748,329.067139,0.000000,1
65.000000,,,,,,,,,,,,,,28.129269,-82.366568,-13.797546,0.154224,329.067139,0.000000,1
65.100000,,,,,,,,,,,,,,28.129269,-82.366568,-13.772403,0.155107,329.067139,0.000000,1
65.200000,,,,,,,,,,,,,,28.129270,-82.366568,-13.759376,0.151969,329.067139,0.000000,1
65.300000,,,,,,,,,,,,,,28.129270,-82.366567,-13.746349,0.148830,329.067139,0.000000,1
65.400000,,,,,,,,,,,,,,28.129270,-82.366567,-13.733322,0.145692,329.067139,0.000000,1
65.500000,,,,,,,,,,,,,,28.129271,-82.366567,-13.720294,0.142553,329.067139,0.000000,1
65.600000,,,,,,,,,,,,,,28.129271,-82.366567,-13.707267,0.139415,329.067139,0.000000,1
65.700000,,,,,,,,,,,,,,28.129271,-82.366566,-13.694240,0.136276,329.067139,0.000000,1
65.800000,,,,,,,,,,,,,,28.129272,-82.366566,-13.681213,0.133137,329.067139,0.000000,1
65.900000,,,,,,,,,,,,,,28.129272,-82.366566,-13.668186,0.129999,329.067139,0.000000,1
66.000000,,,,,,,,,,,,,,28.129272,-82.366566,-13.655158,0.126860,329.067139,0.000000,1
66.100000,,,,,,,,,,,,,,28.129273,-82.366565,-13.650938,0.124196,329.067139,0.000000,1
66.200000,,,,,,,,,,,,,,28.129273,-82.366565,-13.670383,0.122808,329.067139,0.000000,1
66.300000,,,,,,,,,,,,,,28.129273,-82.366565,-13.689829,0.121420,329.067139,0.000000,1
66.400000,,,,,,,,,,,,,,28.129273,-82.366565,-13.709274,0.120031,329.067139,0.000000,1
66.500000,,,,,,,,,,,,,,28.129274,-82.366565,-13.728719,0.118643,329.067139,0.000000,1
66.600000,,,,,,,,,,,,,,28.129274,-82.366565,-13.748165,0.117255,329.067139,0.000000,1
66.700000,,,,,,,,,,,,,,28.129274,-82.366565,-13.767610,0.115866,329.067139,0.000000,1
66.800000,,,,,,,,,,,,,,28.129275,-82.366565,-13.787055,0.114478,329.067139,0.000000,1
66.900000,,,,,,,,,,,,,,28.129275,-82.366565,-13.806501,0.113090,329.067139,0.000000,1
67.000000,,,,,,,,,,,,,,28.129275,-82.366565,-13.825946,0.111701,329.067139,0.000000,1
67.100000,,,,,,,,,,,,,,28.129276,-82.366565,-13.845392,0.110313,329.067139,0.000000,1
67.200000,,,,,,,,,,,,,,28.129276,-82.366564,-13.801862,0.117926,329.067139,0.000000,1
67.300000,,,,,,,,,,,,,,28.129276,-82.366564,-13.744832,0.127469,329.067139,0.000000,1
67.400000,,,,,,,,,,,,,,28.129277,-82.366564,-13.687802,0.137012,329.067139,0.000000,1
67.500000,,,,,,,,,,,,,,28.129277,-82.366563,-13.630771,0.146554,329.067139,0.000000,1
67.600000,,,,,,,,,,,,,,28.129277,-82.366563,-13.573741,0.156097,329.067139,0.000000,1
67.700000,,,,,,,,,,,,,,28.129277,-82.366563,-13.516711,0.165640,329.067139,0.000000,1
67.800000,,,,,,,,,,,,,,28.129278,-82.366563,-13.459680,0.175183,329.067139,0.000000,1
67.900000,,,,,,,,,,,,,,28.129278,-82.366562,-13.402650,0.184726,329.067139,0.000000,1
68.000000,,,,,,,,,,,,,,28.129278,-82.366562,-13.345620,0.194269,329.067139,0.000000,1
68.100000,,,,,,,,,,,,,,28.129279,-82.366562,-13.288589,0.203811,329.067139,0.000000,1
68.200000,,,,,,,,,,,,,,28.129279,-82.366561,-13.247329,0.206938,329.067139,0.000000,1
68.300000,,,,,,,,,,,,,,28.129279,-82.366562,-13.240120,0.196210,329.067139,0.000000,1
68.400000,,,,,,,,,,,,,,28.129279,-82.366562,-13.232912,0.185482,329.067139,0.000000,1
68.500000,,,,,,,,,,,,,,28.129280,-82.366562,-13.225704,0.174754,329.067139,0.000000,1
68.600000,,,,,,,,,,,,,,28.129280,-82.366562,-13.218496,0.164026,329.067139,0.000000,1
68.700000,,,,,,,,,,,,,,28.129280,-82.366562,-13.211288,0.153297,329.067139,0.000000,1
68.800000,,,,,,,,,,,,,,28.129280,-82.366562,-13.204080,0.142569,329.067139,0.000000,1
68.900000,,,,,,,,,,,,,,28.129281,-82.366562,-13.196872,0.131841,329.067139,0.000000,1
69.000000,,,,,,,,,,,,,,28.129281,-82.366562,-13.189664,0.121113,329.067139,0.000000,1
69.100000,,,,,,,,,,,,,,28.129281,-82.366562,-13.182456,0.110385,329.067139,0.000000,1
69.200000,,,,,,,,,,,,,,28.129281,-82.366563,-13.167419,0.103585,329.067139,0.000000,1
69.300000,,,,,,,,,,,,,,28.129282,-82.366562,-13.133301,0.106360,329.067139,0.000000,1
69.400000,,,,,,,,,,,,,,28.129282,-82.366562,-13.099183,0.109136,329.067139,0.000000,1
69.500000,,,,,,,,,,,,,,28.129282,-82.366562,-13.065064,0.111911,329.067139,0.000000,1
69.600000,,,,,,,,,,,,,,28.129283,-82.366562,-13.030946,0.114686,329.067139,0.000000,1
69.700000,,,,,,,,,,,,,,28.129283,-82.366562,-12.996827,0.117462,329.067139,0.000000,1
69.800000,,,,,,,,,,,,,,28.129283,-82.366562,-12.962709,0.120237,329.067139,0.000000,1
69.900000,,,,,,,,,,,,,,28.129284,-82.366562,-12.928590,0.123012,329.067139,0.000000,1
70.000000,,,,,,,,,,,,,,28.129284,-82.366562,-12.894472,0.125788,329.067139,0.000000,1
70.100000,,,,,,,,,,,,,,28.129284,-82.366562,-12.860353,0.128563,329.067139,0.000000,1
70.200000,,,,,,,,,,,,,,28.129284,-82.366562,-12.824900,0.132566,329.067139,0.000000,1
70.300000,,,,,,,,,,,,,,28.129285,-82.366563,-12.785516,0.140186,329.067139,0.000000,1
70.400000,,,,,,,,,,,,,,28.129285,-82.366563,-12.746133,0.147805,329.067139,0.000000,1
70.500000,,,,,,,,,,,,,,28.129285,-82.366563,-12.706749,0.155424,329.067139,0.000000,1
70.600000,,,,,,,,,,,,,,28.129285,-82.366563,-12.667365,0.163043,329.067139,0.000000,1
70.700000,,,,,,,,,,,,,,28.129285,-82.366564,-12.627982,0.170663,329.067139,0.000000,1
70.800000,,,,,,,,,,,,,,28.129286,-82.366564,-12.588598,0.178282,329.067139,0.000000,1
70.900000,,,,,,,,,,,,,,28.129286,-82.366564,-12.549214,0.185901,329.067139,0.000000,1
71.000000,,,,,,,,,,,,,,28.129286,-82.366564,-12.509831,0.193520,329.067139,0.000000,1
71.100000,,,,,,,,,,,,,,28.129286,-82.366565,-12.470447,0.201139,329.067139,0.000000,1
71.200000,,,,,,,,,,,,,,28.129286,-82.366565,-12.421242,0.205388,329.067139,0.000000,1
71.300000,,,,,,,,,,,,,,28.129286,-82.366565,-12.347257,0.201131,329.067139,0.000000,1
71.400000,,,,,,,,,,,,,,28.129287,-82.366566,-12.273271,0.196875,329.067139,0.000000,1
71.500000,,,,,,,,,,,,,,28.129287,-82.366566,-12.199286,0.192619,329.067139,0.000000,1
71.600000,,,,,,,,,,,,,,28.129287,-82.366566,-12.125301,0.188362,329.067139,0.000000,1
71.700000,,,,,,,,,,,,,,28.129287,-82.366567,-12.051316,0.184106,329.067139,0.000000,1
71.800000,,,,,,,,,,,,,,28.129287,-82.366567,-11.977331,0.179850,329.067139,0.000000,1
71.900000,,,,,,,,,,,,,,28.129287,-82.366568,-11.903345,0.175593,329.067139,0.000000,1
72.000000,,,,,,,,,,,,,,28.129287,-82.366568,-11.829360,0.171337,329.067139,0.000000,1
72.100000,,,,,,,,,,,,,,28.129287,-82.366568,-11.755375,0.167081,329.067139,0.000000,1
72.200000,,,,,,,,,,,,,,28.129287,-82.366569,-11.710315,0.166953,329.067139,0.000000,1
72.300000,,,,,,,,,,,,,,28.129288,-82.366568,-11.741264,0.177676,329.067139,0.000000,1
72.400000,,,,,,,,,,,,,,28.129288,-82.366568,-11.772213,0.188399,329.067139,0.000000,1
72.500000,,,,,,,,,,,,,,28.129289,-82.366568,-11.803162,0.199122,329.067139,0.000000,1
72.600000,,,,,,,,,,,,,,28.129289,-82.366568,-11.834111,0.209845,329.067139,0.000000,1
72.700000,,,,,,,,,,,,,,28.129290,-82.366568,-11.865060,0.220568,329.067139,0.000000,1
72.800000,,,,,,,,,,,,,,28.129290,-82.366568,-11.896009,0.231291,329.067139,0.000000,1
72.900000,,,,,,,,,,,,,,28.129291,-82.366568,-11.926958,0.242014,329.067139,0.000000,1
73.000000,,,,,,,,,,,,,,28.129291,-82.366568,-11.957907,0.252737,329.067139,0.000000,1
73.100000,,,,,,,,,,,,,,28.129292,-82.366568,-11.988856,0.263460,329.067139,0.000000,1
73.200000,,,,,,,,,,,,,,28.129292,-82.366568,-12.002906,0.267145,329.067139,0.000000,1
73.300000,,,,,,,,,,,,,,28.129293,-82.366568,-11.972674,0.252388,329.067139,0.000000,1
73.400000,,,,,,,,,,,,,,28.129293,-82.366568,-11.942443,0.237632,329.067139,0.000000,1
73.500000,,,,,,,,,,,,,,28.129294,-82.366568,-11.912212,0.222875,329.067139,0.000000,1
73.600000,,,,,,,,,,,,,,28.129295,-82.366569,-11.881981,0.208119,329.067139,0.000000,1
73.700000,,,,,,,,,,,,,,28.129295,-82.366569,-11.851749,0.193362,329.067139,0.000000,1
73.800000,,,,,,,,,,,,,,28.129296,-82.366569,-11.821518,0.178606,329.067139,0.000000,1
73.900000,,,,,,,,,,,,,,28.129296,-82.366569,-11.791287,0.163849,329.067139,0.000000,1
74.000000,,,,,,,,,,,,,,28.129297,-82.366569,-11.761055,0.149093,329.067139,0.000000,1
74.100000,,,,,,,,,,,,,,28.129298,-82.366570,-11.730824,0.134336,329.067139,0.000000,1
74.200000,,,,,,,,,,,,,,28.129298,-82.366570,-11.725273,0.123220,329.067139,0.000000,1
74.300000,,,,,,,,,,,,,,28.129298,-82.366570,-11.781681,0.121241,329.067139,0.000000,1
74.400000,,,,,,,,,,,,,,28.129298,-82.366570,-11.838090,0.119262,329.067139,0.000000,1
74.500000,,,,,,,,,,,,,,28.129299,-82.366570,-11.894498,0.117283,329.067139,0.000000,1
74.600000,,,,,,,,,,,,,,28.129299,-82.366570,-11.950906,0.115304,329.067139,0.000000,1
74.700000,,,,,,,,,,,,,,28.129299,-82.366570,-12.007314,0.113325,329.067139,0.000000,1
74.800000,,,,,,,,,,,,,,28.129299,-82.366570,-12.063722,0.111346,329.067139,0.000000,1
74.900000,,,,,,,,,,,,,,28.129299,-82.366570,-12.120130,0.109367,329.067139,0.000000,1
75.000000,,,,,,,,,,,,,,28.129299,-82.366570,-12.176538,0.107388,329.067139,0.000000,1
75.100000,,,,,,,,,,,,,,28.129300,-82.366570,-12.232946,0.105409,329.067139,0.000000,1
75.200000,,,,,,,,,,,,,,28.129300,-82.366570,-12.276434,0.104840,329.067139,0.000000,1
75.300000,,,,,,,,,,,,,,28.129300,-82.366570,-12.285544,0.108021,329.067139,0.000000,1
75.400000,,,,,,,,,,,,,,28.129301,-82.366570,-12.294654,0.111202,329.067139,0.000000,1
75.500000,,,,,,,,,,,,,,28.129301,-82.366569,-12.303764,0.114383,329.067139,0.000000,1
75.600000,,,,,,,,,,,,,,28.129302,-82.366569,-12.312874,0.117564,329.067139,0.000000,1
75.700000,,,,,,,,,,,,,,28.129302,-82.366569,-12.321984,0.120745,329.067139,0.000000,1
75.800000,,,,,,,,,,,,,,28.129303,-82.366569,-12.331094,0.123926,329.067139,0.000000,1
75.900000,,,,,,,,,,,,,,28.129303,-82.366568,-12.340204,0.127107,329.067139,0.000000,1
76.000000,,,,,,,,,,,,,,28.129304,-82.366568,-12.349314,0.130288,329.067139,0.000000,1
76.100000,,,,,,,,,,,,,,28.129304,-82.366568,-12.358424,0.133469,329.067139,0.000000,1
76.200000,,,,,,,,,,,,,,28.129304,-82.366568,-12.365149,0.135561,329.067139,0.000000,1
76.300000,,,,,,,,,,,,,,28.129305,-82.366567,-12.365936,0.134943,329.067139,0.000000,1
76.400000,,,,,,,,,,,,,,28.129305,-82.366567,-12.366723,0.134325,329.067139,0.000000,1
76.500000,,,,,,,,,,,,,,28.129305,-82.366567,-12.367509,0.133707,329.067139,0.000000,1
76.600000,,,,,,,,,,,,,,28.129305,-82.366566,-12.368296,0.133088,329.067139,0.000000,1
76.700000,,,,,,,,,,,,,,28.129306,-82.366566,-12.369083,0.132470,329.067139,0.000000,1
76.800000,,,,,,,,,,,,,,28.129306,-82.366566,-12.369870,0.131852,329.067139,0.000000,1
76.900000,,,,,,,,,,,,,,28.129306,-82.366566,-12.370657,0.131234,329.067139,0.000000,1
77.000000,,,,,,,,,,,,,,28.129306,-82.366565,-12.371443,0.130616,329.067139,0.000000,1
77.100000,,,,,,,,,,,,,,28.129306,-82.366565,-12.372230,0.129998,329.067139,0.000000,1
77.200000,,,,,,,,,,,,,,28.129307,-82.366565,-12.361398,0.129160,329.067139,0.000000,1
77.300000,,,,,,,,,,,,,,28.129307,-82.366565,-12.320808,0.127761,329.067139,0.000000,1
77.400000,,,,,,,,,,,,,,28.129308,-82.366565,-12.280217,0.126361,329.067139,0.000000,1
77.500000,,,,,,,,,,,,,,28.129309,-82.366565,-12.239626,0.124961,329.067139,0.000000,1
77.600000,,,,,,,,,,,,,,28.129309,-82.366565,-12.199036,0.123561,329.067139,0.000000,1
77.700000,,,,,,,,,,,,,,28.129310,-82.366565,-12.158445,0.122162,329.067139,0.000000,1
77.800000,,,,,,,,,,,,,,28.129311,-82.366565,-12.117855,0.120762,329.067139,0.000000,1
77.900000,,,,,,,,,,,,,,28.129311,-82.366565,-12.077264,0.119362,329.067139,0.000000,1
78.000000,,,,,,,,,,,,,,28.129312,-82.366565,-12.036674,0.117962,329.067139,0.000000,1
78.100000,,,,,,,,,,,,,,28.129313,-82.366565,-11.996083,0.116563,329.067139,0.000000,1
78.200000,,,,,,,,,,,,,,28.129313,-82.366565,-11.967969,0.115178,329.067139,0.000000,1
78.300000,,,,,,,,,,,,,,28.129314,-82.366565,-11.971099,0.113829,329.067139,0.000000,1
78.400000,,,,,,,,,,,,,,28.129314,-82.366566,-11.974229,0.112481,329.067139,0.000000,1
78.500000,,,,,,,,,,,,,,28.129315,-82.366566,-11.977359,0.111132,329.067139,0.000000,1
78.600000,,,,,,,,,,,,,,28.129315,-82.366567,-11.980489,0.109783,329.067139,0.000000,1
78.700000,,,,,,,,,,,,,,28.129316,-82.366567,-11.983620,0.108435,329.067139,0.000000,1
78.800000,,,,,,,,,,,,,,28.129316,-82.366567,-11.986750,0.107086,329.067139,0.000000,1
78.900000,,,,,,,,,,,,,,28.129317,-82.366568,-11.989880,0.105738,329.067139,0.000000,1
79.000000,,,,,,,,,,,,,,28.129317,-82.366568,-11.993010,0.104389,329.067139,0.000000,1
79.100000,,,,,,,,,,,,,,28.129318,-82.366569,-11.996140,0.103041,329.067139,0.000000,1
79.200000,,,,,,,,,,,,,,28.129318,-82.366569,-11.991282,0.103648,329.067139,0.000000,1
79.300000,,,,,,,,,,,,,,28.129319,-82.366569,-11.962120,0.110207,329.067139,0.000000,1
79.400000,,,,,,,,,,,,,,28.129319,-82.366569,-11.932958,0.116766,329.067139,0.000000,1
79.500000,,,,,,,,,,,,,,28.129319,-82.366570,-11.903797,0.123325,329.067139,0.000000,1
79.600000,,,,,,,,,,,,,,28.129319,-82.366570,-11.874635,0.129883,329.067139,0.000000,1
79.700000,,,,,,,,,,,,,,28.129320,-82.366570,-11.845474,0.136442,329.067139,0.000000,1
79.800000,,,,,,,,,,,,,,28.129320,-82.366570,-11.816312,0.143001,329.067139,0.000000,1
79.900000,,,,,,,,,,,,,,28.129320,-82.366571,-11.787151,0.149560,329.067139,0.000000,1
80.000000,,,,,,,,,,,,,,28.129321,-82.366571,-11.757989,0.156118,329.067139,0.000000,1
80.100000,,,,,,,,,,,,,,28.129321,-82.366571,-11.728827,0.162677,329.067139,0.000000,1
80.200000,,,,,,,,,,,,,,28.129321,-82.366571,-11.706861,0.164876,329.067139,0.000000,1
80.300000,,,,,,,,,,,,,,28.129322,-82.366572,-11.700470,0.157639,329.067139,0.000000,1
80.400000,,,,,,,,,,,,,,28.129322,-82.366573,-11.694079,0.150402,329.067139,0.000000,1
80.500000,,,,,,,,,,,,,,28.129322,-82.366574,-11.687688,0.143164,329.067139,0.000000,1
80.600000,,,,,,,,,,,,,,28.129322,-82.366575,-11.681297,0.135927,329.067139,0.000000,1
80.700000,,,,,,,,,,,,,,28.129323,-82.366576,-11.674906,0.128689,329.067139,0.000000,1
80.800000,,,,,,,,,,,,,,28.129323,-82.366577,-11.668515,0.121452,329.067139,0.000000,1
80.900000,,,,,,,,,,,,,,28.129323,-82.366577,-11.662124,0.114214,329.067139,0.000000,1
81.000000,,,,,,,,,,,,,,28.129323,-82.366578,-11.655733,0.106977,329.067139,0.000000,1
81.100000,,,,,,,,,,,,,,28.129324,-82.366579,-11.671563,0.101972,329.067139,0.000000,1
81.200000,,,,,,,,,,,,,,28.129323,-82.366579,-11.752137,0.103473,329.067139,0.000000,1
81.300000,,,,,,,,,,,,,,28.129323,-82.366579,-11.832710,0.104974,329.067139,0.000000,1
81.400000,,,,,,,,,,,,,,28.129323,-82.366579,-11.913283,0.106475,329.067139,0.000000,1
81.500000,,,,,,,,,,,,,,28.129323,-82.366578,-11.993857,0.107976,329.067139,0.000000,1
81.600000,,,,,,,,,,,,,,28.129323,-82.366578,-12.074430,0.109476,329.067139,0.000000,1
81.700000,,,,,,,,,,,,,,28.129323,-82.366578,-12.155003,0.110977,329.067139,0.000000,1
81.800000,,,,,,,,,,,,,,28.129323,-82.366578,-12.235577,0.112478,329.067139,0.000000,1
81.900000,,,,,,,,,,,,,,28.129323,-82.366578,-12.316150,0.113979,329.067139,0.000000,1
82.000000,,,,,,,,,,,,,,28.129323,-82.366578,-12.396723,0.115480,329.067139,0.000000,1
82.100000,,,,,,,,,,,,,,28.129323,-82.366578,-12.477297,0.116980,329.067139,0.000000,1
82.200000,,,,,,,,,,,,,,28.129323,-82.366578,-12.533329,0.117644,329.067139,0.000000,1
82.300000,,,,,,,,,,,,,,28.129323,-82.366578,-12.518188,0.115881,329.067139,0.000000,1
82.400000,,,,,,,,,,,,,,28.129323,-82.366578,-12.503047,0.114117,329.067139,0.000000,1
82.500000,,,,,,,,,,,,,,28.129323,-82.366578,-12.487906,0.112353,329.067139,0.000000,1
82.600000,,,,,,,,,,,,,,28.129324,-82.366578,-12.472765,0.110590,329.067139,0.000000,1
82.700000,,,,,,,,,,,,,,28.129324,-82.366578,-12.457623,0.108826,329.067139,0.000000,1
82.800000,,,,,,,,,,,,,,28.129324,-82.366578,-12.442482,0.107062,329.067139,0.000000,1
82.900000,,,,,,,,,,,,,,28.129324,-82.366578,-12.427341,0.105299,329.067139,0.000000,1
83.000000,,,,,,,,,,,,,,28.129325,-82.366578,-12.412200,0.103535,329.067139,0.000000,1
83.100000,,,,,,,,,,,,,,28.129325,-82.366578,-12.397059,0.101771,329.067139,0.000000,1
83.200000,,,,,,,,,,,,,,28.129325,-82.366578,-12.394647,0.102796,329.067139,0.000000,1
83.300000,,,,,,,,,,,,,,28.129325,-82.366578,-12.404374,0.106480,329.067139,0.000000,1
83.400000,,,,,,,,,,,,,,28.129325,-82.366578,-12.414100,0.110163,329.067139,0.000000,1
83.500000,,,,,,,,,,,,,,28.129325,-82.366578,-12.423826,0.113847,329.067139,0.000000,1
83.600000,,,,,,,,,,,,,,28.129324,-82.366578,-12.433552,0.117530,329.067139,0.000000,1
83.700000,,,,,,,,,,,,,,28.129324,-82.366578,-12.443278,0.121214,329.067139,0.000000,1
83.800000,,,,,,,,,,,,,,28.129324,-82.366578,-12.453004,0.124897,329.067139,0.000000,1
83.900000,,,,,,,,,,,,,,28.129324,-82.366578,-12.462731,0.128581,329.067139,0.000000,1
84.000000,,,,,,,,,,,,,,28.129324,-82.366578,-12.472457,0.132265,329.067139,0.000000,1
84.100000,,,,,,,,,,,,,,28.129324,-82.366578,-12.482183,0.135948,329.067139,0.000000,1
84.200000,,,,,,,,,,,,,,28.129323,-82.366578,-12.496706,0.137753,329.067139,0.000000,1
84.300000,,,,,,,,,,,,,,28.129323,-82.366578,-12.525556,0.133948,329.067139,0.000000,1
84.400000,,,,,,,,,,,,,,28.129322,-82.366577,-12.554406,0.130142,329.067139,0.000000,1
84.500000,,,,,,,,,,,,,,28.129322,-82.366577,-12.583255,0.126336,329.067139,0.000000,1
84.600000,,,,,,,,,,,,,,28.129321,-82.366577,-12.612105,0.122531,329.067139,0.000000,1
84.700000,,,,,,,,,,,,,,28.129321,-82.366576,-12.640955,0.118725,329.067139,0.000000,1
84.800000,,,,,,,,,,,,,,28.129320,-82.366576,-12.669805,0.114920,329.067139,0.000000,1
84.900000,,,,,,,,,,,,,,28.129320,-82.366575,-12.698654,0.111114,329.067139,0.000000,1
85.000000,,,,,,,,,,,,,,28.129319,-82.366575,-12.727504,0.107309,329.067139,0.000000,1
85.100000,,,,,,,,,,,,,,28.129319,-82.366575,-12.756354,0.103503,329.067139,0.000000,1
85.200000,,,,,,,,,,,,,,28.129318,-82.366574,-12.788633,0.101757,329.067139,0.000000,1
85.300000,,,,,,,,,,,,,,28.129318,-82.366574,-12.830530,0.105789,329.067139,0.000000,1
85.400000,,,,,,,,,,,,,,28.129317,-82.366574,-12.872426,0.109821,329.067139,0.000000,1
85.500000,,,,,,,,,,,,,,28.129316,-82.366573,-12.914322,0.113853,329.067139,0.000000,1
85.600000,,,,,,,,,,,,,,28.129316,-82.366573,-12.956219,0.117885,329.067139,0.000000,1
85.700000,,,,,,,,,,,,,,28.129315,-82.366573,-12.998115,0.121916,329.067139,0.000000,1
85.800000,,,,,,,,,,,,,,28.129315,-82.366572,-13.040012,0.125948,329.067139,0.000000,1
85.900000,,,,,,,,,,,,,,28.129314,-82.366572,-13.081908,0.129980,329.067139,0.000000,1
86.000000,,,,,,,,,,,,,,28.129314,-82.366572,-13.123804,0.134012,329.067139,0.000000,1
86.100000,,,,,,,,,,,,,,28.129313,-82.366571,-13.165701,0.138043,329.067139,0.000000,1
86.200000,,,,,,,,,,,,,,28.129313,-82.366571,-13.194332,0.140878,329.067139,0.000000,1
86.300000,,,,,,,,,,,,,,28.129312,-82.366571,-13.191805,0.140902,329.067139,0.000000,1
86.400000,,,,,,,,,,,,,,28.129312,-82.366571,-13.189279,0.140925,329.067139,0.000000,1
86.500000,,,,,,,,,,,,,,28.129311,-82.366571,-13.186752,0.140949,329.067139,0.000000,1
86.600000,,,,,,,,,,,,,,28.129311,-82.366570,-13.184225,0.140972,329.067139,0.000000,1
86.700000,,,,,,,,,,,,,,28.129310,-82.366570,-13.181698,0.140996,329.067139,0.000000,1
86.800000,,,,,,,,,,,,,,28.129310,-82.366570,-13.179172,0.141019,329.067139,0.000000,1
86.900000,,,,,,,,,,,,,,28.129310,-82.366570,-13.176645,0.141043,329.067139,0.000000,1
87.000000,,,,,,,,,,,,,,28.129309,-82.366570,-13.174118,0.141066,329.067139,0.000000,1
87.100000,,,,,,,,,,,,,,28.129309,-82.366569,-13.171592,0.141090,329.067139,0.000000,1
87.200000,,,,,,,,,,,,,,28.129308,-82.366569,-13.185116,0.140003,329.067139,0.000000,1
87.300000,,,,,,,,,,,,,,28.129308,-82.366569,-13.242433,0.135886,329.067139,0.000000,1
87.400000,,,,,,,,,,,,,,28.129308,-82.366569,-13.299751,0.131769,329.067139,0.000000,1
87.500000,,,,,,,,,,,,,,28.129307,-82.366569,-13.357068,0.127652,329.067139,0.000000,1
87.600000,,,,,,,,,,,,,,28.129307,-82.366569,-13.414386,0.123536,329.067139,0.000000,1
87.700000,,,,,,,,,,,,,,28.129307,-82.366569,-13.471703,0.119419,329.067139,0.000000,1
87.800000,,,,,,,,,,,,,,28.129306,-82.366568,-13.529021,0.115302,329.067139,0.000000,1
87.900000,,,,,,,,,,,,,,28.129306,-82.366568,-13.586338,0.111185,329.067139,0.000000,1
88.000000,,,,,,,,,,,,,,28.129306,-82.366568,-13.643656,0.107068,329.067139,0.000000,1
88.100000,,,,,,,,,,,,,,28.129305,-82.366568,-13.700973,0.102952,329.067139,0.000000,1
88.200000,,,,,,,,,,,,,,28.129305,-82.366568,-13.742502,0.100984,329.067139,0.000000,1
88.300000,,,,,,,,,,,,,,28.129306,-82.366568,-13.750175,0.103623,329.067139,0.000000,1
88.400000,,,,,,,,,,,,,,28.129306,-82.366568,-13.757847,0.106263,329.067139,0.000000,1
88.500000,,,,,,,,,,,,,,28.129307,-82.366568,-13.765520,0.108903,329.067139,0.000000,1
88.600000,,,,,,,,,,,,,,28.129307,-82.366567,-13.773193,0.111543,329.067139,0.000000,1
88.700000,,,,,,,,,,,,,,28.129308,-82.366567,-13.780866,0.114182,329.067139,0.000000,1
88.800000,,,,,,,,,,,,,,28.129308,-82.366567,-13.788539,0.116822,329.067139,0.000000,1
88.900000,,,,,,,,,,,,,,28.129309,-82.366567,-13.796211,0.119462,329.067139,0.000000,1
89.000000,,,,,,,,,,,,,,28.129309,-82.366567,-13.803884,0.122101,329.067139,0.000000,1
89.100000,,,,,,,,,,,,,,28.129310,-82.366567,-13.811557,0.124741,329.067139,0.000000,1
89.200000,,,,,,,,,,,,,,28.129310,-82.366567,-13.805865,0.131411,329.067139,0.000000,1
89.300000,,,,,,,,,,,,,,28.129310,-82.366567,-13.750825,0.152963,329.067139,0.000000,1
89.400000,,,,,,,,,,,,,,28.129310,-82.366567,-13.695785,0.174514,329.067139,0.000000,1
89.500000,,,,,,,,,,,,,,28.129310,-82.366567,-13.640745,0.196065,329.067139,0.000000,1
89.600000,,,,,,,,,,,,,,28.129309,-82.366568,-13.585705,0.217617,329.067139,0.000000,1
89.700000,,,,,,,,,,,,,,28.129309,-82.366568,-13.530665,0.239168,329.067139,0.000000,1
89.800000,,,,,,,,,,,,,,28.129309,-82.366568,-13.475625,0.260720,329.067139,0.000000,1
89.900000,,,,,,,,,,,,,,28.129309,-82.366568,-13.420585,0.282271,329.067139,0.000000,1
90.000000,,,,,,,,,,,,,,28.129309,-82.366569,-13.365544,0.303822,329.067139,0.000000,1
90.100000,,,,,,,,,,,,,,28.129308,-82.366569,-13.310504,0.325374,329.067139,0.000000,1
90.200000,,,,,,,,,,,,,,28.129308,-82.366569,-13.259111,0.336103,329.067139,0.000000,1
90.300000,,,,,,,,,,,,,,28.129308,-82.366569,-13.215879,0.322621,329.067139,0.000000,1
90.400000,,,,,,,,,,,,,,28.129308,-82.366569,-13.172646,0.309138,329.067139,0.000000,1
90.500000,,,,,,,,,,,,,,28.129308,-82.366570,-13.129413,0.295655,329.067139,0.000000,1
90.600000,,,,,,,,,,,,,,28.129307,-82.366570,-13.086181,0.282172,329.067139,0.000000,1
90.700000,,,,,,,,,,,,,,28.129307,-82.366570,-13.042948,0.268690,329.067139,0.000000,1
90.800000,,,,,,,,,,,,,,28.129307,-82.366570,-12.999715,0.255207,329.067139,0.000000,1
90.900000,,,,,,,,,,,,,,28.129307,-82.366570,-12.956482,0.241724,329.067139,0.000000,1
91.000000,,,,,,,,,,,,,,28.129307,-82.366570,-12.913250,0.228241,329.067139,0.000000,1
91.100000,,,,,,,,,,,,,,28.129306,-82.366571,-12.870017,0.214759,329.067139,0.000000,1
91.200000,,,,,,,,,,,,,,28.129306,-82.366571,-12.831469,0.201868,329.067139,0.000000,1
91.300000,,,,,,,,,,,,,,28.129306,-82.366571,-12.806827,0.190737,329.067139,0.000000,1
91.400000,,,,,,,,,,,,,,28.129306,-82.366571,-12.782184,0.179605,329.067139,0.000000,1
91.500000,,,,,,,,,,,,,,28.129305,-82.366571,-12.757541,0.168473,329.067139,0.000000,1
91.600000,,,,,,,,,,,,,,28.129305,-82.366571,-12.732898,0.157342,329.067139,0.000000,1
91.700000,,,,,,,,,,,,,,28.129305,-82.366571,-12.708255,0.146210,329.067139,0.000000,1
91.800000,,,,,,,,,,,,,,28.129305,-82.366571,-12.683612,0.135078,329.067139,0.000000,1
91.900000,,,,,,,,,,,,,,28.129304,-82.366571,-12.658970,0.123947,329.067139,0.000000,1
92.000000,,,,,,,,,,,,,,28.129304,-82.366571,-12.634327,0.112815,329.067139,0.000000,1
92.100000,,,,,,,,,,,,,,28.129304,-82.366571,-12.615471,0.104518,329.067139,0.000000,1
92.200000,,,,,,,,,,,,,,28.129304,-82.366571,-12.618569,0.106976,329.067139,0.000000,1
92.300000,,,,,,,,,,,,,,28.129304,-82.366571,-12.621668,0.109433,329.067139,0.000000,1
92.400000,,,,,,,,,,,,,,28.129304,-82.366571,-12.624767,0.111891,329.067139,0.000000,1
92.500000,,,,,,,,,,,,,,28.129304,-82.366571,-12.627865,0.114348,329.067139,0.000000,1
92.600000,,,,,,,,,,,,,,28.129304,-82.366571,-12.630964,0.116806,329.067139,0.000000,1
92.700000,,,,,,,,,,,,,,28.129304,-82.366571,-12.634063,0.119264,329.067139,0.000000,1
92.800000,,,,,,,,,,,,,,28.129304,-82.366571,-12.637162,0.121721,329.067139,0.000000,1
92.900000,,,,,,,,,,,,,,28.129304,-82.366571,-12.640260,0.124179,329.067139,0.000000,1
93.000000,,,,,,,,,,,,,,28.129304,-82.366571,-12.643359,0.126636,329.067139,0.000000,1
93.100000,,,,,,,,,,,,,,28.129304,-82.366571,-12.646458,0.129094,329.067139,0.000000,1
93.200000,,,,,,,,,,,,,,28.129304,-82.366571,-12.658272,0.131486,329.067139,0.000000,1
93.300000,,,,,,,,,,,,,,28.129304,-82.366572,-12.700468,0.133652,329.067139,0.000000,1
93.400000,,,,,,,,,,,,,,28.129304,-82.366572,-12.742664,0.135818,329.067139,0.000000,1
93.500000,,,,,,,,,,,,,,28.129304,-82.366572,-12.784860,0.137984,329.067139,0.000000,1
93.600000,,,,,,,,,,,,,,28.129305,-82.366572,-12.827057,0.140150,329.067139,0.000000,1
93.700000,,,,,,,,,,,,,,28.129305,-82.366572,-12.869253,0.142316,329.067139,0.000000,1
93.800000,,,,,,,,,,,,,,28.129305,-82.366572,-12.911449,0.144482,329.067139,0.000000,1
93.900000,,,,,,,,,,,,,,28.129306,-82.366572,-12.953645,0.146648,329.067139,0.000000,1
94.000000,,,,,,,,,,,,,,28.129306,-82.366572,-12.995841,0.148814,329.067139,0.000000,1
94.100000,,,,,,,,,,,,,,28.129306,-82.366572,-13.038038,0.150980,329.067139,0.000000,1
94.200000,,,,,,,,,,,,,,28.129306,-82.366572,-13.056350,0.151087,329.067139,0.000000,1
94.300000,,,,,,,,,,,,,,28.129307,-82.366573,-13.012979,0.145876,329.067139,0.000000,1
94.400000,,,,,,,,,,,,,,28.129307,-82.366573,-12.969609,0.140665,329.067139,0.000000,1
94.500000,,,,,,,,,,,,,,28.129307,-82.366574,-12.926238,0.135455,329.067139,0.000000,1
94.600000,,,,,,,,,,,,,,28.129307,-82.366575,-12.882868,0.130244,329.067139,0.000000,1
94.700000,,,,,,,,,,,,,,28.129307,-82.366575,-12.839497,0.125034,329.067139,0.000000,1
94.800000,,,,,,,,,,,,,,28.129308,-82.366576,-12.796127,0.119823,329.067139,0.000000,1
94.900000,,,,,,,,,,,,,,28.129308,-82.366576,-12.752756,0.114613,329.067139,0.000000,1
95.000000,,,,,,,,,,,,,,28.129308,-82.366577,-12.709386,0.109402,329.067139,0.000000,1
95.100000,,,,,,,,,,,,,,28.129308,-82.366577,-12.666015,0.104191,329.067139,0.000000,1
95.200000,,,,,,,,,,,,,,28.129308,-82.366578,-12.632495,0.103864,329.067139,0.000000,1
95.300000,,,,,,,,,,,,,,28.129308,-82.366578,-12.623837,0.115862,329.067139,0.000000,1
95.400000,,,,,,,,,,,,,,28.129309,-82.366578,-12.615180,0.127860,329.067139,0.000000,1
95.500000,,,,,,,,,,,,,,28.129309,-82.366578,-12.606522,0.139858,329.067139,0.000000,1
95.600000,,,,,,,,,,,,,,28.129309,-82.366579,-12.597864,0.151856,329.067139,0.000000,1
95.700000,,,,,,,,,,,,,,28.129309,-82.366579,-12.589207,0.163853,329.067139,0.000000,1
95.800000,,,,,,,,,,,,,,28.129309,-82.366579,-12.580549,0.175851,329.067139,0.000000,1
95.900000,,,,,,,,,,,,,,28.129309,-82.366580,-12.571891,0.187849,329.067139,0.000000,1
96.000000,,,,,,,,,,,,,,28.129309,-82.366580,-12.563234,0.199847,329.067139,0.000000,1
96.100000,,,,,,,,,,,,,,28.129310,-82.366580,-12.554576,0.211845,329.067139,0.000000,1
96.200000,,,,,,,,,,,,,,28.129310,-82.366580,-12.555595,0.218053,329.067139,0.000000,1
96.300000,,,,,,,,,,,,,,28.129310,-82.366580,-12.581549,0.209343,329.067139,0.000000,1
96.400000,,,,,,,,,,,,,,28.129309,-82.366579,-12.607503,0.200633,329.067139,0.000000,1
96.500000,,,,,,,,,,,,,,28.129309,-82.366579,-12.633457,0.191923,329.067139,0.000000,1
96.600000,,,,,,,,,,,,,,28.129309,-82.366579,-12.659411,0.183213,329.067139,0.000000,1
96.700000,,,,,,,,,,,,,,28.129309,-82.366578,-12.685365,0.174503,329.067139,0.000000,1
96.800000,,,,,,,,,,,,,,28.129309,-82.366578,-12.711319,0.165793,329.067139,0.000000,1
96.900000,,,,,,,,,,,,,,28.129309,-82.366578,-12.737273,0.157083,329.067139,0.000000,1
97.000000,,,,,,,,,,,,,,28.129309,-82.366577,-12.763227,0.148373,329.067139,0.000000,1
97.100000,,,,,,,,,,,,,,28.129308,-82.366577,-12.789180,0.139663,329.067139,0.000000,1
97.200000,,,,,,,,,,,,,,28.129308,-82.366577,-12.813243,0.134586,329.067139,0.000000,1
97.300000,,,,,,,,,,,,,,28.129309,-82.366577,-12.832771,0.138223,329.067139,0.000000,1
97.400000,,,,,,,,,,,,,,28.129309,-82.366577,-12.852299,0.141861,329.067139,0.000000,1
97.500000,,,,,,,,,,,,,,28.129309,-82.366578,-12.871827,0.145498,329.067139,0.000000,1
97.600000,,,,,,,,,,,,,,28.129309,-82.366578,-12.891355,0.149135,329.067139,0.000000,1
97.700000,,,,,,,,,,,,,,28.129309,-82.366579,-12.910883,0.152772,329.067139,0.000000,1
97.800000,,,,,,,,,,,,,,28.129309,-82.366579,-12.930411,0.156409,329.067139,0.000000,1
97.900000,,,,,,,,,,,,,,28.129310,-82.366579,-12.949939,0.160046,329.067139,0.000000,1
98.000000,,,,,,,,,,,,,,28.129310,-82.366580,-12.969467,0.163684,329.067139,0.000000,1
98.100000,,,,,,,,,,,,,,28.129310,-82.366580,-12.988995,0.167321,329.067139,0.000000,1
98.200000,,,,,,,,,,,,,,28.129310,-82.366581,-13.012090,0.168193,329.067139,0.000000,1
98.300000,,,,,,,,,,,,,,28.129310,-82.366581,-13.045251,0.161263,329.067139,0.000000,1
98.400000,,,,,,,,,,,,,,28.129310,-82.366581,-13.078412,0.154334,329.067139,0.000000,1
98.500000,,,,,,,,,,,,,,28.129310,-82.366581,-13.111573,0.147404,329.067139,0.000000,1
98.600000,,,,,,,,,,,,,,28.129310,-82.366581,-13.144734,0.140475,329.067139,0.000000,1
98.700000,,,,,,,,,,,,,,28.129310,-82.366581,-13.177895,0.133546,329.067139,0.000000,1
98.800000,,,,,,,,,,,,,,28.129310,-82.366581,-13.211056,0.126616,329.067139,0.000000,1
98.900000,,,,,,,,,,,,,,28.129310,-82.366581,-13.244217,0.119687,329.067139,0.000000,1
99.000000,,,,,,,,,,,,,,28.129310,-82.366581,-13.277378,0.112757,329.067139,0.000000,1
99.100000,,,,,,,,,,,,,,28.129310,-82.366581,-13.310540,0.105828,329.067139,0.000000,1
99.200000,,,,,,,,,,,,,,28.129311,-82.366581,-13.337161,0.102261,329.067139,0.000000,1
99.300000,,,,,,,,,,,,,,28.129311,-82.366581,-13.348007,0.106808,329.067139,0.000000,1
99.400000,,,,,,,,,,,,,,28.129311,-82.366581,-13.358853,0.111355,329.067139,0.000000,1
99.500000,,,,,,,,,,,,,,28.129311,-82.366581,-13.369698,0.115902,329.067139,0.000000,1
99.600000,,,,,,,,,,,,,,28.129311,-82.366580,-13.380544,0.120448,329.067139,0.000000,1
99.700000,,,,,,,,,,,,,,28.129312,-82.366580,-13.391389,0.124995,329.067139,0.000000,1
99.800000,,,,,,,,,,,,,,28.129312,-82.366580,-13.402235,0.129542,329.067139,0.000000,1
99.900000,,,,,,,,,,,,,,28.129312,-82.366580,-13.413080,0.134089,329.067139,0.000000,1
100.000000,,,,,,,,,,,,,,28.129312,-82.366580,-13.423926,0.138636,329.067139,0.000000,1
100.100000,,,,,,,,,,,,,,28.129313,-82.366580,-13.434771,0.143182,329.067139,0.000000,1
100.200000,,,,,,,,,,,,,,28.129313,-82.366580,-13.454095,0.146670,329.067139,0.000000,1
100.300000,,,,,,,,,,,,,,28.129313,-82.366580,-13.494983,0.147465,329.067139,0.000000,1
100.400000,,,,,,,,,,,,,,28.129313,-82.366580,-13.535872,0.148260,329.067139,0.000000,1
100.500000,,,,,,,,,,,,,,28.129313,-82.366580,-13.576760,0.149055,329.067139,0.000000,1
100.600000,,,,,,,,,,,,,,28.129313,-82.366579,-13.617649,0.149850,329.067139,0.000000,1
100.700000,,,,,,,,,,,,,,28.129313,-82.366579,-13.658537,0.150645,329.067139,0.000000,1
100.800000,,,,,,,,,,,,,,28.129313,-82.366579,-13.699425,0.151440,329.067139,0.000000,1
100.900000,,,,,,,,,,,,,,28.129313,-82.366579,-13.740314,0.152235,329.067139,0.000000,1
101.000000,,,,,,,,,,,,,,28.129313,-82.366579,-13.781202,0.153030,329.067139,0.000000,1
101.100000,,,,,,,,,,,,,,28.129313,-82.366579,-13.822091,0.153825,329.067139,0.000000,1
101.200000,,,,,,,,,,,,,,28.129313,-82.366579,-13.854616,0.152464,329.067139,0.000000,1
101.300000,,,,,,,,,,,,,,28.129314,-82.366579,-13.869370,0.146522,329.067139,0.000000,1
101.400000,,,,,,,,,,,,,,28.129314,-82.366579,-13.884123,0.140579,329.067139,0.000000,1
101.500000,,,,,,,,,,,,,,28.129314,-82.366580,-13.898877,0.134636,329.067139,0.000000,1
101.600000,,,,,,,,,,,,,,28.129315,-82.366580,-13.913630,0.128694,329.067139,0.000000,1
101.700000,,,,,,,,,,,,,,28.129315,-82.366580,-13.928384,0.122751,329.067139,0.000000,1
101.800000,,,,,,,,,,,,,,28.129315,-82.366581,-13.943137,0.116809,329.067139,0.000000,1
101.900000,,,,,,,,,,,,,,28.129316,-82.366581,-13.957890,0.110866,329.067139,0.000000,1
102.000000,,,,,,,,,,,,,,28.129316,-82.366582,-13.972644,0.104923,329.067139,0.000000,1
102.100000,,,,,,,,,,,,,,28.129316,-82.366582,-13.978920,0.101324,329.067139,0.000000,1
102.200000,,,,,,,,,,,,,,28.129316,-82.366582,-13.963462,0.103732,329.067139,0.000000,1
102.300000,,,,,,,,,,,,,,28.129316,-82.366582,-13.948004,0.106140,329.067139,0.000000,1
102.400000,,,,,,,,,,,,,,28.129315,-82.366582,-13.932546,0.108548,329.067139,0.000000,1
102.500000,,,,,,,,,,,,,,28.129315,-82.366583,-13.917088,0.110956,329.067139,0.000000,1
102.600000,,,,,,,,,,,,,,28.129315,-82.366583,-13.901631,0.113364,329.067139,0.000000,1
102.700000,,,,,,,,,,,,,,28.129315,-82.366583,-13.886173,0.115772,329.067139,0.000000,1
102.800000,,,,,,,,,,,,,,28.129315,-82.366583,-13.870715,0.118180,329.067139,0.000000,1
102.900000,,,,,,,,,,,,,,28.129314,-82.366583,-13.855257,0.120588,329.067139,0.000000,1
103.000000,,,,,,,,,,,,,,28.129314,-82.366583,-13.839800,0.122996,329.067139,0.000000,1
103.100000,,,,,,,,,,,,,,28.129314,-82.366584,-13.824342,0.125404,329.067139,0.000000,1
103.200000,,,,,,,,,,,,,,28.129314,-82.366584,-13.806659,0.126421,329.067139,0.000000,1
103.300000,,,,,,,,,,,,,,28.129314,-82.366583,-13.783190,0.123819,329.067139,0.000000,1
103.400000,,,,,,,,,,,,,,28.129314,-82.366583,-13.759721,0.121217,329.067139,0.000000,1
103.500000,,,,,,,,,,,,,,28.129314,-82.366583,-13.736251,0.118615,329.067139,0.000000,1
103.600000,,,,,,,,,,,,,,28.129314,-82.366583,-13.712782,0.116012,329.067139,0.000000,1
103.700000,,,,,,,,,,,,,,28.129314,-82.366583,-13.689313,0.113410,329.067139,0.000000,1
103.800000,,,,,,,,,,,,,,28.129314,-82.366583,-13.665844,0.110808,329.067139,0.000000,1
103.900000,,,,,,,,,,,,,,28.129314,-82.366582,-13.642375,0.108206,329.067139,0.000000,1
104.000000,,,,,,,,,,,,,,28.129314,-82.366582,-13.618905,0.105604,329.067139,0.000000,1
104.100000,,,,,,,,,,,,,,28.129314,-82.366582,-13.595436,0.103002,329.067139,0.000000,1
104.200000,,,,,,,,,,,,,,28.129314,-82.366582,-13.582105,0.101175,329.067139,0.000000,1
104.300000,,,,,,,,,,,,,,28.129314,-82.366581,-13.602918,0.101959,329.067139,0.000000,1
104.400000,,,,,,,,,,,,,,28.129314,-82.366581,-13.623731,0.102743,329.067139,0.000000,1
104.500000,,,,,,,,,,,,,,28.129314,-82.366581,-13.644544,0.103527,329.067139,0.000000,1
104.600000,,,,,,,,,,,,,,28.129314,-82.366581,-13.665357,0.104311,329.067139,0.000000,1
104.700000,,,,,,,,,,,,,,28.129314,-82.366580,-13.686170,0.105095,329.067139,0.000000,1
104.800000,,,,,,,,,,,,,,28.129314,-82.366580,-13.706983,0.105879,329.067139,0.000000,1
104.900000,,,,,,,,,,,,,,28.129314,-82.366580,-13.727797,0.106663,329.067139,0.000000,1
105.000000,,,,,,,,,,,,,,28.129314,-82.366580,-13.748610,0.107447,329.067139,0.000000,1
105.100000,,,,,,,,,,,,,,28.129314,-82.366580,-13.769423,0.108231,329.067139,0.000000,1
105.200000,,,,,,,,,,,,,,28.129314,-82.366579,-13.766723,0.109294,329.067139,0.000000,1
105.300000,,,,,,,,,,,,,,28.129314,-82.366580,-13.703153,0.111083,329.067139,0.000000,1
105.400000,,,,,,,,,,,,,,28.129314,-82.366580,-13.639583,0.112872,329.067139,0.000000,1
105.500000,,,,,,,,,,,,,,28.129314,-82.366580,-13.576014,0.114660,329.067139,0.000000,1
105.600000,,,,,,,,,,,,,,28.129314,-82.366580,-13.512444,0.116449,329.067139,0.000000,1
105.700000,,,,,,,,,,,,,,28.129314,-82.366580,-13.448874,0.118237,329.067139,0.000000,1
105.800000,,,,,,,,,,,,,,28.129314,-82.366580,-13.385304,0.120026,329.067139,0.000000,1
105.900000,,,,,,,,,,,,,,28.129314,-82.366580,-13.321735,0.121815,329.067139,0.000000,1
106.000000,,,,,,,,,,,,,,28.129314,-82.366580,-13.258165,0.123603,329.067139,0.000000,1
106.100000,,,,,,,,,,,,,,28.129314,-82.366581,-13.194595,0.125392,329.067139,0.000000,1
106.200000,,,,,,,,,,,,,,28.129314,-82.366581,-13.137313,0.125831,329.067139,0.000000,1
106.300000,,,,,,,,,,,,,,28.129314,-82.366581,-13.094326,0.123200,329.067139,0.000000,1
106.400000,,,,,,,,,,,,,,28.129314,-82.366581,-13.051339,0.120570,329.067139,0.000000,1
106.500000,,,,,,,,,,,,,,28.129314,-82.366581,-13.008352,0.117940,329.067139,0.000000,1
106.600000,,,,,,,,,,,,,,28.129314,-82.366581,-12.965365,0.115310,329.067139,0.000000,1
106.700000,,,,,,,,,,,,,,28.129314,-82.366581,-12.922378,0.112680,329.067139,0.000000,1
106.800000,,,,,,,,,,,,,,28.129314,-82.366581,-12.879391,0.110049,329.067139,0.000000,1
106.900000,,,,,,,,,,,,,,28.129314,-82.366582,-12.836404,0.107419,329.067139,0.000000,1
107.000000,,,,,,,,,,,,,,28.129314,-82.366582,-12.793417,0.104789,329.067139,0.000000,1
107.100000,,,,,,,,,,,,,,28.129314,-82.366582,-12.750430,0.102159,329.067139,0.000000,1
107.200000,,,,,,,,,,,,,,28.129314,-82.366582,-12.713312,0.100304,329.067139,0.000000,1
107.300000,,,,,,,,,,,,,,28.129314,-82.366582,-12.691080,0.100415,329.067139,0.000000,1
107.400000,,,,,,,,,,,,,,28.129314,-82.366582,-12.668848,0.100526,329.067139,0.000000,1
107.500000,,,,,,,,,,,,,,28.129314,-82.366583,-12.646616,0.100638,329.067139,0.000000,1
107.600000,,,,,,,,,,,,,,28.129313,-82.366583,-12.624384,0.100749,329.067139,0.000000,1
107.700000,,,,,,,,,,,,,,28.129313,-82.366583,-12.602151,0.100860,329.067139,0.000000,1
107.800000,,,,,,,,,,,,,,28.129313,-82.366583,-12.579919,0.100972,329.067139,0.000000,1
107.900000,,,,,,,,,,,,,,28.129313,-82.366583,-12.557687,0.101083,329.067139,0.000000,1
108.000000,,,,,,,,,,,,,,28.129313,-82.366583,-12.535455,0.101194,329.067139,0.000000,1
108.100000,,,,,,,,,,,,,,28.129313,-82.366584,-12.513223,0.101306,329.067139,0.000000,1
108.200000,,,,,,,,,,,,,,28.129312,-82.366584,-12.498016,0.101344,329.067139,0.000000,1
108.300000,,,,,,,,,,,,,,28.129312,-82.366584,-12.499535,0.101209,329.067139,0.000000,1
108.400000,,,,,,,,,,,,,,28.129312,-82.366584,-12.501054,0.101074,329.067139,0.000000,1
108.500000,,,,,,,,,,,,,,28.129312,-82.366584,-12.502573,0.100939,329.067139,0.000000,1
108.600000,,,,,,,,,,,,,,28.129312,-82.366584,-12.504092,0.100804,329.067139,0.000000,1
108.700000,,,,,,,,,,,,,,28.129312,-82.366584,-12.505611,0.100669,329.067139,0.000000,1
108.800000,,,,,,,,,,,,,,28.129311,-82.366584,-12.507130,0.100533,329.067139,0.000000,1
108.900000,,,,,,,,,,,,,,28.129311,-82.366584,-12.508649,0.100398,329.067139,0.000000,1
109.000000,,,,,,,,,,,,,,28.129311,-82.366584,-12.510167,0.100263,329.067139,0.000000,1
109.100000,,,,,,,,,,,,,,28.129311,-82.366584,-12.511686,0.100128,329.067139,0.000000,1
109.200000,,,,,,,,,,,,,,28.129311,-82.366584,-12.528648,0.100099,329.067139,0.000000,1
109.300000,,,,,,,,,,,,,,28.129310,-82.366583,-12.584255,0.100336,329.067139,0.000000,1
109.400000,,,,,,,,,,,,,,28.129310,-82.366583,-12.639863,0.100573,329.067139,0.000000,1
109.500000,,,,,,,,,,,,,,28.129310,-82.366582,-12.695471,0.100810,329.067139,0.000000,1
109.600000,,,,,,,,,,,,,,28.129310,-82.366582,-12.751078,0.101047,329.067139,0.000000,1
109.700000,,,,,,,,,,,,,,28.129309,-82.366582,-12.806686,0.101284,329.067139,0.000000,1
109.800000,,,,,,,,,,,,,,28.129309,-82.366581,-12.862294,0.101521,329.067139,0.000000,1
109.900000,,,,,,,,,,,,,,28.129309,-82.366581,-12.917902,0.101758,329.067139,0.000000,1
110.000000,,,,,,,,,,,,,,28.129308,-82.366580,-12.973509,0.101994,329.067139,0.000000,1
110.100000,,,,,,,,,,,,,,28.129308,-82.366580,-13.029117,0.102231,329.067139,0.000000,1
110.200000,,,,,,,,,,,,,,28.129308,-82.366579,-13.073737,0.106543,329.067139,0.000000,1
110.300000,,,,,,,,,,,,,,28.129308,-82.366579,-13.084594,0.123376,329.067139,0.000000,1
110.400000,,,,,,,,,,,,,,28.129308,-82.366579,-13.095450,0.140209,329.067139,0.000000,1
110.500000,,,,,,,,,,,,,,28.129308,-82.366579,-13.106306,0.157042,329.067139,0.000000,1
110.600000,,,,,,,,,,,,,,28.129308,-82.366579,-13.117163,0.173874,329.067139,0.000000,1
110.700000,,,,,,,,,,,,,,28.129308,-82.366579,-13.128019,0.190707,329.067139,0.000000,1
110.800000,,,,,,,,,,,,,,28.129308,-82.366579,-13.138875,0.207540,329.067139,0.000000,1
110.900000,,,,,,,,,,,,,,28.129309,-82.366579,-13.149732,0.224373,329.067139,0.000000,1
111.000000,,,,,,,,,,,,,,28.129309,-82.366579,-13.160588,0.241206,329.067139,0.000000,1
111.100000,,,,,,,,,,,,,,28.129309,-82.366579,-13.171445,0.258039,329.067139,0.000000,1
111.200000,,,,,,,,,,,,,,28.129309,-82.366579,-13.178821,0.266050,329.067139,0.000000,1
111.300000,,,,,,,,,,,,,,28.129309,-82.366579,-13.176742,0.250090,329.067139,0.000000,1
111.400000,,,,,,,,,,,,,,28.129309,-82.366579,-13.174663,0.234129,329.067139,0.000000,1
111.500000,,,,,,,,,,,,,,28.129309,-82.366579,-13.172584,0.218169,329.067139,0.000000,1
111.600000,,,,,,,,,,,,,,28.129309,-82.366579,-13.170505,0.202209,329.067139,0.000000,1
111.700000,,,,,,,,,,,,,,28.129309,-82.366579,-13.168426,0.186249,329.067139,0.000000,1
111.800000,,,,,,,,,,,,,,28.129309,-82.366579,-13.166347,0.170289,329.067139,0.000000,1
111.900000,,,,,,,,,,,,,,28.129309,-82.366579,-13.164267,0.154328,329.067139,0.000000,1
112.000000,,,,,,,,,,,,,,28.129309,-82.366579,-13.162188,0.138368,329.067139,0.000000,1
112.100000,,,,,,,,,,,,,,28.129309,-82.366579,-13.158872,0.126400,329.067139,0.000000,1
112.200000,,,,,,,,,,,,,,28.129310,-82.366579,-13.152256,0.125082,329.067139,0.000000,1
112.300000,,,,,,,,,,,,,,28.129310,-82.366579,-13.145640,0.123765,329.067139,0.000000,1
112.400000,,,,,,,,,,,,,,28.129310,-82.366579,-13.139024,0.122448,329.067139,0.000000,1
112.500000,,,,,,,,,,,,,,28.129310,-82.366579,-13.132408,0.121130,329.067139,0.000000,1
112.600000,,,,,,,,,,,,,,28.129310,-82.366580,-13.125791,0.119813,329.067139,0.000000,1
112.700000,,,,,,,,,,,,,,28.129310,-82.366580,-13.119175,0.118495,329.067139,0.000000,1
112.800000,,,,,,,,,,,,,,28.129311,-82.366580,-13.112559,0.117178,329.067139,0.000000,1
112.900000,,,,,,,,,,,,,,28.129311,-82.366580,-13.105943,0.115861,329.067139,0.000000,1
113.000000,,,,,,,,,,,,,,28.129311,-82.366580,-13.099326,0.114543,329.067139,0.000000,1
113.100000,,,,,,,,,,,,,,28.129311,-82.366580,-13.092710,0.113226,329.067139,0.000000,1
113.200000,,,,,,,,,,,,,,28.129311,-82.366580,-13.088078,0.112007,329.067139,0.000000,1
113.300000,,,,,,,,,,,,,,28.129311,-82.366580,-13.089694,0.111095,329.067139,0.000000,1
113.400000,,,,,,,,,,,,,,28.129311,-82.366579,-13.091310,0.110183,329.067139,0.000000,1
113.500000,,,,,,,,,,,,,,28.129311,-82.366579,-13.092926,0.109272,329.067139,0.000000,1
113.600000,,,,,,,,,,,,,,28.129311,-82.366579,-13.094542,0.108360,329.067139,0.000000,1
113.700000,,,,,,,,,,,,,,28.129311,-82.366579,-13.096157,0.107449,329.067139,0.000000,1
113.800000,,,,,,,,,,,,,,28.129311,-82.366579,-13.097773,0.106537,329.067139,0.000000,1
113.900000,,,,,,,,,,,,,,28.129311,-82.366579,-13.099389,0.105625,329.067139,0.000000,1
114.000000,,,,,,,,,,,,,,28.129311,-82.366579,-13.101005,0.104714,329.067139,0.000000,1
114.100000,,,,,,,,,,,,,,28.129311,-82.366579,-13.102621,0.103802,329.067139,0.000000,1
114.200000,,,,,,,,,,,,,,28.129312,-82.366578,-13.107051,0.103060,329.067139,0.000000,1
114.300000,,,,,,,,,,,,,,28.129312,-82.366578,-13.119769,0.102815,329.067139,0.000000,1
114.400000,,,,,,,,,,,,,,28.129312,-82.366578,-13.132486,0.102570,329.067139,0.000000,1
114.500000,,,,,,,,,,,,,,28.129312,-82.366578,-13.145204,0.102325,329.067139,0.000000,1
114.600000,,,,,,,,,,,,,,28.129312,-82.366578,-13.157922,0.102079,329.067139,0.000000,1
114.700000,,,,,,,,,,,,,,28.129313,-82.366578,-13.170639,0.101834,329.067139,0.000000,1
114.800000,,,,,,,,,,,,,,28.129313,-82.366578,-13.183357,0.101589,329.067139,0.000000,1
114.900000,,,,,,,,,,,,,,28.129313,-82.366578,-13.196075,0.101344,329.067139,0.000000,1
115.000000,,,,,,,,,,,,,,28.129313,-82.366577,-13.208793,0.101099,329.067139,0.000000,1
115.100000,,,,,,,,,,,,,,28.129314,-82.366577,-13.221510,0.100854,329.067139,0.000000,1
115.200000,,,,,,,,,,,,,,28.129314,-82.366577,-13.220550,0.102424,329.067139,0.000000,1
115.300000,,,,,,,,,,,,,,28.129314,-82.366578,-13.182328,0.108937,329.067139,0.000000,1
115.400000,,,,,,,,,,,,,,28.129314,-82.366578,-13.144107,0.115451,329.067139,0.000000,1
115.500000,,,,,,,,,,,,,,28.129314,-82.366578,-13.105885,0.121964,329.067139,0.000000,1
115.600000,,,,,,,,,,,,,,28.129314,-82.366578,-13.067664,0.128478,329.067139,0.000000,1
115.700000,,,,,,,,,,,,,,28.129313,-82.366578,-13.029442,0.134991,329.067139,0.000000,1
115.800000,,,,,,,,,,,,,,28.129313,-82.366578,-12.991221,0.141504,329.067139,0.000000,1
115.900000,,,,,,,,,,,,,,28.129313,-82.366579,-12.952999,0.148018,329.067139,0.000000,1
116.000000,,,,,,,,,,,,,,28.129313,-82.366579,-12.914778,0.154531,329.067139,0.000000,1
116.100000,,,,,,,,,,,,,,28.129313,-82.366579,-12.876556,0.161044,329.067139,0.000000,1
116.200000,,,,,,,,,,,,,,28.129313,-82.366579,-12.842048,0.164267,329.067139,0.000000,1
116.300000,,,,,,,,,,,,,,28.129313,-82.366579,-12.817602,0.158575,329.067139,0.000000,1
116.400000,,,,,,,,,,,,,,28.129313,-82.366579,-12.793156,0.152883,329.067139,0.000000,1
116.500000,,,,,,,,,,,,,,28.129313,-82.366579,-12.768710,0.147191,329.067139,0.000000,1
116.600000,,,,,,,,,,,,,,28.129313,-82.366579,-12.744264,0.141499,329.067139,0.000000,1
116.700000,,,,,,,,,,,,,,28.129313,-82.366579,-12.719818,0.135807,329.067139,0.000000,1
116.800000,,,,,,,,,,,,,,28.129313,-82.366579,-12.695372,0.130114,329.067139,0.000000,1
116.900000,,,,,,,,,,,,,,28.129313,-82.366579,-12.670926,0.124422,329.067139,0.000000,1
117.000000,,,,,,,,,,,,,,28.129313,-82.366579,-12.646480,0.118730,329.067139,0.000000,1
117.100000,,,,,,,,,,,,,,28.129313,-82.366579,-12.622034,0.113038,329.067139,0.000000,1
117.200000,,,,,,,,,,,,,,28.129313,-82.366579,-12.600969,0.108646,329.067139,0.000000,1
117.300000,,,,,,,,,,,,,,28.129314,-82.366578,-12.589021,0.107759,329.067139,0.000000,1
117.400000,,,,,,,,,,,,,,28.129314,-82.366578,-12.577073,0.106873,329.067139,0.000000,1
117.500000,,,,,,,,,,,,,,28.129314,-82.366578,-12.565124,0.105986,329.067139,0.000000,1
117.600000,,,,,,,,,,,,,,28.129314,-82.366577,-12.553176,0.105100,329.067139,0.000000,1
117.700000,,,,,,,,,,,,,,28.129314,-82.366577,-12.541228,0.104213,329.067139,0.000000,1
117.800000,,,,,,,,,,,,,,28.129314,-82.366577,-12.529279,0.103327,329.067139,0.000000,1
117.900000,,,,,,,,,,,,,,28.129314,-82.366577,-12.517331,0.102440,329.067139,0.000000,1
118.000000,,,,,,,,,,,,,,28.129314,-82.366576,-12.505383,0.101554,329.067139,0.000000,1
118.100000,,,,,,,,,,,,,,28.129315,-82.366576,-12.493434,0.100667,329.067139,0.000000,1
118.200000,,,,,,,,,,,,,,28.129315,-82.366576,-12.488545,0.100302,329.067139,0.000000,1
118.300000,,,,,,,,,,,,,,28.129314,-82.366576,-12.504950,0.101508,329.067139,0.000000,1
118.400000,,,,,,,,,,,,,,28.129314,-82.366576,-12.521354,0.102714,329.067139,0.000000,1
118.500000,,,,,,,,,,,,,,28.129314,-82.366576,-12.537759,0.103921,329.067139,0.000000,1
118.600000,,,,,,,,,,,,,,28.129314,-82.366577,-12.554163,0.105127,329.067139,0.000000,1
118.700000,,,,,,,,,,,,,,28.129314,-82.366577,-12.570568,0.106333,329.067139,0.000000,1
118.800000,,,,,,,,,,,,,,28.129314,-82.366577,-12.586972,0.107540,329.067139,0.000000,1
118.900000,,,,,,,,,,,,,,28.129314,-82.366577,-12.603377,0.108746,329.067139,0.000000,1
119.000000,,,,,,,,,,,,,,28.129314,-82.366577,-12.619781,0.109952,329.067139,0.000000,1
119.100000,,,,,,,,,,,,,,28.129313,-82.366577,-12.636186,0.111159,329.067139,0.000000,1
119.200000,,,,,,,,,,,,,,28.129313,-82.366578,-12.655577,0.114141,329.067139,0.000000,1
119.300000,,,,,,,,,,,,,,28.129313,-82.366578,-12.683301,0.122078,329.067139,0.000000,1
119.400000,,,,,,,,,,,,,,28.129313,-82.366578,-12.711025,0.130015,329.067139,0.000000,1
119.500000,,,,,,,,,,,,,,28.129312,-82.366578,-12.738749,0.137952,329.067139,0.000000,1
119.600000,,,,,,,,,,,,,,28.129312,-82.366579,-12.766473,0.145888,329.067139,0.000000,1
119.700000,,,,,,,,,,,,,,28.129312,-82.366579,-12.794197,0.153825,329.067139,0.000000,1
119.800000,,,,,,,,,,,,,,28.129312,-82.366579,-12.821922,0.161762,329.067139,0.000000,1
119.900000,,,,,,,,,,,,,,28.129311,-82.366580,-12.849646,0.169699,329.067139,0.000000,1
120.000000,,,,,,,,,,,,,,28.129311,-82.366580,-12.877370,0.177636,329.067139,0.000000,1
120.100000,,,,,,,,,,,,,,28.129311,-82.366580,-12.905094,0.185573,329.067139,0.000000,1
120.200000,,,,,,,,,,,,,,28.129311,-82.366581,-12.918532,0.189279,329.067139,0.000000,1
120.300000,,,,,,,,,,,,,,28.129311,-82.366581,-12.893969,0.181732,329.067139,0.000000,1
120.400000,,,,,,,,,,,,,,28.129311,-82.366581,-12.869405,0.174185,329.067139,0.000000,1
120.500000,,,,,,,,,,,,,,28.129311,-82.366581,-12.844842,0.166638,329.067139,0.000000,1
120.600000,,,,,,,,,,,,,,28.129311,-82.366582,-12.820279,0.159091,329.067139,0.000000,1
120.700000,,,,,,,,,,,,,,28.129311,-82.366582,-12.795715,0.151544,329.067139,0.000000,1
120.800000,,,,,,,,,,,,,,28.129311,-82.366582,-12.771152,0.143998,329.067139,0.000000,1
120.900000,,,,,,,,,,,,,,28.129311,-82.366583,-12.746588,0.136451,329.067139,0.000000,1
121.000000,,,,,,,,,,,,,,28.129311,-82.366583,-12.722025,0.128904,329.067139,0.000000,1
121.100000,,,,,,,,,,,,,,28.129311,-82.366583,-12.697461,0.121357,329.067139,0.000000,1
121.200000,,,,,,,,,,,,,,28.129311,-82.366583,-12.678804,0.115673,329.067139,0.000000,1
121.300000,,,,,,,,,,,,,,28.129311,-82.366583,-12.673681,0.114258,329.067139,0.000000,1
121.400000,,,,,,,,,,,,,,28.129311,-82.366583,-12.668558,0.112843,329.067139,0.000000,1
121.500000,,,,,,,,,,,,,,28.129311,-82.366583,-12.663435,0.111428,329.067139,0.000000,1
121.600000,,,,,,,,,,,,,,28.129311,-82.366583,-12.658311,0.110014,329.067139,0.000000,1
121.700000,,,,,,,,,,,,,,28.129310,-82.366583,-12.653188,0.108599,329.067139,0.000000,1
121.800000,,,,,,,,,,,,,,28.129310,-82.366583,-12.648065,0.107184,329.067139,0.000000,1
121.900000,,,,,,,,,,,,,,28.129310,-82.366583,-12.642942,0.105770,329.067139,0.000000,1
122.000000,,,,,,,,,,,,,,28.129310,-82.366582,-12.637819,0.104355,329.067139,0.000000,1
122.100000,,,,,,,,,,,,,,28.129310,-82.366582,-12.632696,0.102940,329.067139,0.000000,1
122.200000,,,,,,,,,,,,,,28.129310,-82.366582,-12.636556,0.105670,329.067139,0.000000,1
122.300000,,,,,,,,,,,,,,28.129310,-82.366582,-12.672517,0.123213,329.067139,0.000000,1
122.400000,,,,,,,,,,,,,,28.129310,-82.366582,-12.708478,0.140755,329.067139,0.000000,1
122.500000,,,,,,,,,,,,,,28.129310,-82.366582,-12.744439,0.158298,329.067139,0.000000,1
122.600000,,,,,,,,,,,,,,28.129310,-82.366582,-12.780400,0.175840,329.067139,0.000000,1
122.700000,,,,,,,,,,,,,,28.129310,-82.366582,-12.816361,0.193383,329.067139,0.000000,1
122.800000,,,,,,,,,,,,,,28.129310,-82.366581,-12.852321,0.210925,329.067139,0.000000,1
122.900000,,,,,,,,,,,,,,28.129310,-82.366581,-12.888282,0.228468,329.067139,0.000000,1
123.000000,,,,,,,,,,,,,,28.129310,-82.366581,-12.924243,0.246010,329.067139,0.000000,1
123.100000,,,,,,,,,,,,,,28.129310,-82.366581,-12.975380,0.256469,329.067139,0.000000,1
123.200000,,,,,,,,,,,,,,28.129310,-82.366581,-13.064240,0.249318,329.067139,0.000000,1
123.300000,,,,,,,,,,,,,,28.129310,-82.366581,-13.153101,0.242167,329.067139,0.000000,1
123.400000,,,,,,,,,,,,,,28.129310,-82.366581,-13.241961,0.235017,329.067139,0.000000,1
123.500000,,,,,,,,,,,,,,28.129310,-82.366580,-13.330822,0.227866,329.067139,0.000000,1
123.600000,,,,,,,,,,,,,,28.129309,-82.366580,-13.419682,0.220716,329.067139,0.000000,1
123.700000,,,,,,,,,,,,,,28.129309,-82.366580,-13.508543,0.213565,329.067139,0.000000,1
123.800000,,,,,,,,,,,,,,28.129309,-82.366580,-13.597403,0.206414,329.067139,0.000000,1
123.900000,,,,,,,,,,,,,,28.129309,-82.366580,-13.686264,0.199264,329.067139,0.000000,1
124.000000,,,,,,,,,,,,,,28.129309,-82.366580,-13.775124,0.192113,329.067139,0.000000,1
124.100000,,,,,,,,,,,,,,28.129309,-82.366579,-13.863984,0.184963,329.067139,0.000000,1
124.200000,,,,,,,,,,,,,,28.129309,-82.366579,-13.927610,0.180268,329.067139,0.000000,1
124.300000,,,,,,,,,,,,,,28.129309,-82.366579,-13.918103,0.182693,329.067139,0.000000,1
124.400000,,,,,,,,,,,,,,28.129308,-82.366579,-13.908596,0.185117,329.067139,0.000000,1
124.500000,,,,,,,,,,,,,,28.129308,-82.366579,-13.899089,0.187541,329.067139,0.000000,1
124.600000,,,,,,,,,,,,,,28.129308,-82.366579,-13.889582,0.189965,329.067139,0.000000,1
124.700000,,,,,,,,,,,,,,28.129308,-82.366578,-13.880075,0.192390,329.067139,0.000000,1
124.800000,,,,,,,,,,,,,,28.129308,-82.366578,-13.870568,0.194814,329.067139,0.000000,1
124.900000,,,,,,,,,,,,,,28.129308,-82.366578,-13.861061,0.197238,329.067139,0.000000,1
125.000000,,,,,,,,,,,,,,28.129308,-82.366578,-13.851554,0.199663,329.067139,0.000000,1
125.100000,,,,,,,,,,,,,,28.129307,-82.366578,-13.839882,0.201765,329.067139,0.000000,1
125.200000,,,,,,,,,,,,,,28.129307,-82.366578,-13.822189,0.202972,329.067139,0.000000,1
125.300000,,,,,,,,,,,,,,28.129307,-82.366579,-13.804496,0.204179,329.067139,0.000000,1
125.400000,,,,,,,,,,,,,,28.129307,-82.366579,-13.786803,0.205386,329.067139,0.000000,1
125.500000,,,,,,,,,,,,,,28.129306,-82.366579,-13.769110,0.206593,329.067139,0.000000,1
125.600000,,,,,,,,,,,,,,28.129306,-82.366580,-13.751416,0.207800,329.067139,0.000000,1
125.700000,,,,,,,,,,,,,,28.129306,-82.366580,-13.733723,0.209006,329.067139,0.000000,1
125.800000,,,,,,,,,,,,,,28.129306,-82.366580,-13.716030,0.210213,329.067139,0.000000,1
125.900000,,,,,,,,,,,,,,28.129305,-82.366581,-13.698337,0.211420,329.067139,0.000000,1
126.000000,,,,,,,,,,,,,,28.129305,-82.366581,-13.680644,0.212627,329.067139,0.000000,1
126.100000,,,,,,,,,,,,,,28.129305,-82.366582,-13.662950,0.213834,329.067139,0.000000,1
126.200000,,,,,,,,,,,,,,28.129305,-82.366582,-13.643857,0.213643,329.067139,0.000000,1
126.300000,,,,,,,,,,,,,,28.129304,-82.366582,-13.620476,0.209169,329.067139,0.000000,1
126.400000,,,,,,,,,,,,,,28.129304,-82.366582,-13.597095,0.204696,329.067139,0.000000,1
126.500000,,,,,,,,,,,,,,28.129304,-82.366582,-13.573714,0.200222,329.067139,0.000000,1
126.600000,,,,,,,,,,,,,,28.129304,-82.366582,-13.550333,0.195749,329.067139,0.000000,1
126.700000,,,,,,,,,,,,,,28.129304,-82.366583,-13.526952,0.191275,329.067139,0.000000,1
126.800000,,,,,,,,,,,,,,28.129304,-82.366583,-13.503571,0.186802,329.067139,0.000000,1
126.900000,,,,,,,,,,,,,,28.129303,-82.366583,-13.480190,0.182329,329.067139,0.000000,1
127.000000,,,,,,,,,,,,,,28.129303,-82.366583,-13.456809,0.177855,329.067139,0.000000,1
127.100000,,,,,,,,,,,,,,28.129303,-82.366583,-13.433428,0.173382,329.067139,0.000000,1
127.200000,,,,,,,,,,,,,,28.129303,-82.366583,-13.412841,0.170364,329.067139,0.000000,1
127.300000,,,,,,,,,,,,,,28.129303,-82.366584,-13.400257,0.171517,329.067139,0.000000,1
127.400000,,,,,,,,,,,,,,28.129303,-82.366584,-13.387673,0.172670,329.067139,0.000000,1
127.500000,,,,,,,,,,,,,,28.129303,-82.366584,-13.375089,0.173823,329.067139,0.000000,1
127.600000,,,,,,,,,,,,,,28.129303,-82.366584,-13.362505,0.174976,329.067139,0.000000,1
127.700000,,,,,,,,,,,,,,28.129303,-82.366584,-13.349921,0.176129,329.067139,0.000000,1
127.800000,,,,,,,,,,,,,,28.129303,-82.366584,-13.337337,0.177282,329.067139,0.000000,1
127.900000,,,,,,,,,,,,,,28.129303,-82.366584,-13.324753,0.178436,329.067139,0.000000,1
128.000000,,,,,,,,,,,,,,28.129303,-82.366584,-13.312169,0.179589,329.067139,0.000000,1
128.100000,,,,,,,,,,,,,,28.129303,-82.366584,-13.299585,0.180742,329.067139,0.000000,1
128.200000,,,,,,,,,,,,,,28.129303,-82.366584,-13.295251,0.179854,329.067139,0.000000,1
128.300000,,,,,,,,,,,,,,28.129303,-82.366584,-13.310547,0.174109,329.067139,0.000000,1
128.400000,,,,,,,,,,,,,,28.129303,-82.366584,-13.325842,0.168365,329.067139,0.000000,1
128.500000,,,,,,,,,,,,,,28.129303,-82.366584,-13.341138,0.162621,329.067139,0.000000,1
128.600000,,,,,,,,,,,,,,28.129304,-82.366584,-13.356433,0.156877,329.067139,0.000000,1
128.700000,,,,,,,,,,,,,,28.129304,-82.366584,-13.371729,0.151133,329.067139,0.000000,1
128.800000,,,,,,,,,,,,,,28.129304,-82.366584,-13.387024,0.145389,329.067139,0.000000,1
128.900000,,,,,,,,,,,,,,28.129304,-82.366583,-13.402320,0.139644,329.067139,0.000000,1
129.000000,,,,,,,,,,,,,,28.129304,-82.366583,-13.417616,0.133900,329.067139,0.000000,1
129.100000,,,,,,,,,,,,,,28.129305,-82.366583,-13.432911,0.128156,329.067139,0.000000,1
129.200000,,,,,,,,,,,,,,28.129305,-82.366583,-13.450598,0.126599,329.067139,0.000000,1
129.300000,,,,,,,,,,,,,,28.129305,-82.366583,-13.475139,0.137047,329.067139,0.000000,1
129.400000,,,,,,,,,,,,,,28.129305,-82.366583,-13.499681,0.147496,329.067139,0.000000,1
129.500000,,,,,,,,,,,,,,28.129305,-82.366583,-13.524222,0.157944,329.067139,0.000000,1
129.600000,,,,,,,,,,,,,,28.129305,-82.366583,-13.548764,0.168392,329.067139,0.000000,1
129.700000,,,,,,,,,,,,,,28.129305,-82.366583,-13.573305,0.178840,329.067139,0.000000,1
129.800000,,,,,,,,,,,,,,28.129305,-82.366583,-13.597847,0.189288,329.067139,0.000000,1
129.900000,,,,,,,,,,,,,,28.129305,-82.366583,-13.622388,0.199736,329.067139,0.000000,1
130.000000,,,,,,,,,,,,,,28.129305,-82.366583,-13.646930,0.210184,329.067139,0.000000,1
130.100000,,,,,,,,,,,,,,28.129305,-82.366583,-13.671471,0.220632,329.067139,0.000000,1
130.200000,,,,,,,,,,,,,,28.129305,-82.366583,-13.701437,0.227077,329.067139,0.000000,1
130.300000,,,,,,,,,,,,,,28.129304,-82.366583,-13.747366,0.221740,329.067139,0.000000,1
130.400000,,,,,,,,,,,,,,28.129304,-82.366583,-13.793295,0.216403,329.067139,0.000000,1
130.500000,,,,,,,,,,,,,,28.129304,-82.366583,-13.839223,0.211066,329.067139,0.000000,1
130.600000,,,,,,,,,,,,,,28.129303,-82.366583,-13.885152,0.205729,329.067139,0.000000,1
130.700000,,,,,,,,,,,,,,28.129303,-82.366582,-13.931081,0.200391,329.067139,0.000000,1
130.800000,,,,,,,,,,,,,,28.129303,-82.366582,-13.977010,0.195054,329.067139,0.000000,1
130.900000,,,,,,,,,,,,,,28.129302,-82.366582,-14.022939,0.189717,329.067139,0.000000,1
131.000000,,,,,,,,,,,,,,28.129302,-82.366582,-14.068867,0.184380,329.067139,0.000000,1
131.100000,,,,,,,,,,,,,,28.129302,-82.366581,-14.114796,0.179043,329.067139,0.000000,1
131.200000,,,,,,,,,,,,,,28.129301,-82.366581,-14.148957,0.174790,329.067139,0.000000,1
131.300000,,,,,,,,,,,,,,28.129301,-82.366581,-14.145798,0.173978,329.067139,0.000000,1
131.400000,,,,,,,,,,,,,,28.129301,-82.366582,-14.142640,0.173166,329.067139,0.000000,1
131.500000,,,,,,,,,,,,,,28.129301,-82.366582,-14.139481,0.172354,329.067139,0.000000,1
131.600000,,,,,,,,,,,,,,28.129301,-82.366582,-14.136322,0.171542,329.067139,0.000000,1
131.700000,,,,,,,,,,,,,,28.129301,-82.366582,-14.133163,0.170730,329.067139,0.000000,1
131.800000,,,,,,,,,,,,,,28.129301,-82.366582,-14.130005,0.169918,329.067139,0.000000,1
131.900000,,,,,,,,,,,,,,28.129300,-82.366582,-14.126846,0.169106,329.067139,0.000000,1
132.000000,,,,,,,,,,,,,,28.129300,-82.366582,-14.123687,0.168294,329.067139,0.000000,1
132.100000,,,,,,,,,,,,,,28.129300,-82.366582,-14.120528,0.167482,329.067139,0.000000,1
132.200000,,,,,,,,,,,,,,28.129300,-82.366582,-14.123563,0.165808,329.067139,0.000000,1
132.300000,,,,,,,,,,,,,,28.129300,-82.366582,-14.148734,0.161049,329.067139,0.000000,1
132.400000,,,,,,,,,,,,,,28.129300,-82.366582,-14.173905,0.156291,329.067139,0.000000,1
132.500000,,,,,,,,,,,,,,28.129300,-82.366581,-14.199075,0.151533,329.067139,0.000000,1
132.600000,,,,,,,,,,,,,,28.129300,-82.366581,-14.224246,0.146774,329.067139,0.000000,1
132.700000,,,,,,,,,,,,,,28.129299,-82.366581,-14.249417,0.142016,329.067139,0.000000,1
132.800000,,,,,,,,,,,,,,28.129299,-82.366581,-14.274588,0.137258,329.067139,0.000000,1
132.900000,,,,,,,,,,,,,,28.129299,-82.366580,-14.299758,0.132499,329.067139,0.000000,1
133.000000,,,,,,,,,,,,,,28.129299,-82.366580,-14.324929,0.127741,329.067139,0.000000,1
133.100000,,,,,,,,,,,,,,28.129299,-82.366580,-14.350100,0.122982,329.067139,0.000000,1
133.200000,,,,,,,,,,,,,,28.129299,-82.366579,-14.352098,0.119060,329.067139,0.000000,1
133.300000,,,,,,,,,,,,,,28.129299,-82.366580,-14.292413,0.117364,329.067139,0.000000,1
133.400000,,,,,,,,,,,,,,28.129300,-82.366580,-14.232728,0.115668,329.067139,0.000000,1
133.500000,,,,,,,,,,,,,,28.129300,-82.366580,-14.173043,0.113972,329.067139,0.000000,1
133.600000,,,,,,,,,,,,,,28.129300,-82.366580,-14.113358,0.112276,329.067139,0.000000,1
133.700000,,,,,,,,,,,,,,28.129300,-82.366580,-14.053674,0.110580,329.067139,0.000000,1
133.800000,,,,,,,,,,,,,,28.129301,-82.366580,-13.993989,0.108884,329.067139,0.000000,1
133.900000,,,,,,,,,,,,,,28.129301,-82.366580,-13.934304,0.107188,329.067139,0.000000,1
134.000000,,,,,,,,,,,,,,28.129301,-82.366581,-13.874619,0.105492,329.067139,0.000000,1
134.100000,,,,,,,,,,,,,,28.129301,-82.366581,-13.814935,0.103796,329.067139,0.000000,1
134.200000,,,,,,,,,,,,,,28.129302,-82.366581,-13.771998,0.110558,329.067139,0.000000,1
134.300000,,,,,,,,,,,,,,28.129301,-82.366581,-13.776169,0.141111,329.067139,0.000000,1
134.400000,,,,,,,,,,,,,,28.129301,-82.366581,-13.780340,0.171664,329.067139,0.000000,1
134.500000,,,,,,,,,,,,,,28.129301,-82.366581,-13.784511,0.202217,329.067139,0.000000,1
134.600000,,,,,,,,,,,,,,28.129301,-82.366581,-13.788682,0.232770,329.067139,0.000000,1
134.700000,,,,,,,,,,,,,,28.129301,-82.366580,-13.792853,0.263323,329.067139,0.000000,1
134.800000,,,,,,,,,,,,,,28.129301,-82.366580,-13.797024,0.293876,329.067139,0.000000,1
134.900000,,,,,,,,,,,,,,28.129301,-82.366580,-13.801195,0.324429,329.067139,0.000000,1
135.000000,,,,,,,,,,,,,,28.129301,-82.366580,-13.805366,0.354982,329.067139,0.000000,1
135.100000,,,,,,,,,,,,,,28.129301,-82.366580,-13.809537,0.385535,329.067139,0.000000,1
135.200000,,,,,,,,,,,,,,28.129301,-82.366580,-13.813382,0.401193,329.067139,0.000000,1
135.300000,,,,,,,,,,,,,,28.129301,-82.366580,-13.816260,0.372641,329.067139,0.000000,1
135.400000,,,,,,,,,,,,,,28.129301,-82.366580,-13.819137,0.344090,329.067139,0.000000,1
135.500000,,,,,,,,,,,,,,28.129301,-82.366580,-13.822015,0.315539,329.067139,0.000000,1
135.600000,,,,,,,,,,,,,,28.129301,-82.366581,-13.824893,0.286987,329.067139,0.000000,1
135.700000,,,,,,,,,,,,,,28.129302,-82.366581,-13.827771,0.258436,329.067139,0.000000,1
135.800000,,,,,,,,,,,,,,28.129302,-82.366581,-13.830649,0.229884,329.067139,0.000000,1
135.900000,,,,,,,,,,,,,,28.129302,-82.366581,-13.833527,0.201333,329.067139,0.000000,1
136.000000,,,,,,,,,,,,,,28.129302,-82.366581,-13.836405,0.172782,329.067139,0.000000,1
136.100000,,,,,,,,,,,,,,28.129302,-82.366581,-13.839283,0.144230,329.067139,0.000000,1
136.200000,,,,,,,,,,,,,,28.129302,-82.366581,-13.833925,0.123721,329.067139,0.000000,1
136.300000,,,,,,,,,,,,,,28.129302,-82.366581,-13.809233,0.122092,329.067139,0.000000,1
136.400000,,,,,,,,,,,,,,28.129302,-82.366582,-13.784540,0.120463,329.067139,0.000000,1
136.500000,,,,,,,,,,,,,,28.129302,-82.366582,-13.759848,0.118834,329.067139,0.000000,1
136.600000,,,,,,,,,,,,,,28.129301,-82.366582,-13.735155,0.117205,329.067139,0.000000,1
136.700000,,,,,,,,,,,,,,28.129301,-82.366582,-13.710463,0.115577,329.067139,0.000000,1
136.800000,,,,,,,,,,,,,,28.129301,-82.366582,-13.685770,0.113948,329.067139,0.000000,1
136.900000,,,,,,,,,,,,,,28.129301,-82.366583,-13.661078,0.112319,329.067139,0.000000,1
137.000000,,,,,,,,,,,,,,28.129301,-82.366583,-13.636385,0.110690,329.067139,0.000000,1
137.100000,,,,,,,,,,,,,,28.129300,-82.366583,-13.611693,0.109061,329.067139,0.000000,1
137.200000,,,,,,,,,,,,,,28.129300,-82.366583,-13.583561,0.107648,329.067139,0.000000,1
137.300000,,,,,,,,,,,,,,28.129300,-82.366583,-13.545282,0.106871,329.067139,0.000000,1
137.400000,,,,,,,,,,,,,,28.129300,-82.366584,-13.507003,0.106094,329.067139,0.000000,1
137.500000,,,,,,,,,,,,,,28.129300,-82.366584,-13.468724,0.105318,329.067139,0.000000,1
137.600000,,,,,,,,,,,,,,28.129301,-82.366584,-13.430445,0.104541,329.067139,0.000000,1
137.700000,,,,,,,,,,,,,,28.129301,-82.366585,-13.392166,0.103764,329.067139,0.000000,1
137.800000,,,,,,,,,,,,,,28.129301,-82.366585,-13.353886,0.102987,329.067139,0.000000,1
137.900000,,,,,,,,,,,,,,28.129301,-82.366585,-13.315607,0.102210,329.067139,0.000000,1
138.000000,,,,,,,,,,,,,,28.129301,-82.366585,-13.277328,0.101434,329.067139,0.000000,1
138.100000,,,,,,,,,,,,,,28.129301,-82.366586,-13.239049,0.100657,329.067139,0.000000,1
138.200000,,,,,,,,,,,,,,28.129301,-82.366586,-13.212874,0.100109,329.067139,0.000000,1
138.300000,,,,,,,,,,,,,,28.129301,-82.366586,-13.217322,0.100139,329.067139,0.000000,1
138.400000,,,,,,,,,,,,,,28.129301,-82.366587,-13.221770,0.100170,329.067139,0.000000,1
138.500000,,,,,,,,,,,,,,28.129300,-82.366587,-13.226218,0.100200,329.067139,0.000000,1
138.600000,,,,,,,,,,,,,,28.129300,-82.366588,-13.230666,0.100231,329.067139,0.000000,1
138.700000,,,,,,,,,,,,,,28.129300,-82.366588,-13.235114,0.100261,329.067139,0.000000,1
138.800000,,,,,,,,,,,,,,28.129300,-82.366588,-13.239561,0.100292,329.067139,0.000000,1
138.900000,,,,,,,,,,,,,,28.129299,-82.366589,-13.244009,0.100323,329.067139,0.000000,1
139.000000,,,,,,,,,,,,,,28.129299,-82.366589,-13.248457,0.100353,329.067139,0.000000,1
139.100000,,,,,,,,,,,,,,28.129299,-82.366590,-13.252905,0.100384,329.067139,0.000000,1
139.200000,,,,,,,,,,,,,,28.129299,-82.366590,-13.258199,0.100502,329.067139,0.000000,1
139.300000,,,,,,,,,,,,,,28.129298,-82.366590,-13.266623,0.100943,329.067139,0.000000,1
139.400000,,,,,,,,,,,,,,28.129298,-82.366590,-13.275047,0.101385,329.067139,0.000000,1
139.500000,,,,,,,,,,,,,,28.129298,-82.366591,-13.283470,0.101827,329.067139,0.000000,1
139.600000,,,,,,,,,,,,,,28.129298,-82.366591,-13.291894,0.102268,329.067139,0.000000,1
139.700000,,,,,,,,,,,,,,28.129297,-82.366591,-13.300317,0.102710,329.067139,0.000000,1
139.800000,,,,,,,,,,,,,,28.129297,-82.366591,-13.308741,0.103151,329.067139,0.000000,1
139.900000,,,,,,,,,,,,,,28.129297,-82.366591,-13.317165,0.103593,329.067139,0.000000,1
140.000000,,,,,,,,,,,,,,28.129297,-82.366592,-13.325588,0.104035,329.067139,0.000000,1
140.100000,,,,,,,,,,,,,,28.129296,-82.366592,-13.334012,0.104476,329.067139,0.000000,1
140.200000,,,,,,,,,,,,,,28.129296,-82.366592,-13.341143,0.105271,329.067139,0.000000,1
140.300000,,,,,,,,,,,,,,28.129296,-82.366592,-13.344957,0.106972,329.067139,0.000000,1
140.400000,,,,,,,,,,,,,,28.129296,-82.366591,-13.348771,0.108674,329.067139,0.000000,1
140.500000,,,,,,,,,,,,,,28.129296,-82.366591,-13.352585,0.110375,329.067139,0.000000,1
140.600000,,,,,,,,,,,,,,28.129296,-82.366591,-13.356399,0.112076,329.067139,0.000000,1
140.700000,,,,,,,,,,,,,,28.129296,-82.366591,-13.360214,0.113777,329.067139,0.000000,1
140.800000,,,,,,,,,,,,,,28.129296,-82.366591,-13.364028,0.115479,329.067139,0.000000,1
140.900000,,,,,,,,,,,,,,28.129296,-82.366590,-13.367842,0.117180,329.067139,0.000000,1
141.000000,,,,,,,,,,,,,,28.129296,-82.366590,-13.371656,0.118881,329.067139,0.000000,1
141.100000,,,,,,,,,,,,,,28.129296,-82.366590,-13.375470,0.120582,329.067139,0.000000,1
141.200000,,,,,,,,,,,,,,28.129296,-82.366590,-13.361184,0.121645,329.067139,0.000000,1
141.300000,,,,,,,,,,,,,,28.129296,-82.366590,-13.299493,0.121037,329.067139,0.000000,1
141.400000,,,,,,,,,,,,,,28.129296,-82.366590,-13.237801,0.120428,329.067139,0.000000,1
141.500000,,,,,,,,,,,,,,28.129296,-82.366590,-13.176110,0.119820,329.067139,0.000000,1
141.600000,,,,,,,,,,,,,,28.129296,-82.366591,-13.114419,0.119211,329.067139,0.000000,1
141.700000,,,,,,,,,,,,,,28.129295,-82.366591,-13.052727,0.118603,329.067139,0.000000,1
141.800000,,,,,,,,,,,,,,28.129295,-82.366591,-12.991036,0.117994,329.067139,0.000000,1
141.900000,,,,,,,,,,,,,,28.129295,-82.366591,-12.929345,0.117386,329.067139,0.000000,1
142.000000,,,,,,,,,,,,,,28.129295,-82.366591,-12.867653,0.116777,329.067139,0.000000,1
142.100000,,,,,,,,,,,,,,28.129295,-82.366591,-12.805962,0.116169,329.067139,0.000000,1
142.200000,,,,,,,,,,,,,,28.129295,-82.366592,-12.761603,0.116180,329.067139,0.000000,1
142.300000,,,,,,,,,,,,,,28.129295,-82.366592,-12.771828,0.118145,329.067139,0.000000,1
142.400000,,,,,,,,,,,,,,28.129295,-82.366591,-12.782054,0.120109,329.067139,0.000000,1
142.500000,,,,,,,,,,,,,,28.129294,-82.366591,-12.792280,0.122074,329.067139,0.000000,1
142.600000,,,,,,,,,,,,,,28.129294,-82.366591,-12.802506,0.124038,329.067139,0.000000,1
142.700000,,,,,,,,,,,,,,28.129294,-82.366591,-12.812732,0.126002,329.067139,0.000000,1
142.800000,,,,,,,,,,,,,,28.129294,-82.366591,-12.822958,0.127967,329.067139,0.000000,1
142.900000,,,,,,,,,,,,,,28.129294,-82.366591,-12.833184,0.129931,329.067139,0.000000,1
143.000000,,,,,,,,,,,,,,28.129294,-82.366591,-12.843410,0.131896,329.067139,0.000000,1
143.100000,,,,,,,,,,,,,,28.129294,-82.366591,-12.853636,0.133860,329.067139,0.000000,1
143.200000,,,,,,,,,,,,,,28.129294,-82.366591,-12.869477,0.135861,329.067139,0.000000,1
143.300000,,,,,,,,,,,,,,28.129294,-82.366591,-12.905266,0.137989,329.067139,0.000000,1
143.400000,,,,,,,,,,,,,,28.129294,-82.366591,-12.941054,0.140117,329.067139,0.000000,1
143.500000,,,,,,,,,,,,,,28.129294,-82.366591,-12.976843,0.142245,329.067139,0.000000,1
143.600000,,,,,,,,,,,,,,28.129294,-82.366591,-13.012631,0.144373,329.067139,0.000000,1
143.700000,,,,,,,,,,,,,,28.129294,-82.366590,-13.048420,0.146501,329.067139,0.000000,1
143.800000,,,,,,,,,,,,,,28.129294,-82.366590,-13.084208,0.148630,329.067139,0.000000,1
143.900000,,,,,,,,,,,,,,28.129294,-82.366590,-13.119997,0.150758,329.067139,0.000000,1
144.000000,,,,,,,,,,,,,,28.129294,-82.366590,-13.155785,0.152886,329.067139,0.000000,1
144.100000,,,,,,,,,,,,,,28.129294,-82.366590,-13.191574,0.155014,329.067139,0.000000,1
144.200000,,,,,,,,,,,,,,28.129294,-82.366590,-13.212233,0.155083,329.067139,0.000000,1
144.300000,,,,,,,,,,,,,,28.129294,-82.366590,-13.197939,0.150394,329.067139,0.000000,1
144.400000,,,,,,,,,,,,,,28.129294,-82.366591,-13.183644,0.145704,329.067139,0.000000,1
144.500000,,,,,,,,,,,,,,28.129295,-82.366591,-13.169350,0.141015,329.067139,0.000000,1
144.600000,,,,,,,,,,,,,,28.129295,-82.366592,-13.155056,0.136326,329.067139,0.000000,1
144.700000,,,,,,,,,,,,,,28.129295,-82.366592,-13.140762,0.131637,329.067139,0.000000,1
144.800000,,,,,,,,,,,,,,28.129296,-82.366593,-13.126468,0.126948,329.067139,0.000000,1
144.900000,,,,,,,,,,,,,,28.129296,-82.366593,-13.112174,0.122259,329.067139,0.000000,1
145.000000,,,,,,,,,,,,,,28.129296,-82.366594,-13.097879,0.117569,329.067139,0.000000,1
145.100000,,,,,,,,,,,,,,28.129297,-82.366594,-13.083585,0.112880,329.067139,0.000000,1
145.200000,,,,,,,,,,,,,,28.129297,-82.366595,-13.069834,0.110252,329.067139,0.000000,1
145.300000,,,,,,,,,,,,,,28.129297,-82.366595,-13.057937,0.114668,329.067139,0.000000,1
145.400000,,,,,,,,,,,,,,28.129297,-82.366595,-13.046040,0.119085,329.067139,0.000000,1
145.500000,,,,,,,,,,,,,,28.129298,-82.366596,-13.034143,0.123501,329.067139,0.000000,1
145.600000,,,,,,,,,,,,,,28.129298,-82.366596,-13.022246,0.127918,329.067139,0.000000,1
145.700000,,,,,,,,,,,,,,28.129298,-82.366596,-13.010349,0.132334,329.067139,0.000000,1
145.800000,,,,,,,,,,,,,,28.129298,-82.366596,-12.998452,0.136751,329.067139,0.000000,1
145.900000,,,,,,,,,,,,,,28.129298,-82.366597,-12.986555,0.141167,329.067139,0.000000,1
146.000000,,,,,,,,,,,,,,28.129299,-82.366597,-12.974658,0.145584,329.067139,0.000000,1
146.100000,,,,,,,,,,,,,,28.129299,-82.366597,-12.962760,0.150000,329.067139,0.000000,1
146.200000,,,,,,,,,,,,,,28.129299,-82.366597,-12.960404,0.151527,329.067139,0.000000,1
146.300000,,,,,,,,,,,,,,28.129299,-82.366598,-12.980362,0.146297,329.067139,0.000000,1
146.400000,,,,,,,,,,,,,,28.129299,-82.366598,-13.000320,0.141066,329.067139,0.000000,1
146.500000,,,,,,,,,,,,,,28.129300,-82.366598,-13.020278,0.135836,329.067139,0.000000,1
146.600000,,,,,,,,,,,,,,28.129300,-82.366599,-13.040236,0.130605,329.067139,0.000000,1
146.700000,,,,,,,,,,,,,,28.129300,-82.366599,-13.060194,0.125375,329.067139,0.000000,1
146.800000,,,,,,,,,,,,,,28.129300,-82.366599,-13.080152,0.120145,329.067139,0.000000,1
146.900000,,,,,,,,,,,,,,28.129300,-82.366600,-13.100110,0.114914,329.067139,0.000000,1
147.000000,,,,,,,,,,,,,,28.129301,-82.366600,-13.120068,0.109684,329.067139,0.000000,1
147.100000,,,,,,,,,,,,,,28.129301,-82.366601,-13.140026,0.104453,329.067139,0.000000,1
147.200000,,,,,,,,,,,,,,28.129301,-82.366601,-13.152425,0.100955,329.067139,0.000000,1
147.300000,,,,,,,,,,,,,,28.129301,-82.366601,-13.143221,0.102409,329.067139,0.000000,1
147.400000,,,,,,,,,,,,,,28.129301,-82.366602,-13.134017,0.103863,329.067139,0.000000,1
147.500000,,,,,,,,,,,,,,28.129301,-82.366602,-13.124812,0.105316,329.067139,0.000000,1
147.600000,,,,,,,,,,,,,,28.129301,-82.366602,-13.115608,0.106770,329.067139,0.000000,1
147.700000,,,,,,,,,,,,,,28.129301,-82.366603,-13.106404,0.108224,329.067139,0.000000,1
147.800000,,,,,,,,,,,,,,28.129301,-82.366603,-13.097200,0.109677,329.067139,0.000000,1
147.900000,,,,,,,,,,,,,,28.129301,-82.366603,-13.087995,0.111131,329.067139,0.000000,1
148.000000,,,,,,,,,,,,,,28.129301,-82.366604,-13.078791,0.112584,329.067139,0.000000,1
148.100000,,,,,,,,,,,,,,28.129301,-82.366604,-13.069587,0.114038,329.067139,0.000000,1
148.200000,,,,,,,,,,,,,,28.129301,-82.366604,-13.059960,0.115607,329.067139,0.000000,1
148.300000,,,,,,,,,,,,,,28.129301,-82.366605,-13.049101,0.117510,329.067139,0.000000,1
148.400000,,,,,,,,,,,,,,28.129301,-82.366605,-13.038242,0.119414,329.067139,0.000000,1
148.500000,,,,,,,,,,,,,,28.129301,-82.366605,-13.027383,0.121318,329.067139,0.000000,1
148.600000,,,,,,,,,,,,,,28.129301,-82.366605,-13.016524,0.123222,329.067139,0.000000,1
148.700000,,,,,,,,,,,,,,28.129302,-82.366605,-13.005665,0.125126,329.067139,0.000000,1
148.800000,,,,,,,,,,,,,,28.129302,-82.366605,-12.994806,0.127030,329.067139,0.000000,1
148.900000,,,,,,,,,,,,,,28.129302,-82.366605,-12.983947,0.128934,329.067139,0.000000,1
149.000000,,,,,,,,,,,,,,28.129302,-82.366605,-12.973088,0.130837,329.067139,0.000000,1
149.100000,,,,,,,,,,,,,,28.129302,-82.366605,-12.962229,0.132741,329.067139,0.000000,1
149.200000,,,,,,,,,,,,,,28.129302,-82.366605,-12.957279,0.134336,329.067139,0.000000,1
149.300000,,,,,,,,,,,,,,28.129302,-82.366605,-12.974454,0.134774,329.067139,0.000000,1
149.400000,,,,,,,,,,,,,,28.129302,-82.366606,-12.991629,0.135212,329.067139,0.000000,1
149.500000,,,,,,,,,,,,,,28.129302,-82.366606,-13.008804,0.135650,329.067139,0.000000,1
149.600000,,,,,,,,,,,,,,28.129302,-82.366606,-13.025979,0.136087,329.067139,0.000000,1
149.700000,,,,,,,,,,,,,,28.129302,-82.366606,-13.043154,0.136525,329.067139,0.000000,1
149.800000,,,,,,,,,,,,,,28.129301,-82.366606,-13.060329,0.136963,329.067139,0.000000,1
149.900000,,,,,,,,,,,,,,28.129301,-82.366606,-13.077504,0.137401,329.067139,0.000000,1
150.000000,,,,,,,,,,,,,,28.129301,-82.366606,-13.094678,0.137839,329.067139,0.000000,1
150.100000,,,,,,,,,,,,,,28.129301,-82.366606,-13.111853,0.138276,329.067139,0.000000,1
150.200000,,,,,,,,,,,,,,28.129301,-82.366606,-13.130751,0.137758,329.067139,0.000000,1
150.300000,,,,,,,,,,,,,,28.129301,-82.366606,-13.154556,0.134515,329.067139,0.000000,1
150.400000,,,,,,,,,,,,,,28.129301,-82.366606,-13.178361,0.131273,329.067139,0.000000,1
150.500000,,,,,,,,,,,,,,28.129301,-82.366606,-13.202166,0.128031,329.067139,0.000000,1
150.600000,,,,,,,,,,,,,,28.129301,-82.366606,-13.225971,0.124788,329.067139,0.000000,1
150.700000,,,,,,,,,,,,,,28.129302,-82.366606,-13.249777,0.121546,329.067139,0.000000,1
150.800000,,,,,,,,,,,,,,28.129302,-82.366605,-13.273582,0.118303,329.067139,0.000000,1
150.900000,,,,,,,,,,,,,,28.129302,-82.366605,-13.297387,0.115061,329.067139,0.000000,1
151.000000,,,,,,,,,,,,,,28.129302,-82.366605,-13.321192,0.111819,329.067139,0.000000,1
151.100000,,,,,,,,,,,,,,28.129302,-82.366605,-13.344997,0.108576,329.067139,0.000000,1
151.200000,,,,,,,,,,,,,,28.129302,-82.366605,-13.362632,0.113537,329.067139,0.000000,1
151.300000,,,,,,,,,,,,,,28.129302,-82.366605,-13.359661,0.145896,329.067139,0.000000,1
151.400000,,,,,,,,,,,,,,28.129302,-82.366606,-13.356690,0.178255,329.067139,0.000000,1
151.500000,,,,,,,,,,,,,,28.129302,-82.366606,-13.353719,0.210613,329.067139,0.000000,1
151.600000,,,,,,,,,,,,,,28.129302,-82.366606,-13.350748,0.242972,329.067139,0.000000,1
151.700000,,,,,,,,,,,,,,28.129303,-82.366606,-13.347777,0.275330,329.067139,0.000000,1
151.800000,,,,,,,,,,,,,,28.129303,-82.366607,-13.344806,0.307689,329.067139,0.000000,1
151.900000,,,,,,,,,,,,,,28.129303,-82.366607,-13.341835,0.340048,329.067139,0.000000,1
152.000000,,,,,,,,,,,,,,28.129303,-82.366607,-13.338864,0.372406,329.067139,0.000000,1
152.100000,,,,,,,,,,,,,,28.129303,-82.366608,-13.335893,0.404765,329.067139,0.000000,1
152.200000,,,,,,,,,,,,,,28.129303,-82.366608,-13.336801,0.433274,329.067139,0.000000,1
152.300000,,,,,,,,,,,,,,28.129304,-82.366607,-13.348745,0.450831,329.067139,0.000000,1
152.400000,,,,,,,,,,,,,,28.129304,-82.366607,-13.360689,0.468388,329.067139,0.000000,1
152.500000,,,,,,,,,,,,,,28.129305,-82.366606,-13.372633,0.485944,329.067139,0.000000,1
152.600000,,,,,,,,,,,,,,28.129305,-82.366606,-13.384577,0.503501,329.067139,0.000000,1
152.700000,,,,,,,,,,,,,,28.129305,-82.366605,-13.396521,0.521058,329.067139,0.000000,1
152.800000,,,,,,,,,,,,,,28.129306,-82.366604,-13.408465,0.538615,329.067139,0.000000,1
152.900000,,,,,,,,,,,,,,28.129306,-82.366604,-13.420409,0.556172,329.067139,0.000000,1
153.000000,,,,,,,,,,,,,,28.129307,-82.366603,-13.432353,0.573729,329.067139,0.000000,1
153.100000,,,,,,,,,,,,,,28.129307,-82.366603,-13.444297,0.591286,329.067139,0.000000,1
153.200000,,,,,,,,,,,,,,28.129307,-82.366603,-13.417519,0.592677,329.067139,0.000000,1
153.300000,,,,,,,,,,,,,,28.129308,-82.366603,-13.274246,0.545433,329.067139,0.000000,1
153.400000,,,,,,,,,,,,,,28.129308,-82.366604,-13.130973,0.498189,329.067139,0.000000,1
153.500000,,,,,,,,,,,,,,28.129309,-82.366604,-12.987699,0.450945,329.067139,0.000000,1
153.600000,,,,,,,,,,,,,,28.129309,-82.366605,-12.844426,0.403701,329.067139,0.000000,1
153.700000,,,,,,,,,,,,,,28.129309,-82.366605,-12.701152,0.356457,329.067139,0.000000,1
153.800000,,,,,,,,,,,,,,28.129310,-82.366606,-12.557879,0.309213,329.067139,0.000000,1
153.900000,,,,,,,,,,,,,,28.129310,-82.366606,-12.414606,0.261969,329.067139,0.000000,1
154.000000,,,,,,,,,,,,,,28.129310,-82.366607,-12.271332,0.214725,329.067139,0.000000,1
154.100000,,,,,,,,,,,,,,28.129311,-82.366607,-12.128059,0.167481,329.067139,0.000000,1
154.200000,,,,,,,,,,,,,,28.129311,-82.366608,-12.031687,0.137213,329.067139,0.000000,1
154.300000,,,,,,,,,,,,,,28.129311,-82.366608,-12.064792,0.153812,329.067139,0.000000,1
154.400000,,,,,,,,,,,,,,28.129311,-82.366608,-12.097897,0.170410,329.067139,0.000000,1
154.500000,,,,,,,,,,,,,,28.129311,-82.366608,-12.131001,0.187008,329.067139,0.000000,1
154.600000,,,,,,,,,,,,,,28.129311,-82.366608,-12.164106,0.203606,329.067139,0.000000,1
154.700000,,,,,,,,,,,,,,28.129311,-82.366608,-12.197211,0.220205,329.067139,0.000000,1
154.800000,,,,,,,,,,,,,,28.129311,-82.366608,-12.230315,0.236803,329.067139,0.000000,1
154.900000,,,,,,,,,,,,,,28.129311,-82.366609,-12.263420,0.253401,329.067139,0.000000,1
155.000000,,,,,,,,,,,,,,28.129310,-82.366609,-12.296525,0.269999,329.067139,0.000000,1
155.100000,,,,,,,,,,,,,,28.129310,-82.366609,-12.329630,0.286598,329.067139,0.000000,1
155.200000,,,,,,,,,,,,,,28.129310,-82.366609,-12.341936,0.298031,329.067139,0.000000,1
155.300000,,,,,,,,,,,,,,28.129310,-82.366609,-12.294315,0.294585,329.067139,0.000000,1
155.400000,,,,,,,,,,,,,,28.129310,-82.366609,-12.246693,0.291138,329.067139,0.000000,1
155.500000,,,,,,,,,,,,,,28.129311,-82.366609,-12.199072,0.287691,329.067139,0.000000,1
155.600000,,,,,,,,,,,,,,28.129311,-82.366609,-12.151451,0.284245,329.067139,0.000000,1
155.700000,,,,,,,,,,,,,,28.129311,-82.366609,-12.103829,0.280798,329.067139,0.000000,1
155.800000,,,,,,,,,,,,,,28.129311,-82.366609,-12.056208,0.277351,329.067139,0.000000,1
155.900000,,,,,,,,,,,,,,28.129311,-82.366609,-12.008587,0.273904,329.067139,0.000000,1
156.000000,,,,,,,,,,,,,,28.129311,-82.366609,-11.960966,0.270458,329.067139,0.000000,1
156.100000,,,,,,,,,,,,,,28.129311,-82.366609,-11.913344,0.267011,329.067139,0.000000,1
156.200000,,,,,,,,,,,,,,28.129311,-82.366610,-11.886948,0.262934,329.067139,0.000000,1
156.300000,,,,,,,,,,,,,,28.129311,-82.366610,-11.922200,0.257028,329.067139,0.000000,1
156.400000,,,,,,,,,,,,,,28.129312,-82.366610,-11.957452,0.251122,329.067139,0.000000,1
156.500000,,,,,,,,,,,,,,28.129312,-82.366611,-11.992704,0.245216,329.067139,0.000000,1
156.600000,,,,,,,,,,,,,,28.129312,-82.366611,-12.027956,0.239310,329.067139,0.000000,1
156.700000,,,,,,,,,,,,,,28.129312,-82.366611,-12.063208,0.233404,329.067139,0.000000,1
156.800000,,,,,,,,,,,,,,28.129312,-82.366612,-12.098460,0.227497,329.067139,0.000000,1
156.900000,,,,,,,,,,,,,,28.129312,-82.366612,-12.133712,0.221591,329.067139,0.000000,1
157.000000,,,,,,,,,,,,,,28.129313,-82.366612,-12.168964,0.215685,329.067139,0.000000,1
157.100000,,,,,,,,,,,,,,28.129313,-82.366613,-12.204216,0.209779,329.067139,0.000000,1
157.200000,,,,,,,,,,,,,,28.129313,-82.366613,-12.234159,0.206407,329.067139,0.000000,1
157.300000,,,,,,,,,,,,,,28.129313,-82.366613,-12.248779,0.210349,329.067139,0.000000,1
157.400000,,,,,,,,,,,,,,28.129313,-82.366613,-12.263398,0.214291,329.067139,0.000000,1
157.500000,,,,,,,,,,,,,,28.129313,-82.366613,-12.278018,0.218233,329.067139,0.000000,1
157.600000,,,,,,,,,,,,,,28.129313,-82.366613,-12.292637,0.222176,329.067139,0.000000,1
157.700000,,,,,,,,,,,,,,28.129313,-82.366613,-12.307257,0.226118,329.067139,0.000000,1
157.800000,,,,,,,,,,,,,,28.129313,-82.366613,-12.321876,0.230060,329.067139,0.000000,1
157.900000,,,,,,,,,,,,,,28.129313,-82.366613,-12.336496,0.234002,329.067139,0.000000,1
158.000000,,,,,,,,,,,,,,28.129313,-82.366613,-12.351115,0.237945,329.067139,0.000000,1
158.100000,,,,,,,,,,,,,,28.129313,-82.366613,-12.365735,0.241887,329.067139,0.000000,1
158.200000,,,,,,,,,,,,,,28.129313,-82.366613,-12.380766,0.248010,329.067139,0.000000,1
158.300000,,,,,,,,,,,,,,28.129314,-82.366613,-12.396723,0.259048,329.067139,0.000000,1
158.400000,,,,,,,,,,,,,,28.129314,-82.366613,-12.412680,0.270087,329.067139,0.000000,1
158.500000,,,,,,,,,,,,,,28.129315,-82.366613,-12.428638,0.281125,329.067139,0.000000,1
158.600000,,,,,,,,,,,,,,28.129315,-82.366613,-12.444595,0.292163,329.067139,0.000000,1
158.700000,,,,,,,,,,,,,,28.129316,-82.366613,-12.460552,0.303201,329.067139,0.000000,1
158.800000,,,,,,,,,,,,,,28.129316,-82.366613,-12.476510,0.314239,329.067139,0.000000,1
158.900000,,,,,,,,,,,,,,28.129317,-82.366613,-12.492467,0.325277,329.067139,0.000000,1
159.000000,,,,,,,,,,,,,,28.129317,-82.366613,-12.508424,0.336315,329.067139,0.000000,1
159.100000,,,,,,,,,,,,,,28.129318,-82.366614,-12.524382,0.347354,329.067139,0.000000,1
159.200000,,,,,,,,,,,,,,28.129318,-82.366614,-12.538070,0.355620,329.067139,0.000000,1
159.300000,,,,,,,,,,,,,,28.129319,-82.366614,-12.545153,0.355818,329.067139,0.000000,1
159.400000,,,,,,,,,,,,,,28.129319,-82.366615,-12.552236,0.356016,329.067139,0.000000,1
159.500000,,,,,,,,,,,,,,28.129319,-82.366615,-12.559320,0.356214,329.067139,0.000000,1
159.600000,,,,,,,,,,,,,,28.129319,-82.366616,-12.566403,0.356412,329.067139,0.000000,1
159.700000,,,,,,,,,,,,,,28.129320,-82.366616,-12.573486,0.356610,329.067139,0.000000,1
159.800000,,,,,,,,,,,,,,28.129320,-82.366617,-12.580569,0.356808,329.067139,0.000000,1
159.900000,,,,,,,,,,,,,,28.129320,-82.366617,-12.587652,0.357006,329.067139,0.000000,1
160.000000,,,,,,,,,,,,,,28.129320,-82.366618,-12.594735,0.357204,329.067139,0.000000,1
160.100000,,,,,,,,,,,,,,28.129321,-82.366618,-12.601818,0.357402,329.067139,0.000000,1
160.200000,,,,,,,,,,,,,,28.129321,-82.366618,-12.576280,0.366523,329.067139,0.000000,1
160.300000,,,,,,,,,,,,,,28.129322,-82.366619,-12.470765,0.397520,329.067139,0.000000,1
160.400000,,,,,,,,,,,,,,28.129322,-82.366619,-12.365251,0.428516,329.067139,0.000000,1
160.500000,,,,,,,,,,,,,,28.129323,-82.366620,-12.259736,0.459513,329.067139,0.000000,1
160.600000,,,,,,,,,,,,,,28.129323,-82.366620,-12.154221,0.490510,329.067139,0.000000,1
160.700000,,,,,,,,,,,,,,28.129324,-82.366621,-12.048706,0.521506,329.067139,0.000000,1
160.800000,,,,,,,,,,,,,,28.129324,-82.366621,-11.943192,0.552503,329.067139,0.000000,1
160.900000,,,,,,,,,,,,,,28.129325,-82.366622,-11.837677,0.583500,329.067139,0.000000,1
161.000000,,,,,,,,,,,,,,28.129326,-82.366622,-11.732162,0.614496,329.067139,0.000000,1
161.100000,,,,,,,,,,,,,,28.129326,-82.366622,-11.626648,0.645493,329.067139,0.000000,1
161.200000,,,,,,,,,,,,,,28.129327,-82.366623,-11.553866,0.709043,320.373536,0.000000,1
161.300000,,,,,,,,,,,,,,28.129328,-82.366622,-11.567378,0.858412,288.760807,0.000000,1
161.400000,,,,,,,,,,,,,,28.129329,-82.366622,-11.580890,1.007781,257.148078,0.000000,1
161.500000,,,,,,,,,,,,,,28.129330,-82.366621,-11.594402,1.157151,225.535350,0.000000,1
161.600000,,,,,,,,,,,,,,28.129331,-82.366621,-11.607914,1.306520,193.922621,0.000000,1
161.700000,,,,,,,,,,,,,,28.129332,-82.366620,-11.621426,1.455889,162.309892,0.000000,1
161.800000,,,,,,,,,,,,,,28.129333,-82.366620,-11.634938,1.605258,130.697163,0.000000,1
161.900000,,,,,,,,,,,,,,28.129334,-82.366620,-11.648450,1.754628,99.084434,0.000000,1
162.000000,,,,,,,,,,,,,,28.129335,-82.366619,-11.661962,1.903997,67.471705,0.000000,1
162.100000,,,,,,,,,,,,,,28.129337,-82.366619,-11.675474,2.053366,35.858976,0.000000,1
162.200000,,,,,,,,,,,,,,28.129338,-82.366618,-11.686584,2.197046,11.220800,0.000000,1
162.300000,,,,,,,,,,,,,,28.129340,-82.366618,-11.689145,2.320478,11.402854,0.000000,1
162.400000,,,,,,,,,,,,,,28.129343,-82.366617,-11.691706,2.443910,11.584909,0.000000,1
162.500000,,,,,,,,,,,,,,28.129345,-82.366617,-11.694267,2.567342,11.766963,0.000000,1
162.600000,,,,,,,,,,,,,,28.129348,-82.366617,-11.696828,2.690773,11.949018,0.000000,1
162.700000,,,,,,,,,,,,,,28.129350,-82.366616,-11.699390,2.814205,12.131072,0.000000,1
162.800000,,,,,,,,,,,,,,28.129353,-82.366616,-11.701951,2.937637,12.313127,0.000000,1
162.900000,,,,,,,,,,,,,,28.129355,-82.366615,-11.704512,3.061069,12.495181,0.000000,1
163.000000,,,,,,,,,,,,,,28.129358,-82.366615,-11.707073,3.184501,12.677235,0.000000,1
163.100000,,,,,,,,,,,,,,28.129360,-82.366614,-11.709635,3.307933,12.859290,0.000000,1
163.200000,,,,,,,,,,,,,,28.129363,-82.366614,-11.698836,3.438817,13.170529,0.000000,1
163.300000,,,,,,,,,,,,,,28.129367,-82.366612,-11.603202,3.617029,14.302125,0.000000,1
163.400000,,,,,,,,,,,,,,28.129371,-82.366610,-11.507567,3.795240,15.433722,0.000000,1
163.500000,,,,,,,,,,,,,,28.129375,-82.366608,-11.411932,3.973452,16.565318,0.000000,1
163.600000,,,,,,,,,,,,,,28.129379,-82.366607,-11.316298,4.151663,17.696914,0.000000,1
163.700000,,,,,,,,,,,,,,28.129383,-82.366605,-11.220663,4.329875,18.828511,0.000000,1
163.800000,,,,,,,,,,,,,,28.129386,-82.366603,-11.125028,4.508086,19.960107,0.000000,1
163.900000,,,,,,,,,,,,,,28.129390,-82.366601,-11.029394,4.686298,21.091703,0.000000,1
164.000000,,,,,,,,,,,,,,28.129394,-82.366599,-10.933759,4.864509,22.223300,0.000000,1
164.100000,,,,,,,,,,,,,,28.129398,-82.366598,-10.838124,5.042721,23.354896,0.000000,1
164.200000,,,,,,,,,,,,,,28.129402,-82.366595,-10.771626,5.198703,24.470553,0.000000,1
164.300000,,,,,,,,,,,,,,28.129407,-82.366593,-10.775748,5.300808,25.547575,0.000000,1
164.400000,,,,,,,,,,,,,,28.129411,-82.366590,-10.779870,5.402913,26.624598,0.000000,1
164.500000,,,,,,,,,,,,,,28.129416,-82.366587,-10.783993,5.505018,27.701620,0.000000,1
164.600000,,,,,,,,,,,,,,28.129420,-82.366584,-10.788115,5.607124,28.778642,0.000000,1
164.700000,,,,,,,,,,,,,,28.129425,-82.366581,-10.792237,5.709229,29.855665,0.000000,1
164.800000,,,,,,,,,,,,,,28.129429,-82.366578,-10.796359,5.811334,30.932687,0.000000,1
164.900000,,,,,,,,,,,,,,28.129433,-82.366575,-10.800481,5.913439,32.009709,0.000000,1
165.000000,,,,,,,,,,,,,,28.129438,-82.366572,-10.804603,6.015544,33.086732,0.000000,1
165.100000,,,,,,,,,,,,,,28.129442,-82.366570,-10.808726,6.117649,34.163754,0.000000,1
165.200000,,,,,,,,,,,,,,28.129447,-82.366566,-10.816598,6.206576,34.995427,0.000000,1
165.300000,,,,,,,,,,,,,,28.129451,-82.366563,-10.836744,6.252380,35.024230,0.000000,1
165.400000,,,,,,,,,,,,,,28.129456,-82.366559,-10.856890,6.298185,35.053033,0.000000,1
165.500000,,,,,,,,,,,,,,28.129460,-82.366555,-10.877036,6.343989,35.081836,0.000000,1
165.600000,,,,,,,,,,,,,,28.129465,-82.366552,-10.897182,6.389794,35.110639,0.000000,1
165.700000,,,,,,,,,,,,,,28.129470,-82.366548,-10.917328,6.435598,35.139442,0.000000,1
165.800000,,,,,,,,,,,,,,28.129474,-82.366544,-10.937475,6.481403,35.168245,0.000000,1
165.900000,,,,,,,,,,,,,,28.129479,-82.366540,-10.957621,6.527208,35.197048,0.000000,1
166.000000,,,,,,,,,,,,,,28.129483,-82.366537,-10.977767,6.573012,35.225851,0.000000,1
166.100000,,,,,,,,,,,,,,28.129488,-82.366533,-10.997913,6.618817,35.254654,0.000000,1
166.200000,,,,,,,,,,,,,,28.129493,-82.366529,-11.011753,6.696124,35.362612,0.000000,1
166.300000,,,,,,,,,,,,,,28.129498,-82.366524,-11.005498,6.873816,35.722808,0.000000,1
166.400000,,,,,,,,,,,,,,28.129504,-82.366518,-10.999244,7.051508,36.083003,0.000000,1
166.500000,,,,,,,,,,,,,,28.129509,-82.366513,-10.992990,7.229200,36.443198,0.000000,1
166.600000,,,,,,,,,,,,,,28.129515,-82.366507,-10.986736,7.406892,36.803393,0.000000,1
166.700000,,,,,,,,,,,,,,28.129520,-82.366502,-10.980482,7.584584,37.163589,0.000000,1
166.800000,,,,,,,,,,,,,,28.129526,-82.366497,-10.974227,7.762277,37.523784,0.000000,1
166.900000,,,,,,,,,,,,,,28.129531,-82.366491,-10.967973,7.939969,37.883979,0.000000,1
167.000000,,,,,,,,,,,,,,28.129537,-82.366486,-10.961719,8.117661,38.244174,0.000000,1
167.100000,,,,,,,,,,,,,,28.129542,-82.366480,-10.955465,8.295353,38.604370,0.000000,1
167.200000,,,,,,,,,,,,,,28.129548,-82.366475,-10.951212,8.447841,38.919256,0.000000,1
167.300000,,,,,,,,,,,,,,28.129554,-82.366469,-10.952811,8.526654,39.101694,0.000000,1
167.400000,,,,,,,,,,,,,,28.129560,-82.366464,-10.954410,8.605466,39.284133,0.000000,1
167.500000,,,,,,,,,,,,,,28.129567,-82.366458,-10.956008,8.684279,39.466572,0.000000,1
167.600000,,,,,,,,,,,,,,28.129573,-82.366452,-10.957607,8.763091,39.649010,0.000000,1
167.700000,,,,,,,,,,,,,,28.129579,-82.366447,-10.959205,8.841903,39.831449,0.000000,1
167.800000,,,,,,,,,,,,,,28.129585,-82.366441,-10.960804,8.920716,40.013887,0.000000,1
167.900000,,,,,,,,,,,,,,28.129592,-82.366435,-10.962403,8.999528,40.196326,0.000000,1
168.000000,,,,,,,,,,,,,,28.129598,-82.366430,-10.964001,9.078341,40.378765,0.000000,1
168.100000,,,,,,,,,,,,,,28.129604,-82.366424,-10.965600,9.157153,40.561203,0.000000,1
168.200000,,,,,,,,,,,,,,28.129610,-82.366418,-10.972374,9.223483,40.726075,0.000000,1
168.300000,,,,,,,,,,,,,,28.129617,-82.366411,-10.994035,9.253902,40.840409,0.000000,1
168.400000,,,,,,,,,,,,,,28.129623,-82.366404,-11.015696,9.284321,40.954744,0.000000,1
168.500000,,,,,,,,,,,,,,28.129629,-82.366397,-11.037358,9.314739,41.069079,0.000000,1
168.600000,,,,,,,,,,,,,,28.129635,-82.366391,-11.059019,9.345158,41.183414,0.000000,1
168.700000,,,,,,,,,,,,,,28.129641,-82.366384,-11.080681,9.375577,41.297748,0.000000,1
168.800000,,,,,,,,,,,,,,28.129647,-82.366377,-11.102342,9.405996,41.412083,0.000000,1
168.900000,,,,,,,,,,,,,,28.129653,-82.366370,-11.124003,9.436415,41.526418,0.000000,1
169.000000,,,,,,,,,,,,,,28.129659,-82.366363,-11.145665,9.466834,41.640753,0.000000,1
169.100000,,,,,,,,,,,,,,28.129665,-82.366356,-11.167326,9.497253,41.755087,0.000000,1
169.200000,,,,,,,,,,,,,,28.129671,-82.366350,-11.191915,9.522838,41.873679,0.000000,1
169.300000,,,,,,,,,,,,,,28.129677,-82.366342,-11.226032,9.532692,42.006124,0.000000,1
169.400000,,,,,,,,,,,,,,28.129684,-82.366335,-11.260150,9.542547,42.138569,0.000000,1
169.500000,,,,,,,,,,,,,,28.129690,-82.366328,-11.294267,9.552401,42.271014,0.000000,1
169.600000,,,,,,,,,,,,,,28.129696,-82.366321,-11.328384,9.562256,42.403459,0.000000,1
169.700000,,,,,,,,,,,,,,28.129702,-82.366314,-11.362501,9.572110,42.535904,0.000000,1
169.800000,,,,,,,,,,,,,,28.129709,-82.366307,-11.396618,9.581965,42.668349,0.000000,1
169.900000,,,,,,,,,,,,,,28.129715,-82.366300,-11.430735,9.591820,42.800793,0.000000,1
170.000000,,,,,,,,,,,,,,28.129721,-82.366293,-11.464853,9.601674,42.933238,0.000000,1
170.100000,,,,,,,,,,,,,,28.129727,-82.366286,-11.498970,9.611529,43.065683,0.000000,1
170.200000,,,,,,,,,,,,,,28.129734,-82.366279,-11.514505,9.622582,43.110958,0.000000,1
170.300000,,,,,,,,,,,,,,28.129740,-82.366273,-11.478146,9.636985,42.912786,0.000000,1
170.400000,,,,,,,,,,,,,,28.129746,-82.366266,-11.441787,9.651389,42.714614,0.000000,1
170.500000,,,,,,,,,,,,,,28.129753,-82.366260,-11.405428,9.665792,42.516441,0.000000,1
170.600000,,,,,,,,,,,,,,28.129759,-82.366254,-11.369069,9.680195,42.318269,0.000000,1
170.700000,,,,,,,,,,,,,,28.129766,-82.366248,-11.332710,9.694598,42.120096,0.000000,1
170.800000,,,,,,,,,,,,,,28.129772,-82.366241,-11.296351,9.709001,41.921924,0.000000,1
170.900000,,,,,,,,,,,,,,28.129778,-82.366235,-11.259992,9.723404,41.723752,0.000000,1
171.000000,,,,,,,,,,,,,,28.129785,-82.366229,-11.223632,9.737807,41.525579,0.000000,1
171.100000,,,,,,,,,,,,,,28.129791,-82.366223,-11.187273,9.752210,41.327407,0.000000,1
171.200000,,,,,,,,,,,,,,28.129798,-82.366216,-11.157230,9.783882,41.096542,0.000000,1
171.300000,,,,,,,,,,,,,,28.129805,-82.366210,-11.147574,9.871292,40.760157,0.000000,1
171.400000,,,,,,,,,,,,,,28.129812,-82.366203,-11.137919,9.958702,40.423771,0.000000,1
171.500000,,,,,,,,,,,,,,28.129819,-82.366196,-11.128263,10.046111,40.087386,0.000000,1
171.600000,,,,,,,,,,,,,,28.129826,-82.366189,-11.118607,10.133521,39.751001,0.000000,1
171.700000,,,,,,,,,,,,,,28.129834,-82.366182,-11.108951,10.220931,39.414615,0.000000,1
171.800000,,,,,,,,,,,,,,28.129841,-82.366175,-11.099295,10.308341,39.078230,0.000000,1
171.900000,,,,,,,,,,,,,,28.129848,-82.366168,-11.089639,10.395750,38.741845,0.000000,1
172.000000,,,,,,,,,,,,,,28.129855,-82.366162,-11.079983,10.483160,38.405459,0.000000,1
172.100000,,,,,,,,,,,,,,28.129862,-82.366155,-11.070327,10.570570,38.069074,0.000000,1
172.200000,,,,,,,,,,,,,,28.129870,-82.366148,-11.066575,10.650338,37.789228,0.000000,1
172.300000,,,,,,,,,,,,,,28.129878,-82.366141,-11.084067,10.702610,37.712827,0.000000,1
172.400000,,,,,,,,,,,,,,28.129886,-82.366134,-11.101560,10.754881,37.636425,0.000000,1
172.500000,,,,,,,,,,,,,,28.129894,-82.366126,-11.119052,10.807153,37.560023,0.000000,1
172.600000,,,,,,,,,,,,,,28.129902,-82.366119,-11.136545,10.859424,37.483622,0.000000,1
172.700000,,,,,,,,,,,,,,28.129910,-82.366112,-11.154037,10.911696,37.407220,0.000000,1
172.800000,,,,,,,,,,,,,,28.129918,-82.366105,-11.171529,10.963968,37.330819,0.000000,1
172.900000,,,,,,,,,,,,,,28.129926,-82.366098,-11.189022,11.016239,37.254417,0.000000,1
173.000000,,,,,,,,,,,,,,28.129934,-82.366091,-11.206514,11.068511,37.178016,0.000000,1
173.100000,,,,,,,,,,,,,,28.129942,-82.366084,-11.224007,11.120783,37.101614,0.000000,1
173.200000,,,,,,,,,,,,,,28.129950,-82.366076,-11.265230,11.179500,37.029042,0.000000,1
173.300000,,,,,,,,,,,,,,28.129959,-82.366069,-11.383854,11.259241,36.968958,0.000000,1
173.400000,,,,,,,,,,,,,,28.129967,-82.366062,-11.502479,11.338982,36.908874,0.000000,1
173.500000,,,,,,,,,,,,,,28.129976,-82.366055,-11.621103,11.418724,36.848790,0.000000,1
173.600000,,,,,,,,,,,,,,28.129985,-82.366048,-11.739728,11.498465,36.788707,0.000000,1
173.700000,,,,,,,,,,,,,,28.129994,-82.366041,-11.858352,11.578206,36.728623,0.000000,1
173.800000,,,,,,,,,,,,,,28.130002,-82.366034,-11.976977,11.657947,36.668539,0.000000,1
173.900000,,,,,,,,,,,,,,28.130011,-82.366027,-12.095602,11.737688,36.608455,0.000000,1
174.000000,,,,,,,,,,,,,,28.130020,-82.366020,-12.214226,11.817430,36.548372,0.000000,1
174.100000,,,,,,,,,,,,,,28.130028,-82.366013,-12.332851,11.897171,36.488288,0.000000,1
174.200000,,,,,,,,,,,,,,28.130037,-82.366006,-12.425590,11.969289,36.533510,0.000000,1
174.300000,,,,,,,,,,,,,,28.130045,-82.365998,-12.443168,12.019273,36.884506,0.000000,1
174.400000,,,,,,,,,,,,,,28.130053,-82.365990,-12.460745,12.069257,37.235501,0.000000,1
174.500000,,,,,,,,,,,,,,28.130061,-82.365982,-12.478323,12.119241,37.586497,0.000000,1
174.600000,,,,,,,,,,,,,,28.130069,-82.365974,-12.495900,12.169226,37.937493,0.000000,1
174.700000,,,,,,,,,,,,,,28.130078,-82.365966,-12.513478,12.219210,38.288488,0.000000,1
174.800000,,,,,,,,,,,,,,28.130086,-82.365959,-12.531055,12.269194,38.639484,0.000000,1
174.900000,,,,,,,,,,,,,,28.130094,-82.365951,-12.548633,12.319178,38.990479,0.000000,1
175.000000,,,,,,,,,,,,,,28.130102,-82.365943,-12.566211,12.369162,39.341475,0.000000,1
175.100000,,,,,,,,,,,,,,28.130110,-82.365935,-12.583788,12.419146,39.692470,0.000000,1
175.200000,,,,,,,,,,,,,,28.130119,-82.365927,-12.590877,12.504860,40.019616,0.000000,1
175.300000,,,,,,,,,,,,,,28.130128,-82.365917,-12.559938,12.720122,40.260286,0.000000,1
175.400000,,,,,,,,,,,,,,28.130138,-82.365907,-12.528999,12.935383,40.500957,0.000000,1
175.500000,,,,,,,,,,,,,,28.130148,-82.365897,-12.498060,13.150645,40.741628,0.000000,1
175.600000,,,,,,,,,,,,,,28.130158,-82.365887,-12.467121,13.365906,40.982299,0.000000,1
175.700000,,,,,,,,,,,,,,28.130167,-82.365877,-12.436182,13.581168,41.222970,0.000000,1
175.800000,,,,,,,,,,,,,,28.130177,-82.365867,-12.405243,13.796429,41.463641,0.000000,1
175.900000,,,,,,,,,,,,,,28.130187,-82.365856,-12.374303,14.011691,41.704312,0.000000,1
176.000000,,,,,,,,,,,,,,28.130197,-82.365846,-12.343364,14.226952,41.944983,0.000000,1
176.100000,,,,,,,,,,,,,,28.130206,-82.365836,-12.312425,14.442214,42.185654,0.000000,1
176.200000,,,,,,,,,,,,,,28.130216,-82.365826,-12.269503,14.620659,42.360683,0.000000,1
176.300000,,,,,,,,,,,,,,28.130227,-82.365816,-12.191783,14.692202,42.345103,0.000000,1
176.400000,,,,,,,,,,,,,,28.130237,-82.365805,-12.114064,14.763744,42.329524,0.000000,1
176.500000,,,,,,,,,,,,,,28.130248,-82.365795,-12.036345,14.835286,42.313945,0.000000,1
176.600000,,,,,,,,,,,,,,28.130258,-82.365784,-11.958626,14.906828,42.298365,0.000000,1
176.700000,,,,,,,,,,,,,,28.130269,-82.365774,-11.880906,14.978370,42.282786,0.000000,1
176.800000,,,,,,,,,,,,,,28.130280,-82.365763,-11.803187,15.049912,42.267207,0.000000,1
176.900000,,,,,,,,,,,,,,28.130290,-82.365752,-11.725468,15.121455,42.251627,0.000000,1
177.000000,,,,,,,,,,,,,,28.130301,-82.365742,-11.647749,15.192997,42.236048,0.000000,1
177.100000,,,,,,,,,,,,,,28.130311,-82.365731,-11.570029,15.264539,42.220469,0.000000,1
177.200000,,,,,,,,,,,,,,28.130322,-82.365721,-11.511170,15.333416,42.197255,0.000000,1
177.300000,,,,,,,,,,,,,,28.130332,-82.365711,-11.522552,15.392368,42.145608,0.000000,1
177.400000,,,,,,,,,,,,,,28.130341,-82.365701,-11.533934,15.451320,42.093962,0.000000,1
177.500000,,,,,,,,,,,,,,28.130351,-82.365691,-11.545317,15.510273,42.042315,0.000000,1
177.600000,,,,,,,,,,,,,,28.130361,-82.365680,-11.556699,15.569225,41.990668,0.000000,1
177.700000,,,,,,,,,,,,,,28.130371,-82.365670,-11.568081,15.628177,41.939021,0.000000,1
177.800000,,,,,,,,,,,,,,28.130381,-82.365660,-11.579464,15.687129,41.887375,0.000000,1
177.900000,,,,,,,,,,,,,,28.130391,-82.365650,-11.590846,15.746081,41.835728,0.000000,1
178.000000,,,,,,,,,,,,,,28.130401,-82.365640,-11.602228,15.805033,41.784081,0.000000,1
178.100000,,,,,,,,,,,,,,28.130411,-82.365630,-11.613611,15.863985,41.732434,0.000000,1
178.200000,,,,,,,,,,,,,,28.130421,-82.365619,-11.628171,15.921983,41.686846,0.000000,1
178.300000,,,,,,,,,,,,,,28.130432,-82.365609,-11.650927,15.977519,41.656884,0.000000,1
178.400000,,,,,,,,,,,,,,28.130443,-82.365598,-11.673684,16.033055,41.626923,0.000000,1
178.500000,,,,,,,,,,,,,,28.130455,-82.365588,-11.696440,16.088591,41.596961,0.000000,1
178.600000,,,,,,,,,,,,,,28.130466,-82.365577,-11.719197,16.144127,41.566999,0.000000,1
178.700000,,,,,,,,,,,,,,28.130477,-82.365566,-11.741953,16.199663,41.537037,0.000000,1
178.800000,,,,,,,,,,,,,,28.130488,-82.365556,-11.764710,16.255199,41.507076,0.000000,1
178.900000,,,,,,,,,,,,,,28.130500,-82.365545,-11.787466,16.310734,41.477114,0.000000,1
179.000000,,,,,,,,,,,,,,28.130511,-82.365534,-11.810222,16.366270,41.447152,0.000000,1
179.100000,,,,,,,,,,,,,,28.130522,-82.365524,-11.832979,16.421806,41.417190,0.000000,1
179.200000,,,,,,,,,,,,,,28.130533,-82.365512,-11.820946,16.475601,41.399676,0.000000,1
179.300000,,,,,,,,,,,,,,28.130544,-82.365500,-11.705862,16.524238,41.419032,0.000000,1
179.400000,,,,,,,,,,,,,,28.130556,-82.365488,-11.590778,16.572875,41.438388,0.000000,1
179.500000,,,,,,,,,,,,,,28.130567,-82.365475,-11.475695,16.621511,41.457743,0.000000,1
179.600000,,,,,,,,,,,,,,28.130578,-82.365463,-11.360611,16.670148,41.477099,0.000000,1
179.700000,,,,,,,,,,,,,,28.130589,-82.365451,-11.245528,16.718785,41.496455,0.000000,1
179.800000,,,,,,,,,,,,,,28.130600,-82.365438,-11.130444,16.767422,41.515811,0.000000,1
179.900000,,,,,,,,,,,,,,28.130612,-82.365426,-11.015360,16.816059,41.535167,0.000000,1
180.000000,,,,,,,,,,,,,,28.130623,-82.365414,-10.900277,16.864695,41.554522,0.000000,1
180.100000,,,,,,,,,,,,,,28.130634,-82.365401,-10.785193,16.913332,41.573878,0.000000,1
180.200000,,,,,,,,,,,,,,28.130645,-82.365389,-10.706997,16.955583,41.579872,0.000000,1
180.300000,,,,,,,,,,,,,,28.130657,-82.365377,-10.717637,16.982453,41.553685,0.000000,1
180.400000,,,,,,,,,,,,,,28.130669,-82.365366,-10.728276,17.009323,41.527499,0.000000,1
180.500000,,,,,,,,,,,,,,28.130680,-82.365354,-10.738915,17.036194,41.501312,0.000000,1
180.600000,,,,,,,,,,,,,,28.130692,-82.365343,-10.749555,17.063064,41.475126,0.000000,1
180.700000,,,,,,,,,,,,,,28.130704,-82.365331,-10.760194,17.089935,41.448939,0.000000,1
180.800000,,,,,,,,,,,,,,28.130715,-82.365319,-10.770833,17.116805,41.422753,0.000000,1
180.900000,,,,,,,,,,,,,,28.130727,-82.365308,-10.781473,17.143675,41.396566,0.000000,1
181.000000,,,,,,,,,,,,,,28.130739,-82.365296,-10.792112,17.170546,41.370380,0.000000,1
181.100000,,,,,,,,,,,,,,28.130751,-82.365285,-10.802751,17.197416,41.344193,0.000000,1
181.200000,,,,,,,,,,,,,,28.130763,-82.365273,-10.826312,17.221342,41.323661,0.000000,1
181.300000,,,,,,,,,,,,,,28.130776,-82.365259,-10.887337,17.236732,41.319522,0.000000,1
181.400000,,,,,,,,,,,,,,28.130789,-82.365246,-10.948361,17.252121,41.315383,0.000000,1
181.500000,,,,,,,,,,,,,,28.130802,-82.365233,-11.009386,17.267510,41.311244,0.000000,1
181.600000,,,,,,,,,,,,,,28.130815,-82.365220,-11.070411,17.282899,41.307105,0.000000,1
181.700000,,,,,,,,,,,,,,28.130828,-82.365206,-11.131436,17.298289,41.302966,0.000000,1
181.800000,,,,,,,,,,,,,,28.130841,-82.365193,-11.192460,17.313678,41.298827,0.000000,1
181.900000,,,,,,,,,,,,,,28.130854,-82.365180,-11.253485,17.329067,41.294688,0.000000,1
182.000000,,,,,,,,,,,,,,28.130867,-82.365166,-11.314510,17.344456,41.290549,0.000000,1
182.100000,,,,,,,,,,,,,,28.130879,-82.365154,-11.413390,17.357219,41.287192,0.000000,1
182.200000,,,,,,,,,,,,,,28.130890,-82.365145,-11.620993,17.362437,41.286081,0.000000,1
182.300000,,,,,,,,,,,,,,28.130900,-82.365135,-11.828596,17.367655,41.284969,0.000000,1
182.400000,,,,,,,,,,,,,,28.130911,-82.365126,-12.036200,17.372874,41.283858,0.000000,1
182.500000,,,,,,,,,,,,,,28.130922,-82.365117,-12.243803,17.378092,41.282746,0.000000,1
182.600000,,,,,,,,,,,,,,28.130932,-82.365107,-12.451406,17.383310,41.281634,0.000000,1
182.700000,,,,,,,,,,,,,,28.130943,-82.365098,-12.659010,17.388528,41.280523,0.000000,1
182.800000,,,,,,,,,,,,,,28.130953,-82.365088,-12.866613,17.393747,41.279411,0.000000,1
182.900000,,,,,,,,,,,,,,28.130964,-82.365079,-13.074216,17.398965,41.278300,0.000000,1
183.000000,,,,,,,,,,,,,,28.130974,-82.365070,-13.281820,17.404183,41.277188,0.000000,1
183.100000,,,,,,,,,,,,,,28.130985,-82.365060,-13.489423,17.409401,41.276076,0.000000,1
183.200000,,,,,,,,,,,,,,28.130996,-82.365051,-13.688457,17.408840,41.285178,0.000000,1
183.300000,,,,,,,,,,,,,,28.131008,-82.365039,-13.856194,17.387172,41.331581,0.000000,1
183.400000,,,,,,,,,,,,,,28.131019,-82.365028,-14.023931,17.365504,41.377983,0.000000,1
183.500000,,,,,,,,,,,,,,28.131031,-82.365017,-14.191669,17.343836,41.424386,0.000000,1
183.600000,,,,,,,,,,,,,,28.131043,-82.365006,-14.359406,17.322168,41.470788,0.000000,1
183.700000,,,,,,,,,,,,,,28.131055,-82.364995,-14.527144,17.300500,41.517190,0.000000,1
183.800000,,,,,,,,,,,,,,28.131067,-82.364984,-14.694881,17.278832,41.563593,0.000000,1
183.900000,,,,,,,,,,,,,,28.131079,-82.364972,-14.862618,17.257164,41.609995,0.000000,1
184.000000,,,,,,,,,,,,,,28.131091,-82.364961,-15.030356,17.235496,41.656398,0.000000,1
184.100000,,,,,,,,,,,,,,28.131103,-82.364950,-15.198093,17.213828,41.702800,0.000000,1
184.200000,,,,,,,,,,,,,,28.131115,-82.364939,-15.317811,17.193189,41.733235,0.000000,1
184.300000,,,,,,,,,,,,,,28.131127,-82.364927,-15.301860,17.175456,41.718558,0.000000,1
184.400000,,,,,,,,,,,,,,28.131138,-82.364915,-15.285908,17.157722,41.703881,0.000000,1
184.500000,,,,,,,,,,,,,,28.131150,-82.364903,-15.269956,17.139989,41.689204,0.000000,1
184.600000,,,,,,,,,,,,,,28.131161,-82.364891,-15.254005,17.122256,41.674527,0.000000,1
184.700000,,,,,,,,,,,,,,28.131173,-82.364879,-15.238053,17.104523,41.659850,0.000000,1
184.800000,,,,,,,,,,,,,,28.131185,-82.364867,-15.222102,17.086790,41.645172,0.000000,1
184.900000,,,,,,,,,,,,,,28.131196,-82.364855,-15.206150,17.069057,41.630495,0.000000,1
185.000000,,,,,,,,,,,,,,28.131208,-82.364843,-15.190198,17.051324,41.615818,0.000000,1
185.100000,,,,,,,,,,,,,,28.131219,-82.364831,-15.174247,17.033591,41.601141,0.000000,1
185.200000,,,,,,,,,,,,,,28.131231,-82.364819,-15.185119,17.011249,41.600209,0.000000,1
185.300000,,,,,,,,,,,,,,28.131242,-82.364808,-15.255606,16.978666,41.629826,0.000000,1
185.400000,,,,,,,,,,,,,,28.131252,-82.364797,-15.326093,16.946083,41.659443,0.000000,1
185.500000,,,,,,,,,,,,,,28.131263,-82.364785,-15.396579,16.913500,41.689060,0.000000,1
185.600000,,,,,,,,,,,,,,28.131274,-82.364774,-15.467066,16.880917,41.718677,0.000000,1
185.700000,,,,,,,,,,,,,,28.131285,-82.364763,-15.537553,16.848335,41.748293,0.000000,1
185.800000,,,,,,,,,,,,,,28.131296,-82.364751,-15.608040,16.815752,41.777910,0.000000,1
185.900000,,,,,,,,,,,,,,28.131307,-82.364740,-15.678527,16.783169,41.807527,0.000000,1
186.000000,,,,,,,,,,,,,,28.131318,-82.364729,-15.749014,16.750586,41.837144,0.000000,1
186.100000,,,,,,,,,,,,,,28.131328,-82.364718,-15.819500,16.718003,41.866760,0.000000,1
186.200000,,,,,,,,,,,,,,28.131339,-82.364706,-15.860357,16.683798,41.884527,0.000000,1
186.300000,,,,,,,,,,,,,,28.131351,-82.364695,-15.828370,16.645607,41.873162,0.000000,1
186.400000,,,,,,,,,,,,,,28.131362,-82.364684,-15.796383,16.607416,41.861797,0.000000,1
186.500000,,,,,,,,,,,,,,28.131373,-82.364673,-15.764396,16.569225,41.850432,0.000000,1
186.600000,,,,,,,,,,,,,,28.131385,-82.364662,-15.732409,16.531034,41.839067,0.000000,1
186.700000,,,,,,,,,,,,,,28.131396,-82.364651,-15.700422,16.492843,41.827701,0.000000,1
186.800000,,,,,,,,,,,,,,28.131407,-82.364639,-15.668435,16.454652,41.816336,0.000000,1
186.900000,,,,,,,,,,,,,,28.131419,-82.364628,-15.636448,16.416461,41.804971,0.000000,1
187.000000,,,,,,,,,,,,,,28.131430,-82.364617,-15.604461,16.378270,41.793606,0.000000,1
187.100000,,,,,,,,,,,,,,28.131441,-82.364606,-15.572474,16.340079,41.782241,0.000000,1
187.200000,,,,,,,,,,,,,,28.131452,-82.364595,-15.541377,16.290076,41.761069,0.000000,1
187.300000,,,,,,,,,,,,,,28.131463,-82.364583,-15.512218,16.214354,41.718546,0.000000,1
187.400000,,,,,,,,,,,,,,28.131474,-82.364572,-15.483058,16.138631,41.676022,0.000000,1
187.500000,,,,,,,,,,,,,,28.131485,-82.364561,-15.453898,16.062908,41.633498,0.000000,1
187.600000,,,,,,,,,,,,,,28.131496,-82.364549,-15.424739,15.987185,41.590974,0.000000,1
187.700000,,,,,,,,,,,,,,28.131506,-82.364538,-15.395579,15.911462,41.548451,0.000000,1
187.800000,,,,,,,,,,,,,,28.131517,-82.364527,-15.366419,15.835740,41.505927,0.000000,1
187.900000,,,,,,,,,,,,,,28.131528,-82.364515,-15.337259,15.760017,41.463403,0.000000,1
188.000000,,,,,,,,,,,,,,28.131539,-82.364504,-15.308100,15.684294,41.420879,0.000000,1
188.100000,,,,,,,,,,,,,,28.131549,-82.364493,-15.278940,15.608571,41.378356,0.000000,1
188.200000,,,,,,,,,,,,,,28.131560,-82.364482,-15.258095,15.526095,41.332927,0.000000,1
188.300000,,,,,,,,,,,,,,28.131570,-82.364472,-15.260465,15.424764,41.279388,0.000000,1
188.400000,,,,,,,,,,,,,,28.131580,-82.364461,-15.262836,15.323432,41.225850,0.000000,1
188.500000,,,,,,,,,,,,,,28.131590,-82.364451,-15.265206,15.222100,41.172311,0.000000,1
188.600000,,,,,,,,,,,,,,28.131600,-82.364441,-15.267576,15.120769,41.118772,0.000000,1
188.700000,,,,,,,,,,,,,,28.131610,-82.364431,-15.269946,15.019437,41.065233,0.000000,1
188.800000,,,,,,,,,,,,,,28.131620,-82.364421,-15.272316,14.918106,41.011694,0.000000,1
188.900000,,,,,,,,,,,,,,28.131630,-82.364411,-15.274687,14.816774,40.958155,0.000000,1
189.000000,,,,,,,,,,,,,,28.131640,-82.364401,-15.277057,14.715442,40.904616,0.000000,1
189.100000,,,,,,,,,,,,,,28.131650,-82.364391,-15.279427,14.614111,40.851078,0.000000,1
189.200000,,,,,,,,,,,,,,28.131660,-82.364381,-15.247148,14.501899,40.826670,0.000000,1
189.300000,,,,,,,,,,,,,,28.131669,-82.364372,-15.136793,14.365171,40.867906,0.000000,1
189.400000,,,,,,,,,,,,,,28.131678,-82.364363,-15.026438,14.228443,40.909142,0.000000,1
189.500000,,,,,,,,,,,,,,28.131688,-82.364353,-14.916083,14.091714,40.950378,0.000000,1
189.600000,,,,,,,,,,,,,,28.131697,-82.364344,-14.805729,13.954986,40.991614,0.000000,1
189.700000,,,,,,,,,,,,,,28.131706,-82.364335,-14.695374,13.818258,41.032850,0.000000,1
189.800000,,,,,,,,,,,,,,28.131716,-82.364326,-14.585019,13.681530,41.074086,0.000000,1
189.900000,,,,,,,,,,,,,,28.131725,-82.364316,-14.474664,13.544802,41.115322,0.000000,1
190.000000,,,,,,,,,,,,,,28.131735,-82.364307,-14.364309,13.408073,41.156558,0.000000,1
190.100000,,,,,,,,,,,,,,28.131744,-82.364298,-14.253954,13.271345,41.197794,0.000000,1
190.200000,,,,,,,,,,,,,,28.131753,-82.364289,-14.156082,13.131866,41.225831,0.000000,1
190.300000,,,,,,,,,,,,,,28.131762,-82.364280,-14.092011,12.984938,41.218124,0.000000,1
190.400000,,,,,,,,,,,,,,28.131771,-82.364272,-14.027940,12.838010,41.210418,0.000000,1
190.500000,,,,,,,,,,,,,,28.131780,-82.364263,-13.963869,12.691082,41.202712,0.000000,1
190.600000,,,,,,,,,,,,,,28.131789,-82.364255,-13.899798,12.544153,41.195006,0.000000,1
190.700000,,,,,,,,,,,,,,28.131798,-82.364246,-13.835727,12.397225,41.187300,0.000000,1
190.800000,,,,,,,,,,,,,,28.131807,-82.364238,-13.771656,12.250297,41.179593,0.000000,1
190.900000,,,,,,,,,,,,,,28.131816,-82.364229,-13.707585,12.103369,41.171887,0.000000,1
191.000000,,,,,,,,,,,,,,28.131825,-82.364220,-13.643514,11.956441,41.164181,0.000000,1
191.100000,,,,,,,,,,,,,,28.131835,-82.364212,-13.579443,11.809513,41.156475,0.000000,1
191.200000,,,,,,,,,,,,,,28.131843,-82.364203,-13.519240,11.666705,41.150445,0.000000,1
191.300000,,,,,,,,,,,,,,28.131852,-82.364194,-13.468660,11.534145,41.148585,0.000000,1
191.400000,,,,,,,,,,,,,,28.131861,-82.364186,-13.418079,11.401586,41.146725,0.000000,1
191.500000,,,,,,,,,,,,,,28.131869,-82.364177,-13.367499,11.269027,41.144865,0.000000,1
191.600000,,,,,,,,,,,,,,28.131878,-82.364168,-13.316919,11.136468,41.143005,0.000000,1
191.700000,,,,,,,,,,,,,,28.131887,-82.364160,-13.266339,11.003909,41.141146,0.000000,1
191.800000,,,,,,,,,,,,,,28.131895,-82.364151,-13.215759,10.871350,41.139286,0.000000,1
191.900000,,,,,,,,,,,,,,28.131904,-82.364142,-13.165178,10.738790,41.137426,0.000000,1
192.000000,,,,,,,,,,,,,,28.131912,-82.364134,-13.114598,10.606231,41.135566,0.000000,1
192.100000,,,,,,,,,,,,,,28.131920,-82.364125,-13.075160,10.491437,41.150649,0.000000,1
192.200000,,,,,,,,,,,,,,28.131927,-82.364119,-13.068835,10.429440,41.216084,0.000000,1
192.300000,,,,,,,,,,,,,,28.131933,-82.364112,-13.062509,10.367442,41.281519,0.000000,1
192.400000,,,,,,,,,,,,,,28.131939,-82.364106,-13.056184,10.305444,41.346954,0.000000,1
192.500000,,,,,,,,,,,,,,28.131945,-82.364099,-13.049858,10.243447,41.412388,0.000000,1
192.600000,,,,,,,,,,,,,,28.131951,-82.364092,-13.043533,10.181449,41.477823,0.000000,1
192.700000,,,,,,,,,,,,,,28.131957,-82.364086,-13.037208,10.119451,41.543258,0.000000,1
192.800000,,,,,,,,,,,,,,28.131963,-82.364079,-13.030882,10.057453,41.608693,0.000000,1
192.900000,,,,,,,,,,,,,,28.131970,-82.364073,-13.024557,9.995456,41.674128,0.000000,1
193.000000,,,,,,,,,,,,,,28.131976,-82.364066,-13.018231,9.933458,41.739563,0.000000,1
193.100000,,,,,,,,,,,,,,28.131982,-82.364060,-13.011906,9.871460,41.804998,0.000000,1
193.200000,,,,,,,,,,,,,,28.131988,-82.364053,-13.006398,9.800174,41.847002,0.000000,1
193.300000,,,,,,,,,,,,,,28.131995,-82.364046,-13.003291,9.701606,41.820182,0.000000,1
193.400000,,,,,,,,,,,,,,28.132001,-82.364039,-13.000185,9.603038,41.793363,0.000000,1
193.500000,,,,,,,,,,,,,,28.132007,-82.364032,-12.997078,9.504471,41.766544,0.000000,1
193.600000,,,,,,,,,,,,,,28.132014,-82.364025,-12.993971,9.405903,41.739725,0.000000,1
193.700000,,,,,,,,,,,,,,28.132020,-82.364018,-12.990865,9.307335,41.712905,0.000000,1
193.800000,,,,,,,,,,,,,,28.132027,-82.364011,-12.987758,9.208767,41.686086,0.000000,1
193.900000,,,,,,,,,,,,,,28.132033,-82.364004,-12.984651,9.110199,41.659267,0.000000,1
194.000000,,,,,,,,,,,,,,28.132040,-82.363997,-12.981545,9.011631,41.632448,0.000000,1
194.100000,,,,,,,,,,,,,,28.132046,-82.363990,-12.978438,8.913063,41.605628,0.000000,1
194.200000,,,,,,,,,,,,,,28.132053,-82.363983,-12.989549,8.806834,41.577971,0.000000,1
194.300000,,,,,,,,,,,,,,28.132058,-82.363977,-13.042992,8.677798,41.547817,0.000000,1
194.400000,,,,,,,,,,,,,,28.132064,-82.363972,-13.096435,8.548761,41.517662,0.000000,1
194.500000,,,,,,,,,,,,,,28.132070,-82.363966,-13.149878,8.419724,41.487508,0.000000,1
194.600000,,,,,,,,,,,,,,28.132076,-82.363960,-13.203320,8.290687,41.457354,0.000000,1
194.700000,,,,,,,,,,,,,,28.132082,-82.363955,-13.256763,8.161650,41.427200,0.000000,1
194.800000,,,,,,,,,,,,,,28.132088,-82.363949,-13.310206,8.032613,41.397046,0.000000,1
194.900000,,,,,,,,,,,,,,28.132093,-82.363943,-13.363648,7.903577,41.366892,0.000000,1
195.000000,,,,,,,,,,,,,,28.132099,-82.363938,-13.417091,7.774540,41.336738,0.000000,1
195.100000,,,,,,,,,,,,,,28.132105,-82.363932,-13.470534,7.645503,41.306584,0.000000,1
195.200000,,,,,,,,,,,,,,28.132111,-82.363927,-13.514943,7.529193,41.255984,0.000000,1
195.300000,,,,,,,,,,,,,,28.132116,-82.363922,-13.539691,7.440584,41.160884,0.000000,1
195.400000,,,,,,,,,,,,,,28.132121,-82.363917,-13.564440,7.351975,41.065784,0.000000,1
195.500000,,,,,,,,,,,,,,28.132127,-82.363912,-13.589188,7.263366,40.970685,0.000000,1
195.600000,,,,,,,,,,,,,,28.132132,-82.363907,-13.613937,7.174757,40.875585,0.000000,1
195.700000,,,,,,,,,,,,,,28.132138,-82.363902,-13.638685,7.086148,40.780485,0.000000,1
195.800000,,,,,,,,,,,,,,28.132143,-82.363898,-13.663434,6.997538,40.685386,0.000000,1
195.900000,,,,,,,,,,,,,,28.132148,-82.363893,-13.688182,6.908929,40.590286,0.000000,1
196.000000,,,,,,,,,,,,,,28.132154,-82.363888,-13.712931,6.820320,40.495186,0.000000,1
196.100000,,,,,,,,,,,,,,28.132159,-82.363883,-13.737679,6.731711,40.400087,0.000000,1
196.200000,,,,,,,,,,,,,,28.132164,-82.363879,-13.760039,6.618599,40.269099,0.000000,1
196.300000,,,,,,,,,,,,,,28.132168,-82.363875,-13.775589,6.435671,40.035859,0.000000,1
196.400000,,,,,,,,,,,,,,28.132172,-82.363871,-13.791140,6.252744,39.802618,0.000000,1
196.500000,,,,,,,,,,,,,,28.132175,-82.363868,-13.806691,6.069816,39.569378,0.000000,1
196.600000,,,,,,,,,,,,,,28.132179,-82.363864,-13.822242,5.886888,39.336137,0.000000,1
196.700000,,,,,,,,,,,,,,28.132183,-82.363860,-13.837793,5.703961,39.102897,0.000000,1
196.800000,,,,,,,,,,,,,,28.132187,-82.363857,-13.853344,5.521033,38.869656,0.000000,1
196.900000,,,,,,,,,,,,,,28.132190,-82.363853,-13.868894,5.338105,38.636416,0.000000,1
197.000000,,,,,,,,,,,,,,28.132194,-82.363849,-13.884445,5.155178,38.403175,0.000000,1
197.100000,,,,,,,,,,,,,,28.132198,-82.363846,-13.899996,4.972250,38.169934,0.000000,1
197.200000,,,,,,,,,,,,,,28.132201,-82.363843,-13.906144,4.786669,37.917442,0.000000,1
197.300000,,,,,,,,,,,,,,28.132204,-82.363840,-13.892486,4.595498,37.624402,0.000000,1
197.400000,,,,,,,,,,,,,,28.132206,-82.363838,-13.878829,4.404328,37.331362,0.000000,1
197.500000,,,,,,,,,,,,,,28.132208,-82.363836,-13.865171,4.213158,37.038321,0.000000,1
197.600000,,,,,,,,,,,,,,28.132210,-82.363834,-13.851514,4.021988,36.745281,0.000000,1
197.700000,,,,,,,,,,,,,,28.132213,-82.363832,-13.837856,3.830817,36.452241,0.000000,1
197.800000,,,,,,,,,,,,,,28.132215,-82.363830,-13.824199,3.639647,36.159201,0.000000,1
197.900000,,,,,,,,,,,,,,28.132217,-82.363828,-13.810541,3.448477,35.866161,0.000000,1
198.000000,,,,,,,,,,,,,,28.132220,-82.363825,-13.796883,3.257306,35.573121,0.000000,1
198.100000,,,,,,,,,,,,,,28.132222,-82.363823,-13.783226,3.066136,35.280080,0.000000,1
198.200000,,,,,,,,,,,,,,28.132224,-82.363821,-13.753552,2.893616,35.077068,0.000000,1
198.300000,,,,,,,,,,,,,,28.132225,-82.363820,-13.656242,2.799854,35.254224,0.000000,1
198.400000,,,,,,,,,,,,,,28.132226,-82.363820,-13.558932,2.706092,35.431380,0.000000,1
198.500000,,,,,,,,,,,,,,28.132228,-82.363819,-13.461623,2.612329,35.608536,0.000000,1
198.600000,,,,,,,,,,,,,,28.132229,-82.363818,-13.364313,2.518567,35.785692,0.000000,1
198.700000,,,,,,,,,,,,,,28.132230,-82.363817,-13.267003,2.424805,35.962848,0.000000,1
198.800000,,,,,,,,,,,,,,28.132231,-82.363816,-13.169694,2.331042,36.140004,0.000000,1
198.900000,,,,,,,,,,,,,,28.132233,-82.363815,-13.072384,2.237280,36.317160,0.000000,1
199.000000,,,,,,,,,,,,,,28.132234,-82.363814,-12.975074,2.143517,36.494316,0.000000,1
199.100000,,,,,,,,,,,,,,28.132235,-82.363813,-12.877765,2.049755,36.671472,0.000000,1
199.200000,,,,,,,,,,,,,,28.132236,-82.363812,-12.807164,1.962087,36.841608,0.000000,1
199.300000,,,,,,,,,,,,,,28.132237,-82.363811,-12.815691,1.892472,36.990950,0.000000,1
199.400000,,,,,,,,,,,,,,28.132238,-82.363811,-12.824218,1.822857,37.140292,0.000000,1
199.500000,,,,,,,,,,,,,,28.132239,-82.363810,-12.832745,1.753243,37.289634,0.000000,1
199.600000,,,,,,,,,,,,,,28.132240,-82.363809,-12.841273,1.683628,37.438976,0.000000,1
199.700000,,,,,,,,,,,,,,28.132241,-82.363808,-12.849800,1.614013,37.588317,0.000000,1
199.800000,,,,,,,,,,,,,,28.132242,-82.363807,-12.858327,1.544399,37.737659,0.000000,1
199.900000,,,,,,,,,,,,,,28.132243,-82.363806,-12.866854,1.474784,37.887001,0.000000,1
200.000000,,,,,,,,,,,,,,28.132244,-82.363806,-12.875381,1.405169,38.036343,0.000000,1
200.100000,,,,,,,,,,,,,,28.132245,-82.363805,-12.883909,1.335555,38.185685,0.000000,1
200.200000,,,,,,,,,,,,,,28.132246,-82.363804,-12.897724,1.266315,38.297684,0.000000,1
200.300000,,,,,,,,,,,,,,28.132247,-82.363803,-12.927400,1.198201,38.297684,0.000000,1
200.400000,,,,,,,,,,,,,,28.132247,-82.363803,-12.957076,1.130087,38.297684,0.000000,1
200.500000,,,,,,,,,,,,,,28.132248,-82.363802,-12.986751,1.061973,38.297684,0.000000,1
200.600000,,,,,,,,,,,,,,28.132249,-82.363801,-13.016427,0.993859,38.297684,0.000000,1
200.700000,,,,,,,,,,,,,,28.132250,-82.363800,-13.046103,0.925745,38.297684,0.000000,1
200.800000,,,,,,,,,,,,,,28.132250,-82.363800,-13.075779,0.857631,38.297684,0.000000,1
200.900000,,,,,,,,,,,,,,28.132251,-82.363799,-13.105454,0.789517,38.297684,0.000000,1
201.000000,,,,,,,,,,,,,,28.132252,-82.363798,-13.135130,0.721402,38.297684,0.000000,1
201.100000,,,,,,,,,,,,,,28.132253,-82.363798,-13.164806,0.653288,38.297684,0.000000,1
201.200000,,,,,,,,,,,,,,28.132253,-82.363797,-13.230057,0.594493,38.297684,0.000000,1
201.300000,,,,,,,,,,,,,,28.132253,-82.363797,-13.391163,0.560807,38.297684,0.000000,1
201.400000,,,,,,,,,,,,,,28.132253,-82.363797,-13.552269,0.527121,38.297684,0.000000,1
201.500000,,,,,,,,,,,,,,28.132253,-82.363797,-13.713374,0.493434,38.297684,0.000000,1
201.600000,,,,,,,,,,,,,,28.132252,-82.363797,-13.874480,0.459748,38.297684,0.000000,1
201.700000,,,,,,,,,,,,,,28.132252,-82.363797,-14.035586,0.426062,38.297684,0.000000,1
201.800000,,,,,,,,,,,,,,28.132252,-82.363797,-14.196692,0.392375,38.297684,0.000000,1
201.900000,,,,,,,,,,,,,,28.132252,-82.363797,-14.357797,0.358689,38.297684,0.000000,1
202.000000,,,,,,,,,,,,,,28.132252,-82.363797,-14.518903,0.325003,38.297684,0.000000,1
202.100000,,,,,,,,,,,,,,28.132251,-82.363797,-14.640990,0.308221,38.297684,0.000000,1
202.200000,,,,,,,,,,,,,,28.132251,-82.363797,-14.642472,0.343691,38.297684,0.000000,1
202.300000,,,,,,,,,,,,,,28.132251,-82.363796,-14.643954,0.379162,38.297684,0.000000,1
202.400000,,,,,,,,,,,,,,28.132251,-82.363796,-14.645436,0.414632,38.297684,0.000000,1
202.500000,,,,,,,,,,,,,,28.132251,-82.363796,-14.646918,0.450102,38.297684,0.000000,1
202.600000,,,,,,,,,,,,,,28.132251,-82.363795,-14.648400,0.485572,38.297684,0.000000,1
202.700000,,,,,,,,,,,,,,28.132250,-82.363795,-14.649882,0.521043,38.297684,0.000000,1
202.800000,,,,,,,,,,,,,,28.132250,-82.363795,-14.651364,0.556513,38.297684,0.000000,1
202.900000,,,,,,,,,,,,,,28.132250,-82.363794,-14.652846,0.591983,38.297684,0.000000,1
203.000000,,,,,,,,,,,,,,28.132250,-82.363794,-14.654329,0.627453,38.297684,0.000000,1
203.100000,,,,,,,,,,,,,,28.132250,-82.363794,-14.655811,0.662924,38.297684,0.000000,1
203.200000,,,,,,,,,,,,,,28.132250,-82.363793,-14.647220,0.694218,38.405833,0.000000,1
203.300000,,,,,,,,,,,,,,28.132251,-82.363792,-14.606541,0.712211,38.858520,0.000000,1
203.400000,,,,,,,,,,,,,,28.132252,-82.363792,-14.565863,0.730203,39.311207,0.000000,1
203.500000,,,,,,,,,,,,,,28.132253,-82.363791,-14.525184,0.748195,39.763895,0.000000,1
203.600000,,,,,,,,,,,,,,28.132254,-82.363790,-14.484505,0.766187,40.216582,0.000000,1
203.700000,,,,,,,,,,,,,,28.132254,-82.363790,-14.443826,0.784180,40.669269,0.000000,1
203.800000,,,,,,,,,,,,,,28.132255,-82.363789,-14.403147,0.802172,41.121957,0.000000,1
203.900000,,,,,,,,,,,,,,28.132256,-82.363788,-14.362468,0.820164,41.574644,0.000000,1
204.000000,,,,,,,,,,,,,,28.132257,-82.363788,-14.321790,0.838157,42.027331,0.000000,1
204.100000,,,,,,,,,,,,,,28.132258,-82.363787,-14.281111,0.856149,42.480018,0.000000,1
204.200000,,,,,,,,,,,,,,28.132259,-82.363786,-14.240521,0.859031,42.841385,0.000000,1
204.300000,,,,,,,,,,,,,,28.132261,-82.363786,-14.200285,0.802121,42.841385,0.000000,1
204.400000,,,,,,,,,,,,,,28.132262,-82.363785,-14.160049,0.745212,42.841385,0.000000,1
204.500000,,,,,,,,,,,,,,28.132263,-82.363785,-14.119813,0.688302,42.841385,0.000000,1
204.600000,,,,,,,,,,,,,,28.132265,-82.363784,-14.079577,0.631392,42.841385,0.000000,1
204.700000,,,,,,,,,,,,,,28.132266,-82.363784,-14.039340,0.574482,42.841385,0.000000,1
204.800000,,,,,,,,,,,,,,28.132268,-82.363783,-13.999104,0.517573,42.841385,0.000000,1
204.900000,,,,,,,,,,,,,,28.132269,-82.363783,-13.958868,0.460663,42.841385,0.000000,1
205.000000,,,,,,,,,,,,,,28.132270,-82.363782,-13.918632,0.403753,42.841385,0.000000,1
205.100000,,,,,,,,,,,,,,28.132272,-82.363782,-13.878396,0.346844,42.841385,0.000000,1
205.200000,,,,,,,,,,,,,,28.132273,-82.363781,-13.847484,0.301659,42.841385,0.000000,1
205.300000,,,,,,,,,,,,,,28.132273,-82.363781,-13.836723,0.281814,42.841385,0.000000,1
205.400000,,,,,,,,,,,,,,28.132273,-82.363780,-13.825962,0.261969,42.841385,0.000000,1
205.500000,,,,,,,,,,,,,,28.132273,-82.363780,-13.815201,0.242124,42.841385,0.000000,1
205.600000,,,,,,,,,,,,,,28.132273,-82.363779,-13.804439,0.222279,42.841385,0.000000,1
205.700000,,,,,,,,,,,,,,28.132274,-82.363779,-13.793678,0.202434,42.841385,0.000000,1
205.800000,,,,,,,,,,,,,,28.132274,-82.363778,-13.782917,0.182589,42.841385,0.000000,1
205.900000,,,,,,,,,,,,,,28.132274,-82.363778,-13.772156,0.162744,42.841385,0.000000,1
206.000000,,,,,,,,,,,,,,28.132274,-82.363777,-13.761395,0.142899,42.841385,0.000000,1
206.100000,,,,,,,,,,,,,,28.132274,-82.363776,-13.750634,0.123054,42.841385,0.000000,1
206.200000,,,,,,,,,,,,,,28.132275,-82.363776,-13.737890,0.110082,42.841385,0.000000,1
206.300000,,,,,,,,,,,,,,28.132275,-82.363776,-13.719952,0.115108,42.841385,0.000000,1
206.400000,,,,,,,,,,,,,,28.132275,-82.363776,-13.702014,0.120134,42.841385,0.000000,1
206.500000,,,,,,,,,,,,,,28.132275,-82.363776,-13.684076,0.125160,42.841385,0.000000,1
206.600000,,,,,,,,,,,,,,28.132275,-82.363776,-13.666139,0.130186,42.841385,0.000000,1
206.700000,,,,,,,,,,,,,,28.132275,-82.363776,-13.648201,0.135212,42.841385,0.000000,1
206.800000,,,,,,,,,,,,,,28.132275,-82.363776,-13.630263,0.140238,42.841385,0.000000,1
206.900000,,,,,,,,,,,,,,28.132275,-82.363776,-13.612325,0.145264,42.841385,0.000000,1
207.000000,,,,,,,,,,,,,,28.132275,-82.363776,-13.594388,0.150290,42.841385,0.000000,1
207.100000,,,,,,,,,,,,,,28.132275,-82.363776,-13.576450,0.155316,42.841385,0.000000,1
207.200000,,,,,,,,,,,,,,28.132275,-82.363776,-13.541061,0.164294,42.841385,0.000000,1
207.300000,,,,,,,,,,,,,,28.132275,-82.363775,-13.462357,0.183083,42.841385,0.000000,1
207.400000,,,,,,,,,,,,,,28.132274,-82.363775,-13.383652,0.201871,42.841385,0.000000,1
207.500000,,,,,,,,,,,,,,28.132274,-82.363775,-13.304948,0.220660,42.841385,0.000000,1
207.600000,,,,,,,,,,,,,,28.132274,-82.363774,-13.226243,0.239448,42.841385,0.000000,1
207.700000,,,,,,,,,,,,,,28.132273,-82.363774,-13.147538,0.258237,42.841385,0.000000,1
207.800000,,,,,,,,,,,,,,28.132273,-82.363773,-13.068834,0.277025,42.841385,0.000000,1
207.900000,,,,,,,,,,,,,,28.132273,-82.363773,-12.990129,0.295814,42.841385,0.000000,1
208.000000,,,,,,,,,,,,,,28.132273,-82.363772,-12.911424,0.314602,42.841385,0.000000,1
208.100000,,,,,,,,,,,,,,28.132272,-82.363772,-12.832720,0.333391,42.841385,0.000000,1
208.200000,,,,,,,,,,,,,,28.132272,-82.363771,-12.794450,0.389318,42.938406,0.000000,1
208.300000,,,,,,,,,,,,,,28.132273,-82.363770,-12.883023,0.561749,43.339783,0.000000,1
208.400000,,,,,,,,,,,,,,28.132274,-82.363769,-12.971596,0.734180,43.741160,0.000000,1
208.500000,,,,,,,,,,,,,,28.132274,-82.363767,-13.060169,0.906611,44.142537,0.000000,1
208.600000,,,,,,,,,,,,,,28.132275,-82.363766,-13.148742,1.079042,44.543914,0.000000,1
208.700000,,,,,,,,,,,,,,28.132276,-82.363764,-13.237315,1.251473,44.945291,0.000000,1
208.800000,,,,,,,,,,,,,,28.132276,-82.363763,-13.325888,1.423904,45.346668,0.000000,1
208.900000,,,,,,,,,,,,,,28.132277,-82.363762,-13.414461,1.596335,45.748045,0.000000,1
209.000000,,,,,,,,,,,,,,28.132278,-82.363760,-13.503034,1.768766,46.149422,0.000000,1
209.100000,,,,,,,,,,,,,,28.132278,-82.363759,-13.591607,1.941197,46.550799,0.000000,1
209.200000,,,,,,,,,,,,,,28.132279,-82.363757,-13.662802,2.117483,46.809015,0.000000,1
209.300000,,,,,,,,,,,,,,28.132282,-82.363755,-13.687708,2.304037,46.685891,0.000000,1
209.400000,,,,,,,,,,,,,,28.132284,-82.363752,-13.712613,2.490591,46.562768,0.000000,1
209.500000,,,,,,,,,,,,,,28.132286,-82.363750,-13.737519,2.677145,46.439644,0.000000,1
209.600000,,,,,,,,,,,,,,28.132288,-82.363747,-13.762424,2.863699,46.316521,0.000000,1
209.700000,,,,,,,,,,,,,,28.132290,-82.363745,-13.787330,3.050254,46.193397,0.000000,1
209.800000,,,,,,,,,,,,,,28.132293,-82.363742,-13.812236,3.236808,46.070274,0.000000,1
209.900000,,,,,,,,,,,,,,28.132295,-82.363740,-13.837141,3.423362,45.947150,0.000000,1
210.000000,,,,,,,,,,,,,,28.132297,-82.363738,-13.862047,3.609916,45.824027,0.000000,1
210.100000,,,,,,,,,,,,,,28.132299,-82.363735,-13.886953,3.796470,45.700903,0.000000,1
210.200000,,,,,,,,,,,,,,28.132302,-82.363732,-13.867919,3.990803,45.532911,0.000000,1
210.300000,,,,,,,,,,,,,,28.132305,-82.363728,-13.720263,4.207907,45.233577,0.000000,1
210.400000,,,,,,,,,,,,,,28.132307,-82.363724,-13.572608,4.425010,44.934243,0.000000,1
210.500000,,,,,,,,,,,,,,28.132310,-82.363720,-13.424953,4.642114,44.634909,0.000000,1
210.600000,,,,,,,,,,,,,,28.132313,-82.363716,-13.277297,4.859218,44.335575,0.000000,1
210.700000,,,,,,,,,,,,,,28.132316,-82.363712,-13.129642,5.076322,44.036240,0.000000,1
210.800000,,,,,,,,,,,,,,28.132319,-82.363709,-12.981986,5.293426,43.736906,0.000000,1
210.900000,,,,,,,,,,,,,,28.132321,-82.363705,-12.834331,5.510529,43.437572,0.000000,1
211.000000,,,,,,,,,,,,,,28.132324,-82.363701,-12.686675,5.727633,43.138238,0.000000,1
211.100000,,,,,,,,,,,,,,28.132327,-82.363697,-12.539020,5.944737,42.838904,0.000000,1
211.200000,,,,,,,,,,,,,,28.132330,-82.363693,-12.447787,6.133658,42.643444,0.000000,1
211.300000,,,,,,,,,,,,,,28.132335,-82.363689,-12.478013,6.261914,42.671585,0.000000,1
211.400000,,,,,,,,,,,,,,28.132340,-82.363684,-12.508238,6.390169,42.699726,0.000000,1
211.500000,,,,,,,,,,,,,,28.132345,-82.363680,-12.538463,6.518424,42.727867,0.000000,1
211.600000,,,,,,,,,,,,,,28.132350,-82.363676,-12.568688,6.646679,42.756008,0.000000,1
211.700000,,,,,,,,,,,,,,28.132354,-82.363672,-12.598913,6.774934,42.784149,0.000000,1
211.800000,,,,,,,,,,,,,,28.132359,-82.363668,-12.629138,6.903190,42.812290,0.000000,1
211.900000,,,,,,,,,,,,,,28.132364,-82.363664,-12.659364,7.031445,42.840431,0.000000,1
212.000000,,,,,,,,,,,,,,28.132369,-82.363659,-12.689589,7.159700,42.868572,0.000000,1
212.100000,,,,,,,,,,,,,,28.132374,-82.363655,-12.719814,7.287955,42.896713,0.000000,1
212.200000,,,,,,,,,,,,,,28.132378,-82.363651,-12.747513,7.413381,42.934179,0.000000,1
212.300000,,,,,,,,,,,,,,28.132383,-82.363645,-12.767443,7.530102,43.000326,0.000000,1
212.400000,,,,,,,,,,,,,,28.132388,-82.363639,-12.787373,7.646824,43.066473,0.000000,1
212.500000,,,,,,,,,,,,,,28.132393,-82.363634,-12.807303,7.763546,43.132620,0.000000,1
212.600000,,,,,,,,,,,,,,28.132398,-82.363628,-12.827233,7.880267,43.198767,0.000000,1
212.700000,,,,,,,,,,,,,,28.132403,-82.363622,-12.847163,7.996989,43.264914,0.000000,1
212.800000,,,,,,,,,,,,,,28.132408,-82.363617,-12.867093,8.113711,43.331061,0.000000,1
212.900000,,,,,,,,,,,,,,28.132413,-82.363611,-12.887023,8.230432,43.397207,0.000000,1
213.000000,,,,,,,,,,,,,,28.132417,-82.363605,-12.906953,8.347154,43.463354,0.000000,1
213.100000,,,,,,,,,,,,,,28.132422,-82.363599,-12.926883,8.463876,43.529501,0.000000,1
213.200000,,,,,,,,,,,,,,28.132428,-82.363594,-12.939118,8.566152,43.540908,0.000000,1
213.300000,,,,,,,,,,,,,,28.132434,-82.363588,-12.935568,8.638796,43.440019,0.000000,1
213.400000,,,,,,,,,,,,,,28.132440,-82.363582,-12.932018,8.711440,43.339130,0.000000,1
213.500000,,,,,,,,,,,,,,28.132447,-82.363576,-12.928467,8.784083,43.238241,0.000000,1
213.600000,,,,,,,,,,,,,,28.132453,-82.363569,-12.924917,8.856727,43.137351,0.000000,1
213.700000,,,,,,,,,,,,,,28.132459,-82.363563,-12.921367,8.929371,43.036462,0.000000,1
213.800000,,,,,,,,,,,,,,28.132465,-82.363557,-12.917817,9.002014,42.935573,0.000000,1
213.900000,,,,,,,,,,,,,,28.132472,-82.363551,-12.914266,9.074658,42.834684,0.000000,1
214.000000,,,,,,,,,,,,,,28.132478,-82.363545,-12.910716,9.147301,42.733795,0.000000,1
214.100000,,,,,,,,,,,,,,28.132484,-82.363539,-12.907166,9.219945,42.632906,0.000000,1
214.200000,,,,,,,,,,,,,,28.132491,-82.363533,-12.915426,9.291773,42.571589,0.000000,1
214.300000,,,,,,,,,,,,,,28.132496,-82.363526,-12.961300,9.361003,42.636300,0.000000,1
214.400000,,,,,,,,,,,,,,28.132502,-82.363519,-13.007174,9.430233,42.701012,0.000000,1
214.500000,,,,,,,,,,,,,,28.132508,-82.363513,-13.053048,9.499463,42.765723,0.000000,1
214.600000,,,,,,,,,,,,,,28.132514,-82.363506,-13.098922,9.568693,42.830434,0.000000,1
214.700000,,,,,,,,,,,,,,28.132520,-82.363499,-13.144796,9.637923,42.895145,0.000000,1
214.800000,,,,,,,,,,,,,,28.132525,-82.363492,-13.190669,9.707153,42.959856,0.000000,1
214.900000,,,,,,,,,,,,,,28.132531,-82.363486,-13.236543,9.776383,43.024567,0.000000,1
215.000000,,,,,,,,,,,,,,28.132537,-82.363479,-13.282417,9.845613,43.089279,0.000000,1
215.100000,,,,,,,,,,,,,,28.132543,-82.363472,-13.328291,9.914843,43.153990,0.000000,1
215.200000,,,,,,,,,,,,,,28.132549,-82.363465,-13.374519,9.995877,43.162320,0.000000,1
215.300000,,,,,,,,,,,,,,28.132557,-82.363459,-13.421638,10.106572,43.028979,0.000000,1
215.400000,,,,,,,,,,,,,,28.132565,-82.363452,-13.468757,10.217266,42.895637,0.000000,1
215.500000,,,,,,,,,,,,,,28.132573,-82.363445,-13.515876,10.327961,42.762295,0.000000,1
215.600000,,,,,,,,,,,,,,28.132581,-82.363438,-13.562995,10.438655,42.628954,0.000000,1
215.700000,,,,,,,,,,,,,,28.132588,-82.363432,-13.610114,10.549350,42.495612,0.000000,1
215.800000,,,,,,,,,,,,,,28.132596,-82.363425,-13.657233,10.660044,42.362271,0.000000,1
215.900000,,,,,,,,,,,,,,28.132604,-82.363418,-13.704352,10.770739,42.228929,0.000000,1
216.000000,,,,,,,,,,,,,,28.132612,-82.363411,-13.751471,10.881434,42.095587,0.000000,1
216.100000,,,,,,,,,,,,,,28.132620,-82.363405,-13.798589,10.992128,41.962246,0.000000,1
216.200000,,,,,,,,,,,,,,28.132628,-82.363398,-13.838917,11.096020,41.852220,0.000000,1
216.300000,,,,,,,,,,,,,,28.132635,-82.363390,-13.858007,11.178638,41.815116,0.000000,1
216.400000,,,,,,,,,,,,,,28.132643,-82.363382,-13.877097,11.261255,41.778012,0.000000,1
216.500000,,,,,,,,,,,,,,28.132651,-82.363374,-13.896186,11.343873,41.740908,0.000000,1
216.600000,,,,,,,,,,,,,,28.132659,-82.363367,-13.915276,11.426491,41.703804,0.000000,1
216.700000,,,,,,,,,,,,,,28.132666,-82.363359,-13.934366,11.509108,41.666700,0.000000,1
216.800000,,,,,,,,,,,,,,28.132674,-82.363351,-13.953456,11.591726,41.629596,0.000000,1
216.900000,,,,,,,,,,,,,,28.132682,-82.363343,-13.972545,11.674343,41.592492,0.000000,1
217.000000,,,,,,,,,,,,,,28.132690,-82.363336,-13.991635,11.756961,41.555388,0.000000,1
217.100000,,,,,,,,,,,,,,28.132697,-82.363328,-14.010725,11.839578,41.518284,0.000000,1
217.200000,,,,,,,,,,,,,,28.132705,-82.363320,-14.033705,11.920452,41.486155,0.000000,1
217.300000,,,,,,,,,,,,,,28.132714,-82.363312,-14.064707,11.997730,41.464286,0.000000,1
217.400000,,,,,,,,,,,,,,28.132722,-82.363304,-14.095709,12.075008,41.442417,0.000000,1
217.500000,,,,,,,,,,,,,,28.132731,-82.363296,-14.126712,12.152287,41.420547,0.000000,1
217.600000,,,,,,,,,,,,,,28.132740,-82.363288,-14.157714,12.229565,41.398678,0.000000,1
217.700000,,,,,,,,,,,,,,28.132748,-82.363281,-14.188716,12.306843,41.376809,0.000000,1
217.800000,,,,,,,,,,,,,,28.132757,-82.363273,-14.219719,12.384121,41.354940,0.000000,1
217.900000,,,,,,,,,,,,,,28.132765,-82.363265,-14.250721,12.461400,41.333070,0.000000,1
218.000000,,,,,,,,,,,,,,28.132774,-82.363257,-14.281723,12.538678,41.311201,0.000000,1
218.100000,,,,,,,,,,,,,,28.132782,-82.363249,-14.312725,12.615956,41.289332,0.000000,1
218.200000,,,,,,,,,,,,,,28.132791,-82.363241,-14.341836,12.699605,41.284524,0.000000,1
218.300000,,,,,,,,,,,,,,28.132800,-82.363231,-14.364530,12.804863,41.337588,0.000000,1
218.400000,,,,,,,,,,,,,,28.132809,-82.363222,-14.387225,12.910122,41.390653,0.000000,1
218.500000,,,,,,,,,,,,,,28.132818,-82.363213,-14.409919,13.015380,41.443717,0.000000,1
218.600000,,,,,,,,,,,,,,28.132827,-82.363203,-14.432613,13.120639,41.496781,0.000000,1
218.700000,,,,,,,,,,,,,,28.132836,-82.363194,-14.455307,13.225897,41.549846,0.000000,1
218.800000,,,,,,,,,,,,,,28.132845,-82.363185,-14.478002,13.331156,41.602910,0.000000,1
218.900000,,,,,,,,,,,,,,28.132854,-82.363175,-14.500696,13.436414,41.655974,0.000000,1
219.000000,,,,,,,,,,,,,,28.132863,-82.363166,-14.523390,13.541673,41.709039,0.000000,1
219.100000,,,,,,,,,,,,,,28.132872,-82.363157,-14.546084,13.646931,41.762103,0.000000,1
219.200000,,,,,,,,,,,,,,28.132882,-82.363147,-14.569855,13.750717,41.800535,0.000000,1
219.300000,,,,,,,,,,,,,,28.132892,-82.363138,-14.597031,13.849846,41.792700,0.000000,1
219.400000,,,,,,,,,,,,,,28.132902,-82.363128,-14.624207,13.948975,41.784865,0.000000,1
219.500000,,,,,,,,,,,,,,28.132912,-82.363119,-14.651383,14.048105,41.777030,0.000000,1
219.600000,,,,,,,,,,,,,,28.132922,-82.363109,-14.678559,14.147234,41.769195,0.000000,1
219.700000,,,,,,,,,,,,,,28.132932,-82.363099,-14.705735,14.246363,41.761360,0.000000,1
219.800000,,,,,,,,,,,,,,28.132942,-82.363090,-14.732911,14.345492,41.753525,0.000000,1
219.900000,,,,,,,,,,,,,,28.132952,-82.363080,-14.760086,14.444622,41.745690,0.000000,1
220.000000,,,,,,,,,,,,,,28.132962,-82.363071,-14.787262,14.543751,41.737855,0.000000,1
220.100000,,,,,,,,,,,,,,28.132972,-82.363061,-14.814438,14.642880,41.730020,0.000000,1
220.200000,,,,,,,,,,,,,,28.132982,-82.363051,-14.834294,14.742152,41.725528,0.000000,1
220.300000,,,,,,,,,,,,,,28.132993,-82.363041,-14.825903,14.841975,41.733942,0.000000,1
220.400000,,,,,,,,,,,,,,28.133004,-82.363031,-14.817511,14.941798,41.742356,0.000000,1
220.500000,,,,,,,,,,,,,,28.133014,-82.363021,-14.809120,15.041621,41.750769,0.000000,1
220.600000,,,,,,,,,,,,,,28.133025,-82.363010,-14.800728,15.141444,41.759183,0.000000,1
220.700000,,,,,,,,,,,,,,28.133036,-82.363000,-14.792337,15.241268,41.767596,0.000000,1
220.800000,,,,,,,,,,,,,,28.133047,-82.362990,-14.783945,15.341091,41.776010,0.000000,1
220.900000,,,,,,,,,,,,,,28.133058,-82.362980,-14.775554,15.440914,41.784424,0.000000,1
221.000000,,,,,,,,,,,,,,28.133069,-82.362969,-14.767162,15.540737,41.792837,0.000000,1
221.100000,,,,,,,,,,,,,,28.133080,-82.362959,-14.758771,15.640560,41.801251,0.000000,1
221.200000,,,,,,,,,,,,,,28.133091,-82.362948,-14.747389,15.736394,41.818343,0.000000,1
221.300000,,,,,,,,,,,,,,28.133103,-82.362936,-14.724134,15.816390,41.869898,0.000000,1
221.400000,,,,,,,,,,,,,,28.133115,-82.362923,-14.700878,15.896385,41.921452,0.000000,1
221.500000,,,,,,,,,,,,,,28.133127,-82.362911,-14.677623,15.976381,41.973007,0.000000,1
221.600000,,,,,,,,,,,,,,28.133138,-82.362899,-14.654367,16.056377,42.024562,0.000000,1
221.700000,,,,,,,,,,,,,,28.133150,-82.362886,-14.631112,16.136372,42.076116,0.000000,1
221.800000,,,,,,,,,,,,,,28.133162,-82.362874,-14.607856,16.216368,42.127671,0.000000,1
221.900000,,,,,,,,,,,,,,28.133174,-82.362861,-14.584601,16.296363,42.179225,0.000000,1
222.000000,,,,,,,,,,,,,,28.133186,-82.362849,-14.561345,16.376359,42.230780,0.000000,1
222.100000,,,,,,,,,,,,,,28.133198,-82.362837,-14.537664,16.454517,42.262561,0.000000,1
222.200000,,,,,,,,,,,,,,28.133208,-82.362827,-14.512208,16.525017,42.211934,0.000000,1
222.300000,,,,,,,,,,,,,,28.133219,-82.362816,-14.486753,16.595517,42.161307,0.000000,1
222.400000,,,,,,,,,,,,,,28.133230,-82.362806,-14.461297,16.666017,42.110681,0.000000,1
222.500000,,,,,,,,,,,,,,28.133240,-82.362796,-14.435841,16.736517,42.060054,0.000000,1
222.600000,,,,,,,,,,,,,,28.133251,-82.362786,-14.410386,16.807017,42.009427,0.000000,1
222.700000,,,,,,,,,,,,,,28.133261,-82.362776,-14.384930,16.877517,41.958801,0.000000,1
222.800000,,,,,,,,,,,,,,28.133272,-82.362766,-14.359474,16.948017,41.908174,0.000000,1
222.900000,,,,,,,,,,,,,,28.133283,-82.362756,-14.334019,17.018517,41.857547,0.000000,1
223.000000,,,,,,,,,,,,,,28.133293,-82.362746,-14.308563,17.089017,41.806920,0.000000,1
223.100000,,,,,,,,,,,,,,28.133304,-82.362735,-14.283107,17.159518,41.756294,0.000000,1
223.200000,,,,,,,,,,,,,,28.133315,-82.362725,-14.245832,17.226039,41.718462,0.000000,1
223.300000,,,,,,,,,,,,,,28.133327,-82.362714,-14.151503,17.273357,41.742389,0.000000,1
223.400000,,,,,,,,,,,,,,28.133339,-82.362702,-14.057175,17.320674,41.766317,0.000000,1
223.500000,,,,,,,,,,,,,,28.133351,-82.362691,-13.962847,17.367992,41.790244,0.000000,1
223.600000,,,,,,,,,,,,,,28.133363,-82.362680,-13.868519,17.415309,41.814172,0.000000,1
223.700000,,,,,,,,,,,,,,28.133376,-82.362668,-13.774191,17.462627,41.838099,0.000000,1
223.800000,,,,,,,,,,,,,,28.133388,-82.362657,-13.679863,17.509945,41.862026,0.000000,1
223.900000,,,,,,,,,,,,,,28.133400,-82.362646,-13.585535,17.557262,41.885954,0.000000,1
224.000000,,,,,,,,,,,,,,28.133412,-82.362634,-13.491206,17.604580,41.909881,0.000000,1
224.100000,,,,,,,,,,,,,,28.133425,-82.362623,-13.396878,17.651897,41.933809,0.000000,1
224.200000,,,,,,,,,,,,,,28.133437,-82.362611,-13.290025,17.701980,41.946191,0.000000,1
224.300000,,,,,,,,,,,,,,28.133448,-82.362598,-13.131660,17.763433,41.911090,0.000000,1
224.400000,,,,,,,,,,,,,,28.133459,-82.362586,-12.973295,17.824887,41.875989,0.000000,1
224.500000,,,,,,,,,,,,,,28.133470,-82.362573,-12.814930,17.886341,41.840888,0.000000,1
224.600000,,,,,,,,,,,,,,28.133481,-82.362560,-12.656564,17.947794,41.805786,0.000000,1
224.700000,,,,,,,,,,,,,,28.133493,-82.362547,-12.498199,18.009248,41.770685,0.000000,1
224.800000,,,,,,,,,,,,,,28.133504,-82.362534,-12.339834,18.070702,41.735584,0.000000,1
224.900000,,,,,,,,,,,,,,28.133515,-82.362521,-12.181468,18.132155,41.700483,0.000000,1
225.000000,,,,,,,,,,,,,,28.133526,-82.362508,-12.023103,18.193609,41.665381,0.000000,1
225.100000,,,,,,,,,,,,,,28.133537,-82.362495,-11.864738,18.255063,41.630280,0.000000,1
225.200000,,,,,,,,,,,,,,28.133549,-82.362482,-11.784733,18.314386,41.605754,0.000000,1
225.300000,,,,,,,,,,,,,,28.133564,-82.362469,-12.009617,18.365419,41.622372,0.000000,1
225.400000,,,,,,,,,,,,,,28.133579,-82.362456,-12.234501,18.416453,41.638990,0.000000,1
225.500000,,,,,,,,,,,,,,28.133594,-82.362443,-12.459385,18.467487,41.655607,0.000000,1
225.600000,,,,,,,,,,,,,,28.133609,-82.362430,-12.684270,18.518521,41.672225,0.000000,1
225.700000,,,,,,,,,,,,,,28.133624,-82.362417,-12.909154,18.569554,41.688843,0.000000,1
225.800000,,,,,,,,,,,,,,28.133638,-82.362404,-13.134038,18.620588,41.705461,0.000000,1
225.900000,,,,,,,,,,,,,,28.133653,-82.362391,-13.358922,18.671622,41.722079,0.000000,1
226.000000,,,,,,,,,,,,,,28.133668,-82.362378,-13.583807,18.722655,41.738697,0.000000,1
226.100000,,,,,,,,,,,,,,28.133682,-82.362365,-13.773829,18.765360,41.749630,0.000000,1
226.200000,,,,,,,,,,,,,,28.133693,-82.362354,-13.857872,18.782745,41.743278,0.000000,1
226.300000,,,,,,,,,,,,,,28.133704,-82.362343,-13.941915,18.800131,41.736927,0.000000,1
226.400000,,,,,,,,,,,,,,28.133715,-82.362332,-14.025958,18.817516,41.730576,0.000000,1
226.500000,,,,,,,,,,,,,,28.133727,-82.362321,-14.110000,18.834901,41.724224,0.000000,1
226.600000,,,,,,,,,,,,,,28.133738,-82.362310,-14.194043,18.852286,41.717873,0.000000,1
226.700000,,,,,,,,,,,,,,28.133749,-82.362299,-14.278086,18.869672,41.711522,0.000000,1
226.800000,,,,,,,,,,,,,,28.133760,-82.362288,-14.362129,18.887057,41.705171,0.000000,1
226.900000,,,,,,,,,,,,,,28.133771,-82.362277,-14.446172,18.904442,41.698819,0.000000,1
227.000000,,,,,,,,,,,,,,28.133782,-82.362266,-14.530215,18.921827,41.692468,0.000000,1
227.100000,,,,,,,,,,,,,,28.133794,-82.362255,-14.614258,18.939213,41.686117,0.000000,1
227.200000,,,,,,,,,,,,,,28.133805,-82.362243,-14.671554,18.948886,41.671649,0.000000,1
227.300000,,,,,,,,,,,,,,28.133817,-82.362231,-14.620065,18.927190,41.624171,0.000000,1
227.400000,,,,,,,,,,,,,,28.133828,-82.362218,-14.568575,18.905495,41.576694,0.000000,1
227.500000,,,,,,,,,,,,,,28.133840,-82.362205,-14.517086,18.883800,41.529216,0.000000,1
227.600000,,,,,,,,,,,,,,28.133852,-82.362192,-14.465597,18.862105,41.481738,0.000000,1
227.700000,,,,,,,,,,,,,,28.133864,-82.362179,-14.414108,18.840410,41.434260,0.000000,1
227.800000,,,,,,,,,,,,,,28.133876,-82.362166,-14.362618,18.818715,41.386782,0.000000,1
227.900000,,,,,,,,,,,,,,28.133887,-82.362153,-14.311129,18.797020,41.339304,0.000000,1
228.000000,,,,,,,,,,,,,,28.133899,-82.362140,-14.259640,18.775325,41.291827,0.000000,1
228.100000,,,,,,,,,,,,,,28.133911,-82.362127,-14.208151,18.753630,41.244349,0.000000,1
228.200000,,,,,,,,,,,,,,28.133923,-82.362115,-14.165944,18.724199,41.209185,0.000000,1
228.300000,,,,,,,,,,,,,,28.133936,-82.362103,-14.153270,18.670154,41.213199,0.000000,1
228.400000,,,,,,,,,,,,,,28.133949,-82.362090,-14.140596,18.616109,41.217213,0.000000,1
228.500000,,,,,,,,,,,,,,28.133961,-82.362078,-14.127921,18.562064,41.221228,0.000000,1
228.600000,,,,,,,,,,,,,,28.133974,-82.362066,-14.115247,18.508019,41.225242,0.000000,1
228.700000,,,,,,,,,,,,,,28.133987,-82.362054,-14.102573,18.453975,41.229256,0.000000,1
228.800000,,,,,,,,,,,,,,28.134000,-82.362042,-14.089899,18.399930,41.233270,0.000000,1
228.900000,,,,,,,,,,,,,,28.134013,-82.362030,-14.077225,18.345885,41.237284,0.000000,1
229.000000,,,,,,,,,,,,,,28.134026,-82.362018,-14.064551,18.291840,41.241298,0.000000,1
229.100000,,,,,,,,,,,,,,28.134038,-82.362006,-14.051877,18.237795,41.245312,0.000000,1
229.200000,,,,,,,,,,,,,,28.134051,-82.361994,-14.042692,18.189812,41.249795,0.000000,1
229.300000,,,,,,,,,,,,,,28.134064,-82.361982,-14.044799,18.161443,41.255792,0.000000,1
229.400000,,,,,,,,,,,,,,28.134076,-82.361970,-14.046906,18.133075,41.261790,0.000000,1
229.500000,,,,,,,,,,,,,,28.134088,-82.361959,-14.049013,18.104706,41.267788,0.000000,1
229.600000,,,,,,,,,,,,,,28.134101,-82.361947,-14.051119,18.076338,41.273786,0.000000,1
229.700000,,,,,,,,,,,,,,28.134113,-82.361935,-14.053226,18.047969,41.279784,0.000000,1
229.800000,,,,,,,,,,,,,,28.134126,-82.361923,-14.055333,18.019601,41.285782,0.000000,1
229.900000,,,,,,,,,,,,,,28.134138,-82.361911,-14.057440,17.991233,41.291779,0.000000,1
230.000000,,,,,,,,,,,,,,28.134150,-82.361899,-14.059547,17.962864,41.297777,0.000000,1
230.100000,,,,,,,,,,,,,,28.134163,-82.361888,-14.061654,17.934496,41.303775,0.000000,1
230.200000,,,,,,,,,,,,,,28.134175,-82.361876,-14.066525,17.890068,41.300534,0.000000,1
230.300000,,,,,,,,,,,,,,28.134187,-82.361864,-14.083161,17.777285,41.257967,0.000000,1
230.400000,,,,,,,,,,,,,,28.134199,-82.361853,-14.099798,17.664502,41.215400,0.000000,1
230.500000,,,,,,,,,,,,,,28.134211,-82.361841,-14.116434,17.551719,41.172834,0.000000,1
230.600000,,,,,,,,,,,,,,28.134222,-82.361830,-14.133071,17.438936,41.130267,0.000000,1
230.700000,,,,,,,,,,,,,,28.134234,-82.361818,-14.149707,17.326153,41.087700,0.000000,1
230.800000,,,,,,,,,,,,,,28.134246,-82.361807,-14.166344,17.213370,41.045133,0.000000,1
230.900000,,,,,,,,,,,,,,28.134258,-82.361795,-14.182980,17.100587,41.002566,0.000000,1
231.000000,,,,,,,,,,,,,,28.134270,-82.361784,-14.199617,16.987804,40.959999,0.000000,1
231.100000,,,,,,,,,,,,,,28.134281,-82.361773,-14.216253,16.875021,40.917433,0.000000,1
231.200000,,,,,,,,,,,,,,28.134293,-82.361761,-14.230165,16.737998,40.876551,0.000000,1
231.300000,,,,,,,,,,,,,,28.134305,-82.361749,-14.233530,16.507109,40.842194,0.000000,1
231.400000,,,,,,,,,,,,,,28.134316,-82.361737,-14.236894,16.276220,40.807838,0.000000,1
231.500000,,,,,,,,,,,,,,28.134328,-82.361726,-14.240258,16.045331,40.773481,0.000000,1
231.600000,,,,,,,,,,,,,,28.134339,-82.361714,-14.243622,15.814442,40.739125,0.000000,1
231.700000,,,,,,,,,,,,,,28.134351,-82.361702,-14.246987,15.583553,40.704769,0.000000,1
231.800000,,,,,,,,,,,,,,28.134362,-82.361690,-14.250351,15.352665,40.670412,0.000000,1
231.900000,,,,,,,,,,,,,,28.134374,-82.361678,-14.253715,15.121776,40.636056,0.000000,1
232.000000,,,,,,,,,,,,,,28.134385,-82.361666,-14.257079,14.890887,40.601699,0.000000,1
232.100000,,,,,,,,,,,,,,28.134396,-82.361656,-14.273256,14.650912,40.590622,0.000000,1
232.200000,,,,,,,,,,,,,,28.134404,-82.361648,-14.331299,14.381247,40.655608,0.000000,1
232.300000,,,,,,,,,,,,,,28.134412,-82.361640,-14.389341,14.111582,40.720594,0.000000,1
232.400000,,,,,,,,,,,,,,28.134420,-82.361632,-14.447384,13.841917,40.785580,0.000000,1
232.500000,,,,,,,,,,,,,,28.134427,-82.361625,-14.505426,13.572252,40.850565,0.000000,1
232.600000,,,,,,,,,,,,,,28.134435,-82.361617,-14.563468,13.302587,40.915551,0.000000,1
232.700000,,,,,,,,,,,,,,28.134443,-82.361609,-14.621511,13.032922,40.980537,0.000000,1
232.800000,,,,,,,,,,,,,,28.134451,-82.361602,-14.679553,12.763257,41.045523,0.000000,1
232.900000,,,,,,,,,,,,,,28.134459,-82.361594,-14.737596,12.493592,41.110509,0.000000,1
233.000000,,,,,,,,,,,,,,28.134467,-82.361586,-14.795638,12.223927,41.175495,0.000000,1
233.100000,,,,,,,,,,,,,,28.134475,-82.361578,-14.853680,11.954262,41.240480,0.000000,1
233.200000,,,,,,,,,,,,,,28.134482,-82.361571,-14.894244,11.684912,41.299488,0.000000,1
233.300000,,,,,,,,,,,,,,28.134489,-82.361563,-14.851766,11.417064,41.330090,0.000000,1
233.400000,,,,,,,,,,,,,,28.134496,-82.361555,-14.809288,11.149216,41.360692,0.000000,1
233.500000,,,,,,,,,,,,,,28.134502,-82.361548,-14.766810,10.881368,41.391295,0.000000,1
233.600000,,,,,,,,,,,,,,28.134509,-82.361540,-14.724331,10.613520,41.421897,0.000000,1
233.700000,,,,,,,,,,,,,,28.134515,-82.361532,-14.681853,10.345672,41.452499,0.000000,1
233.800000,,,,,,,,,,,,,,28.134522,-82.361525,-14.639375,10.077824,41.483101,0.000000,1
233.900000,,,,,,,,,,,,,,28.134529,-82.361517,-14.596896,9.809976,41.513704,0.000000,1
234.000000,,,,,,,,,,,,,,28.134535,-82.361509,-14.554418,9.542128,41.544306,0.000000,1
234.100000,,,,,,,,,,,,,,28.134542,-82.361502,-14.511940,9.274280,41.574908,0.000000,1
234.200000,,,,,,,,,,,,,,28.134548,-82.361495,-14.476456,9.013953,41.498925,0.000000,1
234.300000,,,,,,,,,,,,,,28.134554,-82.361490,-14.462809,8.777112,41.090135,0.000000,1
234.400000,,,,,,,,,,,,,,28.134559,-82.361485,-14.449163,8.540271,40.681345,0.000000,1
234.500000,,,,,,,,,,,,,,28.134565,-82.361480,-14.435517,8.303430,40.272555,0.000000,1
234.600000,,,,,,,,,,,,,,28.134570,-82.361475,-14.421871,8.066589,39.863765,0.000000,1
234.700000,,,,,,,,,,,,,,28.134576,-82.361471,-14.408225,7.829747,39.454975,0.000000,1
234.800000,,,,,,,,,,,,,,28.134582,-82.361466,-14.394579,7.592906,39.046186,0.000000,1
234.900000,,,,,,,,,,,,,,28.134587,-82.361461,-14.380932,7.356065,38.637396,0.000000,1
235.000000,,,,,,,,,,,,,,28.134593,-82.361456,-14.367286,7.119224,38.228606,0.000000,1
235.100000,,,,,,,,,,,,,,28.134598,-82.361451,-14.353640,6.882383,37.819816,0.000000,1
235.200000,,,,,,,,,,,,,,28.134603,-82.361447,-14.337396,6.649453,37.460935,0.000000,1
235.300000,,,,,,,,,,,,,,28.134608,-82.361444,-14.313342,6.428283,37.252105,0.000000,1
235.400000,,,,,,,,,,,,,,28.134612,-82.361440,-14.289288,6.207114,37.043275,0.000000,1
235.500000,,,,,,,,,,,,,,28.134616,-82.361437,-14.265234,5.985944,36.834444,0.000000,1
235.600000,,,,,,,,,,,,,,28.134621,-82.361433,-14.241180,5.764774,36.625614,0.000000,1
235.700000,,,,,,,,,,,,,,28.134625,-82.361430,-14.217125,5.543604,36.416784,0.000000,1
235.800000,,,,,,,,,,,,,,28.134629,-82.361427,-14.193071,5.322435,36.207954,0.000000,1
235.900000,,,,,,,,,,,,,,28.134634,-82.361423,-14.169017,5.101265,35.999124,0.000000,1
236.000000,,,,,,,,,,,,,,28.134638,-82.361420,-14.144963,4.880095,35.790294,0.000000,1
236.100000,,,,,,,,,,,,,,28.134642,-82.361416,-14.120909,4.658925,35.581463,0.000000,1
236.200000,,,,,,,,,,,,,,28.134646,-82.361413,-14.107002,4.450415,35.460416,0.000000,1
236.300000,,,,,,,,,,,,,,28.134648,-82.361411,-14.135715,4.295072,35.708061,0.000000,1
236.400000,,,,,,,,,,,,,,28.134650,-82.361409,-14.164427,4.139730,35.955707,0.000000,1
236.500000,,,,,,,,,,,,,,28.134651,-82.361406,-14.193140,3.984388,36.203353,0.000000,1
236.600000,,,,,,,,,,,,,,28.134653,-82.361404,-14.221852,3.829046,36.450999,0.000000,1
236.700000,,,,,,,,,,,,,,28.134655,-82.361402,-14.250565,3.673704,36.698645,0.000000,1
236.800000,,,,,,,,,,,,,,28.134656,-82.361399,-14.279278,3.518361,36.946291,0.000000,1
236.900000,,,,,,,,,,,,,,28.134658,-82.361397,-14.307990,3.363019,37.193937,0.000000,1
237.000000,,,,,,,,,,,,,,28.134660,-82.361395,-14.336703,3.207677,37.441582,0.000000,1
237.100000,,,,,,,,,,,,,,28.134661,-82.361392,-14.365415,3.052335,37.689228,0.000000,1
237.200000,,,,,,,,,,,,,,28.134663,-82.361390,-14.418351,2.892778,38.016874,0.000000,1
237.300000,,,,,,,,,,,,,,28.134664,-82.361390,-14.542205,2.720881,38.578745,0.000000,1
237.400000,,,,,,,,,,,,,,28.134665,-82.361389,-14.666060,2.548985,39.140616,0.000000,1
237.500000,,,,,,,,,,,,,,28.134666,-82.361388,-14.789915,2.377088,39.702487,0.000000,1
237.600000,,,,,,,,,,,,,,28.134667,-82.361387,-14.913769,2.205191,40.264359,0.000000,1
237.700000,,,,,,,,,,,,,,28.134667,-82.361386,-15.037624,2.033294,40.826230,0.000000,1
237.800000,,,,,,,,,,,,,,28.134668,-82.361385,-15.161479,1.861398,41.388101,0.000000,1
237.900000,,,,,,,,,,,,,,28.134669,-82.361385,-15.285333,1.689501,41.949972,0.000000,1
238.000000,,,,,,,,,,,,,,28.134670,-82.361384,-15.409188,1.517604,42.511843,0.000000,1
238.100000,,,,,,,,,,,,,,28.134671,-82.361383,-15.533043,1.345708,43.073714,0.000000,1
238.200000,,,,,,,,,,,,,,28.134672,-82.361382,-15.633452,1.199279,43.505726,0.000000,1
238.300000,,,,,,,,,,,,,,28.134672,-82.361381,-15.655862,1.137575,43.505726,0.000000,1
238.400000,,,,,,,,,,,,,,28.134672,-82.361380,-15.678272,1.075871,43.505726,0.000000,1
238.500000,,,,,,,,,,,,,,28.134672,-82.361379,-15.700682,1.014168,43.505726,0.000000,1
238.600000,,,,,,,,,,,,,,28.134671,-82.361378,-15.723093,0.952464,43.505726,0.000000,1
238.700000,,,,,,,,,,,,,,28.134671,-82.361377,-15.745503,0.890760,43.505726,0.000000,1
238.800000,,,,,,,,,,,,,,28.134671,-82.361376,-15.767913,0.829057,43.505726,0.000000,1
238.900000,,,,,,,,,,,,,,28.134671,-82.361376,-15.790324,0.767353,43.505726,0.000000,1
239.000000,,,,,,,,,,,,,,28.134671,-82.361375,-15.812734,0.705649,43.505726,0.000000,1
239.100000,,,,,,,,,,,,,,28.134671,-82.361374,-15.835144,0.643946,43.505726,0.000000,1
239.200000,,,,,,,,,,,,,,28.134671,-82.361373,-15.862876,0.597050,43.505726,0.000000,1
239.300000,,,,,,,,,,,,,,28.134672,-82.361372,-15.907530,0.597239,43.505726,0.000000,1
239.400000,,,,,,,,,,,,,,28.134673,-82.361371,-15.952184,0.597428,43.505726,0.000000,1
239.500000,,,,,,,,,,,,,,28.134674,-82.361371,-15.996838,0.597618,43.505726,0.000000,1
239.600000,,,,,,,,,,,,,,28.134674,-82.361370,-16.041492,0.597807,43.505726,0.000000,1
239.700000,,,,,,,,,,,,,,28.134675,-82.361369,-16.086146,0.597996,43.505726,0.000000,1
239.800000,,,,,,,,,,,,,,28.134676,-82.361369,-16.130800,0.598186,43.505726,0.000000,1
239.900000,,,,,,,,,,,,,,28.134677,-82.361368,-16.175454,0.598375,43.505726,0.000000,1
240.000000,,,,,,,,,,,,,,28.134678,-82.361367,-16.220108,0.598564,43.505726,0.000000,1
240.100000,,,,,,,,,,,,,,28.134678,-82.361367,-16.264762,0.598753,43.505726,0.000000,1
240.200000,,,,,,,,,,,,,,28.134679,-82.361366,-16.300381,0.598165,43.505726,0.000000,1
240.300000,,,,,,,,,,,,,,28.134679,-82.361366,-16.297723,0.594281,43.505726,0.000000,1
240.400000,,,,,,,,,,,,,,28.134679,-82.361365,-16.295066,0.590397,43.505726,0.000000,1
240.500000,,,,,,,,,,,,,,28.134679,-82.361365,-16.292408,0.586513,43.505726,0.000000,1
240.600000,,,,,,,,,,,,,,28.134680,-82.361365,-16.289751,0.582629,43.505726,0.000000,1
240.700000,,,,,,,,,,,,,,28.134680,-82.361365,-16.287094,0.578745,43.505726,0.000000,1
240.800000,,,,,,,,,,,,,,28.134680,-82.361365,-16.284436,0.574861,43.505726,0.000000,1
240.900000,,,,,,,,,,,,,,28.134680,-82.361364,-16.281779,0.570977,43.505726,0.000000,1
241.000000,,,,,,,,,,,,,,28.134680,-82.361364,-16.279121,0.567093,43.505726,0.000000,1
241.100000,,,,,,,,,,,,,,28.134680,-82.361364,-16.276464,0.563209,43.505726,0.000000,1
241.200000,,,,,,,,,,,,,,28.134680,-82.361364,-16.251070,0.555713,43.505726,0.000000,1
241.300000,,,,,,,,,,,,,,28.134680,-82.361363,-16.149555,0.536126,43.505726,0.000000,1
241.400000,,,,,,,,,,,,,,28.134680,-82.361363,-16.048041,0.516539,43.505726,0.000000,1
241.500000,,,,,,,,,,,,,,28.134680,-82.361362,-15.946526,0.496952,43.505726,0.000000,1
241.600000,,,,,,,,,,,,,,28.134680,-82.361362,-15.845012,0.477365,43.505726,0.000000,1
241.700000,,,,,,,,,,,,,,28.134680,-82.361361,-15.743497,0.457778,43.505726,0.000000,1
241.800000,,,,,,,,,,,,,,28.134680,-82.361361,-15.641982,0.438191,43.505726,0.000000,1
241.900000,,,,,,,,,,,,,,28.134680,-82.361360,-15.540468,0.418604,43.505726,0.000000,1
242.000000,,,,,,,,,,,,,,28.134680,-82.361360,-15.438953,0.399017,43.505726,0.000000,1
242.100000,,,,,,,,,,,,,,28.134680,-82.361360,-15.337439,0.379430,43.505726,0.000000,1
242.200000,,,,,,,,,,,,,,28.134680,-82.361359,-15.252403,0.360518,43.505726,0.000000,1
242.300000,,,,,,,,,,,,,,28.134680,-82.361358,-15.238463,0.344518,43.505726,0.000000,1
242.400000,,,,,,,,,,,,,,28.134680,-82.361358,-15.224522,0.328517,43.505726,0.000000,1
242.500000,,,,,,,,,,,,,,28.134680,-82.361357,-15.210582,0.312517,43.505726,0.000000,1
242.600000,,,,,,,,,,,,,,28.134680,-82.361356,-15.196642,0.296516,43.505726,0.000000,1
242.700000,,,,,,,,,,,,,,28.134680,-82.361356,-15.182702,0.280516,43.505726,0.000000,1
242.800000,,,,,,,,,,,,,,28.134680,-82.361355,-15.168761,0.264516,43.505726,0.000000,1
242.900000,,,,,,,,,,,,,,28.134679,-82.361354,-15.154821,0.248515,43.505726,0.000000,1
243.000000,,,,,,,,,,,,,,28.134679,-82.361353,-15.140881,0.232515,43.505726,0.000000,1
243.100000,,,,,,,,,,,,,,28.134679,-82.361353,-15.126941,0.216514,43.505726,0.000000,1
243.200000,,,,,,,,,,,,,,28.134679,-82.361352,-15.099234,0.205658,43.505726,0.000000,1
243.300000,,,,,,,,,,,,,,28.134679,-82.361352,-15.028678,0.210812,43.505726,0.000000,1
243.400000,,,,,,,,,,,,,,28.134679,-82.361352,-14.958122,0.215967,43.505726,0.000000,1
243.500000,,,,,,,,,,,,,,28.134679,-82.361352,-14.887566,0.221121,43.505726,0.000000,1
243.600000,,,,,,,,,,,,,,28.134679,-82.361352,-14.817010,0.226276,43.505726,0.000000,1
243.700000,,,,,,,,,,,,,,28.134680,-82.361351,-14.746454,0.231430,43.505726,0.000000,1
243.800000,,,,,,,,,,,,,,28.134680,-82.361351,-14.675898,0.236585,43.505726,0.000000,1
243.900000,,,,,,,,,,,,,,28.134680,-82.361351,-14.605342,0.241739,43.505726,0.000000,1
244.000000,,,,,,,,,,,,,,28.134680,-82.361351,-14.534786,0.246894,43.505726,0.000000,1
244.100000,,,,,,,,,,,,,,28.134680,-82.361351,-14.464230,0.252048,43.505726,0.000000,1
244.200000,,,,,,,,,,,,,,28.134680,-82.361351,-14.409304,0.254303,43.505726,0.000000,1
244.300000,,,,,,,,,,,,,,28.134681,-82.361351,-14.396888,0.248670,43.505726,0.000000,1
244.400000,,,,,,,,,,,,,,28.134682,-82.361350,-14.384472,0.243037,43.505726,0.000000,1
244.500000,,,,,,,,,,,,,,28.134682,-82.361350,-14.372056,0.237404,43.505726,0.000000,1
244.600000,,,,,,,,,,,,,,28.134683,-82.361350,-14.359641,0.231772,43.505726,0.000000,1
244.700000,,,,,,,,,,,,,,28.134684,-82.361350,-14.347225,0.226139,43.505726,0.000000,1
244.800000,,,,,,,,,,,,,,28.134685,-82.361350,-14.334809,0.220506,43.505726,0.000000,1
244.900000,,,,,,,,,,,,,,28.134686,-82.361350,-14.322393,0.214873,43.505726,0.000000,1
245.000000,,,,,,,,,,,,,,28.134686,-82.361350,-14.309977,0.209240,43.505726,0.000000,1
245.100000,,,,,,,,,,,,,,28.134687,-82.361349,-14.297562,0.203607,43.505726,0.000000,1
245.200000,,,,,,,,,,,,,,28.134688,-82.361349,-14.270336,0.197608,43.505726,0.000000,1
245.300000,,,,,,,,,,,,,,28.134687,-82.361349,-14.193196,0.190374,43.505726,0.000000,1
245.400000,,,,,,,,,,,,,,28.134686,-82.361350,-14.116057,0.183140,43.505726,0.000000,1
245.500000,,,,,,,,,,,,,,28.134685,-82.361350,-14.038917,0.175906,43.505726,0.000000,1
245.600000,,,,,,,,,,,,,,28.134684,-82.361350,-13.961777,0.168671,43.505726,0.000000,1
245.700000,,,,,,,,,,,,,,28.134684,-82.361350,-13.884637,0.161437,43.505726,0.000000,1
245.800000,,,,,,,,,,,,,,28.134683,-82.361350,-13.807498,0.154203,43.505726,0.000000,1
245.900000,,,,,,,,,,,,,,28.134682,-82.361350,-13.730358,0.146969,43.505726,0.000000,1
246.000000,,,,,,,,,,,,,,28.134681,-82.361350,-13.653218,0.139735,43.505726,0.000000,1
246.100000,,,,,,,,,,,,,,28.134681,-82.361350,-13.576078,0.132500,43.505726,0.000000,1
246.200000,,,,,,,,,,,,,,28.134680,-82.361350,-13.510204,0.127032,43.505726,0.000000,1
246.300000,,,,,,,,,,,,,,28.134680,-82.361350,-13.475646,0.126475,43.505726,0.000000,1
246.400000,,,,,,,,,,,,,,28.134679,-82.361350,-13.441089,0.125918,43.505726,0.000000,1
246.500000,,,,,,,,,,,,,,28.134679,-82.361349,-13.406532,0.125361,43.505726,0.000000,1
246.600000,,,,,,,,,,,,,,28.134679,-82.361349,-13.371975,0.124803,43.505726,0.000000,1
246.700000,,,,,,,,,,,,,,28.134678,-82.361349,-13.337418,0.124246,43.505726,0.000000,1
246.800000,,,,,,,,,,,,,,28.134678,-82.361349,-13.302861,0.123689,43.505726,0.000000,1
246.900000,,,,,,,,,,,,,,28.134678,-82.361349,-13.268304,0.123131,43.505726,0.000000,1
247.000000,,,,,,,,,,,,,,28.134677,-82.361349,-13.233747,0.122574,43.505726,0.000000,1
247.100000,,,,,,,,,,,,,,28.134677,-82.361349,-13.199190,0.122017,43.505726,0.000000,1
247.200000,,,,,,,,,,,,,,28.134677,-82.361348,-13.179160,0.122047,43.505726,0.000000,1
247.300000,,,,,,,,,,,,,,28.134677,-82.361348,-13.208526,0.124073,43.505726,0.000000,1
247.400000,,,,,,,,,,,,,,28.134677,-82.361348,-13.237892,0.126099,43.505726,0.000000,1
247.500000,,,,,,,,,,,,,,28.134677,-82.361347,-13.267258,0.128125,43.505726,0.000000,1
247.600000,,,,,,,,,,,,,,28.134677,-82.361347,-13.296624,0.130151,43.505726,0.000000,1
247.700000,,,,,,,,,,,,,,28.134677,-82.361347,-13.325990,0.132177,43.505726,0.000000,1
247.800000,,,,,,,,,,,,,,28.134677,-82.361346,-13.355356,0.134203,43.505726,0.000000,1
247.900000,,,,,,,,,,,,,,28.134677,-82.361346,-13.384722,0.136229,43.505726,0.000000,1
248.000000,,,,,,,,,,,,,,28.134677,-82.361346,-13.414088,0.138255,43.505726,0.000000,1
248.100000,,,,,,,,,,,,,,28.134677,-82.361345,-13.443454,0.140282,43.505726,0.000000,1
248.200000,,,,,,,,,,,,,,28.134677,-82.361345,-13.469865,0.141732,43.505726,0.000000,1
248.300000,,,,,,,,,,,,,,28.134677,-82.361345,-13.487133,0.141401,43.505726,0.000000,1
248.400000,,,,,,,,,,,,,,28.134676,-82.361345,-13.504401,0.141070,43.505726,0.000000,1
248.500000,,,,,,,,,,,,,,28.134676,-82.361345,-13.521668,0.140739,43.505726,0.000000,1
248.600000,,,,,,,,,,,,,,28.134676,-82.361345,-13.538936,0.140408,43.505726,0.000000,1
248.700000,,,,,,,,,,,,,,28.134676,-82.361344,-13.556204,0.140077,43.505726,0.000000,1
248.800000,,,,,,,,,,,,,,28.134675,-82.361344,-13.573471,0.139747,43.505726,0.000000,1
248.900000,,,,,,,,,,,,,,28.134675,-82.361344,-13.590739,0.139416,43.505726,0.000000,1
249.000000,,,,,,,,,,,,,,28.134675,-82.361344,-13.608007,0.139085,43.505726,0.000000,1
249.100000,,,,,,,,,,,,,,28.134675,-82.361344,-13.625274,0.138754,43.505726,0.000000,1
249.200000,,,,,,,,,,,,,,28.134674,-82.361344,-13.643719,0.137730,43.505726,0.000000,1
249.300000,,,,,,,,,,,,,,28.134675,-82.361344,-13.666447,0.134184,43.505726,0.000000,1
249.400000,,,,,,,,,,,,,,28.134675,-82.361344,-13.689174,0.130638,43.505726,0.000000,1
249.500000,,,,,,,,,,,,,,28.134676,-82.361343,-13.711902,0.127093,43.505726,0.000000,1
249.600000,,,,,,,,,,,,,,28.134676,-82.361343,-13.734629,0.123547,43.505726,0.000000,1
249.700000,,,,,,,,,,,,,,28.134676,-82.361343,-13.757357,0.120002,43.505726,0.000000,1
249.800000,,,,,,,,,,,,,,28.134677,-82.361343,-13.780084,0.116456,43.505726,0.000000,1
249.900000,,,,,,,,,,,,,,28.134677,-82.361343,-13.802812,0.112910,43.505726,0.000000,1
250.000000,,,,,,,,,,,,,,28.134677,-82.361343,-13.825539,0.109365,43.505726,0.000000,1
250.100000,,,,,,,,,,,,,,28.134678,-82.361342,-13.848267,0.105819,43.505726,0.000000,1
250.200000,,,,,,,,,,,,,,28.134678,-82.361342,-13.859946,0.103311,43.505726,0.000000,1
250.300000,,,,,,,,,,,,,,28.134678,-82.361342,-13.840116,0.103763,43.505726,0.000000,1
250.400000,,,,,,,,,,,,,,28.134677,-82.361342,-13.820286,0.104214,43.505726,0.000000,1
250.500000,,,,,,,,,,,,,,28.134677,-82.361342,-13.800456,0.104666,43.505726,0.000000,1
250.600000,,,,,,,,,,,,,,28.134677,-82.361342,-13.780626,0.105117,43.505726,0.000000,1
250.700000,,,,,,,,,,,,,,28.134677,-82.361341,-13.760795,0.105569,43.505726,0.000000,1
250.800000,,,,,,,,,,,,,,28.134677,-82.361341,-13.740965,0.106021,43.505726,0.000000,1
250.900000,,,,,,,,,,,,,,28.134676,-82.361341,-13.721135,0.106472,43.505726,0.000000,1
251.000000,,,,,,,,,,,,,,28.134676,-82.361341,-13.701305,0.106924,43.505726,0.000000,1
251.100000,,,,,,,,,,,,,,28.134676,-82.361341,-13.681474,0.107375,43.505726,0.000000,1
251.200000,,,,,,,,,,,,,,28.134676,-82.361341,-13.661378,0.108644,43.505726,0.000000,1
251.300000,,,,,,,,,,,,,,28.134676,-82.361341,-13.640466,0.112415,43.505726,0.000000,1
251.400000,,,,,,,,,,,,,,28.134676,-82.361341,-13.619554,0.116186,43.505726,0.000000,1
251.500000,,,,,,,,,,,,,,28.134676,-82.361341,-13.598642,0.119957,43.505726,0.000000,1
251.600000,,,,,,,,,,,,,,28.134677,-82.361341,-13.577730,0.123728,43.505726,0.000000,1
251.700000,,,,,,,,,,,,,,28.134677,-82.361341,-13.556819,0.127499,43.505726,0.000000,1
251.800000,,,,,,,,,,,,,,28.134677,-82.361341,-13.535907,0.131270,43.505726,0.000000,1
251.900000,,,,,,,,,,,,,,28.134677,-82.361341,-13.514995,0.135040,43.505726,0.000000,1
252.000000,,,,,,,,,,,,,,28.134678,-82.361341,-13.494083,0.138811,43.505726,0.000000,1
252.100000,,,,,,,,,,,,,,28.134678,-82.361341,-13.473171,0.142582,43.505726,0.000000,1
252.200000,,,,,,,,,,,,,,28.134678,-82.361342,-13.426839,0.154721,43.505726,0.000000,1
252.300000,,,,,,,,,,,,,,28.134679,-82.361342,-13.290201,0.196584,43.505726,0.000000,1
252.400000,,,,,,,,,,,,,,28.134680,-82.361342,-13.153562,0.238448,43.505726,0.000000,1
252.500000,,,,,,,,,,,,,,28.134681,-82.361342,-13.016923,0.280312,43.505726,0.000000,1
252.600000,,,,,,,,,,,,,,28.134682,-82.361343,-12.880285,0.322176,43.505726,0.000000,1
252.700000,,,,,,,,,,,,,,28.134683,-82.361343,-12.743646,0.364040,43.505726,0.000000,1
252.800000,,,,,,,,,,,,,,28.134684,-82.361343,-12.607008,0.405903,43.505726,0.000000,1
252.900000,,,,,,,,,,,,,,28.134685,-82.361344,-12.470369,0.447767,43.505726,0.000000,1
253.000000,,,,,,,,,,,,,,28.134686,-82.361344,-12.333731,0.489631,43.505726,0.000000,1
253.100000,,,,,,,,,,,,,,28.134686,-82.361344,-12.197092,0.531495,43.505726,0.000000,1
253.200000,,,,,,,,,,,,,,28.134687,-82.361344,-12.074834,0.564637,43.505726,0.000000,1
253.300000,,,,,,,,,,,,,,28.134686,-82.361343,-12.003168,0.567097,43.505726,0.000000,1
253.400000,,,,,,,,,,,,,,28.134686,-82.361342,-11.931501,0.569557,43.505726,0.000000,1
253.500000,,,,,,,,,,,,,,28.134685,-82.361340,-11.859835,0.572017,43.505726,0.000000,1
253.600000,,,,,,,,,,,,,,28.134685,-82.361339,-11.788168,0.574477,43.505726,0.000000,1
253.700000,,,,,,,,,,,,,,28.134684,-82.361337,-11.716502,0.576937,43.505726,0.000000,1
253.800000,,,,,,,,,,,,,,28.134684,-82.361336,-11.644835,0.579397,43.505726,0.000000,1
253.900000,,,,,,,,,,,,,,28.134683,-82.361335,-11.573169,0.581857,43.505726,0.000000,1
254.000000,,,,,,,,,,,,,,28.134682,-82.361333,-11.501502,0.584317,43.505726,0.000000,1
254.100000,,,,,,,,,,,,,,28.134682,-82.361332,-11.429836,0.586777,43.505726,0.000000,1
254.200000,,,,,,,,,,,,,,28.134682,-82.361331,-11.380079,0.589966,43.505726,0.000000,1
254.300000,,,,,,,,,,,,,,28.134683,-82.361330,-11.396790,0.595369,43.505726,0.000000,1
254.400000,,,,,,,,,,,,,,28.134684,-82.361329,-11.413500,0.600772,43.505726,0.000000,1
254.500000,,,,,,,,,,,,,,28.134685,-82.361328,-11.430211,0.606175,43.505726,0.000000,1
254.600000,,,,,,,,,,,,,,28.134686,-82.361327,-11.446921,0.611578,43.505726,0.000000,1
254.700000,,,,,,,,,,,,,,28.134687,-82.361326,-11.463632,0.616981,43.505726,0.000000,1
254.800000,,,,,,,,,,,,,,28.134688,-82.361325,-11.480342,0.622384,43.505726,0.000000,1
254.900000,,,,,,,,,,,,,,28.134689,-82.361324,-11.497053,0.627787,43.505726,0.000000,1
255.000000,,,,,,,,,,,,,,28.134690,-82.361323,-11.513763,0.633190,43.505726,0.000000,1
255.100000,,,,,,,,,,,,,,28.134691,-82.361322,-11.530474,0.638592,43.505726,0.000000,1
255.200000,,,,,,,,,,,,,,28.134692,-82.361321,-11.520954,0.643936,43.505726,0.000000,1
255.300000,,,,,,,,,,,,,,28.134692,-82.361320,-11.421613,0.649079,43.505726,0.000000,1
255.400000,,,,,,,,,,,,,,28.134692,-82.361319,-11.322272,0.654222,43.505726,0.000000,1
255.500000,,,,,,,,,,,,,,28.134692,-82.361318,-11.222931,0.659364,43.505726,0.000000,1
255.600000,,,,,,,,,,,,,,28.134692,-82.361317,-11.123591,0.664507,43.505726,0.000000,1
255.700000,,,,,,,,,,,,,,28.134692,-82.361316,-11.024250,0.669650,43.505726,0.000000,1
255.800000,,,,,,,,,,,,,,28.134692,-82.361315,-10.924909,0.674792,43.505726,0.000000,1
255.900000,,,,,,,,,,,,,,28.134692,-82.361314,-10.825568,0.679935,43.505726,0.000000,1
256.000000,,,,,,,,,,,,,,28.134692,-82.361313,-10.726227,0.685077,43.505726,0.000000,1
256.100000,,,,,,,,,,,,,,28.134692,-82.361312,-10.626887,0.690220,43.505726,0.000000,1
256.200000,,,,,,,,,,,,,,28.134692,-82.361312,-10.579064,0.683904,43.505726,0.000000,1
256.300000,,,,,,,,,,,,,,28.134692,-82.361311,-10.686413,0.643076,43.505726,0.000000,1
256.400000,,,,,,,,,,,,,,28.134692,-82.361311,-10.793761,0.602248,43.505726,0.000000,1
256.500000,,,,,,,,,,,,,,28.134692,-82.361311,-10.901109,0.561420,43.505726,0.000000,1
256.600000,,,,,,,,,,,,,,28.134693,-82.361311,-11.008458,0.520592,43.505726,0.000000,1
256.700000,,,,,,,,,,,,,,28.134693,-82.361311,-11.115806,0.479764,43.505726,0.000000,1
256.800000,,,,,,,,,,,,,,28.134693,-82.361311,-11.223154,0.438936,43.505726,0.000000,1
256.900000,,,,,,,,,,,,,,28.134693,-82.361311,-11.330502,0.398108,43.505726,0.000000,1
257.000000,,,,,,,,,,,,,,28.134693,-82.361311,-11.437851,0.357280,43.505726,0.000000,1
257.100000,,,,,,,,,,,,,,28.134693,-82.361311,-11.545199,0.316452,43.505726,0.000000,1
257.200000,,,,,,,,,,,,,,28.134694,-82.361311,-11.666632,0.284960,43.505726,0.000000,1
257.300000,,,,,,,,,,,,,,28.134694,-82.361311,-11.831951,0.282558,43.505726,0.000000,1
257.400000,,,,,,,,,,,,,,28.134694,-82.361311,-11.997271,0.280157,43.505726,0.000000,1
257.500000,,,,,,,,,,,,,,28.134694,-82.361312,-12.162591,0.277756,43.505726,0.000000,1
257.600000,,,,,,,,,,,,,,28.134695,-82.361312,-12.327910,0.275354,43.505726,0.000000,1
257.700000,,,,,,,,,,,,,,28.134695,-82.361312,-12.493230,0.272953,43.505726,0.000000,1
257.800000,,,,,,,,,,,,,,28.134695,-82.361313,-12.658550,0.270551,43.505726,0.000000,1
257.900000,,,,,,,,,,,,,,28.134695,-82.361313,-12.823869,0.268150,43.505726,0.000000,1
258.000000,,,,,,,,,,,,,,28.134695,-82.361313,-12.989189,0.265748,43.505726,0.000000,1
258.100000,,,,,,,,,,,,,,28.134696,-82.361313,-13.154509,0.263347,43.505726,0.000000,1
258.200000,,,,,,,,,,,,,,28.134696,-82.361314,-13.291091,0.261940,43.505726,0.000000,1
258.300000,,,,,,,,,,,,,,28.134695,-82.361314,-13.330780,0.263888,43.505726,0.000000,1
258.400000,,,,,,,,,,,,,,28.134695,-82.361314,-13.370469,0.265835,43.505726,0.000000,1
258.500000,,,,,,,,,,,,,,28.134695,-82.361314,-13.410158,0.267782,43.505726,0.000000,1
258.600000,,,,,,,,,,,,,,28.134695,-82.361314,-13.449847,0.269729,43.505726,0.000000,1
258.700000,,,,,,,,,,,,,,28.134694,-82.361315,-13.489536,0.271676,43.505726,0.000000,1
258.800000,,,,,,,,,,,,,,28.134694,-82.361315,-13.529224,0.273624,43.505726,0.000000,1
258.900000,,,,,,,,,,,,,,28.134694,-82.361315,-13.568913,0.275571,43.505726,0.000000,1
259.000000,,,,,,,,,,,,,,28.134693,-82.361315,-13.608602,0.277518,43.505726,0.000000,1
259.100000,,,,,,,,,,,,,,28.134693,-82.361315,-13.648291,0.279465,43.505726,0.000000,1
259.200000,,,,,,,,,,,,,,28.134693,-82.361315,-13.675905,0.283966,43.505726,0.000000,1
259.300000,,,,,,,,,,,,,,28.134692,-82.361315,-13.647321,0.300354,43.505726,0.000000,1
259.400000,,,,,,,,,,,,,,28.134692,-82.361314,-13.618736,0.316742,43.505726,0.000000,1
259.500000,,,,,,,,,,,,,,28.134692,-82.361313,-13.590151,0.333130,43.505726,0.000000,1
259.600000,,,,,,,,,,,,,,28.134692,-82.361312,-13.561567,0.349517,43.505726,0.000000,1
259.700000,,,,,,,,,,,,,,28.134691,-82.361311,-13.532982,0.365905,43.505726,0.000000,1
259.800000,,,,,,,,,,,,,,28.134691,-82.361310,-13.504397,0.382293,43.505726,0.000000,1
259.900000,,,,,,,,,,,,,,28.134691,-82.361310,-13.475813,0.398681,43.505726,0.000000,1
260.000000,,,,,,,,,,,,,,28.134691,-82.361309,-13.447228,0.415068,43.505726,0.000000,1
260.100000,,,,,,,,,,,,,,28.134691,-82.361308,-13.418643,0.431456,43.505726,0.000000,1
260.200000,,,,,,,,,,,,,,28.134691,-82.361307,-13.407821,0.446690,43.505726,0.000000,1
260.300000,,,,,,,,,,,,,,28.134691,-82.361307,-13.452662,0.458305,43.505726,0.000000,1
260.400000,,,,,,,,,,,,,,28.134692,-82.361307,-13.497503,0.469921,43.505726,0.000000,1
260.500000,,,,,,,,,,,,,,28.134692,-82.361307,-13.542343,0.481537,43.505726,0.000000,1
260.600000,,,,,,,,,,,,,,28.134693,-82.361307,-13.587184,0.493153,43.505726,0.000000,1
260.700000,,,,,,,,,,,,,,28.134694,-82.361306,-13.632025,0.504769,43.505726,0.000000,1
260.800000,,,,,,,,,,,,,,28.134694,-82.361306,-13.676866,0.516385,43.505726,0.000000,1
260.900000,,,,,,,,,,,,,,28.134695,-82.361306,-13.721706,0.528001,43.505726,0.000000,1
261.000000,,,,,,,,,,,,,,28.134695,-82.361306,-13.766547,0.539616,43.505726,0.000000,1
261.100000,,,,,,,,,,,,,,28.134696,-82.361306,-13.811388,0.551232,43.505726,0.000000,1
261.200000,,,,,,,,,,,,,,28.134697,-82.361306,-13.842792,0.562048,43.505726,0.000000,1
261.300000,,,,,,,,,,,,,,28.134698,-82.361305,-13.808392,0.568945,43.505726,0.000000,1
261.400000,,,,,,,,,,,,,,28.134698,-82.361305,-13.773991,0.575842,43.505726,0.000000,1
261.500000,,,,,,,,,,,,,,28.134699,-82.361305,-13.739591,0.582739,43.505726,0.000000,1
261.600000,,,,,,,,,,,,,,28.134700,-82.361305,-13.705190,0.589636,43.505726,0.000000,1
261.700000,,,,,,,,,,,,,,28.134701,-82.361304,-13.670790,0.596534,43.505726,0.000000,1
261.800000,,,,,,,,,,,,,,28.134702,-82.361304,-13.636390,0.603431,43.505726,0.000000,1
261.900000,,,,,,,,,,,,,,28.134703,-82.361304,-13.601989,0.610328,43.505726,0.000000,1
262.000000,,,,,,,,,,,,,,28.134704,-82.361304,-13.567589,0.617225,43.505726,0.000000,1
262.100000,,,,,,,,,,,,,,28.134705,-82.361303,-13.533188,0.624122,43.505726,0.000000,1
262.200000,,,,,,,,,,,,,,28.134705,-82.361303,-13.489842,0.629557,43.505726,0.000000,1
262.300000,,,,,,,,,,,,,,28.134706,-82.361302,-13.399288,0.627275,43.505726,0.000000,1
262.400000,,,,,,,,,,,,,,28.134706,-82.361302,-13.308734,0.624993,43.505726,0.000000,1
262.500000,,,,,,,,,,,,,,28.134706,-82.361301,-13.218180,0.622712,43.505726,0.000000,1
262.600000,,,,,,,,,,,,,,28.134707,-82.361300,-13.127626,0.620430,43.505726,0.000000,1
262.700000,,,,,,,,,,,,,,28.134707,-82.361300,-13.037072,0.618148,43.505726,0.000000,1
262.800000,,,,,,,,,,,,,,28.134708,-82.361299,-12.946517,0.615866,43.505726,0.000000,1
262.900000,,,,,,,,,,,,,,28.134708,-82.361299,-12.855963,0.613584,43.505726,0.000000,1
263.000000,,,,,,,,,,,,,,28.134708,-82.361298,-12.765409,0.611303,43.505726,0.000000,1
263.100000,,,,,,,,,,,,,,28.134709,-82.361297,-12.674855,0.609021,43.505726,0.000000,1
263.200000,,,,,,,,,,,,,,28.134709,-82.361297,-12.639655,0.604119,43.505726,0.000000,1
263.300000,,,,,,,,,,,,,,28.134710,-82.361297,-12.802313,0.589852,43.505726,0.000000,1
263.400000,,,,,,,,,,,,,,28.134711,-82.361297,-12.964971,0.575586,43.505726,0.000000,1
263.500000,,,,,,,,,,,,,,28.134712,-82.361297,-13.127629,0.561319,43.505726,0.000000,1
263.600000,,,,,,,,,,,,,,28.134713,-82.361298,-13.290287,0.547053,43.505726,0.000000,1
263.700000,,,,,,,,,,,,,,28.134714,-82.361298,-13.452945,0.532786,43.505726,0.000000,1
263.800000,,,,,,,,,,,,,,28.134715,-82.361298,-13.615603,0.518519,43.505726,0.000000,1
263.900000,,,,,,,,,,,,,,28.134715,-82.361298,-13.778261,0.504253,43.505726,0.000000,1
264.000000,,,,,,,,,,,,,,28.134716,-82.361298,-13.940920,0.489986,43.505726,0.000000,1
264.100000,,,,,,,,,,,,,,28.134717,-82.361298,-14.103578,0.475720,43.505726,0.000000,1
264.200000,,,,,,,,,,,,,,28.134718,-82.361299,-14.245621,0.462013,43.505726,0.000000,1
264.300000,,,,,,,,,,,,,,28.134718,-82.361298,-14.320631,0.450129,43.505726,0.000000,1
264.400000,,,,,,,,,,,,,,28.134719,-82.361298,-14.395642,0.438245,43.505726,0.000000,1
264.500000,,,,,,,,,,,,,,28.134719,-82.361297,-14.470652,0.426361,43.505726,0.000000,1
264.600000,,,,,,,,,,,,,,28.134719,-82.361297,-14.545663,0.414476,43.505726,0.000000,1
264.700000,,,,,,,,,,,,,,28.134720,-82.361297,-14.620673,0.402592,43.505726,0.000000,1
264.800000,,,,,,,,,,,,,,28.134720,-82.361296,-14.695684,0.390708,43.505726,0.000000,1
264.900000,,,,,,,,,,,,,,28.134720,-82.361296,-14.770695,0.378823,43.505726,0.000000,1
265.000000,,,,,,,,,,,,,,28.134721,-82.361296,-14.845705,0.366939,43.505726,0.000000,1
265.100000,,,,,,,,,,,,,,28.134721,-82.361295,-14.920716,0.355055,43.505726,0.000000,1
265.200000,,,,,,,,,,,,,,28.134721,-82.361295,-15.009479,0.341232,43.505726,0.000000,1
265.300000,,,,,,,,,,,,,,28.134721,-82.361296,-15.151187,0.319948,43.505726,0.000000,1
265.400000,,,,,,,,,,,,,,28.134721,-82.361296,-15.292896,0.298664,43.505726,0.000000,1
265.500000,,,,,,,,,,,,,,28.134720,-82.361297,-15.434604,0.277380,43.505726,0.000000,1
265.600000,,,,,,,,,,,,,,28.134720,-82.361297,-15.576312,0.256096,43.505726,0.000000,1
265.700000,,,,,,,,,,,,,,28.134720,-82.361298,-15.718020,0.234812,43.505726,0.000000,1
265.800000,,,,,,,,,,,,,,28.134719,-82.361298,-15.859728,0.213528,43.505726,0.000000,1
265.900000,,,,,,,,,,,,,,28.134719,-82.361299,-16.001436,0.192244,43.505726,0.000000,1
266.000000,,,,,,,,,,,,,,28.134719,-82.361299,-16.143144,0.170960,43.505726,0.000000,1
266.100000,,,,,,,,,,,,,,28.134718,-82.361300,-16.284853,0.149676,43.505726,0.000000,1
266.200000,,,,,,,,,,,,,,28.134718,-82.361300,-16.391296,0.133278,43.505726,0.000000,1
266.300000,,,,,,,,,,,,,,28.134718,-82.361300,-16.393290,0.131350,43.505726,0.000000,1
266.400000,,,,,,,,,,,,,,28.134718,-82.361301,-16.395283,0.129423,43.505726,0.000000,1
266.500000,,,,,,,,,,,,,,28.134718,-82.361301,-16.397277,0.127496,43.505726,0.000000,1
266.600000,,,,,,,,,,,,,,28.134717,-82.361301,-16.399270,0.125569,43.505726,0.000000,1
266.700000,,,,,,,,,,,,,,28.134717,-82.361301,-16.401264,0.123641,43.505726,0.000000,1
266.800000,,,,,,,,,,,,,,28.134717,-82.361301,-16.403257,0.121714,43.505726,0.000000,1
266.900000,,,,,,,,,,,,,,28.134717,-82.361302,-16.405251,0.119787,43.505726,0.000000,1
267.000000,,,,,,,,,,,,,,28.134717,-82.361302,-16.407244,0.117860,43.505726,0.000000,1
267.100000,,,,,,,,,,,,,,28.134716,-82.361302,-16.409238,0.115933,43.505726,0.000000,1
267.200000,,,,,,,,,,,,,,28.134716,-82.361302,-16.413996,0.114885,43.505726,0.000000,1
267.300000,,,,,,,,,,,,,,28.134717,-82.361302,-16.429386,0.117220,43.505726,0.000000,1
267.400000,,,,,,,,,,,,,,28.134717,-82.361302,-16.444775,0.119555,43.505726,0.000000,1
267.500000,,,,,,,,,,,,,,28.134717,-82.361302,-16.460165,0.121890,43.505726,0.000000,1
267.600000,,,,,,,,,,,,,,28.134718,-82.361302,-16.475554,0.124226,43.505726,0.000000,1
267.700000,,,,,,,,,,,,,,28.134718,-82.361302,-16.490944,0.126561,43.505726,0.000000,1
267.800000,,,,,,,,,,,,,,28.134718,-82.361302,-16.506333,0.128896,43.505726,0.000000,1
267.900000,,,,,,,,,,,,,,28.134719,-82.361303,-16.521723,0.131231,43.505726,0.000000,1
268.000000,,,,,,,,,,,,,,28.134719,-82.361303,-16.537112,0.133566,43.505726,0.000000,1
268.100000,,,,,,,,,,,,,,28.134719,-82.361303,-16.552502,0.135901,43.505726,0.000000,1
268.200000,,,,,,,,,,,,,,28.134720,-82.361303,-16.573441,0.137105,43.505726,0.000000,1
268.300000,,,,,,,,,,,,,,28.134720,-82.361303,-16.610137,0.135094,43.505726,0.000000,1
268.400000,,,,,,,,,,,,,,28.134720,-82.361303,-16.646833,0.133083,43.505726,0.000000,1
268.500000,,,,,,,,,,,,,,28.134720,-82.361304,-16.683529,0.131072,43.505726,0.000000,1
268.600000,,,,,,,,,,,,,,28.134721,-82.361304,-16.720225,0.129062,43.505726,0.000000,1
268.700000,,,,,,,,,,,,,,28.134721,-82.361304,-16.756921,0.127051,43.505726,0.000000,1
268.800000,,,,,,,,,,,,,,28.134721,-82.361304,-16.793617,0.125040,43.505726,0.000000,1
268.900000,,,,,,,,,,,,,,28.134722,-82.361305,-16.830314,0.123029,43.505726,0.000000,1
269.000000,,,,,,,,,,,,,,28.134722,-82.361305,-16.867010,0.121019,43.505726,0.000000,1
269.100000,,,,,,,,,,,,,,28.134722,-82.361305,-16.903706,0.119008,43.505726,0.000000,1
269.200000,,,,,,,,,,,,,,28.134723,-82.361305,-16.941410,0.117254,43.505726,0.000000,1
269.300000,,,,,,,,,,,,,,28.134723,-82.361305,-16.982719,0.116418,43.505726,0.000000,1
269.400000,,,,,,,,,,,,,,28.134723,-82.361305,-17.024027,0.115582,43.505726,0.000000,1
269.500000,,,,,,,,,,,,,,28.134723,-82.361305,-17.065336,0.114746,43.505726,0.000000,1
269.600000,,,,,,,,,,,,,,28.134723,-82.361305,-17.106645,0.113910,43.505726,0.000000,1
269.700000,,,,,,,,,,,,,,28.134723,-82.361304,-17.147953,0.113074,43.505726,0.000000,1
269.800000,,,,,,,,,,,,,,28.134723,-82.361304,-17.189262,0.112238,43.505726,0.000000,1
269.900000,,,,,,,,,,,,,,28.134723,-82.361304,-17.230570,0.111402,43.505726,0.000000,1
270.000000,,,,,,,,,,,,,,28.134723,-82.361304,-17.271879,0.110566,43.505726,0.000000,1
270.100000,,,,,,,,,,,,,,28.134723,-82.361304,-17.313188,0.109730,43.505726,0.000000,1
270.200000,,,,,,,,,,,,,,28.134724,-82.361303,-17.356253,0.108954,43.505726,0.000000,1
270.300000,,,,,,,,,,,,,,28.134724,-82.361303,-17.406072,0.108408,43.505726,0.000000,1
270.400000,,,,,,,,,,,,,,28.134724,-82.361303,-17.455892,0.107862,43.505726,0.000000,1
270.500000,,,,,,,,,,,,,,28.134724,-82.361303,-17.505711,0.107315,43.505726,0.000000,1
270.600000,,,,,,,,,,,,,,28.134724,-82.361303,-17.555530,0.106769,43.505726,0.000000,1
270.700000,,,,,,,,,,,,,,28.134724,-82.361303,-17.605349,0.106223,43.505726,0.000000,1
270.800000,,,,,,,,,,,,,,28.134724,-82.361303,-17.655168,0.105677,43.505726,0.000000,1
270.900000,,,,,,,,,,,,,,28.134725,-82.361302,-17.704987,0.105130,43.505726,0.000000,1
271.000000,,,,,,,,,,,,,,28.134725,-82.361302,-17.754807,0.104584,43.505726,0.000000,1
271.100000,,,,,,,,,,,,,,28.134725,-82.361302,-17.804626,0.104038,43.505726,0.000000,1
271.200000,,,,,,,,,,,,,,28.134725,-82.361302,-17.852418,0.103718,43.505726,0.000000,1
271.300000,,,,,,,,,,,,,,28.134725,-82.361302,-17.893019,0.104202,43.505726,0.000000,1
271.400000,,,,,,,,,,,,,,28.134725,-82.361302,-17.933620,0.104686,43.505726,0.000000,1
271.500000,,,,,,,,,,,,,,28.134724,-82.361302,-17.974221,0.105170,43.505726,0.000000,1
271.600000,,,,,,,,,,,,,,28.134724,-82.361302,-18.014822,0.105654,43.505726,0.000000,1
271.700000,,,,,,,,,,,,,,28.134724,-82.361302,-18.055423,0.106138,43.505726,0.000000,1
271.800000,,,,,,,,,,,,,,28.134724,-82.361302,-18.096024,0.106622,43.505726,0.000000,1
271.900000,,,,,,,,,,,,,,28.134724,-82.361302,-18.136625,0.107106,43.505726,0.000000,1
272.000000,,,,,,,,,,,,,,28.134724,-82.361302,-18.177226,0.107590,43.505726,0.000000,1
272.100000,,,,,,,,,,,,,,28.134724,-82.361302,-18.217827,0.108073,43.505726,0.000000,1
272.200000,,,,,,,,,,,,,,28.134724,-82.361302,-18.256337,0.108509,43.505726,0.000000,1
272.300000,,,,,,,,,,,,,,28.134724,-82.361302,-18.283559,0.108686,43.505726,0.000000,1
272.400000,,,,,,,,,,,,,,28.134724,-82.361301,-18.310780,0.108862,43.505726,0.000000,1
272.500000,,,,,,,,,,,,,,28.134724,-82.361301,-18.338002,0.109038,43.505726,0.000000,1
272.600000,,,,,,,,,,,,,,28.134724,-82.361301,-18.365223,0.109215,43.505726,0.000000,1
272.700000,,,,,,,,,,,,,,28.134724,-82.361301,-18.392444,0.109391,43.505726,0.000000,1
272.800000,,,,,,,,,,,,,,28.134725,-82.361301,-18.419666,0.109567,43.505726,0.000000,1
272.900000,,,,,,,,,,,,,,28.134725,-82.361301,-18.446887,0.109744,43.505726,0.000000,1
273.000000,,,,,,,,,,,,,,28.134725,-82.361300,-18.474108,0.109920,43.505726,0.000000,1
273.100000,,,,,,,,,,,,,,28.134725,-82.361300,-18.494869,0.109908,43.505726,0.000000,1
273.200000,,,,,,,,,,,,,,28.134725,-82.361300,-18.488863,0.109116,43.505726,0.000000,1
273.300000,,,,,,,,,,,,,,28.134725,-82.361300,-18.482858,0.108323,43.505726,0.000000,1
273.400000,,,,,,,,,,,,,,28.134725,-82.361300,-18.476852,0.107531,43.505726,0.000000,1
273.500000,,,,,,,,,,,,,,28.134725,-82.361300,-18.470847,0.106739,43.505726,0.000000,1
273.600000,,,,,,,,,,,,,,28.134724,-82.361300,-18.464841,0.105946,43.505726,0.000000,1
273.700000,,,,,,,,,,,,,,28.134724,-82.361300,-18.458836,0.105154,43.505726,0.000000,1
273.800000,,,,,,,,,,,,,,28.134724,-82.361299,-18.452831,0.104362,43.505726,0.000000,1
273.900000,,,,,,,,,,,,,,28.134724,-82.361299,-18.446825,0.103569,43.505726,0.000000,1
274.000000,,,,,,,,,,,,,,28.134724,-82.361299,-18.440820,0.102777,43.505726,0.000000,1
274.100000,,,,,,,,,,,,,,28.134724,-82.361299,-18.434814,0.101985,43.505726,0.000000,1
274.200000,,,,,,,,,,,,,,28.134724,-82.361299,-18.440753,0.101878,43.505726,0.000000,1
274.300000,,,,,,,,,,,,,,28.134724,-82.361299,-18.488879,0.104194,43.505726,0.000000,1
274.400000,,,,,,,,,,,,,,28.134725,-82.361298,-18.537006,0.106509,43.505726,0.000000,1
274.500000,,,,,,,,,,,,,,28.134725,-82.361298,-18.585132,0.108825,43.505726,0.000000,1
274.600000,,,,,,,,,,,,,,28.134726,-82.361298,-18.633259,0.111140,43.505726,0.000000,1
274.700000,,,,,,,,,,,,,,28.134726,-82.361297,-18.681386,0.113456,43.505726,0.000000,1
274.800000,,,,,,,,,,,,,,28.134727,-82.361297,-18.729512,0.115771,43.505726,0.000000,1
274.900000,,,,,,,,,,,,,,28.134727,-82.361297,-18.777639,0.118086,43.505726,0.000000,1
275.000000,,,,,,,,,,,,,,28.134728,-82.361296,-18.825765,0.120402,43.505726,0.000000,1
275.100000,,,,,,,,,,,,,,28.134728,-82.361296,-18.873892,0.122717,43.505726,0.000000,1
275.200000,,,,,,,,,,,,,,28.134728,-82.361296,-18.923290,0.125795,43.505726,0.000000,1
275.300000,,,,,,,,,,,,,,28.134727,-82.361296,-18.977163,0.131556,43.505726,0.000000,1
275.400000,,,,,,,,,,,,,,28.134726,-82.361296,-19.031036,0.137316,43.505726,0.000000,1
275.500000,,,,,,,,,,,,,,28.134725,-82.361296,-19.084909,0.143077,43.505726,0.000000,1
275.600000,,,,,,,,,,,,,,28.134724,-82.361296,-19.138783,0.148837,43.505726,0.000000,1
275.700000,,,,,,,,,,,,,,28.134723,-82.361296,-19.192656,0.154598,43.505726,0.000000,1
275.800000,,,,,,,,,,,,,,28.134722,-82.361296,-19.246529,0.160358,43.505726,0.000000,1
275.900000,,,,,,,,,,,,,,28.134721,-82.361296,-19.300402,0.166119,43.505726,0.000000,1
276.000000,,,,,,,,,,,,,,28.134720,-82.361296,-19.354275,0.171879,43.505726,0.000000,1
276.100000,,,,,,,,,,,,,,28.134719,-82.361296,-19.408148,0.177640,43.505726,0.000000,1
276.200000,,,,,,,,,,,,,,28.134718,-82.361297,-19.453390,0.180576,43.505726,0.000000,1
276.300000,,,,,,,,,,,,,,28.134718,-82.361297,-19.468393,0.173620,43.505726,0.000000,1
276.400000,,,,,,,,,,,,,,28.134718,-82.361297,-19.483396,0.166664,43.505726,0.000000,1
276.500000,,,,,,,,,,,,,,28.134718,-82.361297,-19.498400,0.159708,43.505726,0.000000,1
276.600000,,,,,,,,,,,,,,28.134718,-82.361297,-19.513403,0.152752,43.505726,0.000000,1
276.700000,,,,,,,,,,,,,,28.134718,-82.361297,-19.528406,0.145796,43.505726,0.000000,1
276.800000,,,,,,,,,,,,,,28.134718,-82.361297,-19.543410,0.138840,43.505726,0.000000,1
276.900000,,,,,,,,,,,,,,28.134718,-82.361297,-19.558413,0.131884,43.505726,0.000000,1
277.000000,,,,,,,,,,,,,,28.134718,-82.361298,-19.573416,0.124928,43.505726,0.000000,1
277.100000,,,,,,,,,,,,,,28.134718,-82.361298,-19.588420,0.117971,43.505726,0.000000,1
277.200000,,,,,,,,,,,,,,28.134718,-82.361298,-19.614954,0.114230,43.505726,0.000000,1
277.300000,,,,,,,,,,,,,,28.134718,-82.361298,-19.683022,0.122068,43.505726,0.000000,1
277.400000,,,,,,,,,,,,,,28.134717,-82.361299,-19.751089,0.129907,43.505726,0.000000,1
277.500000,,,,,,,,,,,,,,28.134717,-82.361300,-19.819156,0.137745,43.505726,0.000000,1
277.600000,,,,,,,,,,,,,,28.134717,-82.361300,-19.887223,0.145583,43.505726,0.000000,1
277.700000,,,,,,,,,,,,,,28.134717,-82.361301,-19.955291,0.153421,43.505726,0.000000,1
277.800000,,,,,,,,,,,,,,28.134716,-82.361301,-20.023358,0.161259,43.505726,0.000000,1
277.900000,,,,,,,,,,,,,,28.134716,-82.361302,-20.091425,0.169097,43.505726,0.000000,1
278.000000,,,,,,,,,,,,,,28.134716,-82.361302,-20.159492,0.176935,43.505726,0.000000,1
278.100000,,,,,,,,,,,,,,28.134715,-82.361303,-20.227559,0.184774,43.505726,0.000000,1
278.200000,,,,,,,,,,,,,,28.134715,-82.361303,-20.288108,0.190322,43.505726,0.000000,1
278.300000,,,,,,,,,,,,,,28.134715,-82.361303,-20.323213,0.188122,43.505726,0.000000,1
278.400000,,,,,,,,,,,,,,28.134714,-82.361303,-20.358319,0.185921,43.505726,0.000000,1
278.500000,,,,,,,,,,,,,,28.134714,-82.361303,-20.393425,0.183721,43.505726,0.000000,1
278.600000,,,,,,,,,,,,,,28.134713,-82.361303,-20.428530,0.181521,43.505726,0.000000,1
278.700000,,,,,,,,,,,,,,28.134713,-82.361303,-20.463636,0.179321,43.505726,0.000000,1
278.800000,,,,,,,,,,,,,,28.134712,-82.361303,-20.498741,0.177121,43.505726,0.000000,1
278.900000,,,,,,,,,,,,,,28.134712,-82.361303,-20.533847,0.174921,43.505726,0.000000,1
279.000000,,,,,,,,,,,,,,28.134711,-82.361303,-20.568952,0.172720,43.505726,0.000000,1
279.100000,,,,,,,,,,,,,,28.134710,-82.361303,-20.604058,0.170520,43.505726,0.000000,1
279.200000,,,,,,,,,,,,,,28.134710,-82.361303,-20.655998,0.167881,43.505726,0.000000,1
279.300000,,,,,,,,,,,,,,28.134710,-82.361304,-20.772218,0.163563,43.505726,0.000000,1
279.400000,,,,,,,,,,,,,,28.134710,-82.361304,-20.888437,0.159245,43.505726,0.000000,1
279.500000,,,,,,,,,,,,,,28.134710,-82.361305,-21.004657,0.154927,43.505726,0.000000,1
279.600000,,,,,,,,,,,,,,28.134710,-82.361306,-21.120877,0.150609,43.505726,0.000000,1
279.700000,,,,,,,,,,,,,,28.134710,-82.361306,-21.237096,0.146291,43.505726,0.000000,1
279.800000,,,,,,,,,,,,,,28.134710,-82.361307,-21.353316,0.141973,43.505726,0.000000,1
279.900000,,,,,,,,,,,,,,28.134710,-82.361307,-21.469536,0.137655,43.505726,0.000000,1
280.000000,,,,,,,,,,,,,,28.134710,-82.361308,-21.585755,0.133337,43.505726,0.000000,1
280.100000,,,,,,,,,,,,,,28.134710,-82.361309,-21.701975,0.129019,43.505726,0.000000,1
280.200000,,,,,,,,,,,,,,28.134710,-82.361309,-21.794536,0.125407,43.505726,0.000000,1
280.300000,,,,,,,,,,,,,,28.134710,-82.361309,-21.811657,0.124045,43.505726,0.000000,1
280.400000,,,,,,,,,,,,,,28.134710,-82.361309,-21.828777,0.122684,43.505726,0.000000,1
280.500000,,,,,,,,,,,,,,28.134710,-82.361309,-21.845898,0.121322,43.505726,0.000000,1
280.600000,,,,,,,,,,,,,,28.134711,-82.361309,-21.863019,0.119960,43.505726,0.000000,1
280.700000,,,,,,,,,,,,,,28.134711,-82.361309,-21.880139,0.118599,43.505726,0.000000,1
280.800000,,,,,,,,,,,,,,28.134711,-82.361309,-21.897260,0.117237,43.505726,0.000000,1
280.900000,,,,,,,,,,,,,,28.134711,-82.361309,-21.914380,0.115876,43.505726,0.000000,1
281.000000,,,,,,,,,,,,,,28.134711,-82.361309,-21.931501,0.114514,43.505726,0.000000,1
281.100000,,,,,,,,,,,,,,28.134711,-82.361309,-21.948621,0.113152,43.505726,0.000000,1
281.200000,,,,,,,,,,,,,,28.134712,-82.361309,-21.945323,0.115203,43.505726,0.000000,1
281.300000,,,,,,,,,,,,,,28.134711,-82.361309,-21.870198,0.129257,43.505726,0.000000,1
281.400000,,,,,,,,,,,,,,28.134711,-82.361308,-21.795073,0.143310,43.505726,0.000000,1
281.500000,,,,,,,,,,,,,,28.134711,-82.361308,-21.719947,0.157364,43.505726,0.000000,1
281.600000,,,,,,,,,,,,,,28.134711,-82.361308,-21.644822,0.171417,43.505726,0.000000,1
281.700000,,,,,,,,,,,,,,28.134711,-82.361307,-21.569697,0.185471,43.505726,0.000000,1
281.800000,,,,,,,,,,,,,,28.134710,-82.361307,-21.494572,0.199524,43.505726,0.000000,1
281.900000,,,,,,,,,,,,,,28.134710,-82.361306,-21.419447,0.213578,43.505726,0.000000,1
282.000000,,,,,,,,,,,,,,28.134710,-82.361306,-21.344321,0.227631,43.505726,0.000000,1
282.100000,,,,,,,,,,,,,,28.134710,-82.361306,-21.269196,0.241685,43.505726,0.000000,1
282.200000,,,,,,,,,,,,,,28.134710,-82.361305,-21.199357,0.256175,43.505726,0.000000,1
282.300000,,,,,,,,,,,,,,28.134710,-82.361305,-21.154311,0.272716,43.505726,0.000000,1
282.400000,,,,,,,,,,,,,,28.134710,-82.361305,-21.109265,0.289256,43.505726,0.000000,1
282.500000,,,,,,,,,,,,,,28.134710,-82.361305,-21.064219,0.305796,43.505726,0.000000,1
282.600000,,,,,,,,,,,,,,28.134711,-82.361304,-21.019173,0.322336,43.505726,0.000000,1
282.700000,,,,,,,,,,,,,,28.134711,-82.361304,-20.974127,0.338876,43.505726,0.000000,1
282.800000,,,,,,,,,,,,,,28.134711,-82.361304,-20.929081,0.355417,43.505726,0.000000,1
282.900000,,,,,,,,,,,,,,28.134712,-82.361304,-20.884035,0.371957,43.505726,0.000000,1
283.000000,,,,,,,,,,,,,,28.134712,-82.361304,-20.838989,0.388497,43.505726,0.000000,1
283.100000,,,,,,,,,,,,,,28.134712,-82.361303,-20.793943,0.405037,43.505726,0.000000,1
283.200000,,,,,,,,,,,,,,28.134712,-82.361303,-20.752434,0.422603,43.505726,0.000000,1
283.300000,,,,,,,,,,,,,,28.134713,-82.361304,-20.724162,0.444010,43.505726,0.000000,1
283.400000,,,,,,,,,,,,,,28.134713,-82.361304,-20.695889,0.465416,43.505726,0.000000,1
283.500000,,,,,,,,,,,,,,28.134713,-82.361304,-20.667617,0.486822,43.505726,0.000000,1
283.600000,,,,,,,,,,,,,,28.134713,-82.361304,-20.639345,0.508229,43.505726,0.000000,1
283.700000,,,,,,,,,,,,,,28.134713,-82.361305,-20.611072,0.529635,43.505726,0.000000,1
283.800000,,,,,,,,,,,,,,28.134713,-82.361305,-20.582800,0.551041,43.505726,0.000000,1
283.900000,,,,,,,,,,,,,,28.134713,-82.361305,-20.554527,0.572447,43.505726,0.000000,1
284.000000,,,,,,,,,,,,,,28.134713,-82.361305,-20.526255,0.593854,43.505726,0.000000,1
284.100000,,,,,,,,,,,,,,28.134713,-82.361306,-20.497982,0.615260,43.505726,0.000000,1
284.200000,,,,,,,,,,,,,,28.134714,-82.361306,-20.459462,0.665817,43.522190,0.000000,1
284.300000,,,,,,,,,,,,,,28.134715,-82.361305,-20.386337,0.814812,43.594251,0.000000,1
284.400000,,,,,,,,,,,,,,28.134717,-82.361304,-20.313212,0.963806,43.666312,0.000000,1
284.500000,,,,,,,,,,,,,,28.134719,-82.361303,-20.240086,1.112800,43.738373,0.000000,1
284.600000,,,,,,,,,,,,,,28.134721,-82.361302,-20.166961,1.261794,43.810434,0.000000,1
284.700000,,,,,,,,,,,,,,28.134722,-82.361302,-20.093836,1.410789,43.882495,0.000000,1
284.800000,,,,,,,,,,,,,,28.134724,-82.361301,-20.020711,1.559783,43.954556,0.000000,1
284.900000,,,,,,,,,,,,,,28.134726,-82.361300,-19.947586,1.708777,44.026616,0.000000,1
285.000000,,,,,,,,,,,,,,28.134728,-82.361299,-19.874460,1.857772,44.098677,0.000000,1
285.100000,,,,,,,,,,,,,,28.134729,-82.361298,-19.801335,2.006766,44.170738,0.000000,1
285.200000,,,,,,,,,,,,,,28.134731,-82.361297,-19.710016,2.148823,44.205800,0.000000,1
285.300000,,,,,,,,,,,,,,28.134734,-82.361295,-19.526069,2.255560,44.052494,0.000000,1
285.400000,,,,,,,,,,,,,,28.134736,-82.361293,-19.342123,2.362297,43.899189,0.000000,1
285.500000,,,,,,,,,,,,,,28.134739,-82.361291,-19.158177,2.469035,43.745884,0.000000,1
285.600000,,,,,,,,,,,,,,28.134741,-82.361289,-18.974230,2.575772,43.592579,0.000000,1
285.700000,,,,,,,,,,,,,,28.134744,-82.361287,-18.790284,2.682510,43.439273,0.000000,1
285.800000,,,,,,,,,,,,,,28.134746,-82.361285,-18.606337,2.789247,43.285968,0.000000,1
285.900000,,,,,,,,,,,,,,28.134749,-82.361283,-18.422391,2.895984,43.132663,0.000000,1
286.000000,,,,,,,,,,,,,,28.134751,-82.361281,-18.238444,3.002722,42.979357,0.000000,1
286.100000,,,,,,,,,,,,,,28.134753,-82.361279,-18.054498,3.109459,42.826052,0.000000,1
286.200000,,,,,,,,,,,,,,28.134756,-82.361277,-17.908499,3.208508,42.755290,0.000000,1
286.300000,,,,,,,,,,,,,,28.134758,-82.361275,-17.908042,3.278068,43.001102,0.000000,1
286.400000,,,,,,,,,,,,,,28.134761,-82.361272,-17.907584,3.347628,43.246913,0.000000,1
286.500000,,,,,,,,,,,,,,28.134763,-82.361270,-17.907126,3.417189,43.492725,0.000000,1
286.600000,,,,,,,,,,,,,,28.134765,-82.361268,-17.906668,3.486749,43.738537,0.000000,1
286.700000,,,,,,,,,,,,,,28.134768,-82.361266,-17.906210,3.556309,43.984349,0.000000,1
286.800000,,,,,,,,,,,,,,28.134770,-82.361263,-17.905752,3.625869,44.230161,0.000000,1
286.900000,,,,,,,,,,,,,,28.134772,-82.361261,-17.905295,3.695430,44.475973,0.000000,1
287.000000,,,,,,,,,,,,,,28.134775,-82.361259,-17.904837,3.764990,44.721785,0.000000,1
287.100000,,,,,,,,,,,,,,28.134777,-82.361257,-17.904379,3.834550,44.967596,0.000000,1
287.200000,,,,,,,,,,,,,,28.134780,-82.361254,-17.864735,3.922008,45.099250,0.000000,1
287.300000,,,,,,,,,,,,,,28.134784,-82.361250,-17.655192,4.087063,44.735940,0.000000,1
287.400000,,,,,,,,,,,,,,28.134787,-82.361247,-17.445648,4.252118,44.372631,0.000000,1
287.500000,,,,,,,,,,,,,,28.134791,-82.361243,-17.236104,4.417173,44.009321,0.000000,1
287.600000,,,,,,,,,,,,,,28.134795,-82.361239,-17.026561,4.582229,43.646011,0.000000,1
287.700000,,,,,,,,,,,,,,28.134799,-82.361235,-16.817017,4.747284,43.282702,0.000000,1
287.800000,,,,,,,,,,,,,,28.134803,-82.361232,-16.607473,4.912339,42.919392,0.000000,1
287.900000,,,,,,,,,,,,,,28.134806,-82.361228,-16.397930,5.077394,42.556083,0.000000,1
288.000000,,,,,,,,,,,,,,28.134810,-82.361224,-16.188386,5.242450,42.192773,0.000000,1
288.100000,,,,,,,,,,,,,,28.134814,-82.361221,-15.978843,5.407505,41.829464,0.000000,1
288.200000,,,,,,,,,,,,,,28.134818,-82.361217,-15.819506,5.559493,41.579813,0.000000,1
288.300000,,,,,,,,,,,,,,28.134822,-82.361212,-15.833110,5.666469,41.721665,0.000000,1
288.400000,,,,,,,,,,,,,,28.134826,-82.361208,-15.846713,5.773446,41.863517,0.000000,1
288.500000,,,,,,,,,,,,,,28.134830,-82.361204,-15.860317,5.880423,42.005369,0.000000,1
288.600000,,,,,,,,,,,,,,28.134834,-82.361200,-15.873921,5.987399,42.147221,0.000000,1
288.700000,,,,,,,,,,,,,,28.134838,-82.361195,-15.887524,6.094376,42.289072,0.000000,1
288.800000,,,,,,,,,,,,,,28.134842,-82.361191,-15.901128,6.201352,42.430924,0.000000,1
288.900000,,,,,,,,,,,,,,28.134846,-82.361187,-15.914732,6.308329,42.572776,0.000000,1
289.000000,,,,,,,,,,,,,,28.134851,-82.361183,-15.928335,6.415306,42.714628,0.000000,1
289.100000,,,,,,,,,,,,,,28.134855,-82.361178,-15.941939,6.522282,42.856480,0.000000,1
289.200000,,,,,,,,,,,,,,28.134859,-82.361174,-15.959688,6.641818,42.952228,0.000000,1
289.300000,,,,,,,,,,,,,,28.134863,-82.361168,-15.993228,6.809200,42.872345,0.000000,1
289.400000,,,,,,,,,,,,,,28.134867,-82.361162,-16.026769,6.976582,42.792461,0.000000,1
289.500000,,,,,,,,,,,,,,28.134871,-82.361157,-16.060309,7.143964,42.712577,0.000000,1
289.600000,,,,,,,,,,,,,,28.134875,-82.361151,-16.093850,7.311346,42.632693,0.000000,1
289.700000,,,,,,,,,,,,,,28.134880,-82.361146,-16.127390,7.478728,42.552810,0.000000,1
289.800000,,,,,,,,,,,,,,28.134884,-82.361140,-16.160931,7.646110,42.472926,0.000000,1
289.900000,,,,,,,,,,,,,,28.134888,-82.361134,-16.194471,7.813492,42.393042,0.000000,1
290.000000,,,,,,,,,,,,,,28.134892,-82.361129,-16.228012,7.980874,42.313158,0.000000,1
290.100000,,,,,,,,,,,,,,28.134896,-82.361123,-16.261553,8.148256,42.233275,0.000000,1
290.200000,,,,,,,,,,,,,,28.134901,-82.361118,-16.280878,8.298544,42.174540,0.000000,1
290.300000,,,,,,,,,,,,,,28.134907,-82.361112,-16.251621,8.390411,42.188081,0.000000,1
290.400000,,,,,,,,,,,,,,28.134913,-82.361106,-16.222365,8.482279,42.201622,0.000000,1
290.500000,,,,,,,,,,,,,,28.134919,-82.361100,-16.193109,8.574146,42.215163,0.000000,1
290.600000,,,,,,,,,,,,,,28.134925,-82.361095,-16.163853,8.666014,42.228704,0.000000,1
290.700000,,,,,,,,,,,,,,28.134931,-82.361089,-16.134597,8.757881,42.242245,0.000000,1
290.800000,,,,,,,,,,,,,,28.134937,-82.361083,-16.105340,8.849749,42.255786,0.000000,1
290.900000,,,,,,,,,,,,,,28.134943,-82.361078,-16.076084,8.941616,42.269327,0.000000,1
291.000000,,,,,,,,,,,,,,28.134949,-82.361072,-16.046828,9.033484,42.282867,0.000000,1
291.100000,,,,,,,,,,,,,,28.134955,-82.361066,-16.017572,9.125351,42.296408,0.000000,1
291.200000,,,,,,,,,,,,,,28.134961,-82.361060,-16.000493,9.215819,42.318591,0.000000,1
291.300000,,,,,,,,,,,,,,28.134966,-82.361054,-16.047287,9.298944,42.386101,0.000000,1
291.400000,,,,,,,,,,,,,,28.134972,-82.361047,-16.094081,9.382070,42.453611,0.000000,1
291.500000,,,,,,,,,,,,,,28.134978,-82.361040,-16.140875,9.465195,42.521121,0.000000,1
291.600000,,,,,,,,,,,,,,28.134984,-82.361033,-16.187669,9.548321,42.588631,0.000000,1
291.700000,,,,,,,,,,,,,,28.134990,-82.361027,-16.234463,9.631446,42.656142,0.000000,1
291.800000,,,,,,,,,,,,,,28.134996,-82.361020,-16.281257,9.714572,42.723652,0.000000,1
291.900000,,,,,,,,,,,,,,28.135002,-82.361013,-16.328051,9.797697,42.791162,0.000000,1
292.000000,,,,,,,,,,,,,,28.135007,-82.361006,-16.374845,9.880822,42.858672,0.000000,1
292.100000,,,,,,,,,,,,,,28.135013,-82.361000,-16.421639,9.963948,42.926182,0.000000,1
292.200000,,,,,,,,,,,,,,28.135019,-82.360993,-16.455090,10.051485,42.960196,0.000000,1
292.300000,,,,,,,,,,,,,,28.135027,-82.360987,-16.421411,10.161215,42.825694,0.000000,1
292.400000,,,,,,,,,,,,,,28.135035,-82.360981,-16.387732,10.270946,42.691193,0.000000,1
292.500000,,,,,,,,,,,,,,28.135043,-82.360975,-16.354053,10.380677,42.556691,0.000000,1
292.600000,,,,,,,,,,,,,,28.135050,-82.360969,-16.320374,10.490408,42.422189,0.000000,1
292.700000,,,,,,,,,,,,,,28.135058,-82.360963,-16.286695,10.600138,42.287687,0.000000,1
292.800000,,,,,,,,,,,,,,28.135066,-82.360957,-16.253016,10.709869,42.153186,0.000000,1
292.900000,,,,,,,,,,,,,,28.135074,-82.360951,-16.219338,10.819600,42.018684,0.000000,1
293.000000,,,,,,,,,,,,,,28.135081,-82.360945,-16.185659,10.929331,41.884182,0.000000,1
293.100000,,,,,,,,,,,,,,28.135089,-82.360939,-16.151980,11.039061,41.749680,0.000000,1
293.200000,,,,,,,,,,,,,,28.135097,-82.360933,-16.138305,11.129964,41.644442,0.000000,1
293.300000,,,,,,,,,,,,,,28.135104,-82.360926,-16.206498,11.143812,41.658968,0.000000,1
293.400000,,,,,,,,,,,,,,28.135111,-82.360918,-16.274690,11.157660,41.673494,0.000000,1
293.500000,,,,,,,,,,,,,,28.135119,-82.360911,-16.342883,11.171507,41.688020,0.000000,1
293.600000,,,,,,,,,,,,,,28.135126,-82.360904,-16.411076,11.185355,41.702545,0.000000,1
293.700000,,,,,,,,,,,,,,28.135134,-82.360896,-16.479269,11.199203,41.717071,0.000000,1
293.800000,,,,,,,,,,,,,,28.135141,-82.360889,-16.547462,11.213050,41.731597,0.000000,1
293.900000,,,,,,,,,,,,,,28.135148,-82.360882,-16.615654,11.226898,41.746122,0.000000,1
294.000000,,,,,,,,,,,,,,28.135156,-82.360875,-16.683847,11.240746,41.760648,0.000000,1
294.100000,,,,,,,,,,,,,,28.135163,-82.360867,-16.752040,11.254593,41.775174,0.000000,1
294.200000,,,,,,,,,,,,,,28.135171,-82.360860,-16.756991,11.278448,41.765147,0.000000,1
294.300000,,,,,,,,,,,,,,28.135179,-82.360851,-16.532914,11.338540,41.666202,0.000000,1
294.400000,,,,,,,,,,,,,,28.135188,-82.360842,-16.308837,11.398633,41.567258,0.000000,1
294.500000,,,,,,,,,,,,,,28.135197,-82.360833,-16.084760,11.458726,41.468313,0.000000,1
294.600000,,,,,,,,,,,,,,28.135205,-82.360824,-15.860683,11.518818,41.369369,0.000000,1
294.700000,,,,,,,,,,,,,,28.135214,-82.360816,-15.636606,11.578911,41.270425,0.000000,1
294.800000,,,,,,,,,,,,,,28.135223,-82.360807,-15.412529,11.639004,41.171480,0.000000,1
294.900000,,,,,,,,,,,,,,28.135231,-82.360798,-15.188452,11.699096,41.072536,0.000000,1
295.000000,,,,,,,,,,,,,,28.135240,-82.360789,-14.964376,11.759189,40.973591,0.000000,1
295.100000,,,,,,,,,,,,,,28.135248,-82.360780,-14.740299,11.819282,40.874647,0.000000,1
295.200000,,,,,,,,,,,,,,28.135257,-82.360772,-14.555368,11.881650,40.783621,0.000000,1
295.300000,,,,,,,,,,,,,,28.135266,-82.360764,-14.526584,11.953097,40.724178,0.000000,1
295.400000,,,,,,,,,,,,,,28.135276,-82.360756,-14.497799,12.024543,40.664735,0.000000,1
295.500000,,,,,,,,,,,,,,28.135285,-82.360748,-14.469014,12.095990,40.605292,0.000000,1
295.600000,,,,,,,,,,,,,,28.135294,-82.360741,-14.440230,12.167436,40.545849,0.000000,1
295.700000,,,,,,,,,,,,,,28.135303,-82.360733,-14.411445,12.238883,40.486406,0.000000,1
295.800000,,,,,,,,,,,,,,28.135312,-82.360725,-14.382661,12.310329,40.426963,0.000000,1
295.900000,,,,,,,,,,,,,,28.135321,-82.360717,-14.353876,12.381776,40.367520,0.000000,1
296.000000,,,,,,,,,,,,,,28.135330,-82.360709,-14.325091,12.453222,40.308077,0.000000,1
296.100000,,,,,,,,,,,,,,28.135339,-82.360702,-14.296307,12.524669,40.248634,0.000000,1
296.200000,,,,,,,,,,,,,,28.135349,-82.360694,-14.277955,12.592017,40.202193,0.000000,1
296.300000,,,,,,,,,,,,,,28.135357,-82.360685,-14.299011,12.643886,40.204867,0.000000,1
296.400000,,,,,,,,,,,,,,28.135366,-82.360677,-14.320067,12.695755,40.207540,0.000000,1
296.500000,,,,,,,,,,,,,,28.135374,-82.360669,-14.341124,12.747624,40.210214,0.000000,1
296.600000,,,,,,,,,,,,,,28.135383,-82.360661,-14.362180,12.799493,40.212888,0.000000,1
296.700000,,,,,,,,,,,,,,28.135392,-82.360652,-14.383237,12.851362,40.215562,0.000000,1
296.800000,,,,,,,,,,,,,,28.135400,-82.360644,-14.404293,12.903231,40.218235,0.000000,1
296.900000,,,,,,,,,,,,,,28.135409,-82.360636,-14.425349,12.955100,40.220909,0.000000,1
297.000000,,,,,,,,,,,,,,28.135417,-82.360627,-14.446406,13.006969,40.223583,0.000000,1
297.100000,,,,,,,,,,,,,,28.135426,-82.360619,-14.467462,13.058838,40.226256,0.000000,1
297.200000,,,,,,,,,,,,,,28.135435,-82.360611,-14.494063,13.117812,40.206361,0.000000,1
297.300000,,,,,,,,,,,,,,28.135444,-82.360602,-14.547597,13.211302,40.076819,0.000000,1
297.400000,,,,,,,,,,,,,,28.135453,-82.360593,-14.601131,13.304792,39.947277,0.000000,1
297.500000,,,,,,,,,,,,,,28.135463,-82.360584,-14.654665,13.398283,39.817735,0.000000,1
297.600000,,,,,,,,,,,,,,28.135472,-82.360575,-14.708200,13.491773,39.688193,0.000000,1
297.700000,,,,,,,,,,,,,,28.135481,-82.360566,-14.761734,13.585263,39.558651,0.000000,1
297.800000,,,,,,,,,,,,,,28.135491,-82.360557,-14.815268,13.678753,39.429109,0.000000,1
297.900000,,,,,,,,,,,,,,28.135500,-82.360548,-14.868802,13.772243,39.299567,0.000000,1
298.000000,,,,,,,,,,,,,,28.135509,-82.360539,-14.922337,13.865734,39.170025,0.000000,1
298.100000,,,,,,,,,,,,,,28.135519,-82.360530,-14.975871,13.959224,39.040484,0.000000,1
298.200000,,,,,,,,,,,,,,28.135528,-82.360520,-15.021289,14.057654,38.935300,0.000000,1
298.300000,,,,,,,,,,,,,,28.135539,-82.360511,-15.040107,14.172275,38.909947,0.000000,1
298.400000,,,,,,,,,,,,,,28.135549,-82.360501,-15.058925,14.286896,38.884594,0.000000,1
298.500000,,,,,,,,,,,,,,28.135560,-82.360491,-15.077744,14.401517,38.859241,0.000000,1
298.600000,,,,,,,,,,,,,,28.135570,-82.360482,-15.096562,14.516138,38.833889,0.000000,1
298.700000,,,,,,,,,,,,,,28.135580,-82.360472,-15.115380,14.630759,38.808536,0.000000,1
298.800000,,,,,,,,,,,,,,28.135591,-82.360462,-15.134198,14.745380,38.783183,0.000000,1
298.900000,,,,,,,,,,,,,,28.135601,-82.360453,-15.153016,14.860001,38.757830,0.000000,1
299.000000,,,,,,,,,,,,,,28.135611,-82.360443,-15.171835,14.974623,38.732478,0.000000,1
299.100000,,,,,,,,,,,,,,28.135622,-82.360433,-15.190653,15.089244,38.707125,0.000000,1
299.200000,,,,,,,,,,,,,,28.135632,-82.360423,-15.211405,15.202919,38.698769,0.000000,1
299.300000,,,,,,,,,,,,,,28.135644,-82.360413,-15.241514,15.312019,38.772635,0.000000,1
299.400000,,,,,,,,,,,,,,28.135656,-82.360403,-15.271622,15.421119,38.846501,0.000000,1
299.500000,,,,,,,,,,,,,,28.135667,-82.360393,-15.301731,15.530219,38.920366,0.000000,1
299.600000,,,,,,,,,,,,,,28.135679,-82.360383,-15.331840,15.639319,38.994232,0.000000,1
299.700000,,,,,,,,,,,,,,28.135691,-82.360373,-15.361948,15.748420,39.068098,0.000000,1
299.800000,,,,,,,,,,,,,,28.135702,-82.360362,-15.392057,15.857520,39.141963,0.000000,1
299.900000,,,,,,,,,,,,,,28.135714,-82.360352,-15.422165,15.966620,39.215829,0.000000,1
300.000000,,,,,,,,,,,,,,28.135726,-82.360342,-15.452274,16.075720,39.289695,0.000000,1
300.100000,,,,,,,,,,,,,,28.135737,-82.360332,-15.482382,16.184820,39.363560,0.000000,1
300.200000,,,,,,,,,,,,,,28.135749,-82.360322,-15.504453,16.294368,39.445531,0.000000,1
300.300000,,,,,,,,,,,,,,28.135761,-82.360310,-15.491163,16.405885,39.563152,0.000000,1
300.400000,,,,,,,,,,,,,,28.135773,-82.360299,-15.477873,16.517402,39.680773,0.000000,1
300.500000,,,,,,,,,,,,,,28.135786,-82.360287,-15.464583,16.628919,39.798394,0.000000,1
300.600000,,,,,,,,,,,,,,28.135798,-82.360276,-15.451294,16.740436,39.916016,0.000000,1
300.700000,,,,,,,,,,,,,,28.135810,-82.360264,-15.438004,16.851953,40.033637,0.000000,1
300.800000,,,,,,,,,,,,,,28.135822,-82.360253,-15.424714,16.963470,40.151258,0.000000,1
300.900000,,,,,,,,,,,,,,28.135834,-82.360241,-15.411425,17.074987,40.268879,0.000000,1
301.000000,,,,,,,,,,,,,,28.135846,-82.360230,-15.398135,17.186504,40.386501,0.000000,1
301.100000,,,,,,,,,,,,,,28.135859,-82.360219,-15.384845,17.298021,40.504122,0.000000,1
301.200000,,,,,,,,,,,,,,28.135871,-82.360207,-15.371713,17.403195,40.617303,0.000000,1
301.300000,,,,,,,,,,,,,,28.135885,-82.360194,-15.359295,17.479630,40.710368,0.000000,1
301.400000,,,,,,,,,,,,,,28.135898,-82.360181,-15.346877,17.556066,40.803432,0.000000,1
301.500000,,,,,,,,,,,,,,28.135912,-82.360168,-15.334459,17.632501,40.896497,0.000000,1
301.600000,,,,,,,,,,,,,,28.135926,-82.360155,-15.322041,17.708937,40.989562,0.000000,1
301.700000,,,,,,,,,,,,,,28.135939,-82.360142,-15.309623,17.785372,41.082627,0.000000,1
301.800000,,,,,,,,,,,,,,28.135953,-82.360129,-15.297205,17.861808,41.175691,0.000000,1
301.900000,,,,,,,,,,,,,,28.135966,-82.360116,-15.284786,17.938243,41.268756,0.000000,1
302.000000,,,,,,,,,,,,,,28.135980,-82.360103,-15.272368,18.014679,41.361821,0.000000,1
302.100000,,,,,,,,,,,,,,28.135993,-82.360090,-15.261124,18.087965,41.442334,0.000000,1
302.200000,,,,,,,,,,,,,,28.136005,-82.360079,-15.255144,18.147128,41.466567,0.000000,1
302.300000,,,,,,,,,,,,,,28.136016,-82.360068,-15.249164,18.206291,41.490799,0.000000,1
302.400000,,,,,,,,,,,,,,28.136027,-82.360057,-15.243184,18.265455,41.515031,0.000000,1
302.500000,,,,,,,,,,,,,,28.136039,-82.360045,-15.237204,18.324618,41.539263,0.000000,1
302.600000,,,,,,,,,,,,,,28.136050,-82.360034,-15.231224,18.383781,41.563495,0.000000,1
302.700000,,,,,,,,,,,,,,28.136061,-82.360023,-15.225244,18.442944,41.587727,0.000000,1
302.800000,,,,,,,,,,,,,,28.136072,-82.360012,-15.219265,18.502107,41.611960,0.000000,1
302.900000,,,,,,,,,,,,,,28.136084,-82.360001,-15.213285,18.561270,41.636192,0.000000,1
303.000000,,,,,,,,,,,,,,28.136095,-82.359989,-15.207305,18.620434,41.660424,0.000000,1
303.100000,,,,,,,,,,,,,,28.136106,-82.359978,-15.201325,18.679597,41.684656,0.000000,1
303.200000,,,,,,,,,,,,,,28.136118,-82.359967,-15.198864,18.739442,41.705183,0.000000,1
303.300000,,,,,,,,,,,,,,28.136131,-82.359953,-15.220053,18.803866,41.700811,0.000000,1
303.400000,,,,,,,,,,,,,,28.136145,-82.359940,-15.241242,18.868291,41.696439,0.000000,1
303.500000,,,,,,,,,,,,,,28.136158,-82.359927,-15.262431,18.932716,41.692066,0.000000,1
303.600000,,,,,,,,,,,,,,28.136171,-82.359914,-15.283620,18.997141,41.687694,0.000000,1
303.700000,,,,,,,,,,,,,,28.136185,-82.359900,-15.304808,19.061566,41.683322,0.000000,1
303.800000,,,,,,,,,,,,,,28.136198,-82.359887,-15.325997,19.125991,41.678950,0.000000,1
303.900000,,,,,,,,,,,,,,28.136211,-82.359874,-15.347186,19.190416,41.674578,0.000000,1
304.000000,,,,,,,,,,,,,,28.136225,-82.359860,-15.368375,19.254841,41.670205,0.000000,1
304.100000,,,,,,,,,,,,,,28.136238,-82.359847,-15.389564,19.319266,41.665833,0.000000,1
304.200000,,,,,,,,,,,,,,28.136251,-82.359834,-15.412637,19.384023,41.663525,0.000000,1
304.300000,,,,,,,,,,,,,,28.136265,-82.359820,-15.445622,19.450531,41.672077,0.000000,1
304.400000,,,,,,,,,,,,,,28.136279,-82.359807,-15.478608,19.517039,41.680629,0.000000,1
304.500000,,,,,,,,,,,,,,28.136293,-82.359793,-15.511593,19.583546,41.689181,0.000000,1
304.600000,,,,,,,,,,,,,,28.136307,-82.359780,-15.544579,19.650054,41.697734,0.000000,1
304.700000,,,,,,,,,,,,,,28.136321,-82.359766,-15.577564,19.716561,41.706286,0.000000,1
304.800000,,,,,,,,,,,,,,28.136335,-82.359753,-15.610549,19.783069,41.714838,0.000000,1
304.900000,,,,,,,,,,,,,,28.136349,-82.359739,-15.643535,19.849577,41.723390,0.000000,1
305.000000,,,,,,,,,,,,,,28.136363,-82.359726,-15.676520,19.916084,41.731943,0.000000,1
305.100000,,,,,,,,,,,,,,28.136376,-82.359712,-15.709506,19.982592,41.740495,0.000000,1
305.200000,,,,,,,,,,,,,,28.136390,-82.359698,-15.742662,20.047011,41.755867,0.000000,1
305.300000,,,,,,,,,,,,,,28.136403,-82.359685,-15.776476,20.103344,41.797640,0.000000,1
305.400000,,,,,,,,,,,,,,28.136417,-82.359671,-15.810290,20.159677,41.839412,0.000000,1
305.500000,,,,,,,,,,,,,,28.136430,-82.359657,-15.844105,20.216010,41.881185,0.000000,1
305.600000,,,,,,,,,,,,,,28.136443,-82.359643,-15.877919,20.272343,41.922957,0.000000,1
305.700000,,,,,,,,,,,,,,28.136456,-82.359629,-15.911733,20.328676,41.964730,0.000000,1
305.800000,,,,,,,,,,,,,,28.136469,-82.359616,-15.945548,20.385009,42.006502,0.000000,1
305.900000,,,,,,,,,,,,,,28.136482,-82.359602,-15.979362,20.441342,42.048275,0.000000,1
306.000000,,,,,,,,,,,,,,28.136496,-82.359588,-16.013176,20.497675,42.090047,0.000000,1
306.100000,,,,,,,,,,,,,,28.136509,-82.359574,-16.046991,20.554008,42.131820,0.000000,1
306.200000,,,,,,,,,,,,,,28.136522,-82.359560,-16.072378,20.607074,42.156706,0.000000,1
306.300000,,,,,,,,,,,,,,28.136536,-82.359547,-16.057907,20.644685,42.101726,0.000000,1
306.400000,,,,,,,,,,,,,,28.136550,-82.359533,-16.043437,20.682296,42.046745,0.000000,1
306.500000,,,,,,,,,,,,,,28.136563,-82.359519,-16.028966,20.719908,41.991765,0.000000,1
306.600000,,,,,,,,,,,,,,28.136577,-82.359505,-16.014496,20.757519,41.936784,0.000000,1
306.700000,,,,,,,,,,,,,,28.136591,-82.359492,-16.000025,20.795130,41.881803,0.000000,1
306.800000,,,,,,,,,,,,,,28.136605,-82.359478,-15.985555,20.832742,41.826823,0.000000,1
306.900000,,,,,,,,,,,,,,28.136618,-82.359464,-15.971084,20.870353,41.771842,0.000000,1
307.000000,,,,,,,,,,,,,,28.136632,-82.359450,-15.956613,20.907964,41.716862,0.000000,1
307.100000,,,,,,,,,,,,,,28.136646,-82.359437,-15.942143,20.945575,41.661881,0.000000,1
307.200000,,,,,,,,,,,,,,28.136660,-82.359423,-15.933806,20.983505,41.615643,0.000000,1
307.300000,,,,,,,,,,,,,,28.136674,-82.359408,-15.952300,21.022827,41.607650,0.000000,1
307.400000,,,,,,,,,,,,,,28.136688,-82.359393,-15.970794,21.062150,41.599658,0.000000,1
307.500000,,,,,,,,,,,,,,28.136702,-82.359379,-15.989288,21.101472,41.591665,0.000000,1
307.600000,,,,,,,,,,,,,,28.136716,-82.359364,-16.007782,21.140794,41.583672,0.000000,1
307.700000,,,,,,,,,,,,,,28.136729,-82.359349,-16.026276,21.180117,41.575680,0.000000,1
307.800000,,,,,,,,,,,,,,28.136743,-82.359334,-16.044770,21.219439,41.567687,0.000000,1
307.900000,,,,,,,,,,,,,,28.136757,-82.359320,-16.063264,21.258761,41.559694,0.000000,1
308.000000,,,,,,,,,,,,,,28.136771,-82.359305,-16.081759,21.298084,41.551702,0.000000,1
308.100000,,,,,,,,,,,,,,28.136785,-82.359290,-16.100253,21.337406,41.543709,0.000000,1
308.200000,,,,,,,,,,,,,,28.136799,-82.359276,-16.114830,21.374854,41.541433,0.000000,1
308.300000,,,,,,,,,,,,,,28.136814,-82.359261,-16.113022,21.404461,41.563075,0.000000,1
308.400000,,,,,,,,,,,,,,28.136829,-82.359247,-16.111215,21.434067,41.584717,0.000000,1
308.500000,,,,,,,,,,,,,,28.136843,-82.359232,-16.109407,21.463674,41.606359,0.000000,1
308.600000,,,,,,,,,,,,,,28.136858,-82.359218,-16.107599,21.493281,41.628002,0.000000,1
308.700000,,,,,,,,,,,,,,28.136873,-82.359203,-16.105791,21.522888,41.649644,0.000000,1
308.800000,,,,,,,,,,,,,,28.136888,-82.359189,-16.103983,21.552494,41.671286,0.000000,1
308.900000,,,,,,,,,,,,,,28.136902,-82.359175,-16.102175,21.582101,41.692928,0.000000,1
309.000000,,,,,,,,,,,,,,28.136917,-82.359160,-16.100367,21.611708,41.714570,0.000000,1
309.100000,,,,,,,,,,,,,,28.136932,-82.359146,-16.098559,21.641315,41.736212,0.000000,1
309.200000,,,,,,,,,,,,,,28.136946,-82.359131,-16.103048,21.663985,41.752684,0.000000,1
309.300000,,,,,,,,,,,,,,28.136960,-82.359117,-16.133775,21.657750,41.747608,0.000000,1
309.400000,,,,,,,,,,,,,,28.136974,-82.359102,-16.164502,21.651515,41.742533,0.000000,1
309.500000,,,,,,,,,,,,,,28.136988,-82.359088,-16.195230,21.645280,41.737457,0.000000,1
309.600000,,,,,,,,,,,,,,28.137002,-82.359073,-16.225957,21.639045,41.732382,0.000000,1
309.700000,,,,,,,,,,,,,,28.137016,-82.359059,-16.256685,21.632810,41.727306,0.000000,1
309.800000,,,,,,,,,,,,,,28.137030,-82.359044,-16.287412,21.626575,41.722231,0.000000,1
309.900000,,,,,,,,,,,,,,28.137044,-82.359030,-16.318139,21.620340,41.717155,0.000000,1
310.000000,,,,,,,,,,,,,,28.137058,-82.359015,-16.348867,21.614105,41.712080,0.000000,1
310.100000,,,,,,,,,,,,,,28.137072,-82.359001,-16.379594,21.607870,41.707004,0.000000,1
310.200000,,,,,,,,,,,,,,28.137086,-82.358986,-16.400793,21.602320,41.707088,0.000000,1
310.300000,,,,,,,,,,,,,,28.137102,-82.358970,-16.371597,21.600392,41.734456,0.000000,1
310.400000,,,,,,,,,,,,,,28.137118,-82.358955,-16.342401,21.598464,41.761823,0.000000,1
310.500000,,,,,,,,,,,,,,28.137134,-82.358940,-16.313205,21.596535,41.789191,0.000000,1
310.600000,,,,,,,,,,,,,,28.137151,-82.358924,-16.284009,21.594607,41.816559,0.000000,1
310.700000,,,,,,,,,,,,,,28.137167,-82.358909,-16.254813,21.592679,41.843926,0.000000,1
310.800000,,,,,,,,,,,,,,28.137183,-82.358893,-16.225617,21.590750,41.871294,0.000000,1
310.900000,,,,,,,,,,,,,,28.137199,-82.358878,-16.196421,21.588822,41.898662,0.000000,1
311.000000,,,,,,,,,,,,,,28.137216,-82.358863,-16.167225,21.586894,41.926030,0.000000,1
311.100000,,,,,,,,,,,,,,28.137232,-82.358847,-16.138029,21.584966,41.953397,0.000000,1
311.200000,,,,,,,,,,,,,,28.137248,-82.358832,-16.125033,21.574578,41.965440,0.000000,1
311.300000,,,,,,,,,,,,,,28.137263,-82.358816,-16.162532,21.537822,41.929718,0.000000,1
311.400000,,,,,,,,,,,,,,28.137278,-82.358800,-16.200031,21.501067,41.893996,0.000000,1
311.500000,,,,,,,,,,,,,,28.137293,-82.358784,-16.237530,21.464312,41.858274,0.000000,1
311.600000,,,,,,,,,,,,,,28.137308,-82.358768,-16.275029,21.427557,41.822552,0.000000,1
311.700000,,,,,,,,,,,,,,28.137324,-82.358752,-16.312528,21.390802,41.786830,0.000000,1
311.800000,,,,,,,,,,,,,,28.137339,-82.358737,-16.350027,21.354047,41.751108,0.000000,1
311.900000,,,,,,,,,,,,,,28.137354,-82.358721,-16.387525,21.317291,41.715386,0.000000,1
312.000000,,,,,,,,,,,,,,28.137369,-82.358705,-16.425024,21.280536,41.679664,0.000000,1
312.100000,,,,,,,,,,,,,,28.137384,-82.358689,-16.448506,21.248211,41.644739,0.000000,1
312.200000,,,,,,,,,,,,,,28.137398,-82.358676,-16.396130,21.239861,41.614130,0.000000,1
312.300000,,,,,,,,,,,,,,28.137411,-82.358663,-16.343754,21.231511,41.583521,0.000000,1
312.400000,,,,,,,,,,,,,,28.137425,-82.358650,-16.291379,21.223161,41.552911,0.000000,1
312.500000,,,,,,,,,,,,,,28.137439,-82.358637,-16.239003,21.214811,41.522302,0.000000,1
312.600000,,,,,,,,,,,,,,28.137452,-82.358624,-16.186627,21.206461,41.491693,0.000000,1
312.700000,,,,,,,,,,,,,,28.137466,-82.358611,-16.134252,21.198110,41.461083,0.000000,1
312.800000,,,,,,,,,,,,,,28.137480,-82.358598,-16.081876,21.189760,41.430474,0.000000,1
312.900000,,,,,,,,,,,,,,28.137494,-82.358585,-16.029500,21.181410,41.399865,0.000000,1
313.000000,,,,,,,,,,,,,,28.137507,-82.358571,-15.977125,21.173060,41.369255,0.000000,1
313.100000,,,,,,,,,,,,,,28.137521,-82.358558,-15.924749,21.164710,41.338646,0.000000,1
313.200000,,,,,,,,,,,,,,28.137535,-82.358545,-15.900480,21.160529,41.319053,0.000000,1
313.300000,,,,,,,,,,,,,,28.137549,-82.358531,-15.999364,21.174618,41.347727,0.000000,1
313.400000,,,,,,,,,,,,,,28.137563,-82.358516,-16.098247,21.188706,41.376401,0.000000,1
313.500000,,,,,,,,,,,,,,28.137577,-82.358502,-16.197131,21.202794,41.405075,0.000000,1
313.600000,,,,,,,,,,,,,,28.137591,-82.358488,-16.296014,21.216882,41.433749,0.000000,1
313.700000,,,,,,,,,,,,,,28.137606,-82.358474,-16.394898,21.230971,41.462423,0.000000,1
313.800000,,,,,,,,,,,,,,28.137620,-82.358459,-16.493781,21.245059,41.491097,0.000000,1
313.900000,,,,,,,,,,,,,,28.137634,-82.358445,-16.592665,21.259147,41.519771,0.000000,1
314.000000,,,,,,,,,,,,,,28.137648,-82.358431,-16.691548,21.273236,41.548445,0.000000,1
314.100000,,,,,,,,,,,,,,28.137662,-82.358417,-16.790432,21.287324,41.577119,0.000000,1
314.200000,,,,,,,,,,,,,,28.137677,-82.358402,-16.877515,21.295127,41.599312,0.000000,1
314.300000,,,,,,,,,,,,,,28.137692,-82.358388,-16.919837,21.279086,41.596917,0.000000,1
314.400000,,,,,,,,,,,,,,28.137707,-82.358375,-16.962159,21.263045,41.594522,0.000000,1
314.500000,,,,,,,,,,,,,,28.137721,-82.358361,-17.004480,21.247003,41.592127,0.000000,1
314.600000,,,,,,,,,,,,,,28.137736,-82.358347,-17.046802,21.230962,41.589732,0.000000,1
314.700000,,,,,,,,,,,,,,28.137751,-82.358333,-17.089123,21.214921,41.587337,0.000000,1
314.800000,,,,,,,,,,,,,,28.137766,-82.358319,-17.131445,21.198880,41.584942,0.000000,1
314.900000,,,,,,,,,,,,,,28.137781,-82.358305,-17.173766,21.182839,41.582547,0.000000,1
315.000000,,,,,,,,,,,,,,28.137796,-82.358291,-17.216088,21.166797,41.580152,0.000000,1
315.100000,,,,,,,,,,,,,,28.137811,-82.358277,-17.258409,21.150756,41.577757,0.000000,1
315.200000,,,,,,,,,,,,,,28.137826,-82.358264,-17.296740,21.136834,41.579642,0.000000,1
315.300000,,,,,,,,,,,,,,28.137840,-82.358250,-17.319067,21.131410,41.598691,0.000000,1
315.400000,,,,,,,,,,,,,,28.137854,-82.358237,-17.341394,21.125986,41.617740,0.000000,1
315.500000,,,,,,,,,,,,,,28.137869,-82.358223,-17.363721,21.120561,41.636788,0.000000,1
315.600000,,,,,,,,,,,,,,28.137883,-82.358210,-17.386048,21.115137,41.655837,0.000000,1
315.700000,,,,,,,,,,,,,,28.137897,-82.358196,-17.408374,21.109713,41.674886,0.000000,1
315.800000,,,,,,,,,,,,,,28.137911,-82.358183,-17.430701,21.104289,41.693935,0.000000,1
315.900000,,,,,,,,,,,,,,28.137925,-82.358170,-17.453028,21.098865,41.712984,0.000000,1
316.000000,,,,,,,,,,,,,,28.137939,-82.358156,-17.475355,21.093441,41.732033,0.000000,1
316.100000,,,,,,,,,,,,,,28.137954,-82.358143,-17.497682,21.088016,41.751082,0.000000,1
316.200000,,,,,,,,,,,,,,28.137968,-82.358129,-17.539062,21.084420,41.771423,0.000000,1
316.300000,,,,,,,,,,,,,,28.137981,-82.358115,-17.678699,21.090248,41.798429,0.000000,1
316.400000,,,,,,,,,,,,,,28.137995,-82.358102,-17.818335,21.096076,41.825436,0.000000,1
316.500000,,,,,,,,,,,,,,28.138008,-82.358088,-17.957972,21.101904,41.852443,0.000000,1
316.600000,,,,,,,,,,,,,,28.138022,-82.358074,-18.097609,21.107732,41.879449,0.000000,1
316.700000,,,,,,,,,,,,,,28.138036,-82.358060,-18.237246,21.113560,41.906456,0.000000,1
316.800000,,,,,,,,,,,,,,28.138049,-82.358047,-18.376882,21.119388,41.933463,0.000000,1
316.900000,,,,,,,,,,,,,,28.138063,-82.358033,-18.516519,21.125216,41.960469,0.000000,1
317.000000,,,,,,,,,,,,,,28.138076,-82.358019,-18.656156,21.131044,41.987476,0.000000,1
317.100000,,,,,,,,,,,,,,28.138090,-82.358005,-18.795793,21.136872,42.014482,0.000000,1
317.200000,,,,,,,,,,,,,,28.138103,-82.357991,-18.876914,21.143568,42.027208,0.000000,1
317.300000,,,,,,,,,,,,,,28.138117,-82.357977,-18.710388,21.153937,41.979494,0.000000,1
317.400000,,,,,,,,,,,,,,28.138131,-82.357963,-18.543863,21.164307,41.931780,0.000000,1
317.500000,,,,,,,,,,,,,,28.138145,-82.357949,-18.377337,21.174676,41.884067,0.000000,1
317.600000,,,,,,,,,,,,,,28.138159,-82.357935,-18.210812,21.185045,41.836353,0.000000,1
317.700000,,,,,,,,,,,,,,28.138173,-82.357921,-18.044286,21.195414,41.788639,0.000000,1
317.800000,,,,,,,,,,,,,,28.138187,-82.357906,-17.877761,21.205784,41.740925,0.000000,1
317.900000,,,,,,,,,,,,,,28.138201,-82.357892,-17.711235,21.216153,41.693211,0.000000,1
318.000000,,,,,,,,,,,,,,28.138215,-82.357878,-17.544709,21.226522,41.645497,0.000000,1
318.100000,,,,,,,,,,,,,,28.138229,-82.357864,-17.378184,21.236891,41.597784,0.000000,1
318.200000,,,,,,,,,,,,,,28.138243,-82.357850,-17.249113,21.246304,41.567140,0.000000,1
318.300000,,,,,,,,,,,,,,28.138257,-82.357835,-17.290848,21.251357,41.614343,0.000000,1
318.400000,,,,,,,,,,,,,,28.138272,-82.357821,-17.332582,21.256409,41.661546,0.000000,1
318.500000,,,,,,,,,,,,,,28.138286,-82.357806,-17.374316,21.261461,41.708749,0.000000,1
318.600000,,,,,,,,,,,,,,28.138301,-82.357792,-17.416050,21.266514,41.755953,0.000000,1
318.700000,,,,,,,,,,,,,,28.138315,-82.357777,-17.457785,21.271566,41.803156,0.000000,1
318.800000,,,,,,,,,,,,,,28.138329,-82.357763,-17.499519,21.276618,41.850359,0.000000,1
318.900000,,,,,,,,,,,,,,28.138344,-82.357748,-17.541253,21.281671,41.897562,0.000000,1
319.000000,,,,,,,,,,,,,,28.138358,-82.357734,-17.582987,21.286723,41.944765,0.000000,1
319.100000,,,,,,,,,,,,,,28.138373,-82.357720,-17.624722,21.291776,41.991968,0.000000,1
319.200000,,,,,,,,,,,,,,28.138387,-82.357705,-17.663010,21.294444,42.045562,0.000000,1
319.300000,,,,,,,,,,,,,,28.138401,-82.357691,-17.685781,21.286376,42.127935,0.000000,1
319.400000,,,,,,,,,,,,,,28.138415,-82.357676,-17.708552,21.278307,42.210309,0.000000,1
319.500000,,,,,,,,,,,,,,28.138429,-82.357661,-17.731323,21.270239,42.292682,0.000000,1
319.600000,,,,,,,,,,,,,,28.138443,-82.357647,-17.754094,21.262171,42.375056,0.000000,1
319.700000,,,,,,,,,,,,,,28.138457,-82.357632,-17.776866,21.254103,42.457430,0.000000,1
319.800000,,,,,,,,,,,,,,28.138471,-82.357618,-17.799637,21.246035,42.539803,0.000000,1
319.900000,,,,,,,,,,,,,,28.138485,-82.357603,-17.822408,21.237966,42.622177,0.000000,1
320.000000,,,,,,,,,,,,,,28.138499,-82.357589,-17.845179,21.229898,42.704551,0.000000,1
320.100000,,,,,,,,,,,,,,28.138513,-82.357574,-17.867950,21.221830,42.786924,0.000000,1
320.200000,,,,,,,,,,,,,,28.138527,-82.357560,-17.888283,21.218072,42.855246,0.000000,1
320.300000,,,,,,,,,,,,,,28.138541,-82.357545,-17.893670,21.240739,42.837418,0.000000,1
320.400000,,,,,,,,,,,,,,28.138556,-82.357530,-17.899057,21.263405,42.819590,0.000000,1
320.500000,,,,,,,,,,,,,,28.138571,-82.357516,-17.904444,21.286072,42.801762,0.000000,1
320.600000,,,,,,,,,,,,,,28.138585,-82.357501,-17.909830,21.308739,42.783934,0.000000,1
320.700000,,,,,,,,,,,,,,28.138600,-82.357486,-17.915217,21.331405,42.766106,0.000000,1
320.800000,,,,,,,,,,,,,,28.138614,-82.357472,-17.920604,21.354072,42.748279,0.000000,1
320.900000,,,,,,,,,,,,,,28.138629,-82.357457,-17.925991,21.376739,42.730451,0.000000,1
321.000000,,,,,,,,,,,,,,28.138644,-82.357442,-17.931378,21.399405,42.712623,0.000000,1
321.100000,,,,,,,,,,,,,,28.138658,-82.357428,-17.936765,21.422072,42.694795,0.000000,1
321.200000,,,,,,,,,,,,,,28.138673,-82.357413,-17.955805,21.442526,42.696839,0.000000,1
321.300000,,,,,,,,,,,,,,28.138689,-82.357397,-18.031070,21.453870,42.780712,0.000000,1
321.400000,,,,,,,,,,,,,,28.138705,-82.357380,-18.106334,21.465214,42.864586,0.000000,1
321.500000,,,,,,,,,,,,,,28.138721,-82.357364,-18.181598,21.476558,42.948460,0.000000,1
321.600000,,,,,,,,,,,,,,28.138736,-82.357348,-18.256862,21.487902,43.032334,0.000000,1
321.700000,,,,,,,,,,,,,,28.138752,-82.357332,-18.332127,21.499247,43.116207,0.000000,1
321.800000,,,,,,,,,,,,,,28.138768,-82.357316,-18.407391,21.510591,43.200081,0.000000,1
321.900000,,,,,,,,,,,,,,28.138784,-82.357299,-18.482655,21.521935,43.283955,0.000000,1
322.000000,,,,,,,,,,,,,,28.138800,-82.357283,-18.557919,21.533279,43.367829,0.000000,1
322.100000,,,,,,,,,,,,,,28.138815,-82.357267,-18.617572,21.540595,43.444868,0.000000,1
322.200000,,,,,,,,,,,,,,28.138828,-82.357253,-18.603236,21.528821,43.489521,0.000000,1
322.300000,,,,,,,,,,,,,,28.138840,-82.357239,-18.588901,21.517048,43.534174,0.000000,1
322.400000,,,,,,,,,,,,,,28.138853,-82.357225,-18.574565,21.505274,43.578827,0.000000,1
322.500000,,,,,,,,,,,,,,28.138865,-82.357211,-18.560229,21.493500,43.623480,0.000000,1
322.600000,,,,,,,,,,,,,,28.138878,-82.357197,-18.545894,21.481727,43.668132,0.000000,1
322.700000,,,,,,,,,,,,,,28.138891,-82.357184,-18.531558,21.469953,43.712785,0.000000,1
322.800000,,,,,,,,,,,,,,28.138903,-82.357170,-18.517223,21.458180,43.757438,0.000000,1
322.900000,,,,,,,,,,,,,,28.138916,-82.357156,-18.502887,21.446406,43.802091,0.000000,1
323.000000,,,,,,,,,,,,,,28.138929,-82.357142,-18.488552,21.434632,43.846743,0.000000,1
323.100000,,,,,,,,,,,,,,28.138941,-82.357128,-18.474216,21.422859,43.891396,0.000000,1
323.200000,,,,,,,,,,,,,,28.138954,-82.357113,-18.472348,21.407697,43.910272,0.000000,1
323.300000,,,,,,,,,,,,,,28.138968,-82.357098,-18.534434,21.375155,43.796918,0.000000,1
323.400000,,,,,,,,,,,,,,28.138982,-82.357083,-18.596520,21.342614,43.683564,0.000000,1
323.500000,,,,,,,,,,,,,,28.138996,-82.357068,-18.658605,21.310072,43.570210,0.000000,1
323.600000,,,,,,,,,,,,,,28.139011,-82.357053,-18.720691,21.277531,43.456855,0.000000,1
323.700000,,,,,,,,,,,,,,28.139025,-82.357038,-18.782777,21.244989,43.343501,0.000000,1
323.800000,,,,,,,,,,,,,,28.139039,-82.357023,-18.844863,21.212447,43.230147,0.000000,1
323.900000,,,,,,,,,,,,,,28.139053,-82.357008,-18.906949,21.179906,43.116793,0.000000,1
324.000000,,,,,,,,,,,,,,28.139067,-82.356993,-18.969034,21.147364,43.003439,0.000000,1
324.100000,,,,,,,,,,,,,,28.139081,-82.356978,-19.031120,21.114823,42.890085,0.000000,1
324.200000,,,,,,,,,,,,,,28.139096,-82.356963,-19.088137,21.080546,42.785059,0.000000,1
324.300000,,,,,,,,,,,,,,28.139109,-82.356948,-19.119977,21.037652,42.721404,0.000000,1
324.400000,,,,,,,,,,,,,,28.139123,-82.356933,-19.151816,20.994758,42.657748,0.000000,1
324.500000,,,,,,,,,,,,,,28.139137,-82.356918,-19.183656,20.951864,42.594092,0.000000,1
324.600000,,,,,,,,,,,,,,28.139151,-82.356904,-19.215496,20.908970,42.530436,0.000000,1
324.700000,,,,,,,,,,,,,,28.139165,-82.356889,-19.247335,20.866075,42.466780,0.000000,1
324.800000,,,,,,,,,,,,,,28.139178,-82.356874,-19.279175,20.823181,42.403124,0.000000,1
324.900000,,,,,,,,,,,,,,28.139192,-82.356859,-19.311014,20.780287,42.339468,0.000000,1
325.000000,,,,,,,,,,,,,,28.139206,-82.356845,-19.342854,20.737393,42.275812,0.000000,1
325.100000,,,,,,,,,,,,,,28.139220,-82.356830,-19.374693,20.694499,42.212157,0.000000,1
325.200000,,,,,,,,,,,,,,28.139234,-82.356815,-19.407304,20.653806,42.149139,0.000000,1
325.300000,,,,,,,,,,,,,,28.139249,-82.356799,-19.444648,20.626624,42.090037,0.000000,1
325.400000,,,,,,,,,,,,,,28.139265,-82.356783,-19.481992,20.599441,42.030935,0.000000,1
325.500000,,,,,,,,,,,,,,28.139280,-82.356766,-19.519336,20.572259,41.971833,0.000000,1
325.600000,,,,,,,,,,,,,,28.139296,-82.356750,-19.556680,20.545076,41.912731,0.000000,1
325.700000,,,,,,,,,,,,,,28.139311,-82.356734,-19.594024,20.517894,41.853629,0.000000,1
325.800000,,,,,,,,,,,,,,28.139327,-82.356718,-19.631367,20.490711,41.794527,0.000000,1
325.900000,,,,,,,,,,,,,,28.139342,-82.356702,-19.668711,20.463529,41.735426,0.000000,1
326.000000,,,,,,,,,,,,,,28.139358,-82.356686,-19.706055,20.436346,41.676324,0.000000,1
326.100000,,,,,,,,,,,,,,28.139373,-82.356670,-19.740538,20.417688,41.637231,0.000000,1
326.200000,,,,,,,,,,,,,,28.139385,-82.356658,-19.763866,20.432259,41.676140,0.000000,1
326.300000,,,,,,,,,,,,,,28.139398,-82.356645,-19.787195,20.446829,41.715049,0.000000,1
326.400000,,,,,,,,,,,,,,28.139410,-82.356632,-19.810524,20.461400,41.753958,0.000000,1
326.500000,,,,,,,,,,,,,,28.139423,-82.356620,-19.833852,20.475971,41.792867,0.000000,1
326.600000,,,,,,,,,,,,,,28.139435,-82.356607,-19.857181,20.490542,41.831776,0.000000,1
326.700000,,,,,,,,,,,,,,28.139447,-82.356595,-19.880510,20.505113,41.870685,0.000000,1
326.800000,,,,,,,,,,,,,,28.139460,-82.356582,-19.903838,20.519684,41.909594,0.000000,1
326.900000,,,,,,,,,,,,,,28.139472,-82.356569,-19.927167,20.534255,41.948503,0.000000,1
327.000000,,,,,,,,,,,,,,28.139485,-82.356557,-19.950495,20.548826,41.987412,0.000000,1
327.100000,,,,,,,,,,,,,,28.139497,-82.356544,-19.973824,20.563397,42.026321,0.000000,1
327.200000,,,,,,,,,,,,,,28.139510,-82.356531,-19.988125,20.577851,42.055666,0.000000,1
327.300000,,,,,,,,,,,,,,28.139523,-82.356517,-19.954950,20.591692,42.034713,0.000000,1
327.400000,,,,,,,,,,,,,,28.139536,-82.356503,-19.921776,20.605532,42.013760,0.000000,1
327.500000,,,,,,,,,,,,,,28.139549,-82.356490,-19.888601,20.619373,41.992807,0.000000,1
327.600000,,,,,,,,,,,,,,28.139562,-82.356476,-19.855426,20.633214,41.971854,0.000000,1
327.700000,,,,,,,,,,,,,,28.139575,-82.356462,-19.822252,20.647054,41.950901,0.000000,1
327.800000,,,,,,,,,,,,,,28.139588,-82.356448,-19.789077,20.660895,41.929949,0.000000,1
327.900000,,,,,,,,,,,,,,28.139601,-82.356434,-19.755903,20.674735,41.908996,0.000000,1
328.000000,,,,,,,,,,,,,,28.139614,-82.356421,-19.722728,20.688576,41.888043,0.000000,1
328.100000,,,,,,,,,,,,,,28.139627,-82.356407,-19.689553,20.702417,41.867090,0.000000,1
328.200000,,,,,,,,,,,,,,28.139640,-82.356393,-19.667465,20.720815,41.849580,0.000000,1
328.300000,,,,,,,,,,,,,,28.139654,-82.356378,-19.701047,20.762102,41.849354,0.000000,1
328.400000,,,,,,,,,,,,,,28.139668,-82.356364,-19.734628,20.803388,41.849128,0.000000,1
328.500000,,,,,,,,,,,,,,28.139682,-82.356350,-19.768210,20.844674,41.848902,0.000000,1
328.600000,,,,,,,,,,,,,,28.139696,-82.356336,-19.801792,20.885960,41.848677,0.000000,1
328.700000,,,,,,,,,,,,,,28.139710,-82.356321,-19.835373,20.927246,41.848451,0.000000,1
328.800000,,,,,,,,,,,,,,28.139724,-82.356307,-19.868955,20.968533,41.848225,0.000000,1
328.900000,,,,,,,,,,,,,,28.139738,-82.356293,-19.902536,21.009819,41.847999,0.000000,1
329.000000,,,,,,,,,,,,,,28.139752,-82.356278,-19.936118,21.051105,41.847774,0.000000,1
329.100000,,,,,,,,,,,,,,28.139766,-82.356264,-19.969700,21.092391,41.847548,0.000000,1
329.200000,,,,,,,,,,,,,,28.139780,-82.356250,-20.044974,21.129711,41.843343,0.000000,1
329.300000,,,,,,,,,,,,,,28.139794,-82.356237,-20.312086,21.148779,41.820830,0.000000,1
329.400000,,,,,,,,,,,,,,28.139808,-82.356223,-20.579198,21.167847,41.798316,0.000000,1
329.500000,,,,,,,,,,,,,,28.139822,-82.356210,-20.846310,21.186916,41.775803,0.000000,1
329.600000,,,,,,,,,,,,,,28.139836,-82.356197,-21.113422,21.205984,41.753289,0.000000,1
329.700000,,,,,,,,,,,,,,28.139850,-82.356183,-21.380534,21.225052,41.730776,0.000000,1
329.800000,,,,,,,,,,,,,,28.139864,-82.356170,-21.647646,21.244121,41.708262,0.000000,1
329.900000,,,,,,,,,,,,,,28.139878,-82.356157,-21.914759,21.263189,41.685749,0.000000,1
330.000000,,,,,,,,,,,,,,28.139892,-82.356143,-22.181871,21.282257,41.663235,0.000000,1
330.100000,,,,,,,,,,,,,,28.139906,-82.356130,-22.448983,21.301326,41.640721,0.000000,1
330.200000,,,,,,,,,,,,,,28.139920,-82.356117,-22.674672,21.316238,41.615913,0.000000,1
330.300000,,,,,,,,,,,,,,28.139934,-82.356102,-22.699137,21.310964,41.579956,0.000000,1
330.400000,,,,,,,,,,,,,,28.139949,-82.356088,-22.723601,21.305690,41.543999,0.000000,1
330.500000,,,,,,,,,,,,,,28.139964,-82.356074,-22.748066,21.300416,41.508042,0.000000,1
330.600000,,,,,,,,,,,,,,28.139978,-82.356059,-22.772530,21.295142,41.472084,0.000000,1
330.700000,,,,,,,,,,,,,,28.139993,-82.356045,-22.796995,21.289867,41.436127,0.000000,1
330.800000,,,,,,,,,,,,,,28.140008,-82.356031,-22.821459,21.284593,41.400170,0.000000,1
330.900000,,,,,,,,,,,,,,28.140022,-82.356017,-22.845924,21.279319,41.364213,0.000000,1
331.000000,,,,,,,,,,,,,,28.140037,-82.356002,-22.870388,21.274045,41.328256,0.000000,1
331.100000,,,,,,,,,,,,,,28.140052,-82.355988,-22.894853,21.268771,41.292299,0.000000,1
331.200000,,,,,,,,,,,,,,28.140066,-82.355974,-22.916606,21.262215,41.276858,0.000000,1
331.300000,,,,,,,,,,,,,,28.140081,-82.355960,-22.928184,21.250849,41.338396,0.000000,1
331.400000,,,,,,,,,,,,,,28.140095,-82.355946,-22.939761,21.239483,41.399934,0.000000,1
331.500000,,,,,,,,,,,,,,28.140109,-82.355932,-22.951339,21.228117,41.461472,0.000000,1
331.600000,,,,,,,,,,,,,,28.140123,-82.355918,-22.962917,21.216751,41.523010,0.000000,1
331.700000,,,,,,,,,,,,,,28.140138,-82.355904,-22.974495,21.205385,41.584548,0.000000,1
331.800000,,,,,,,,,,,,,,28.140152,-82.355891,-22.986073,21.194019,41.646086,0.000000,1
331.900000,,,,,,,,,,,,,,28.140166,-82.355877,-22.997651,21.182653,41.707624,0.000000,1
332.000000,,,,,,,,,,,,,,28.140180,-82.355863,-23.009228,21.171287,41.769162,0.000000,1
332.100000,,,,,,,,,,,,,,28.140195,-82.355849,-23.020806,21.159922,41.830700,0.000000,1
332.200000,,,,,,,,,,,,,,28.140209,-82.355835,-22.997695,21.150855,41.877239,0.000000,1
332.300000,,,,,,,,,,,,,,28.140224,-82.355820,-22.790076,21.154022,41.843996,0.000000,1
332.400000,,,,,,,,,,,,,,28.140238,-82.355805,-22.582458,21.157188,41.810754,0.000000,1
332.500000,,,,,,,,,,,,,,28.140253,-82.355790,-22.374839,21.160354,41.777511,0.000000,1
332.600000,,,,,,,,,,,,,,28.140268,-82.355775,-22.167221,21.163520,41.744269,0.000000,1
332.700000,,,,,,,,,,,,,,28.140283,-82.355759,-21.959602,21.166686,41.711026,0.000000,1
332.800000,,,,,,,,,,,,,,28.140298,-82.355744,-21.751984,21.169852,41.677783,0.000000,1
332.900000,,,,,,,,,,,,,,28.140312,-82.355729,-21.544365,21.173018,41.644541,0.000000,1
333.000000,,,,,,,,,,,,,,28.140327,-82.355714,-21.336747,21.176184,41.611298,0.000000,1
333.100000,,,,,,,,,,,,,,28.140342,-82.355699,-21.129128,21.179350,41.578056,0.000000,1
333.200000,,,,,,,,,,,,,,28.140357,-82.355684,-20.919919,21.176904,41.548289,0.000000,1
333.300000,,,,,,,,,,,,,,28.140372,-82.355669,-20.705225,21.155110,41.530505,0.000000,1
333.400000,,,,,,,,,,,,,,28.140386,-82.355654,-20.490531,21.133316,41.512720,0.000000,1
333.500000,,,,,,,,,,,,,,28.140401,-82.355638,-20.275837,21.111522,41.494936,0.000000,1
333.600000,,,,,,,,,,,,,,28.140416,-82.355623,-20.061142,21.089728,41.477152,0.000000,1
333.700000,,,,,,,,,,,,,,28.140430,-82.355608,-19.846448,21.067933,41.459368,0.000000,1
333.800000,,,,,,,,,,,,,,28.140445,-82.355593,-19.631754,21.046139,41.441583,0.000000,1
333.900000,,,,,,,,,,,,,,28.140460,-82.355578,-19.417060,21.024345,41.423799,0.000000,1
334.000000,,,,,,,,,,,,,,28.140474,-82.355563,-19.202366,21.002551,41.406015,0.000000,1
334.100000,,,,,,,,,,,,,,28.140489,-82.355548,-18.987672,20.980757,41.388230,0.000000,1
334.200000,,,,,,,,,,,,,,28.140504,-82.355533,-18.797933,20.955987,41.377263,0.000000,1
334.300000,,,,,,,,,,,,,,28.140518,-82.355519,-18.705863,20.919571,41.392977,0.000000,1
334.400000,,,,,,,,,,,,,,28.140532,-82.355506,-18.613793,20.883154,41.408691,0.000000,1
334.500000,,,,,,,,,,,,,,28.140546,-82.355493,-18.521723,20.846738,41.424404,0.000000,1
334.600000,,,,,,,,,,,,,,28.140560,-82.355479,-18.429652,20.810322,41.440118,0.000000,1
334.700000,,,,,,,,,,,,,,28.140574,-82.355466,-18.337582,20.773905,41.455832,0.000000,1
334.800000,,,,,,,,,,,,,,28.140588,-82.355452,-18.245512,20.737489,41.471546,0.000000,1
334.900000,,,,,,,,,,,,,,28.140602,-82.355439,-18.153442,20.701073,41.487259,0.000000,1
335.000000,,,,,,,,,,,,,,28.140616,-82.355426,-18.061372,20.664656,41.502973,0.000000,1
335.100000,,,,,,,,,,,,,,28.140630,-82.355412,-17.969302,20.628240,41.518687,0.000000,1
335.200000,,,,,,,,,,,,,,28.140644,-82.355399,-17.904235,20.591620,41.540547,0.000000,1
335.300000,,,,,,,,,,,,,,28.140658,-82.355385,-17.962302,20.554070,41.590435,0.000000,1
335.400000,,,,,,,,,,,,,,28.140672,-82.355371,-18.020368,20.516520,41.640322,0.000000,1
335.500000,,,,,,,,,,,,,,28.140686,-82.355358,-18.078435,20.478971,41.690210,0.000000,1
335.600000,,,,,,,,,,,,,,28.140700,-82.355344,-18.136502,20.441421,41.740098,0.000000,1
335.700000,,,,,,,,,,,,,,28.140713,-82.355330,-18.194569,20.403871,41.789986,0.000000,1
335.800000,,,,,,,,,,,,,,28.140727,-82.355317,-18.252636,20.366321,41.839873,0.000000,1
335.900000,,,,,,,,,,,,,,28.140741,-82.355303,-18.310702,20.328771,41.889761,0.000000,1
336.000000,,,,,,,,,,,,,,28.140755,-82.355289,-18.368769,20.291222,41.939649,0.000000,1
336.100000,,,,,,,,,,,,,,28.140769,-82.355276,-18.426836,20.253672,41.989537,0.000000,1
336.200000,,,,,,,,,,,,,,28.140783,-82.355262,-18.467781,20.214040,42.022399,0.000000,1
336.300000,,,,,,,,,,,,,,28.140796,-82.355250,-18.429618,20.164787,41.976601,0.000000,1
336.400000,,,,,,,,,,,,,,28.140810,-82.355237,-18.391454,20.115534,41.930802,0.000000,1
336.500000,,,,,,,,,,,,,,28.140824,-82.355225,-18.353291,20.066281,41.885003,0.000000,1
336.600000,,,,,,,,,,,,,,28.140837,-82.355212,-18.315128,20.017029,41.839204,0.000000,1
336.700000,,,,,,,,,,,,,,28.140851,-82.355199,-18.276965,19.967776,41.793406,0.000000,1
336.800000,,,,,,,,,,,,,,28.140864,-82.355187,-18.238801,19.918523,41.747607,0.000000,1
336.900000,,,,,,,,,,,,,,28.140878,-82.355174,-18.200638,19.869270,41.701808,0.000000,1
337.000000,,,,,,,,,,,,,,28.140892,-82.355162,-18.162475,19.820017,41.656009,0.000000,1
337.100000,,,,,,,,,,,,,,28.140905,-82.355149,-18.124312,19.770765,41.610211,0.000000,1
337.200000,,,,,,,,,,,,,,28.140919,-82.355136,-18.073426,19.723040,41.577482,0.000000,1
337.300000,,,,,,,,,,,,,,28.140932,-82.355123,-17.965321,19.682189,41.603538,0.000000,1
337.400000,,,,,,,,,,,,,,28.140945,-82.355110,-17.857216,19.641338,41.629594,0.000000,1
337.500000,,,,,,,,,,,,,,28.140959,-82.355097,-17.749111,19.600486,41.655650,0.000000,1
337.600000,,,,,,,,,,,,,,28.140972,-82.355083,-17.641006,19.559635,41.681706,0.000000,1
337.700000,,,,,,,,,,,,,,28.140985,-82.355070,-17.532901,19.518784,41.707763,0.000000,1
337.800000,,,,,,,,,,,,,,28.140999,-82.355057,-17.424796,19.477933,41.733819,0.000000,1
337.900000,,,,,,,,,,,,,,28.141012,-82.355044,-17.316691,19.437081,41.759875,0.000000,1
338.000000,,,,,,,,,,,,,,28.141025,-82.355031,-17.208586,19.396230,41.785931,0.000000,1
338.100000,,,,,,,,,,,,,,28.141039,-82.355017,-17.100481,19.355379,41.811987,0.000000,1
338.200000,,,,,,,,,,,,,,28.141052,-82.355004,-17.000565,19.309575,41.823349,0.000000,1
338.300000,,,,,,,,,,,,,,28.141064,-82.354991,-16.941443,19.239100,41.761516,0.000000,1
338.400000,,,,,,,,,,,,,,28.141076,-82.354979,-16.882320,19.168625,41.699683,0.000000,1
338.500000,,,,,,,,,,,,,,28.141089,-82.354966,-16.823198,19.098150,41.637850,0.000000,1
338.600000,,,,,,,,,,,,,,28.141101,-82.354953,-16.764075,19.027675,41.576017,0.000000,1
338.700000,,,,,,,,,,,,,,28.141113,-82.354940,-16.704953,18.957200,41.514184,0.000000,1
338.800000,,,,,,,,,,,,,,28.141126,-82.354927,-16.645830,18.886725,41.452351,0.000000,1
338.900000,,,,,,,,,,,,,,28.141138,-82.354915,-16.586708,18.816250,41.390518,0.000000,1
339.000000,,,,,,,,,,,,,,28.141150,-82.354902,-16.527585,18.745775,41.328685,0.000000,1
339.100000,,,,,,,,,,,,,,28.141163,-82.354889,-16.468463,18.675300,41.266852,0.000000,1
339.200000,,,,,,,,,,,,,,28.141175,-82.354876,-16.416751,18.609131,41.215998,0.000000,1
339.300000,,,,,,,,,,,,,,28.141187,-82.354864,-16.395311,18.560550,41.209994,0.000000,1
339.400000,,,,,,,,,,,,,,28.141200,-82.354852,-16.373870,18.511969,41.203990,0.000000,1
339.500000,,,,,,,,,,,,,,28.141212,-82.354840,-16.352430,18.463388,41.197986,0.000000,1
339.600000,,,,,,,,,,,,,,28.141225,-82.354828,-16.330990,18.414807,41.191982,0.000000,1
339.700000,,,,,,,,,,,,,,28.141238,-82.354815,-16.309550,18.366226,41.185978,0.000000,1
339.800000,,,,,,,,,,,,,,28.141250,-82.354803,-16.288110,18.317645,41.179974,0.000000,1
339.900000,,,,,,,,,,,,,,28.141263,-82.354791,-16.266670,18.269064,41.173970,0.000000,1
340.000000,,,,,,,,,,,,,,28.141275,-82.354779,-16.245230,18.220483,41.167966,0.000000,1
340.100000,,,,,,,,,,,,,,28.141288,-82.354766,-16.223789,18.171902,41.161962,0.000000,1
340.200000,,,,,,,,,,,,,,28.141300,-82.354754,-16.197616,18.126991,41.167277,0.000000,1
340.300000,,,,,,,,,,,,,,28.141312,-82.354742,-16.149619,18.099000,41.224772,0.000000,1
340.400000,,,,,,,,,,,,,,28.141324,-82.354730,-16.101623,18.071008,41.282268,0.000000,1
340.500000,,,,,,,,,,,,,,28.141336,-82.354718,-16.053627,18.043016,41.339764,0.000000,1
340.600000,,,,,,,,,,,,,,28.141348,-82.354706,-16.005630,18.015024,41.397259,0.000000,1
340.700000,,,,,,,,,,,,,,28.141360,-82.354694,-15.957634,17.987032,41.454755,0.000000,1
340.800000,,,,,,,,,,,,,,28.141372,-82.354682,-15.909638,17.959041,41.512251,0.000000,1
340.900000,,,,,,,,,,,,,,28.141384,-82.354670,-15.861641,17.931049,41.569746,0.000000,1
341.000000,,,,,,,,,,,,,,28.141396,-82.354658,-15.813645,17.903057,41.627242,0.000000,1
341.100000,,,,,,,,,,,,,,28.141408,-82.354646,-15.765649,17.875065,41.684737,0.000000,1
341.200000,,,,,,,,,,,,,,28.141421,-82.354633,-15.699055,17.847028,41.733214,0.000000,1
341.300000,,,,,,,,,,,,,,28.141435,-82.354620,-15.554670,17.818800,41.743961,0.000000,1
341.400000,,,,,,,,,,,,,,28.141449,-82.354606,-15.410285,17.790571,41.754709,0.000000,1
341.500000,,,,,,,,,,,,,,28.141463,-82.354593,-15.265900,17.762343,41.765456,0.000000,1
341.600000,,,,,,,,,,,,,,28.141477,-82.354579,-15.121515,17.734115,41.776203,0.000000,1
341.700000,,,,,,,,,,,,,,28.141491,-82.354566,-14.977130,17.705886,41.786951,0.000000,1
341.800000,,,,,,,,,,,,,,28.141505,-82.354552,-14.832744,17.677658,41.797698,0.000000,1
341.900000,,,,,,,,,,,,,,28.141519,-82.354539,-14.688359,17.649430,41.808446,0.000000,1
342.000000,,,,,,,,,,,,,,28.141533,-82.354525,-14.543974,17.621202,41.819193,0.000000,1
342.100000,,,,,,,,,,,,,,28.141547,-82.354512,-14.428546,17.582436,41.808557,0.000000,1
342.200000,,,,,,,,,,,,,,28.141557,-82.354501,-14.436389,17.498811,41.706890,0.000000,1
342.300000,,,,,,,,,,,,,,28.141568,-82.354491,-14.444231,17.415186,41.605223,0.000000,1
342.400000,,,,,,,,,,,,,,28.141579,-82.354480,-14.452074,17.331562,41.503556,0.000000,1
342.500000,,,,,,,,,,,,,,28.141589,-82.354470,-14.459916,17.247937,41.401889,0.000000,1
342.600000,,,,,,,,,,,,,,28.141600,-82.354459,-14.467759,17.164312,41.300222,0.000000,1
342.700000,,,,,,,,,,,,,,28.141611,-82.354448,-14.475602,17.080688,41.198555,0.000000,1
342.800000,,,,,,,,,,,,,,28.141621,-82.354438,-14.483444,16.997063,41.096888,0.000000,1
342.900000,,,,,,,,,,,,,,28.141632,-82.354427,-14.491287,16.913438,40.995221,0.000000,1
343.000000,,,,,,,,,,,,,,28.141643,-82.354416,-14.499129,16.829814,40.893554,0.000000,1
343.100000,,,,,,,,,,,,,,28.141653,-82.354406,-14.506972,16.746189,40.791887,0.000000,1
343.200000,,,,,,,,,,,,,,28.141664,-82.354395,-14.508868,16.648593,40.701268,0.000000,1
343.300000,,,,,,,,,,,,,,28.141676,-82.354384,-14.480220,16.479229,40.667395,0.000000,1
343.400000,,,,,,,,,,,,,,28.141687,-82.354373,-14.451572,16.309865,40.633523,0.000000,1
343.500000,,,,,,,,,,,,,,28.141698,-82.354362,-14.422923,16.140501,40.599651,0.000000,1
343.600000,,,,,,,,,,,,,,28.141710,-82.354350,-14.394275,15.971137,40.565779,0.000000,1
343.700000,,,,,,,,,,,,,,28.141721,-82.354339,-14.365627,15.801772,40.531907,0.000000,1
343.800000,,,,,,,,,,,,,,28.141732,-82.354328,-14.336979,15.632408,40.498035,0.000000,1
343.900000,,,,,,,,,,,,,,28.141743,-82.354317,-14.308330,15.463044,40.464162,0.000000,1
344.000000,,,,,,,,,,,,,,28.141755,-82.354306,-14.279682,15.293680,40.430290,0.000000,1
344.100000,,,,,,,,,,,,,,28.141766,-82.354295,-14.251034,15.124316,40.396418,0.000000,1
344.200000,,,,,,,,,,,,,,28.141777,-82.354284,-14.222458,14.951353,40.355842,0.000000,1
344.300000,,,,,,,,,,,,,,28.141787,-82.354275,-14.194189,14.763201,40.286968,0.000000,1
344.400000,,,,,,,,,,,,,,28.141797,-82.354266,-14.165919,14.575049,40.218095,0.000000,1
344.500000,,,,,,,,,,,,,,28.141807,-82.354256,-14.137650,14.386897,40.149221,0.000000,1
344.600000,,,,,,,,,,,,,,28.141817,-82.354247,-14.109380,14.198745,40.080348,0.000000,1
344.700000,,,,,,,,,,,,,,28.141827,-82.354238,-14.081111,14.010593,40.011474,0.000000,1
344.800000,,,,,,,,,,,,,,28.141838,-82.354229,-14.052841,13.822441,39.942601,0.000000,1
344.900000,,,,,,,,,,,,,,28.141848,-82.354220,-14.024572,13.634289,39.873727,0.000000,1
345.000000,,,,,,,,,,,,,,28.141858,-82.354211,-13.996302,13.446137,39.804853,0.000000,1
345.100000,,,,,,,,,,,,,,28.141868,-82.354201,-13.968032,13.257985,39.735980,0.000000,1
345.200000,,,,,,,,,,,,,,28.141877,-82.354193,-13.941332,13.082660,39.688565,0.000000,1
345.300000,,,,,,,,,,,,,,28.141886,-82.354185,-13.920053,12.951634,39.715258,0.000000,1
345.400000,,,,,,,,,,,,,,28.141895,-82.354177,-13.898773,12.820608,39.741951,0.000000,1
345.500000,,,,,,,,,,,,,,28.141903,-82.354169,-13.877493,12.689581,39.768643,0.000000,1
345.600000,,,,,,,,,,,,,,28.141912,-82.354161,-13.856214,12.558555,39.795336,0.000000,1
345.700000,,,,,,,,,,,,,,28.141921,-82.354153,-13.834934,12.427529,39.822029,0.000000,1
345.800000,,,,,,,,,,,,,,28.141929,-82.354145,-13.813654,12.296502,39.848722,0.000000,1
345.900000,,,,,,,,,,,,,,28.141938,-82.354137,-13.792375,12.165476,39.875415,0.000000,1
346.000000,,,,,,,,,,,,,,28.141947,-82.354129,-13.771095,12.034450,39.902107,0.000000,1
346.100000,,,,,,,,,,,,,,28.141956,-82.354121,-13.749815,11.903423,39.928800,0.000000,1
346.200000,,,,,,,,,,,,,,28.141964,-82.354114,-13.731124,11.781529,39.948971,0.000000,1
346.300000,,,,,,,,,,,,,,28.141972,-82.354106,-13.726312,11.708609,39.934164,0.000000,1
346.400000,,,,,,,,,,,,,,28.141981,-82.354098,-13.721500,11.635688,39.919358,0.000000,1
346.500000,,,,,,,,,,,,,,28.141989,-82.354091,-13.716688,11.562768,39.904551,0.000000,1
346.600000,,,,,,,,,,,,,,28.141997,-82.354083,-13.711876,11.489847,39.889744,0.000000,1
346.700000,,,,,,,,,,,,,,28.142006,-82.354076,-13.707064,11.416927,39.874938,0.000000,1
346.800000,,,,,,,,,,,,,,28.142014,-82.354068,-13.702253,11.344006,39.860131,0.000000,1
346.900000,,,,,,,,,,,,,,28.142022,-82.354060,-13.697441,11.271086,39.845325,0.000000,1
347.000000,,,,,,,,,,,,,,28.142030,-82.354053,-13.692629,11.198165,39.830518,0.000000,1
347.100000,,,,,,,,,,,,,,28.142039,-82.354045,-13.687817,11.125245,39.815711,0.000000,1
347.200000,,,,,,,,,,,,,,28.142047,-82.354038,-13.665179,11.055345,39.809804,0.000000,1
347.300000,,,,,,,,,,,,,,28.142055,-82.354030,-13.568066,10.998067,39.841078,0.000000,1
347.400000,,,,,,,,,,,,,,28.142062,-82.354023,-13.470953,10.940789,39.872352,0.000000,1
347.500000,,,,,,,,,,,,,,28.142070,-82.354016,-13.373840,10.883510,39.903626,0.000000,1
347.600000,,,,,,,,,,,,,,28.142078,-82.354009,-13.276727,10.826232,39.934900,0.000000,1
347.700000,,,,,,,,,,,,,,28.142085,-82.354002,-13.179614,10.768954,39.966174,0.000000,1
347.800000,,,,,,,,,,,,,,28.142093,-82.353995,-13.082501,10.711675,39.997448,0.000000,1
347.900000,,,,,,,,,,,,,,28.142101,-82.353987,-12.985388,10.654397,40.028722,0.000000,1
348.000000,,,,,,,,,,,,,,28.142109,-82.353980,-12.888275,10.597119,40.059996,0.000000,1
348.100000,,,,,,,,,,,,,,28.142116,-82.353973,-12.791162,10.539840,40.091270,0.000000,1
348.200000,,,,,,,,,,,,,,28.142124,-82.353966,-12.708313,10.483421,40.119161,0.000000,1
348.300000,,,,,,,,,,,,,,28.142131,-82.353959,-12.703987,10.431734,40.128428,0.000000,1
348.400000,,,,,,,,,,,,,,28.142139,-82.353951,-12.699661,10.380046,40.137694,0.000000,1
348.500000,,,,,,,,,,,,,,28.142146,-82.353944,-12.695335,10.328358,40.146960,0.000000,1
348.600000,,,,,,,,,,,,,,28.142153,-82.353937,-12.691009,10.276671,40.156226,0.000000,1
348.700000,,,,,,,,,,,,,,28.142161,-82.353929,-12.686682,10.224983,40.165493,0.000000,1
348.800000,,,,,,,,,,,,,,28.142168,-82.353922,-12.682356,10.173295,40.174759,0.000000,1
348.900000,,,,,,,,,,,,,,28.142175,-82.353914,-12.678030,10.121607,40.184025,0.000000,1
349.000000,,,,,,,,,,,,,,28.142183,-82.353907,-12.673704,10.069920,40.193291,0.000000,1
349.100000,,,,,,,,,,,,,,28.142190,-82.353900,-12.669378,10.018232,40.202558,0.000000,1
349.200000,,,,,,,,,,,,,,28.142197,-82.353893,-12.658971,9.960010,40.158446,0.000000,1
349.300000,,,,,,,,,,,,,,28.142203,-82.353887,-12.625703,9.877226,39.913671,0.000000,1
349.400000,,,,,,,,,,,,,,28.142210,-82.353881,-12.592434,9.794442,39.668897,0.000000,1
349.500000,,,,,,,,,,,,,,28.142216,-82.353875,-12.559166,9.711658,39.424122,0.000000,1
349.600000,,,,,,,,,,,,,,28.142223,-82.353869,-12.525897,9.628873,39.179347,0.000000,1
349.700000,,,,,,,,,,,,,,28.142229,-82.353862,-12.492629,9.546089,38.934573,0.000000,1
349.800000,,,,,,,,,,,,,,28.142235,-82.353856,-12.459360,9.463305,38.689798,0.000000,1
349.900000,,,,,,,,,,,,,,28.142242,-82.353850,-12.426092,9.380521,38.445023,0.000000,1
350.000000,,,,,,,,,,,,,,28.142248,-82.353844,-12.392824,9.297736,38.200248,0.000000,1
350.100000,,,,,,,,,,,,,,28.142254,-82.353838,-12.359555,9.214952,37.955474,0.000000,1
350.200000,,,,,,,,,,,,,,28.142261,-82.353832,-12.334437,9.121154,37.692599,0.000000,1
350.300000,,,,,,,,,,,,,,28.142267,-82.353828,-12.365424,8.951533,37.305120,0.000000,1
350.400000,,,,,,,,,,,,,,28.142273,-82.353824,-12.396411,8.781911,36.917641,0.000000,1
350.500000,,,,,,,,,,,,,,28.142279,-82.353819,-12.427398,8.612290,36.530162,0.000000,1
350.600000,,,,,,,,,,,,,,28.142285,-82.353815,-12.458386,8.442669,36.142684,0.000000,1
350.700000,,,,,,,,,,,,,,28.142291,-82.353811,-12.489373,8.273048,35.755205,0.000000,1
350.800000,,,,,,,,,,,,,,28.142297,-82.353806,-12.520360,8.103426,35.367726,0.000000,1
350.900000,,,,,,,,,,,,,,28.142303,-82.353802,-12.551348,7.933805,34.980247,0.000000,1
351.000000,,,,,,,,,,,,,,28.142309,-82.353797,-12.582335,7.764184,34.592769,0.000000,1
351.100000,,,,,,,,,,,,,,28.142315,-82.353793,-12.613322,7.594563,34.205290,0.000000,1
351.200000,,,,,,,,,,,,,,28.142321,-82.353789,-12.631582,7.426260,33.824829,0.000000,1
351.300000,,,,,,,,,,,,,,28.142326,-82.353784,-12.595604,7.263580,33.474277,0.000000,1
351.400000,,,,,,,,,,,,,,28.142331,-82.353780,-12.559626,7.100899,33.123724,0.000000,1
351.500000,,,,,,,,,,,,,,28.142336,-82.353776,-12.523647,6.938218,32.773172,0.000000,1
351.600000,,,,,,,,,,,,,,28.142341,-82.353772,-12.487669,6.775538,32.422620,0.000000,1
351.700000,,,,,,,,,,,,,,28.142346,-82.353768,-12.451691,6.612857,32.072068,0.000000,1
351.800000,,,,,,,,,,,,,,28.142351,-82.353764,-12.415712,6.450176,31.721515,0.000000,1
351.900000,,,,,,,,,,,,,,28.142356,-82.353760,-12.379734,6.287495,31.370963,0.000000,1
352.000000,,,,,,,,,,,,,,28.142361,-82.353755,-12.343756,6.124815,31.020411,0.000000,1
352.100000,,,,,,,,,,,,,,28.142366,-82.353752,-12.307161,5.961630,30.720748,0.000000,1
352.200000,,,,,,,,,,,,,,28.142370,-82.353749,-12.267567,5.795990,30.668955,0.000000,1
352.300000,,,,,,,,,,,,,,28.142373,-82.353746,-12.227973,5.630351,30.617162,0.000000,1
352.400000,,,,,,,,,,,,,,28.142377,-82.353743,-12.188378,5.464712,30.565368,0.000000,1
352.500000,,,,,,,,,,,,,,28.142381,-82.353740,-12.148784,5.299072,30.513575,0.000000,1
352.600000,,,,,,,,,,,,,,28.142385,-82.353737,-12.109190,5.133433,30.461782,0.000000,1
352.700000,,,,,,,,,,,,,,28.142389,-82.353735,-12.069595,4.967793,30.409988,0.000000,1
352.800000,,,,,,,,,,,,,,28.142392,-82.353732,-12.030001,4.802154,30.358195,0.000000,1
352.900000,,,,,,,,,,,,,,28.142396,-82.353729,-11.990406,4.636514,30.306402,0.000000,1
353.000000,,,,,,,,,,,,,,28.142400,-82.353726,-11.950812,4.470875,30.254608,0.000000,1
353.100000,,,,,,,,,,,,,,28.142404,-82.353723,-11.911218,4.305235,30.202815,0.000000,1
353.200000,,,,,,,,,,,,,,28.142407,-82.353721,-11.880482,4.133045,30.168892,0.000000,1
353.300000,,,,,,,,,,,,,,28.142410,-82.353719,-11.894836,3.927510,30.225921,0.000000,1
353.400000,,,,,,,,,,,,,,28.142412,-82.353718,-11.909189,3.721975,30.282951,0.000000,1
353.500000,,,,,,,,,,,,,,28.142414,-82.353717,-11.923542,3.516441,30.339981,0.000000,1
353.600000,,,,,,,,,,,,,,28.142417,-82.353715,-11.937896,3.310906,30.397010,0.000000,1
353.700000,,,,,,,,,,,,,,28.142419,-82.353714,-11.952249,3.105372,30.454040,0.000000,1
353.800000,,,,,,,,,,,,,,28.142421,-82.353713,-11.966602,2.899837,30.511069,0.000000,1
353.900000,,,,,,,,,,,,,,28.142424,-82.353712,-11.980956,2.694302,30.568099,0.000000,1
354.000000,,,,,,,,,,,,,,28.142426,-82.353710,-11.995309,2.488768,30.625129,0.000000,1
354.100000,,,,,,,,,,,,,,28.142428,-82.353709,-12.009662,2.283233,30.682158,0.000000,1
354.200000,,,,,,,,,,,,,,28.142431,-82.353708,-12.019717,2.093247,30.681225,0.000000,1
354.300000,,,,,,,,,,,,,,28.142431,-82.353707,-12.007876,1.982446,30.385087,0.000000,1
354.400000,,,,,,,,,,,,,,28.142432,-82.353706,-11.996035,1.871646,30.088949,0.000000,1
354.500000,,,,,,,,,,,,,,28.142433,-82.353705,-11.984195,1.760846,29.792811,0.000000,1
354.600000,,,,,,,,,,,,,,28.142434,-82.353703,-11.972354,1.650045,29.496673,0.000000,1
354.700000,,,,,,,,,,,,,,28.142435,-82.353702,-11.960513,1.539245,29.200535,0.000000,1
354.800000,,,,,,,,,,,,,,28.142436,-82.353701,-11.948673,1.428445,28.904398,0.000000,1
354.900000,,,,,,,,,,,,,,28.142437,-82.353700,-11.936832,1.317644,28.608260,0.000000,1
355.000000,,,,,,,,,,,,,,28.142438,-82.353699,-11.924991,1.206844,28.312122,0.000000,1
355.100000,,,,,,,,,,,,,,28.142439,-82.353698,-11.913151,1.096044,28.015984,0.000000,1
355.200000,,,,,,,,,,,,,,28.142439,-82.353697,-11.896052,0.989508,27.774082,0.000000,1
355.300000,,,,,,,,,,,,,,28.142439,-82.353696,-11.855499,0.901995,27.774082,0.000000,1
355.400000,,,,,,,,,,,,,,28.142439,-82.353696,-11.814946,0.814481,27.774082,0.000000,1
355.500000,,,,,,,,,,,,,,28.142439,-82.353695,-11.774394,0.726968,27.774082,0.000000,1
355.600000,,,,,,,,,,,,,,28.142439,-82.353695,-11.733841,0.639454,27.774082,0.000000,1
355.700000,,,,,,,,,,,,,,28.142438,-82.353694,-11.693289,0.551940,27.774082,0.000000,1
355.800000,,,,,,,,,,,,,,28.142438,-82.353693,-11.652736,0.464427,27.774082,0.000000,1
355.900000,,,,,,,,,,,,,,28.142438,-82.353693,-11.612184,0.376913,27.774082,0.000000,1
356.000000,,,,,,,,,,,,,,28.142438,-82.353692,-11.571631,0.289400,27.774082,0.000000,1
356.100000,,,,,,,,,,,,,,28.142438,-82.353691,-11.531078,0.201886,27.774082,0.000000,1
356.200000,,,,,,,,,,,,,,28.142437,-82.353691,-11.490085,0.129878,27.774082,0.000000,1
356.300000,,,,,,,,,,,,,,28.142437,-82.353690,-11.447048,0.129779,27.774082,0.000000,1
356.400000,,,,,,,,,,,,,,28.142436,-82.353690,-11.404011,0.129681,27.774082,0.000000,1
356.500000,,,,,,,,,,,,,,28.142436,-82.353689,-11.360974,0.129583,27.774082,0.000000,1
356.600000,,,,,,,,,,,,,,28.142435,-82.353688,-11.317936,0.129484,27.774082,0.000000,1
356.700000,,,,,,,,,,,,,,28.142435,-82.353688,-11.274899,0.129386,27.774082,0.000000,1
356.800000,,,,,,,,,,,,,,28.142435,-82.353687,-11.231862,0.129287,27.774082,0.000000,1
356.900000,,,,,,,,,,,,,,28.142434,-82.353687,-11.188825,0.129189,27.774082,0.000000,1
357.000000,,,,,,,,,,,,,,28.142434,-82.353686,-11.145788,0.129090,27.774082,0.000000,1
357.100000,,,,,,,,,,,,,,28.142433,-82.353685,-11.102751,0.128992,27.774082,0.000000,1
357.200000,,,,,,,,,,,,,,28.142433,-82.353685,-11.069156,0.128336,27.774082,0.000000,1
357.300000,,,,,,,,,,,,,,28.142433,-82.353685,-11.068926,0.125709,27.774082,0.000000,1
357.400000,,,,,,,,,,,,,,28.142432,-82.353685,-11.068697,0.123083,27.774082,0.000000,1
357.500000,,,,,,,,,,,,,,28.142432,-82.353685,-11.068467,0.120457,27.774082,0.000000,1
357.600000,,,,,,,,,,,,,,28.142432,-82.353684,-11.068238,0.117831,27.774082,0.000000,1
357.700000,,,,,,,,,,,,,,28.142432,-82.353684,-11.068008,0.115204,27.774082,0.000000,1
357.800000,,,,,,,,,,,,,,28.142432,-82.353684,-11.067779,0.112578,27.774082,0.000000,1
357.900000,,,,,,,,,,,,,,28.142432,-82.353684,-11.067549,0.109952,27.774082,0.000000,1
358.000000,,,,,,,,,,,,,,28.142431,-82.353684,-11.067320,0.107325,27.774082,0.000000,1
358.100000,,,,,,,,,,,,,,28.142431,-82.353684,-11.067090,0.104699,27.774082,0.000000,1
358.200000,,,,,,,,,,,,,,28.142431,-82.353684,-11.072316,0.102520,27.774082,0.000000,1
358.300000,,,,,,,,,,,,,,28.142431,-82.353684,-11.102332,0.102370,27.774082,0.000000,1
358.400000,,,,,,,,,,,,,,28.142432,-82.353684,-11.132348,0.102220,27.774082,0.000000,1
358.500000,,,,,,,,,,,,,,28.142432,-82.353684,-11.162364,0.102070,27.774082,0.000000,1
358.600000,,,,,,,,,,,,,,28.142432,-82.353685,-11.192380,0.101920,27.774082,0.000000,1
358.700000,,,,,,,,,,,,,,28.142432,-82.353685,-11.222396,0.101771,27.774082,0.000000,1
358.800000,,,,,,,,,,,,,,28.142433,-82.353685,-11.252412,0.101621,27.774082,0.000000,1
358.900000,,,,,,,,,,,,,,28.142433,-82.353685,-11.282428,0.101471,27.774082,0.000000,1
359.000000,,,,,,,,,,,,,,28.142433,-82.353685,-11.312444,0.101321,27.774082,0.000000,1
359.100000,,,,,,,,,,,,,,28.142433,-82.353685,-11.342460,0.101172,27.774082,0.000000,1
359.200000,,,,,,,,,,,,,,28.142434,-82.353685,-11.367810,0.101115,27.774082,0.000000,1
359.300000,,,,,,,,,,,,,,28.142434,-82.353685,-11.376350,0.101392,27.774082,0.000000,1
359.400000,,,,,,,,,,,,,,28.142435,-82.353685,-11.384889,0.101669,27.774082,0.000000,1
359.500000,,,,,,,,,,,,,,28.142435,-82.353684,-11.393429,0.101946,27.774082,0.000000,1
359.600000,,,,,,,,,,,,,,28.142436,-82.353684,-11.401969,0.102224,27.774082,0.000000,1
359.700000,,,,,,,,,,,,,,28.142436,-82.353684,-11.410509,0.102501,27.774082,0.000000,1
359.800000,,,,,,,,,,,,,,28.142437,-82.353683,-11.419048,0.102778,27.774082,0.000000,1
359.900000,,,,,,,,,,,,,,28.142437,-82.353683,-11.427588,0.103055,27.774082,0.000000,1
360.000000,,,,,,,,,,,,,,28.142438,-82.353683,-11.436128,0.103333,27.774082,0.000000,1
360.100000,,,,,,,,,,,,,,28.142439,-82.353682,-11.444668,0.103610,27.774082,0.000000,1
360.200000,,,,,,,,,,,,,,28.142439,-82.353682,-11.436662,0.105904,27.774082,0.000000,1
360.300000,,,,,,,,,,,,,,28.142439,-82.353681,-11.341567,0.118813,27.774082,0.000000,1
360.400000,,,,,,,,,,,,,,28.142439,-82.353681,-11.246472,0.131721,27.774082,0.000000,1
360.500000,,,,,,,,,,,,,,28.142439,-82.353680,-11.151377,0.144630,27.774082,0.000000,1
360.600000,,,,,,,,,,,,,,28.142439,-82.353679,-11.056282,0.157539,27.774082,0.000000,1
360.700000,,,,,,,,,,,,,,28.142440,-82.353679,-10.961187,0.170448,27.774082,0.000000,1
360.800000,,,,,,,,,,,,,,28.142440,-82.353678,-10.866092,0.183357,27.774082,0.000000,1
360.900000,,,,,,,,,,,,,,28.142440,-82.353678,-10.770997,0.196266,27.774082,0.000000,1
361.000000,,,,,,,,,,,,,,28.142440,-82.353677,-10.675902,0.209174,27.774082,0.000000,1
361.100000,,,,,,,,,,,,,,28.142440,-82.353677,-10.580807,0.222083,27.774082,0.000000,1
361.200000,,,,,,,,,,,,,,28.142440,-82.353676,-10.490693,0.230685,27.774082,0.000000,1
361.300000,,,,,,,,,,,,,,28.142440,-82.353676,-10.423006,0.219894,27.774082,0.000000,1
361.400000,,,,,,,,,,,,,,28.142439,-82.353676,-10.355318,0.209103,27.774082,0.000000,1
361.500000,,,,,,,,,,,,,,28.142439,-82.353676,-10.287630,0.198312,27.774082,0.000000,1
361.600000,,,,,,,,,,,,,,28.142438,-82.353676,-10.219942,0.187520,27.774082,0.000000,1
361.700000,,,,,,,,,,,,,,28.142438,-82.353675,-10.152254,0.176729,27.774082,0.000000,1
361.800000,,,,,,,,,,,,,,28.142437,-82.353675,-10.084567,0.165938,27.774082,0.000000,1
361.900000,,,,,,,,,,,,,,28.142437,-82.353675,-10.016879,0.155147,27.774082,0.000000,1
362.000000,,,,,,,,,,,,,,28.142437,-82.353675,-9.949191,0.144356,27.774082,0.000000,1
362.100000,,,,,,,,,,,,,,28.142436,-82.353675,-9.892746,0.135481,27.774082,0.000000,1
362.200000,,,,,,,,,,,,,,28.142437,-82.353675,-9.891862,0.136075,27.774082,0.000000,1
362.300000,,,,,,,,,,,,,,28.142438,-82.353675,-9.890979,0.136669,27.774082,0.000000,1
362.400000,,,,,,,,,,,,,,28.142438,-82.353675,-9.890095,0.137264,27.774082,0.000000,1
362.500000,,,,,,,,,,,,,,28.142439,-82.353675,-9.889211,0.137858,27.774082,0.000000,1
362.600000,,,,,,,,,,,,,,28.142439,-82.353674,-9.888328,0.138452,27.774082,0.000000,1
362.700000,,,,,,,,,,,,,,28.142440,-82.353674,-9.887444,0.139047,27.774082,0.000000,1
362.800000,,,,,,,,,,,,,,28.142441,-82.353674,-9.886560,0.139641,27.774082,0.000000,1
362.900000,,,,,,,,,,,,,,28.142441,-82.353674,-9.885677,0.140235,27.774082,0.000000,1
363.000000,,,,,,,,,,,,,,28.142442,-82.353674,-9.884793,0.140830,27.774082,0.000000,1
363.100000,,,,,,,,,,,,,,28.142443,-82.353674,-9.883910,0.141424,27.774082,0.000000,1
363.200000,,,,,,,,,,,,,,28.142443,-82.353674,-9.881352,0.141626,27.774082,0.000000,1
363.300000,,,,,,,,,,,,,,28.142443,-82.353674,-9.866008,0.138831,27.774082,0.000000,1
363.400000,,,,,,,,,,,,,,28.142443,-82.353674,-9.850663,0.136036,27.774082,0.000000,1
363.500000,,,,,,,,,,,,,,28.142443,-82.353674,-9.835319,0.133241,27.774082,0.000000,1
363.600000,,,,,,,,,,,,,,28.142443,-82.353674,-9.819974,0.130445,27.774082,0.000000,1
363.700000,,,,,,,,,,,,,,28.142443,-82.353675,-9.804630,0.127650,27.774082,0.000000,1
363.800000,,,,,,,,,,,,,,28.142443,-82.353675,-9.789285,0.124855,27.774082,0.000000,1
363.900000,,,,,,,,,,,,,,28.142443,-82.353675,-9.773941,0.122060,27.774082,0.000000,1
364.000000,,,,,,,,,,,,,,28.142443,-82.353675,-9.758596,0.119265,27.774082,0.000000,1
364.100000,,,,,,,,,,,,,,28.142443,-82.353675,-9.743252,0.116470,27.774082,0.000000,1
364.200000,,,,,,,,,,,,,,28.142443,-82.353675,-9.722027,0.114156,27.774082,0.000000,1
364.300000,,,,,,,,,,,,,,28.142444,-82.353675,-9.677094,0.113782,27.774082,0.000000,1
364.400000,,,,,,,,,,,,,,28.142445,-82.353675,-9.632161,0.113409,27.774082,0.000000,1
364.500000,,,,,,,,,,,,,,28.142445,-82.353675,-9.587228,0.113036,27.774082,0.000000,1
364.600000,,,,,,,,,,,,,,28.142446,-82.353675,-9.542295,0.112662,27.774082,0.000000,1
364.700000,,,,,,,,,,,,,,28.142447,-82.353675,-9.497362,0.112289,27.774082,0.000000,1
364.800000,,,,,,,,,,,,,,28.142448,-82.353675,-9.452428,0.111916,27.774082,0.000000,1
364.900000,,,,,,,,,,,,,,28.142448,-82.353675,-9.407495,0.111542,27.774082,0.000000,1
365.000000,,,,,,,,,,,,,,28.142449,-82.353675,-9.362562,0.111169,27.774082,0.000000,1
365.100000,,,,,,,,,,,,,,28.142450,-82.353674,-9.317629,0.110795,27.774082,0.000000,1
365.200000,,,,,,,,,,,,,,28.142450,-82.353674,-9.268017,0.110914,27.774082,0.000000,1
365.300000,,,,,,,,,,,,,,28.142449,-82.353675,-9.197864,0.113191,27.774082,0.000000,1
365.400000,,,,,,,,,,,,,,28.142448,-82.353675,-9.127711,0.115468,27.774082,0.000000,1
365.500000,,,,,,,,,,,,,,28.142447,-82.353675,-9.057558,0.117745,27.774082,0.000000,1
365.600000,,,,,,,,,,,,,,28.142446,-82.353675,-8.987405,0.120023,27.774082,0.000000,1
365.700000,,,,,,,,,,,,,,28.142445,-82.353676,-8.917252,0.122300,27.774082,0.000000,1
365.800000,,,,,,,,,,,,,,28.142444,-82.353676,-8.847099,0.124577,27.774082,0.000000,1
365.900000,,,,,,,,,,,,,,28.142443,-82.353676,-8.776946,0.126854,27.774082,0.000000,1
366.000000,,,,,,,,,,,,,,28.142442,-82.353676,-8.706793,0.129132,27.774082,0.000000,1
366.100000,,,,,,,,,,,,,,28.142441,-82.353677,-8.636640,0.131409,27.774082,0.000000,1
366.200000,,,,,,,,,,,,,,28.142441,-82.353677,-8.571860,0.132724,27.774082,0.000000,1
366.300000,,,,,,,,,,,,,,28.142441,-82.353676,-8.531824,0.129610,27.774082,0.000000,1
366.400000,,,,,,,,,,,,,,28.142440,-82.353676,-8.491788,0.126496,27.774082,0.000000,1
366.500000,,,,,,,,,,,,,,28.142440,-82.353676,-8.451752,0.123382,27.774082,0.000000,1
366.600000,,,,,,,,,,,,,,28.142440,-82.353675,-8.411716,0.120268,27.774082,0.000000,1
366.700000,,,,,,,,,,,,,,28.142440,-82.353675,-8.371680,0.117154,27.774082,0.000000,1
366.800000,,,,,,,,,,,,,,28.142440,-82.353675,-8.331644,0.114040,27.774082,0.000000,1
366.900000,,,,,,,,,,,,,,28.142440,-82.353674,-8.291608,0.110926,27.774082,0.000000,1
367.000000,,,,,,,,,,,,,,28.142440,-82.353674,-8.251572,0.107812,27.774082,0.000000,1
367.100000,,,,,,,,,,,,,,28.142440,-82.353674,-8.211536,0.104698,27.774082,0.000000,1
367.200000,,,,,,,,,,,,,,28.142439,-82.353673,-8.196875,0.102451,27.774082,0.000000,1
367.300000,,,,,,,,,,,,,,28.142439,-82.353673,-8.252348,0.102604,27.774082,0.000000,1
367.400000,,,,,,,,,,,,,,28.142439,-82.353673,-8.307821,0.102756,27.774082,0.000000,1
367.500000,,,,,,,,,,,,,,28.142439,-82.353673,-8.363294,0.102908,27.774082,0.000000,1
367.600000,,,,,,,,,,,,,,28.142438,-82.353673,-8.418767,0.103060,27.774082,0.000000,1
367.700000,,,,,,,,,,,,,,28.142438,-82.353673,-8.474240,0.103212,27.774082,0.000000,1
367.800000,,,,,,,,,,,,,,28.142438,-82.353673,-8.529713,0.103364,27.774082,0.000000,1
367.900000,,,,,,,,,,,,,,28.142437,-82.353673,-8.585186,0.103516,27.774082,0.000000,1
368.000000,,,,,,,,,,,,,,28.142437,-82.353673,-8.640659,0.103669,27.774082,0.000000,1
368.100000,,,,,,,,,,,,,,28.142437,-82.353673,-8.696133,0.103821,27.774082,0.000000,1
368.200000,,,,,,,,,,,,,,28.142437,-82.353673,-8.740565,0.104546,27.774082,0.000000,1
368.300000,,,,,,,,,,,,,,28.142437,-82.353673,-8.740481,0.107584,27.774082,0.000000,1
368.400000,,,,,,,,,,,,,,28.142437,-82.353673,-8.740398,0.110622,27.774082,0.000000,1
368.500000,,,,,,,,,,,,,,28.142437,-82.353673,-8.740314,0.113660,27.774082,0.000000,1
368.600000,,,,,,,,,,,,,,28.142437,-82.353673,-8.740230,0.116697,27.774082,0.000000,1
368.700000,,,,,,,,,,,,,,28.142437,-82.353673,-8.740147,0.119735,27.774082,0.000000,1
368.800000,,,,,,,,,,,,,,28.142437,-82.353673,-8.740063,0.122773,27.774082,0.000000,1
368.900000,,,,,,,,,,,,,,28.142437,-82.353673,-8.739980,0.125811,27.774082,0.000000,1
369.000000,,,,,,,,,,,,,,28.142437,-82.353673,-8.739896,0.128849,27.774082,0.000000,1
369.100000,,,,,,,,,,,,,,28.142437,-82.353673,-8.739812,0.131886,27.774082,0.000000,1
369.200000,,,,,,,,,,,,,,28.142437,-82.353673,-8.737471,0.134018,27.774082,0.000000,1
369.300000,,,,,,,,,,,,,,28.142437,-82.353673,-8.725087,0.132123,27.774082,0.000000,1
369.400000,,,,,,,,,,,,,,28.142437,-82.353674,-8.712703,0.130227,27.774082,0.000000,1
369.500000,,,,,,,,,,,,,,28.142438,-82.353674,-8.700319,0.128331,27.774082,0.000000,1
369.600000,,,,,,,,,,,,,,28.142438,-82.353675,-8.687935,0.126435,27.774082,0.000000,1
369.700000,,,,,,,,,,,,,,28.142438,-82.353675,-8.675552,0.124539,27.774082,0.000000,1
369.800000,,,,,,,,,,,,,,28.142438,-82.353676,-8.663168,0.122644,27.774082,0.000000,1
369.900000,,,,,,,,,,,,,,28.142439,-82.353676,-8.650784,0.120748,27.774082,0.000000,1
370.000000,,,,,,,,,,,,,,28.142439,-82.353677,-8.638400,0.118852,27.774082,0.000000,1
370.100000,,,,,,,,,,,,,,28.142439,-82.353677,-8.626017,0.116956,27.774082,0.000000,1
370.200000,,,,,,,,,,,,,,28.142439,-82.353677,-8.604550,0.115317,27.774082,0.000000,1
370.300000,,,,,,,,,,,,,,28.142439,-82.353677,-8.539640,0.114904,27.774082,0.000000,1
370.400000,,,,,,,,,,,,,,28.142438,-82.353677,-8.474730,0.114491,27.774082,0.000000,1
370.500000,,,,,,,,,,,,,,28.142438,-82.353677,-8.409821,0.114079,27.774082,0.000000,1
370.600000,,,,,,,,,,,,,,28.142438,-82.353677,-8.344911,0.113666,27.774082,0.000000,1
370.700000,,,,,,,,,,,,,,28.142437,-82.353677,-8.280001,0.113253,27.774082,0.000000,1
370.800000,,,,,,,,,,,,,,28.142437,-82.353677,-8.215091,0.112840,27.774082,0.000000,1
370.900000,,,,,,,,,,,,,,28.142436,-82.353677,-8.150181,0.112427,27.774082,0.000000,1
371.000000,,,,,,,,,,,,,,28.142436,-82.353677,-8.085271,0.112015,27.774082,0.000000,1
371.100000,,,,,,,,,,,,,,28.142436,-82.353677,-8.020361,0.111602,27.774082,0.000000,1
371.200000,,,,,,,,,,,,,,28.142435,-82.353677,-7.960281,0.111044,27.774082,0.000000,1
371.300000,,,,,,,,,,,,,,28.142436,-82.353677,-7.921884,0.109837,27.774082,0.000000,1
371.400000,,,,,,,,,,,,,,28.142436,-82.353677,-7.883486,0.108630,27.774082,0.000000,1
371.500000,,,,,,,,,,,,,,28.142436,-82.353677,-7.845089,0.107422,27.774082,0.000000,1
371.600000,,,,,,,,,,,,,,28.142436,-82.353676,-7.806691,0.106215,27.774082,0.000000,1
371.700000,,,,,,,,,,,,,,28.142436,-82.353676,-7.768294,0.105008,27.774082,0.000000,1
371.800000,,,,,,,,,,,,,,28.142437,-82.353676,-7.729896,0.103801,27.774082,0.000000,1
371.900000,,,,,,,,,,,,,,28.142437,-82.353676,-7.691498,0.102593,27.774082,0.000000,1
372.000000,,,,,,,,,,,,,,28.142437,-82.353675,-7.653101,0.101386,27.774082,0.000000,1
372.100000,,,,,,,,,,,,,,28.142437,-82.353675,-7.615664,0.101411,27.774082,0.000000,1
372.200000,,,,,,,,,,,,,,28.142437,-82.353675,-7.584352,0.109291,27.774082,0.000000,1
372.300000,,,,,,,,,,,,,,28.142437,-82.353675,-7.553040,0.117172,27.774082,0.000000,1
372.400000,,,,,,,,,,,,,,28.142438,-82.353674,-7.521728,0.125053,27.774082,0.000000,1
372.500000,,,,,,,,,,,,,,28.142438,-82.353674,-7.490416,0.132933,27.774082,0.000000,1
372.600000,,,,,,,,,,,,,,28.142438,-82.353674,-7.459104,0.140814,27.774082,0.000000,1
372.700000,,,,,,,,,,,,,,28.142438,-82.353674,-7.427792,0.148695,27.774082,0.000000,1
372.800000,,,,,,,,,,,,,,28.142438,-82.353673,-7.396480,0.156575,27.774082,0.000000,1
372.900000,,,,,,,,,,,,,,28.142438,-82.353673,-7.365168,0.164456,27.774082,0.000000,1
373.000000,,,,,,,,,,,,,,28.142438,-82.353673,-7.333856,0.172337,27.774082,0.000000,1
373.100000,,,,,,,,,,,,,,28.142438,-82.353673,-7.302544,0.180217,27.774082,0.000000,1
373.200000,,,,,,,,,,,,,,28.142439,-82.353672,-7.275342,0.187202,27.774082,0.000000,1
373.300000,,,,,,,,,,,,,,28.142439,-82.353673,-7.275160,0.188299,27.774082,0.000000,1
373.400000,,,,,,,,,,,,,,28.142439,-82.353673,-7.274978,0.189396,27.774082,0.000000,1
373.500000,,,,,,,,,,,,,,28.142439,-82.353673,-7.274795,0.190493,27.774082,0.000000,1
373.600000,,,,,,,,,,,,,,28.142439,-82.353673,-7.274613,0.191590,27.774082,0.000000,1
373.700000,,,,,,,,,,,,,,28.142439,-82.353673,-7.274431,0.192687,27.774082,0.000000,1
373.800000,,,,,,,,,,,,,,28.142439,-82.353673,-7.274249,0.193784,27.774082,0.000000,1
373.900000,,,,,,,,,,,,,,28.142439,-82.353673,-7.274066,0.194881,27.774082,0.000000,1
374.000000,,,,,,,,,,,,,,28.142439,-82.353673,-7.273884,0.195978,27.774082,0.000000,1
374.100000,,,,,,,,,,,,,,28.142439,-82.353673,-7.273702,0.197075,27.774082,0.000000,1
374.200000,,,,,,,,,,,,,,28.142439,-82.353673,-7.280196,0.197635,27.774082,0.000000,1
374.300000,,,,,,,,,,,,,,28.142439,-82.353673,-7.316572,0.195794,27.774082,0.000000,1
374.400000,,,,,,,,,,,,,,28.142439,-82.353673,-7.352947,0.193952,27.774082,0.000000,1
374.500000,,,,,,,,,,,,,,28.142440,-82.353673,-7.389322,0.192110,27.774082,0.000000,1
374.600000,,,,,,,,,,,,,,28.142440,-82.353673,-7.425697,0.190268,27.774082,0.000000,1
374.700000,,,,,,,,,,,,,,28.142440,-82.353673,-7.462072,0.188426,27.774082,0.000000,1
374.800000,,,,,,,,,,,,,,28.142441,-82.353673,-7.498447,0.186584,27.774082,0.000000,1
374.900000,,,,,,,,,,,,,,28.142441,-82.353673,-7.534822,0.184742,27.774082,0.000000,1
375.000000,,,,,,,,,,,,,,28.142441,-82.353673,-7.571197,0.182900,27.774082,0.000000,1
375.100000,,,,,,,,,,,,,,28.142441,-82.353673,-7.607572,0.181058,27.774082,0.000000,1
375.200000,,,,,,,,,,,,,,28.142441,-82.353673,-7.637908,0.179128,27.774082,0.000000,1
375.300000,,,,,,,,,,,,,,28.142441,-82.353673,-7.638939,0.176772,27.774082,0.000000,1
375.400000,,,,,,,,,,,,,,28.142441,-82.353672,-7.639970,0.174415,27.774082,0.000000,1
375.500000,,,,,,,,,,,,,,28.142441,-82.353672,-7.641000,0.172058,27.774082,0.000000,1
375.600000,,,,,,,,,,,,,,28.142441,-82.353672,-7.642031,0.169702,27.774082,0.000000,1
375.700000,,,,,,,,,,,,,,28.142441,-82.353671,-7.643062,0.167345,27.774082,0.000000,1
375.800000,,,,,,,,,,,,,,28.142441,-82.353671,-7.644093,0.164988,27.774082,0.000000,1
375.900000,,,,,,,,,,,,,,28.142441,-82.353671,-7.645124,0.162631,27.774082,0.000000,1
376.000000,,,,,,,,,,,,,,28.142441,-82.353670,-7.646155,0.160275,27.774082,0.000000,1
376.100000,,,,,,,,,,,,,,28.142440,-82.353670,-7.647186,0.157918,27.774082,0.000000,1
376.200000,,,,,,,,,,,,,,28.142440,-82.353670,-7.644488,0.155025,27.774082,0.000000,1
376.300000,,,,,,,,,,,,,,28.142441,-82.353670,-7.625104,0.149732,27.774082,0.000000,1
376.400000,,,,,,,,,,,,,,28.142442,-82.353670,-7.605721,0.144440,27.774082,0.000000,1
376.500000,,,,,,,,,,,,,,28.142442,-82.353670,-7.586337,0.139147,27.774082,0.000000,1
376.600000,,,,,,,,,,,,,,28.142443,-82.353670,-7.566953,0.133854,27.774082,0.000000,1
376.700000,,,,,,,,,,,,,,28.142444,-82.353670,-7.547569,0.128562,27.774082,0.000000,1
376.800000,,,,,,,,,,,,,,28.142444,-82.353670,-7.528186,0.123269,27.774082,0.000000,1
376.900000,,,,,,,,,,,,,,28.142445,-82.353670,-7.508802,0.117976,27.774082,0.000000,1
377.000000,,,,,,,,,,,,,,28.142445,-82.353670,-7.489418,0.112684,27.774082,0.000000,1
377.100000,,,,,,,,,,,,,,28.142446,-82.353670,-7.470034,0.107391,27.774082,0.000000,1
377.200000,,,,,,,,,,,,,,28.142447,-82.353670,-7.451467,0.103935,27.774082,0.000000,1
377.300000,,,,,,,,,,,,,,28.142447,-82.353670,-7.436437,0.108443,27.774082,0.000000,1
377.400000,,,,,,,,,,,,,,28.142446,-82.353670,-7.421407,0.112952,27.774082,0.000000,1
377.500000,,,,,,,,,,,,,,28.142446,-82.353670,-7.406376,0.117460,27.774082,0.000000,1
377.600000,,,,,,,,,,,,,,28.142446,-82.353670,-7.391346,0.121968,27.774082,0.000000,1
377.700000,,,,,,,,,,,,,,28.142446,-82.353671,-7.376316,0.126476,27.774082,0.000000,1
377.800000,,,,,,,,,,,,,,28.142446,-82.353671,-7.361286,0.130985,27.774082,0.000000,1
377.900000,,,,,,,,,,,,,,28.142446,-82.353671,-7.346256,0.135493,27.774082,0.000000,1
378.000000,,,,,,,,,,,,,,28.142446,-82.353671,-7.331226,0.140001,27.774082,0.000000,1
378.100000,,,,,,,,,,,,,,28.142446,-82.353671,-7.316196,0.144509,27.774082,0.000000,1
378.200000,,,,,,,,,,,,,,28.142446,-82.353671,-7.309607,0.147609,27.774082,0.000000,1
378.300000,,,,,,,,,,,,,,28.142446,-82.353672,-7.344185,0.143841,27.774082,0.000000,1
378.400000,,,,,,,,,,,,,,28.142446,-82.353673,-7.378762,0.140073,27.774082,0.000000,1
378.500000,,,,,,,,,,,,,,28.142446,-82.353673,-7.413340,0.136305,27.774082,0.000000,1
378.600000,,,,,,,,,,,,,,28.142446,-82.353674,-7.447918,0.132538,27.774082,0.000000,1
378.700000,,,,,,,,,,,,,,28.142446,-82.353675,-7.482495,0.128770,27.774082,0.000000,1
378.800000,,,,,,,,,,,,,,28.142447,-82.353675,-7.517073,0.125002,27.774082,0.000000,1
378.900000,,,,,,,,,,,,,,28.142447,-82.353676,-7.551651,0.121234,27.774082,0.000000,1
379.000000,,,,,,,,,,,,,,28.142447,-82.353677,-7.586228,0.117466,27.774082,0.000000,1
379.100000,,,,,,,,,,,,,,28.142447,-82.353677,-7.620806,0.113698,27.774082,0.000000,1
379.200000,,,,,,,,,,,,,,28.142447,-82.353678,-7.652031,0.111562,27.774082,0.000000,1
379.300000,,,,,,,,,,,,,,28.142448,-82.353678,-7.672870,0.114481,27.774082,0.000000,1
379.400000,,,,,,,,,,,,,,28.142448,-82.353678,-7.693708,0.117401,27.774082,0.000000,1
379.500000,,,,,,,,,,,,,,28.142448,-82.353678,-7.714546,0.120321,27.774082,0.000000,1
379.600000,,,,,,,,,,,,,,28.142449,-82.353678,-7.735384,0.123241,27.774082,0.000000,1
379.700000,,,,,,,,,,,,,,28.142449,-82.353678,-7.756222,0.126161,27.774082,0.000000,1
379.800000,,,,,,,,,,,,,,28.142449,-82.353679,-7.777060,0.129081,27.774082,0.000000,1
379.900000,,,,,,,,,,,,,,28.142450,-82.353679,-7.797898,0.132001,27.774082,0.000000,1
380.000000,,,,,,,,,,,,,,28.142450,-82.353679,-7.818736,0.134921,27.774082,0.000000,1
380.100000,,,,,,,,,,,,,,28.142451,-82.353679,-7.839574,0.137841,27.774082,0.000000,1
380.200000,,,,,,,,,,,,,,28.142451,-82.353679,-7.858228,0.139748,27.774082,0.000000,1
380.300000,,,,,,,,,,,,,,28.142451,-82.353680,-7.866016,0.136617,27.774082,0.000000,1
380.400000,,,,,,,,,,,,,,28.142451,-82.353680,-7.873803,0.133487,27.774082,0.000000,1
380.500000,,,,,,,,,,,,,,28.142451,-82.353680,-7.881591,0.130356,27.774082,0.000000,1
380.600000,,,,,,,,,,,,,,28.142451,-82.353681,-7.889378,0.127226,27.774082,0.000000,1
380.700000,,,,,,,,,,,,,,28.142451,-82.353681,-7.897166,0.124095,27.774082,0.000000,1
380.800000,,,,,,,,,,,,,,28.142451,-82.353682,-7.904953,0.120965,27.774082,0.000000,1
380.900000,,,,,,,,,,,,,,28.142451,-82.353682,-7.912741,0.117834,27.774082,0.000000,1
381.000000,,,,,,,,,,,,,,28.142451,-82.353683,-7.920528,0.114704,27.774082,0.000000,1
381.100000,,,,,,,,,,,,,,28.142451,-82.353683,-7.928316,0.111573,27.774082,0.000000,1
381.200000,,,,,,,,,,,,,,28.142451,-82.353684,-7.922973,0.109564,27.774082,0.000000,1
381.300000,,,,,,,,,,,,,,28.142451,-82.353684,-7.871313,0.111509,27.774082,0.000000,1
381.400000,,,,,,,,,,,,,,28.142451,-82.353684,-7.819653,0.113455,27.774082,0.000000,1
381.500000,,,,,,,,,,,,,,28.142451,-82.353684,-7.767993,0.115400,27.774082,0.000000,1
381.600000,,,,,,,,,,,,,,28.142451,-82.353684,-7.716333,0.117345,27.774082,0.000000,1
381.700000,,,,,,,,,,,,,,28.142451,-82.353685,-7.664672,0.119291,27.774082,0.000000,1
381.800000,,,,,,,,,,,,,,28.142450,-82.353685,-7.613012,0.121236,27.774082,0.000000,1
381.900000,,,,,,,,,,,,,,28.142450,-82.353685,-7.561352,0.123181,27.774082,0.000000,1
382.000000,,,,,,,,,,,,,,28.142450,-82.353685,-7.509692,0.125127,27.774082,0.000000,1
382.100000,,,,,,,,,,,,,,28.142450,-82.353685,-7.472644,0.127444,27.774082,0.000000,1
382.200000,,,,,,,,,,,,,,28.142450,-82.353685,-7.497513,0.131339,27.774082,0.000000,1
382.300000,,,,,,,,,,,,,,28.142450,-82.353684,-7.522383,0.135234,27.774082,0.000000,1
382.400000,,,,,,,,,,,,,,28.142450,-82.353683,-7.547253,0.139129,27.774082,0.000000,1
382.500000,,,,,,,,,,,,,,28.142450,-82.353682,-7.572122,0.143024,27.774082,0.000000,1
382.600000,,,,,,,,,,,,,,28.142451,-82.353681,-7.596992,0.146919,27.774082,0.000000,1
382.700000,,,,,,,,,,,,,,28.142451,-82.353681,-7.621861,0.150814,27.774082,0.000000,1
382.800000,,,,,,,,,,,,,,28.142451,-82.353680,-7.646731,0.154709,27.774082,0.000000,1
382.900000,,,,,,,,,,,,,,28.142451,-82.353679,-7.671600,0.158604,27.774082,0.000000,1
383.000000,,,,,,,,,,,,,,28.142451,-82.353678,-7.696470,0.162499,27.774082,0.000000,1
383.100000,,,,,,,,,,,,,,28.142451,-82.353678,-7.721339,0.166394,27.774082,0.000000,1
383.200000,,,,,,,,,,,,,,28.142451,-82.353677,-7.739029,0.169232,27.774082,0.000000,1
383.300000,,,,,,,,,,,,,,28.142451,-82.353677,-7.707201,0.164778,27.774082,0.000000,1
383.400000,,,,,,,,,,,,,,28.142451,-82.353677,-7.675372,0.160324,27.774082,0.000000,1
383.500000,,,,,,,,,,,,,,28.142451,-82.353677,-7.643543,0.155870,27.774082,0.000000,1
383.600000,,,,,,,,,,,,,,28.142451,-82.353677,-7.611715,0.151417,27.774082,0.000000,1
383.700000,,,,,,,,,,,,,,28.142451,-82.353678,-7.579886,0.146963,27.774082,0.000000,1
383.800000,,,,,,,,,,,,,,28.142452,-82.353678,-7.548057,0.142509,27.774082,0.000000,1
383.900000,,,,,,,,,,,,,,28.142452,-82.353678,-7.516229,0.138055,27.774082,0.000000,1
384.000000,,,,,,,,,,,,,,28.142452,-82.353678,-7.484400,0.133602,27.774082,0.000000,1
384.100000,,,,,,,,,,,,,,28.142452,-82.353678,-7.452571,0.129148,27.774082,0.000000,1
384.200000,,,,,,,,,,,,,,28.142452,-82.353678,-7.413999,0.125586,27.774082,0.000000,1
384.300000,,,,,,,,,,,,,,28.142451,-82.353679,-7.345211,0.126020,27.774082,0.000000,1
384.400000,,,,,,,,,,,,,,28.142451,-82.353679,-7.276423,0.126454,27.774082,0.000000,1
384.500000,,,,,,,,,,,,,,28.142450,-82.353680,-7.207635,0.126888,27.774082,0.000000,1
384.600000,,,,,,,,,,,,,,28.142450,-82.353680,-7.138847,0.127322,27.774082,0.000000,1
384.700000,,,,,,,,,,,,,,28.142449,-82.353681,-7.070059,0.127756,27.774082,0.000000,1
384.800000,,,,,,,,,,,,,,28.142449,-82.353681,-7.001271,0.128190,27.774082,0.000000,1
384.900000,,,,,,,,,,,,,,28.142448,-82.353682,-6.932483,0.128624,27.774082,0.000000,1
385.000000,,,,,,,,,,,,,,28.142448,-82.353682,-6.863695,0.129058,27.774082,0.000000,1
385.100000,,,,,,,,,,,,,,28.142447,-82.353683,-6.794907,0.129492,27.774082,0.000000,1
385.200000,,,,,,,,,,,,,,28.142447,-82.353683,-6.754412,0.129275,27.774082,0.000000,1
385.300000,,,,,,,,,,,,,,28.142447,-82.353683,-6.832289,0.126339,27.774082,0.000000,1
385.400000,,,,,,,,,,,,,,28.142447,-82.353683,-6.910166,0.123402,27.774082,0.000000,1
385.500000,,,,,,,,,,,,,,28.142447,-82.353683,-6.988042,0.120466,27.774082,0.000000,1
385.600000,,,,,,,,,,,,,,28.142447,-82.353683,-7.065919,0.117529,27.774082,0.000000,1
385.700000,,,,,,,,,,,,,,28.142447,-82.353683,-7.143796,0.114592,27.774082,0.000000,1
385.800000,,,,,,,,,,,,,,28.142447,-82.353683,-7.221673,0.111656,27.774082,0.000000,1
385.900000,,,,,,,,,,,,,,28.142447,-82.353683,-7.299550,0.108719,27.774082,0.000000,1
386.000000,,,,,,,,,,,,,,28.142447,-82.353683,-7.377427,0.105782,27.774082,0.000000,1
386.100000,,,,,,,,,,,,,,28.142447,-82.353683,-7.455304,0.102846,27.774082,0.000000,1
386.200000,,,,,,,,,,,,,,28.142446,-82.353682,-7.507996,0.104313,27.774082,0.000000,1
386.300000,,,,,,,,,,,,,,28.142446,-82.353682,-7.446059,0.125821,27.774082,0.000000,1
386.400000,,,,,,,,,,,,,,28.142446,-82.353682,-7.384122,0.147330,27.774082,0.000000,1
386.500000,,,,,,,,,,,,,,28.142446,-82.353681,-7.322185,0.168839,27.774082,0.000000,1
386.600000,,,,,,,,,,,,,,28.142445,-82.353681,-7.260248,0.190348,27.774082,0.000000,1
386.700000,,,,,,,,,,,,,,28.142445,-82.353680,-7.198311,0.211856,27.774082,0.000000,1
386.800000,,,,,,,,,,,,,,28.142445,-82.353680,-7.136374,0.233365,27.774082,0.000000,1
386.900000,,,,,,,,,,,,,,28.142445,-82.353679,-7.074437,0.254874,27.774082,0.000000,1
387.000000,,,,,,,,,,,,,,28.142444,-82.353679,-7.012500,0.276383,27.774082,0.000000,1
387.100000,,,,,,,,,,,,,,28.142444,-82.353678,-6.950563,0.297891,27.774082,0.000000,1
387.200000,,,,,,,,,,,,,,28.142444,-82.353678,-6.900167,0.313414,27.774082,0.000000,1
387.300000,,,,,,,,,,,,,,28.142444,-82.353678,-6.900497,0.302629,27.774082,0.000000,1
387.400000,,,,,,,,,,,,,,28.142444,-82.353679,-6.900827,0.291843,27.774082,0.000000,1
387.500000,,,,,,,,,,,,,,28.142444,-82.353679,-6.901157,0.281057,27.774082,0.000000,1
387.600000,,,,,,,,,,,,,,28.142444,-82.353679,-6.901487,0.270272,27.774082,0.000000,1
387.700000,,,,,,,,,,,,,,28.142445,-82.353680,-6.901817,0.259486,27.774082,0.000000,1
387.800000,,,,,,,,,,,,,,28.142445,-82.353680,-6.902148,0.248700,27.774082,0.000000,1
387.900000,,,,,,,,,,,,,,28.142445,-82.353680,-6.902478,0.237915,27.774082,0.000000,1
388.000000,,,,,,,,,,,,,,28.142445,-82.353681,-6.902808,0.227129,27.774082,0.000000,1
388.100000,,,,,,,,,,,,,,28.142445,-82.353681,-6.903138,0.216344,27.774082,0.000000,1
388.200000,,,,,,,,,,,,,,28.142445,-82.353682,-6.904380,0.208660,27.774082,0.000000,1
388.300000,,,,,,,,,,,,,,28.142446,-82.353682,-6.913014,0.226113,27.774082,0.000000,1
388.400000,,,,,,,,,,,,,,28.142446,-82.353682,-6.921649,0.243566,27.774082,0.000000,1
388.500000,,,,,,,,,,,,,,28.142446,-82.353682,-6.930283,0.261020,27.774082,0.000000,1
388.600000,,,,,,,,,,,,,,28.142446,-82.353682,-6.938917,0.278473,27.774082,0.000000,1
388.700000,,,,,,,,,,,,,,28.142447,-82.353682,-6.947551,0.295926,27.774082,0.000000,1
388.800000,,,,,,,,,,,,,,28.142447,-82.353682,-6.956185,0.313379,27.774082,0.000000,1
388.900000,,,,,,,,,,,,,,28.142447,-82.353682,-6.964819,0.330832,27.774082,0.000000,1
389.000000,,,,,,,,,,,,,,28.142448,-82.353682,-6.973453,0.348285,27.774082,0.000000,1
389.100000,,,,,,,,,,,,,,28.142448,-82.353682,-6.982087,0.365739,27.774082,0.000000,1
389.200000,,,,,,,,,,,,,,28.142448,-82.353682,-6.986394,0.386263,27.774082,0.000000,1
389.300000,,,,,,,,,,,,,,28.142449,-82.353683,-6.969754,0.421652,27.774082,0.000000,1
389.400000,,,,,,,,,,,,,,28.142450,-82.353683,-6.953114,0.457040,27.774082,0.000000,1
389.500000,,,,,,,,,,,,,,28.142450,-82.353684,-6.936475,0.492429,27.774082,0.000000,1
389.600000,,,,,,,,,,,,,,28.142451,-82.353684,-6.919835,0.527817,27.774082,0.000000,1
389.700000,,,,,,,,,,,,,,28.142452,-82.353685,-6.903196,0.563206,27.774082,0.000000,1
389.800000,,,,,,,,,,,,,,28.142452,-82.353685,-6.886556,0.598595,27.774082,0.000000,1
389.900000,,,,,,,,,,,,,,28.142453,-82.353686,-6.869916,0.633983,27.774082,0.000000,1
390.000000,,,,,,,,,,,,,,28.142454,-82.353687,-6.853277,0.669372,27.774082,0.000000,1
390.100000,,,,,,,,,,,,,,28.142454,-82.353687,-6.836637,0.704760,27.774082,0.000000,1
390.200000,,,,,,,,,,,,,,28.142455,-82.353688,-6.826462,0.737932,27.820153,0.000000,1
390.300000,,,,,,,,,,,,,,28.142455,-82.353687,-6.853883,0.758213,28.134145,0.000000,1
390.400000,,,,,,,,,,,,,,28.142455,-82.353687,-6.881304,0.778494,28.448137,0.000000,1
390.500000,,,,,,,,,,,,,,28.142456,-82.353687,-6.908725,0.798775,28.762129,0.000000,1
390.600000,,,,,,,,,,,,,,28.142456,-82.353687,-6.936147,0.819056,29.076121,0.000000,1
390.700000,,,,,,,,,,,,,,28.142456,-82.353687,-6.963568,0.839337,29.390113,0.000000,1
390.800000,,,,,,,,,,,,,,28.142456,-82.353687,-6.990989,0.859618,29.704104,0.000000,1
390.900000,,,,,,,,,,,,,,28.142456,-82.353687,-7.018410,0.879899,30.018096,0.000000,1
391.000000,,,,,,,,,,,,,,28.142457,-82.353686,-7.045831,0.900180,30.332088,0.000000,1
391.100000,,,,,,,,,,,,,,28.142457,-82.353686,-7.073252,0.920461,30.646080,0.000000,1
391.200000,,,,,,,,,,,,,,28.142457,-82.353686,-7.092148,0.937603,30.892498,0.000000,1
391.300000,,,,,,,,,,,,,,28.142458,-82.353685,-7.071678,0.940246,30.826869,0.000000,1
391.400000,,,,,,,,,,,,,,28.142459,-82.353685,-7.051208,0.942890,30.761240,0.000000,1
391.500000,,,,,,,,,,,,,,28.142460,-82.353684,-7.030737,0.945533,30.695610,0.000000,1
391.600000,,,,,,,,,,,,,,28.142460,-82.353683,-7.010267,0.948177,30.629981,0.000000,1
391.700000,,,,,,,,,,,,,,28.142461,-82.353683,-6.989796,0.950820,30.564351,0.000000,1
391.800000,,,,,,,,,,,,,,28.142462,-82.353682,-6.969326,0.953464,30.498722,0.000000,1
391.900000,,,,,,,,,,,,,,28.142463,-82.353681,-6.948856,0.956107,30.433093,0.000000,1
392.000000,,,,,,,,,,,,,,28.142464,-82.353680,-6.928385,0.958751,30.367463,0.000000,1
392.100000,,,,,,,,,,,,,,28.142465,-82.353680,-6.907915,0.961394,30.301834,0.000000,1
392.200000,,,,,,,,,,,,,,28.142465,-82.353679,-6.896645,0.964994,30.244538,0.000000,1
392.300000,,,,,,,,,,,,,,28.142466,-82.353678,-6.951957,0.975511,30.247540,0.000000,1
392.400000,,,,,,,,,,,,,,28.142467,-82.353678,-7.007268,0.986029,30.250543,0.000000,1
392.500000,,,,,,,,,,,,,,28.142468,-82.353677,-7.062580,0.996546,30.253546,0.000000,1
392.600000,,,,,,,,,,,,,,28.142469,-82.353677,-7.117891,1.007063,30.256549,0.000000,1
392.700000,,,,,,,,,,,,,,28.142470,-82.353676,-7.173203,1.017581,30.259551,0.000000,1
392.800000,,,,,,,,,,,,,,28.142471,-82.353675,-7.228514,1.028098,30.262554,0.000000,1
392.900000,,,,,,,,,,,,,,28.142472,-82.353675,-7.283825,1.038616,30.265557,0.000000,1
393.000000,,,,,,,,,,,,,,28.142473,-82.353674,-7.339137,1.049133,30.268559,0.000000,1
393.100000,,,,,,,,,,,,,,28.142474,-82.353674,-7.394448,1.059650,30.271562,0.000000,1
393.200000,,,,,,,,,,,,,,28.142475,-82.353673,-7.443633,1.071272,30.287229,0.000000,1
393.300000,,,,,,,,,,,,,,28.142476,-82.353672,-7.455507,1.089618,30.380019,0.000000,1
393.400000,,,,,,,,,,,,,,28.142477,-82.353671,-7.467382,1.107964,30.472809,0.000000,1
393.500000,,,,,,,,,,,,,,28.142478,-82.353670,-7.479256,1.126309,30.565599,0.000000,1
393.600000,,,,,,,,,,,,,,28.142479,-82.353669,-7.491130,1.144655,30.658389,0.000000,1
393.700000,,,,,,,,,,,,,,28.142480,-82.353668,-7.503005,1.163001,30.751179,0.000000,1
393.800000,,,,,,,,,,,,,,28.142481,-82.353668,-7.514879,1.181347,30.843968,0.000000,1
393.900000,,,,,,,,,,,,,,28.142482,-82.353667,-7.526754,1.199693,30.936758,0.000000,1
394.000000,,,,,,,,,,,,,,28.142483,-82.353666,-7.538628,1.218038,31.029548,0.000000,1
394.100000,,,,,,,,,,,,,,28.142484,-82.353665,-7.550502,1.236384,31.122338,0.000000,1
394.200000,,,,,,,,,,,,,,28.142485,-82.353664,-7.566174,1.255715,31.123902,0.000000,1
394.300000,,,,,,,,,,,,,,28.142486,-82.353663,-7.601185,1.280060,30.660899,0.000000,1
394.400000,,,,,,,,,,,,,,28.142488,-82.353663,-7.636195,1.304405,30.197895,0.000000,1
394.500000,,,,,,,,,,,,,,28.142489,-82.353662,-7.671205,1.328750,29.734891,0.000000,1
394.600000,,,,,,,,,,,,,,28.142490,-82.353661,-7.706216,1.353094,29.271888,0.000000,1
394.700000,,,,,,,,,,,,,,28.142491,-82.353660,-7.741226,1.377439,28.808884,0.000000,1
394.800000,,,,,,,,,,,,,,28.142492,-82.353660,-7.776237,1.401784,28.345881,0.000000,1
394.900000,,,,,,,,,,,,,,28.142493,-82.353659,-7.811247,1.426129,27.882877,0.000000,1
395.000000,,,,,,,,,,,,,,28.142494,-82.353658,-7.846257,1.450474,27.419873,0.000000,1
395.100000,,,,,,,,,,,,,,28.142495,-82.353657,-7.881268,1.474819,26.956870,0.000000,1
395.200000,,,,,,,,,,,,,,28.142496,-82.353657,-7.913820,1.497818,26.623325,0.000000,1
395.300000,,,,,,,,,,,,,,28.142498,-82.353656,-7.930385,1.512060,27.131546,0.000000,1
395.400000,,,,,,,,,,,,,,28.142499,-82.353655,-7.946951,1.526303,27.639767,0.000000,1
395.500000,,,,,,,,,,,,,,28.142500,-82.353654,-7.963517,1.540546,28.147987,0.000000,1
395.600000,,,,,,,,,,,,,,28.142501,-82.353654,-7.980083,1.554788,28.656208,0.000000,1
395.700000,,,,,,,,,,,,,,28.142503,-82.353653,-7.996649,1.569031,29.164429,0.000000,1
395.800000,,,,,,,,,,,,,,28.142504,-82.353652,-8.013215,1.583273,29.672649,0.000000,1
395.900000,,,,,,,,,,,,,,28.142505,-82.353651,-8.029780,1.597516,30.180870,0.000000,1
396.000000,,,,,,,,,,,,,,28.142506,-82.353650,-8.046346,1.611759,30.689091,0.000000,1
396.100000,,,,,,,,,,,,,,28.142508,-82.353650,-8.062912,1.626001,31.197311,0.000000,1
396.200000,,,,,,,,,,,,,,28.142509,-82.353649,-8.081391,1.637552,31.522807,0.000000,1
396.300000,,,,,,,,,,,,,,28.142510,-82.353648,-8.109495,1.635552,30.928723,0.000000,1
396.400000,,,,,,,,,,,,,,28.142511,-82.353648,-8.137600,1.633553,30.334639,0.000000,1
396.500000,,,,,,,,,,,,,,28.142512,-82.353647,-8.165705,1.631554,29.740555,0.000000,1
396.600000,,,,,,,,,,,,,,28.142514,-82.353646,-8.193810,1.629555,29.146471,0.000000,1
396.700000,,,,,,,,,,,,,,28.142515,-82.353646,-8.221914,1.627556,28.552387,0.000000,1
396.800000,,,,,,,,,,,,,,28.142516,-82.353645,-8.250019,1.625556,27.958303,0.000000,1
396.900000,,,,,,,,,,,,,,28.142517,-82.353644,-8.278124,1.623557,27.364219,0.000000,1
397.000000,,,,,,,,,,,,,,28.142519,-82.353644,-8.306229,1.621558,26.770135,0.000000,1
397.100000,,,,,,,,,,,,,,28.142520,-82.353643,-8.334334,1.619559,26.176051,0.000000,1
397.200000,,,,,,,,,,,,,,28.142521,-82.353643,-8.368506,1.610638,25.733602,0.000000,1
397.300000,,,,,,,,,,,,,,28.142522,-82.353642,-8.433374,1.566701,26.058229,0.000000,1
397.400000,,,,,,,,,,,,,,28.142523,-82.353642,-8.498241,1.522764,26.382857,0.000000,1
397.500000,,,,,,,,,,,,,,28.142525,-82.353642,-8.563108,1.478827,26.707484,0.000000,1
397.600000,,,,,,,,,,,,,,28.142526,-82.353642,-8.627976,1.434891,27.032111,0.000000,1
397.700000,,,,,,,,,,,,,,28.142527,-82.353642,-8.692843,1.390954,27.356739,0.000000,1
397.800000,,,,,,,,,,,,,,28.142528,-82.353642,-8.757711,1.347017,27.681366,0.000000,1
397.900000,,,,,,,,,,,,,,28.142530,-82.353642,-8.822578,1.303080,28.005994,0.000000,1
398.000000,,,,,,,,,,,,,,28.142531,-82.353642,-8.887446,1.259143,28.330621,0.000000,1
398.100000,,,,,,,,,,,,,,28.142532,-82.353642,-8.952313,1.215207,28.655249,0.000000,1
398.200000,,,,,,,,,,,,,,28.142533,-82.353642,-9.010519,1.173456,28.807839,0.000000,1
398.300000,,,,,,,,,,,,,,28.142534,-82.353641,-9.035842,1.142492,28.111330,0.000000,1
398.400000,,,,,,,,,,,,,,28.142535,-82.353640,-9.061165,1.111529,27.414821,0.000000,1
398.500000,,,,,,,,,,,,,,28.142536,-82.353640,-9.086489,1.080566,26.718311,0.000000,1
398.600000,,,,,,,,,,,,,,28.142536,-82.353639,-9.111812,1.049603,26.021802,0.000000,1
398.700000,,,,,,,,,,,,,,28.142537,-82.353639,-9.137135,1.018640,25.325293,0.000000,1
398.800000,,,,,,,,,,,,,,28.142538,-82.353638,-9.162459,0.987677,24.628783,0.000000,1
398.900000,,,,,,,,,,,,,,28.142539,-82.353637,-9.187782,0.956714,23.932274,0.000000,1
399.000000,,,,,,,,,,,,,,28.142540,-82.353637,-9.213105,0.925751,23.235765,0.000000,1
399.100000,,,,,,,,,,,,,,28.142541,-82.353636,-9.238429,0.894788,22.539255,0.000000,1
399.200000,,,,,,,,,,,,,,28.142542,-82.353636,-9.258040,0.861797,21.940224,0.000000,1
399.300000,,,,,,,,,,,,,,28.142542,-82.353636,-9.242545,0.816348,21.940224,0.000000,1
399.400000,,,,,,,,,,,,,,28.142542,-82.353636,-9.227050,0.770898,21.940224,0.000000,1
399.500000,,,,,,,,,,,,,,28.142543,-82.353636,-9.211555,0.725448,21.940224,0.000000,1
399.600000,,,,,,,,,,,,,,28.142543,-82.353636,-9.196060,0.679999,21.940224,0.000000,1
399.700000,,,,,,,,,,,,,,28.142543,-82.353635,-9.180566,0.634549,21.940224,0.000000,1
399.800000,,,,,,,,,,,,,,28.142544,-82.353635,-9.165071,0.589100,21.940224,0.000000,1
399.900000,,,,,,,,,,,,,,28.142544,-82.353635,-9.149576,0.543650,21.940224,0.000000,1
400.000000,,,,,,,,,,,,,,28.142544,-82.353635,-9.134081,0.498200,21.940224,0.000000,1
400.100000,,,,,,,,,,,,,,28.142545,-82.353635,-9.118587,0.452751,21.940224,0.000000,1
400.200000,,,,,,,,,,,,,,28.142545,-82.353635,-9.103965,0.427588,22.066880,0.000000,1
400.300000,,,,,,,,,,,,,,28.142545,-82.353635,-9.093060,0.488829,22.732966,0.000000,1
400.400000,,,,,,,,,,,,,,28.142546,-82.353634,-9.082156,0.550069,23.399051,0.000000,1
400.500000,,,,,,,,,,,,,,28.142546,-82.353634,-9.071252,0.611309,24.065137,0.000000,1
400.600000,,,,,,,,,,,,,,28.142547,-82.353634,-9.060347,0.672550,24.731222,0.000000,1
400.700000,,,,,,,,,,,,,,28.142547,-82.353633,-9.049443,0.733790,25.397307,0.000000,1
400.800000,,,,,,,,,,,,,,28.142547,-82.353633,-9.038539,0.795030,26.063393,0.000000,1
400.900000,,,,,,,,,,,,,,28.142548,-82.353632,-9.027634,0.856271,26.729478,0.000000,1
401.000000,,,,,,,,,,,,,,28.142548,-82.353632,-9.016730,0.917511,27.395563,0.000000,1
401.100000,,,,,,,,,,,,,,28.142549,-82.353632,-9.005826,0.978751,28.061649,0.000000,1
401.200000,,,,,,,,,,,,,,28.142549,-82.353631,-8.997995,1.048255,28.604972,0.000000,1
401.300000,,,,,,,,,,,,,,28.142551,-82.353630,-9.004947,1.157492,28.557991,0.000000,1
401.400000,,,,,,,,,,,,,,28.142552,-82.353629,-9.011898,1.266729,28.511010,0.000000,1
401.500000,,,,,,,,,,,,,,28.142553,-82.353629,-9.018850,1.375967,28.464029,0.000000,1
401.600000,,,,,,,,,,,,,,28.142555,-82.353628,-9.025801,1.485204,28.417048,0.000000,1
401.700000,,,,,,,,,,,,,,28.142556,-82.353627,-9.032752,1.594441,28.370067,0.000000,1
401.800000,,,,,,,,,,,,,,28.142557,-82.353626,-9.039704,1.703678,28.323086,0.000000,1
401.900000,,,,,,,,,,,,,,28.142558,-82.353625,-9.046655,1.812916,28.276105,0.000000,1
402.000000,,,,,,,,,,,,,,28.142560,-82.353624,-9.053607,1.922153,28.229124,0.000000,1
402.100000,,,,,,,,,,,,,,28.142561,-82.353623,-9.060558,2.031390,28.182143,0.000000,1
402.200000,,,,,,,,,,,,,,28.142563,-82.353623,-9.064902,2.139027,28.149787,0.000000,1
402.300000,,,,,,,,,,,,,,28.142565,-82.353621,-9.055208,2.238052,28.196153,0.000000,1
402.400000,,,,,,,,,,,,,,28.142567,-82.353620,-9.045514,2.337077,28.242520,0.000000,1
402.500000,,,,,,,,,,,,,,28.142569,-82.353618,-9.035821,2.436102,28.288886,0.000000,1
402.600000,,,,,,,,,,,,,,28.142572,-82.353617,-9.026127,2.535127,28.335252,0.000000,1
402.700000,,,,,,,,,,,,,,28.142574,-82.353616,-9.016433,2.634152,28.381619,0.000000,1
402.800000,,,,,,,,,,,,,,28.142576,-82.353614,-9.006740,2.733177,28.427985,0.000000,1
402.900000,,,,,,,,,,,,,,28.142578,-82.353613,-8.997046,2.832202,28.474351,0.000000,1
403.000000,,,,,,,,,,,,,,28.142580,-82.353611,-8.987352,2.931226,28.520718,0.000000,1
403.100000,,,,,,,,,,,,,,28.142583,-82.353610,-8.977658,3.030251,28.567084,0.000000,1
403.200000,,,,,,,,,,,,,,28.142585,-82.353609,-8.976113,3.135584,28.595616,0.000000,1
403.300000,,,,,,,,,,,,,,28.142588,-82.353607,-9.013706,3.271215,28.538478,0.000000,1
403.400000,,,,,,,,,,,,,,28.142591,-82.353605,-9.051300,3.406845,28.481339,0.000000,1
403.500000,,,,,,,,,,,,,,28.142594,-82.353604,-9.088894,3.542476,28.424201,0.000000,1
403.600000,,,,,,,,,,,,,,28.142597,-82.353602,-9.126488,3.678107,28.367063,0.000000,1
403.700000,,,,,,,,,,,,,,28.142600,-82.353601,-9.164081,3.813738,28.309925,0.000000,1
403.800000,,,,,,,,,,,,,,28.142603,-82.353599,-9.201675,3.949369,28.252787,0.000000,1
403.900000,,,,,,,,,,,,,,28.142606,-82.353598,-9.239269,4.084999,28.195649,0.000000,1
404.000000,,,,,,,,,,,,,,28.142609,-82.353596,-9.276862,4.220630,28.138511,0.000000,1
404.100000,,,,,,,,,,,,,,28.142612,-82.353594,-9.314456,4.356261,28.081372,0.000000,1
404.200000,,,,,,,,,,,,,,28.142616,-82.353593,-9.350755,4.485578,28.015329,0.000000,1
404.300000,,,,,,,,,,,,,,28.142619,-82.353590,-9.380521,4.583025,27.904334,0.000000,1
404.400000,,,,,,,,,,,,,,28.142623,-82.353588,-9.410287,4.680471,27.793339,0.000000,1
404.500000,,,,,,,,,,,,,,28.142627,-82.353586,-9.440053,4.777918,27.682344,0.000000,1
404.600000,,,,,,,,,,,,,,28.142631,-82.353584,-9.469818,4.875364,27.571349,0.000000,1
404.700000,,,,,,,,,,,,,,28.142635,-82.353582,-9.499584,4.972811,27.460353,0.000000,1
404.800000,,,,,,,,,,,,,,28.142639,-82.353579,-9.529350,5.070257,27.349358,0.000000,1
404.900000,,,,,,,,,,,,,,28.142643,-82.353577,-9.559116,5.167704,27.238363,0.000000,1
405.000000,,,,,,,,,,,,,,28.142647,-82.353575,-9.588881,5.265151,27.127368,0.000000,1
405.100000,,,,,,,,,,,,,,28.142651,-82.353573,-9.618647,5.362597,27.016373,0.000000,1
405.200000,,,,,,,,,,,,,,28.142655,-82.353571,-9.655493,5.456332,26.897015,0.000000,1
405.300000,,,,,,,,,,,,,,28.142660,-82.353568,-9.733241,5.528626,26.729342,0.000000,1
405.400000,,,,,,,,,,,,,,28.142665,-82.353566,-9.810989,5.600920,26.561668,0.000000,1
405.500000,,,,,,,,,,,,,,28.142670,-82.353563,-9.888737,5.673214,26.393995,0.000000,1
405.600000,,,,,,,,,,,,,,28.142675,-82.353561,-9.966486,5.745508,26.226322,0.000000,1
405.700000,,,,,,,,,,,,,,28.142680,-82.353558,-10.044234,5.817802,26.058649,0.000000,1
405.800000,,,,,,,,,,,,,,28.142685,-82.353556,-10.121982,5.890096,25.890976,0.000000,1
405.900000,,,,,,,,,,,,,,28.142690,-82.353553,-10.199730,5.962390,25.723303,0.000000,1
406.000000,,,,,,,,,,,,,,28.142695,-82.353551,-10.277479,6.034684,25.555630,0.000000,1
406.100000,,,,,,,,,,,,,,28.142700,-82.353548,-10.355227,6.106978,25.387957,0.000000,1
406.200000,,,,,,,,,,,,,,28.142705,-82.353546,-10.419241,6.164367,25.241106,0.000000,1
406.300000,,,,,,,,,,,,,,28.142710,-82.353543,-10.427383,6.161115,25.178965,0.000000,1
406.400000,,,,,,,,,,,,,,28.142715,-82.353540,-10.435524,6.157864,25.116823,0.000000,1
406.500000,,,,,,,,,,,,,,28.142719,-82.353538,-10.443665,6.154613,25.054682,0.000000,1
406.600000,,,,,,,,,,,,,,28.142724,-82.353535,-10.451806,6.151361,24.992541,0.000000,1
406.700000,,,,,,,,,,,,,,28.142729,-82.353532,-10.459948,6.148110,24.930400,0.000000,1
406.800000,,,,,,,,,,,,,,28.142734,-82.353530,-10.468089,6.144859,24.868258,0.000000,1
406.900000,,,,,,,,,,,,,,28.142739,-82.353527,-10.476230,6.141608,24.806117,0.000000,1
407.000000,,,,,,,,,,,,,,28.142744,-82.353524,-10.484371,6.138356,24.743976,0.000000,1
407.100000,,,,,,,,,,,,,,28.142749,-82.353521,-10.492513,6.135105,24.681835,0.000000,1
407.200000,,,,,,,,,,,,,,28.142754,-82.353519,-10.502536,6.137121,24.622749,0.000000,1
407.300000,,,,,,,,,,,,,,28.142759,-82.353516,-10.521640,6.164551,24.578405,0.000000,1
407.400000,,,,,,,,,,,,,,28.142764,-82.353513,-10.540744,6.191982,24.534061,0.000000,1
407.500000,,,,,,,,,,,,,,28.142769,-82.353511,-10.559848,6.219412,24.489717,0.000000,1
407.600000,,,,,,,,,,,,,,28.142774,-82.353508,-10.578952,6.246843,24.445373,0.000000,1
407.700000,,,,,,,,,,,,,,28.142780,-82.353505,-10.598056,6.274273,24.401029,0.000000,1
407.800000,,,,,,,,,,,,,,28.142785,-82.353503,-10.617160,6.301703,24.356685,0.000000,1
407.900000,,,,,,,,,,,,,,28.142790,-82.353500,-10.636265,6.329134,24.312341,0.000000,1
408.000000,,,,,,,,,,,,,,28.142795,-82.353497,-10.655369,6.356564,24.267997,0.000000,1
408.100000,,,,,,,,,,,,,,28.142800,-82.353494,-10.674473,6.383995,24.223653,0.000000,1
408.200000,,,,,,,,,,,,,,28.142805,-82.353492,-10.694141,6.421167,24.159672,0.000000,1
408.300000,,,,,,,,,,,,,,28.142811,-82.353489,-10.715989,6.496000,24.019781,0.000000,1
408.400000,,,,,,,,,,,,,,28.142816,-82.353487,-10.737837,6.570832,23.879889,0.000000,1
408.500000,,,,,,,,,,,,,,28.142821,-82.353484,-10.759685,6.645665,23.739998,0.000000,1
408.600000,,,,,,,,,,,,,,28.142826,-82.353482,-10.781533,6.720497,23.600107,0.000000,1
408.700000,,,,,,,,,,,,,,28.142832,-82.353479,-10.803381,6.795329,23.460216,0.000000,1
408.800000,,,,,,,,,,,,,,28.142837,-82.353477,-10.825229,6.870162,23.320324,0.000000,1
408.900000,,,,,,,,,,,,,,28.142842,-82.353474,-10.847077,6.944994,23.180433,0.000000,1
409.000000,,,,,,,,,,,,,,28.142847,-82.353472,-10.868925,7.019827,23.040542,0.000000,1
409.100000,,,,,,,,,,,,,,28.142853,-82.353469,-10.890774,7.094659,22.900650,0.000000,1
409.200000,,,,,,,,,,,,,,28.142858,-82.353467,-10.910152,7.169651,22.773838,0.000000,1
409.300000,,,,,,,,,,,,,,28.142864,-82.353464,-10.917233,7.245438,22.712155,0.000000,1
409.400000,,,,,,,,,,,,,,28.142871,-82.353461,-10.924314,7.321224,22.650472,0.000000,1
409.500000,,,,,,,,,,,,,,28.142877,-82.353458,-10.931395,7.397011,22.588790,0.000000,1
409.600000,,,,,,,,,,,,,,28.142884,-82.353455,-10.938476,7.472798,22.527107,0.000000,1
409.700000,,,,,,,,,,,,,,28.142890,-82.353452,-10.945556,7.548585,22.465424,0.000000,1
409.800000,,,,,,,,,,,,,,28.142896,-82.353449,-10.952637,7.624371,22.403742,0.000000,1
409.900000,,,,,,,,,,,,,,28.142903,-82.353446,-10.959718,7.700158,22.342059,0.000000,1
410.000000,,,,,,,,,,,,,,28.142909,-82.353443,-10.966799,7.775945,22.280376,0.000000,1
410.100000,,,,,,,,,,,,,,28.142916,-82.353440,-10.973880,7.851731,22.218694,0.000000,1
410.200000,,,,,,,,,,,,,,28.142922,-82.353437,-10.972979,7.922443,22.148813,0.000000,1
410.300000,,,,,,,,,,,,,,28.142929,-82.353434,-10.942597,7.974408,22.048652,0.000000,1
410.400000,,,,,,,,,,,,,,28.142935,-82.353431,-10.912215,8.026373,21.948491,0.000000,1
410.500000,,,,,,,,,,,,,,28.142942,-82.353427,-10.881833,8.078338,21.848330,0.000000,1
410.600000,,,,,,,,,,,,,,28.142948,-82.353424,-10.851451,8.130304,21.748169,0.000000,1
410.700000,,,,,,,,,,,,,,28.142955,-82.353421,-10.821069,8.182269,21.648008,0.000000,1
410.800000,,,,,,,,,,,,,,28.142961,-82.353417,-10.790687,8.234234,21.547847,0.000000,1
410.900000,,,,,,,,,,,,,,28.142968,-82.353414,-10.760304,8.286199,21.447686,0.000000,1
411.000000,,,,,,,,,,,,,,28.142975,-82.353411,-10.729922,8.338164,21.347525,0.000000,1
411.100000,,,,,,,,,,,,,,28.142981,-82.353407,-10.699540,8.390129,21.247364,0.000000,1
411.200000,,,,,,,,,,,,,,28.142988,-82.353404,-10.663474,8.436110,21.144679,0.000000,1
411.300000,,,,,,,,,,,,,,28.142995,-82.353401,-10.596189,8.449219,21.028132,0.000000,1
411.400000,,,,,,,,,,,,,,28.143003,-82.353398,-10.528903,8.462329,20.911585,0.000000,1
411.500000,,,,,,,,,,,,,,28.143010,-82.353395,-10.461618,8.475438,20.795038,0.000000,1
411.600000,,,,,,,,,,,,,,28.143017,-82.353392,-10.394332,8.488548,20.678491,0.000000,1
411.700000,,,,,,,,,,,,,,28.143025,-82.353389,-10.327047,8.501657,20.561945,0.000000,1
411.800000,,,,,,,,,,,,,,28.143032,-82.353386,-10.259761,8.514766,20.445398,0.000000,1
411.900000,,,,,,,,,,,,,,28.143040,-82.353382,-10.192476,8.527876,20.328851,0.000000,1
412.000000,,,,,,,,,,,,,,28.143047,-82.353379,-10.125190,8.540985,20.212304,0.000000,1
412.100000,,,,,,,,,,,,,,28.143054,-82.353376,-10.057905,8.554095,20.095757,0.000000,1
412.200000,,,,,,,,,,,,,,28.143062,-82.353373,-9.992921,8.569122,19.980113,0.000000,1
412.300000,,,,,,,,,,,,,,28.143070,-82.353370,-9.942367,8.596175,19.870131,0.000000,1
412.400000,,,,,,,,,,,,,,28.143078,-82.353367,-9.891814,8.623227,19.760148,0.000000,1
412.500000,,,,,,,,,,,,,,28.143085,-82.353364,-9.841260,8.650280,19.650166,0.000000,1
412.600000,,,,,,,,,,,,,,28.143093,-82.353362,-9.790707,8.677332,19.540184,0.000000,1
412.700000,,,,,,,,,,,,,,28.143101,-82.353359,-9.740153,8.704385,19.430201,0.000000,1
412.800000,,,,,,,,,,,,,,28.143109,-82.353356,-9.689600,8.731437,19.320219,0.000000,1
412.900000,,,,,,,,,,,,,,28.143117,-82.353353,-9.639046,8.758490,19.210236,0.000000,1
413.000000,,,,,,,,,,,,,,28.143125,-82.353350,-9.588493,8.785542,19.100254,0.000000,1
413.100000,,,,,,,,,,,,,,28.143133,-82.353347,-9.537940,8.812595,18.990272,0.000000,1
413.200000,,,,,,,,,,,,,,28.143140,-82.353344,-9.488749,8.836889,18.882081,0.000000,1
413.300000,,,,,,,,,,,,,,28.143148,-82.353341,-9.449052,8.841972,18.786366,0.000000,1
413.400000,,,,,,,,,,,,,,28.143156,-82.353339,-9.409355,8.847055,18.690650,0.000000,1
413.500000,,,,,,,,,,,,,,28.143163,-82.353336,-9.369658,8.852138,18.594935,0.000000,1
413.600000,,,,,,,,,,,,,,28.143171,-82.353333,-9.329960,8.857222,18.499220,0.000000,1
413.700000,,,,,,,,,,,,,,28.143178,-82.353331,-9.290263,8.862305,18.403505,0.000000,1
413.800000,,,,,,,,,,,,,,28.143186,-82.353328,-9.250566,8.867388,18.307790,0.000000,1
413.900000,,,,,,,,,,,,,,28.143193,-82.353326,-9.210869,8.872472,18.212075,0.000000,1
414.000000,,,,,,,,,,,,,,28.143201,-82.353323,-9.171172,8.877555,18.116360,0.000000,1
414.100000,,,,,,,,,,,,,,28.143209,-82.353320,-9.131474,8.882638,18.020644,0.000000,1
414.200000,,,,,,,,,,,,,,28.143216,-82.353318,-9.097239,8.882768,17.927581,0.000000,1
414.300000,,,,,,,,,,,,,,28.143224,-82.353315,-9.094285,8.854529,17.849702,0.000000,1
414.400000,,,,,,,,,,,,,,28.143231,-82.353312,-9.091331,8.826290,17.771823,0.000000,1
414.500000,,,,,,,,,,,,,,28.143238,-82.353309,-9.088377,8.798051,17.693944,0.000000,1
414.600000,,,,,,,,,,,,,,28.143246,-82.353307,-9.085423,8.769812,17.616065,0.000000,1
414.700000,,,,,,,,,,,,,,28.143253,-82.353304,-9.082468,8.741573,17.538186,0.000000,1
414.800000,,,,,,,,,,,,,,28.143261,-82.353301,-9.079514,8.713335,17.460307,0.000000,1
414.900000,,,,,,,,,,,,,,28.143268,-82.353299,-9.076560,8.685096,17.382428,0.000000,1
415.000000,,,,,,,,,,,,,,28.143276,-82.353296,-9.073606,8.656857,17.304549,0.000000,1
415.100000,,,,,,,,,,,,,,28.143283,-82.353293,-9.070652,8.628618,17.226670,0.000000,1
415.200000,,,,,,,,,,,,,,28.143291,-82.353291,-9.066561,8.601101,17.163891,0.000000,1
415.300000,,,,,,,,,,,,,,28.143299,-82.353288,-9.054478,8.578662,17.207243,0.000000,1
415.400000,,,,,,,,,,,,,,28.143306,-82.353286,-9.042395,8.556222,17.250596,0.000000,1
415.500000,,,,,,,,,,,,,,28.143314,-82.353283,-9.030312,8.533783,17.293949,0.000000,1
415.600000,,,,,,,,,,,,,,28.143322,-82.353281,-9.018229,8.511343,17.337301,0.000000,1
415.700000,,,,,,,,,,,,,,28.143330,-82.353278,-9.006146,8.488903,17.380654,0.000000,1
415.800000,,,,,,,,,,,,,,28.143338,-82.353276,-8.994063,8.466464,17.424007,0.000000,1
415.900000,,,,,,,,,,,,,,28.143346,-82.353273,-8.981980,8.444024,17.467360,0.000000,1
416.000000,,,,,,,,,,,,,,28.143354,-82.353271,-8.969897,8.421585,17.510712,0.000000,1
416.100000,,,,,,,,,,,,,,28.143362,-82.353268,-8.957814,8.399145,17.554065,0.000000,1
416.200000,,,,,,,,,,,,,,28.143370,-82.353266,-8.946056,8.377204,17.757635,0.000000,1
416.300000,,,,,,,,,,,,,,28.143377,-82.353263,-8.935662,8.357362,18.635103,0.000000,1
416.400000,,,,,,,,,,,,,,28.143384,-82.353260,-8.925268,8.337520,19.512572,0.000000,1
416.500000,,,,,,,,,,,,,,28.143391,-82.353256,-8.914874,8.317677,20.390040,0.000000,1
416.600000,,,,,,,,,,,,,,28.143398,-82.353253,-8.904479,8.297835,21.267509,0.000000,1
416.700000,,,,,,,,,,,,,,28.143404,-82.353250,-8.894085,8.277993,22.144977,0.000000,1
416.800000,,,,,,,,,,,,,,28.143411,-82.353247,-8.883691,8.258150,23.022445,0.000000,1
416.900000,,,,,,,,,,,,,,28.143418,-82.353244,-8.873297,8.238308,23.899914,0.000000,1
417.000000,,,,,,,,,,,,,,28.143425,-82.353241,-8.862903,8.218466,24.777382,0.000000,1
417.100000,,,,,,,,,,,,,,28.143432,-82.353238,-8.852509,8.198623,25.654851,0.000000,1
417.200000,,,,,,,,,,,,,,28.143439,-82.353235,-8.844829,8.172216,26.720228,0.000000,1
417.300000,,,,,,,,,,,,,,28.143444,-82.353231,-8.850497,8.113524,28.709756,0.000000,1
417.400000,,,,,,,,,,,,,,28.143450,-82.353227,-8.856164,8.054831,30.699285,0.000000,1
417.500000,,,,,,,,,,,,,,28.143456,-82.353223,-8.861832,7.996139,32.688814,0.000000,1
417.600000,,,,,,,,,,,,,,28.143462,-82.353219,-8.867500,7.937446,34.678342,0.000000,1
417.700000,,,,,,,,,,,,,,28.143468,-82.353215,-8.873167,7.878753,36.667871,0.000000,1
417.800000,,,,,,,,,,,,,,28.143473,-82.353211,-8.878835,7.820061,38.657399,0.000000,1
417.900000,,,,,,,,,,,,,,28.143479,-82.353207,-8.884503,7.761368,40.646928,0.000000,1
418.000000,,,,,,,,,,,,,,28.143485,-82.353203,-8.890171,7.702676,42.636456,0.000000,1
418.100000,,,,,,,,,,,,,,28.143491,-82.353199,-8.895838,7.643983,44.625985,0.000000,1
418.200000,,,,,,,,,,,,,,28.143496,-82.353195,-8.899381,7.590750,46.667752,0.000000,1
418.300000,,,,,,,,,,,,,,28.143499,-82.353190,-8.893117,7.562705,48.950543,0.000000,1
418.400000,,,,,,,,,,,,,,28.143501,-82.353184,-8.886854,7.534661,51.233333,0.000000,1
418.500000,,,,,,,,,,,,,,28.143504,-82.353179,-8.880591,7.506616,53.516123,0.000000,1
418.600000,,,,,,,,,,,,,,28.143507,-82.353173,-8.874327,7.478572,55.798914,0.000000,1
418.700000,,,,,,,,,,,,,,28.143510,-82.353168,-8.868064,7.450527,58.081704,0.000000,1
418.800000,,,,,,,,,,,,,,28.143512,-82.353162,-8.861800,7.422483,60.364494,0.000000,1
418.900000,,,,,,,,,,,,,,28.143515,-82.353157,-8.855537,7.394438,62.647284,0.000000,1
419.000000,,,,,,,,,,,,,,28.143518,-82.353151,-8.849273,7.366394,64.930075,0.000000,1
419.100000,,,,,,,,,,,,,,28.143521,-82.353146,-8.843010,7.338349,67.212865,0.000000,1
419.200000,,,,,,,,,,,,,,28.143523,-82.353140,-8.839615,7.314112,69.509572,0.000000,1
419.300000,,,,,,,,,,,,,,28.143524,-82.353133,-8.857636,7.318308,71.910209,0.000000,1
419.400000,,,,,,,,,,,,,,28.143525,-82.353125,-8.875658,7.322504,74.310846,0.000000,1
419.500000,,,,,,,,,,,,,,28.143526,-82.353118,-8.893680,7.326700,76.711482,0.000000,1
419.600000,,,,,,,,,,,,,,28.143527,-82.353111,-8.911702,7.330895,79.112119,0.000000,1
419.700000,,,,,,,,,,,,,,28.143528,-82.353103,-8.929724,7.335091,81.512756,0.000000,1
419.800000,,,,,,,,,,,,,,28.143529,-82.353096,-8.947746,7.339287,83.913392,0.000000,1
419.900000,,,,,,,,,,,,,,28.143530,-82.353088,-8.965768,7.343483,86.314029,0.000000,1
420.000000,,,,,,,,,,,,,,28.143531,-82.353081,-8.983789,7.347679,88.714666,0.000000,1
420.100000,,,,,,,,,,,,,,28.143532,-82.353073,-9.001811,7.351875,91.115303,0.000000,1
420.200000,,,,,,,,,,,,,,28.143532,-82.353066,-9.017622,7.366430,93.195778,0.000000,1
420.300000,,,,,,,,,,,,,,28.143531,-82.353057,-9.023585,7.427117,93.850569,0.000000,1
420.400000,,,,,,,,,,,,,,28.143530,-82.353049,-9.029549,7.487804,94.505360,0.000000,1
420.500000,,,,,,,,,,,,,,28.143528,-82.353041,-9.035512,7.548490,95.160151,0.000000,1
420.600000,,,,,,,,,,,,,,28.143527,-82.353032,-9.041476,7.609177,95.814943,0.000000,1
420.700000,,,,,,,,,,,,,,28.143526,-82.353024,-9.047439,7.669864,96.469734,0.000000,1
420.800000,,,,,,,,,,,,,,28.143524,-82.353016,-9.053403,7.730550,97.124525,0.000000,1
420.900000,,,,,,,,,,,,,,28.143523,-82.353007,-9.059366,7.791237,97.779316,0.000000,1
421.000000,,,,,,,,,,,,,,28.143522,-82.352999,-9.065330,7.851924,98.434108,0.000000,1
421.100000,,,,,,,,,,,,,,28.143520,-82.352991,-9.071293,7.912610,99.088899,0.000000,1
421.200000,,,,,,,,,,,,,,28.143519,-82.352982,-9.067801,7.985596,99.630526,0.000000,1
421.300000,,,,,,,,,,,,,,28.143518,-82.352972,-9.017116,8.119964,99.607365,0.000000,1
421.400000,,,,,,,,,,,,,,28.143517,-82.352963,-8.966432,8.254332,99.584204,0.000000,1
421.500000,,,,,,,,,,,,,,28.143515,-82.352953,-8.915747,8.388700,99.561043,0.000000,1
421.600000,,,,,,,,,,,,,,28.143514,-82.352943,-8.865062,8.523068,99.537883,0.000000,1
421.700000,,,,,,,,,,,,,,28.143513,-82.352934,-8.814378,8.657436,99.514722,0.000000,1
421.800000,,,,,,,,,,,,,,28.143512,-82.352924,-8.763693,8.791804,99.491561,0.000000,1
421.900000,,,,,,,,,,,,,,28.143511,-82.352914,-8.713008,8.926172,99.468400,0.000000,1
422.000000,,,,,,,,,,,,,,28.143509,-82.352905,-8.662323,9.060540,99.445239,0.000000,1
422.100000,,,,,,,,,,,,,,28.143508,-82.352895,-8.619417,9.194217,99.415111,0.000000,1
422.200000,,,,,,,,,,,,,,28.143506,-82.352886,-8.637705,9.322459,99.330165,0.000000,1
422.300000,,,,,,,,,,,,,,28.143505,-82.352877,-8.655994,9.450701,99.245219,0.000000,1
422.400000,,,,,,,,,,,,,,28.143503,-82.352868,-8.674283,9.578944,99.160272,0.000000,1
422.500000,,,,,,,,,,,,,,28.143502,-82.352859,-8.692572,9.707186,99.075326,0.000000,1
422.600000,,,,,,,,,,,,,,28.143500,-82.352850,-8.710860,9.835428,98.990380,0.000000,1
422.700000,,,,,,,,,,,,,,28.143499,-82.352841,-8.729149,9.963670,98.905434,0.000000,1
422.800000,,,,,,,,,,,,,,28.143497,-82.352832,-8.747438,10.091912,98.820487,0.000000,1
422.900000,,,,,,,,,,,,,,28.143496,-82.352823,-8.765727,10.220155,98.735541,0.000000,1
423.000000,,,,,,,,,,,,,,28.143494,-82.352814,-8.784015,10.348397,98.650595,0.000000,1
423.100000,,,,,,,,,,,,,,28.143492,-82.352805,-8.802304,10.476639,98.565649,0.000000,1
423.200000,,,,,,,,,,,,,,28.143491,-82.352796,-8.812159,10.604553,98.475762,0.000000,1
423.300000,,,,,,,,,,,,,,28.143489,-82.352785,-8.770650,10.730463,98.355787,0.000000,1
423.400000,,,,,,,,,,,,,,28.143488,-82.352774,-8.729140,10.856373,98.235811,0.000000,1
423.500000,,,,,,,,,,,,,,28.143486,-82.352763,-8.687631,10.982284,98.115836,0.000000,1
423.600000,,,,,,,,,,,,,,28.143485,-82.352752,-8.646122,11.108194,97.995861,0.000000,1
423.700000,,,,,,,,,,,,,,28.143483,-82.352741,-8.604613,11.234104,97.875886,0.000000,1
423.800000,,,,,,,,,,,,,,28.143482,-82.352730,-8.563104,11.360015,97.755911,0.000000,1
423.900000,,,,,,,,,,,,,,28.143480,-82.352719,-8.521595,11.485925,97.635935,0.000000,1
424.000000,,,,,,,,,,,,,,28.143478,-82.352709,-8.480086,11.611835,97.515960,0.000000,1
424.100000,,,,,,,,,,,,,,28.143477,-82.352698,-8.438577,11.737746,97.395985,0.000000,1
424.200000,,,,,,,,,,,,,,28.143475,-82.352686,-8.392683,11.860825,97.276945,0.000000,1
424.300000,,,,,,,,,,,,,,28.143474,-82.352674,-8.317957,11.965287,97.164056,0.000000,1
424.400000,,,,,,,,,,,,,,28.143473,-82.352661,-8.243232,12.069749,97.051166,0.000000,1
424.500000,,,,,,,,,,,,,,28.143472,-82.352648,-8.168506,12.174212,96.938276,0.000000,1
424.600000,,,,,,,,,,,,,,28.143471,-82.352635,-8.093780,12.278674,96.825387,0.000000,1
424.700000,,,,,,,,,,,,,,28.143470,-82.352622,-8.019055,12.383136,96.712497,0.000000,1
424.800000,,,,,,,,,,,,,,28.143468,-82.352610,-7.944329,12.487599,96.599607,0.000000,1
424.900000,,,,,,,,,,,,,,28.143467,-82.352597,-7.869604,12.592061,96.486718,0.000000,1
425.000000,,,,,,,,,,,,,,28.143466,-82.352584,-7.794878,12.696523,96.373828,0.000000,1
425.100000,,,,,,,,,,,,,,28.143465,-82.352571,-7.720153,12.800985,96.260938,0.000000,1
425.200000,,,,,,,,,,,,,,28.143464,-82.352558,-7.651976,12.903714,96.161520,0.000000,1
425.300000,,,,,,,,,,,,,,28.143462,-82.352543,-7.620144,12.996825,96.136872,0.000000,1
425.400000,,,,,,,,,,,,,,28.143460,-82.352528,-7.588313,13.089935,96.112224,0.000000,1
425.500000,,,,,,,,,,,,,,28.143458,-82.352514,-7.556481,13.183046,96.087575,0.000000,1
425.600000,,,,,,,,,,,,,,28.143456,-82.352499,-7.524650,13.276156,96.062927,0.000000,1
425.700000,,,,,,,,,,,,,,28.143454,-82.352484,-7.492819,13.369267,96.038279,0.000000,1
425.800000,,,,,,,,,,,,,,28.143452,-82.352469,-7.460987,13.462377,96.013630,0.000000,1
425.900000,,,,,,,,,,,,,,28.143450,-82.352454,-7.429156,13.555487,95.988982,0.000000,1
426.000000,,,,,,,,,,,,,,28.143448,-82.352439,-7.397324,13.648598,95.964334,0.000000,1
426.100000,,,,,,,,,,,,,,28.143446,-82.352425,-7.367260,13.739087,95.922150,0.000000,1
426.200000,,,,,,,,,,,,,,28.143445,-82.352412,-7.346764,13.815383,95.784997,0.000000,1
426.300000,,,,,,,,,,,,,,28.143444,-82.352399,-7.326269,13.891678,95.647844,0.000000,1
426.400000,,,,,,,,,,,,,,28.143442,-82.352386,-7.305774,13.967974,95.510691,0.000000,1
426.500000,,,,,,,,,,,,,,28.143441,-82.352373,-7.285278,14.044269,95.373539,0.000000,1
426.600000,,,,,,,,,,,,,,28.143440,-82.352360,-7.264783,14.120565,95.236386,0.000000,1
426.700000,,,,,,,,,,,,,,28.143439,-82.352347,-7.244287,14.196861,95.099233,0.000000,1
426.800000,,,,,,,,,,,,,,28.143438,-82.352334,-7.223792,14.273156,94.962080,0.000000,1
426.900000,,,,,,,,,,,,,,28.143436,-82.352321,-7.203297,14.349452,94.824927,0.000000,1
427.000000,,,,,,,,,,,,,,28.143435,-82.352308,-7.182801,14.425747,94.687774,0.000000,1
427.100000,,,,,,,,,,,,,,28.143434,-82.352295,-7.162306,14.502043,94.550621,0.000000,1
427.200000,,,,,,,,,,,,,,28.143433,-82.352282,-7.147816,14.579063,94.415257,0.000000,1
427.300000,,,,,,,,,,,,,,28.143432,-82.352266,-7.182179,14.661985,94.294441,0.000000,1
427.400000,,,,,,,,,,,,,,28.143431,-82.352250,-7.216542,14.744906,94.173624,0.000000,1
427.500000,,,,,,,,,,,,,,28.143430,-82.352234,-7.250905,14.827828,94.052808,0.000000,1
427.600000,,,,,,,,,,,,,,28.143429,-82.352219,-7.285269,14.910749,93.931992,0.000000,1
427.700000,,,,,,,,,,,,,,28.143427,-82.352203,-7.319632,14.993671,93.811175,0.000000,1
427.800000,,,,,,,,,,,,,,28.143426,-82.352187,-7.353995,15.076592,93.690359,0.000000,1
427.900000,,,,,,,,,,,,,,28.143425,-82.352171,-7.388358,15.159514,93.569543,0.000000,1
428.000000,,,,,,,,,,,,,,28.143424,-82.352156,-7.422722,15.242435,93.448727,0.000000,1
428.100000,,,,,,,,,,,,,,28.143423,-82.352140,-7.457085,15.325357,93.327910,0.000000,1
428.200000,,,,,,,,,,,,,,28.143422,-82.352124,-7.491858,15.410253,93.207907,0.000000,1
428.300000,,,,,,,,,,,,,,28.143422,-82.352108,-7.529077,15.506951,93.092765,0.000000,1
428.400000,,,,,,,,,,,,,,28.143421,-82.352091,-7.566297,15.603649,92.977623,0.000000,1
428.500000,,,,,,,,,,,,,,28.143420,-82.352075,-7.603516,15.700347,92.862480,0.000000,1
428.600000,,,,,,,,,,,,,,28.143420,-82.352059,-7.640736,15.797045,92.747338,0.000000,1
428.700000,,,,,,,,,,,,,,28.143419,-82.352042,-7.677955,15.893743,92.632196,0.000000,1
428.800000,,,,,,,,,,,,,,28.143419,-82.352026,-7.715175,15.990441,92.517054,0.000000,1
428.900000,,,,,,,,,,,,,,28.143418,-82.352009,-7.752395,16.087139,92.401911,0.000000,1
429.000000,,,,,,,,,,,,,,28.143417,-82.351993,-7.789614,16.183837,92.286769,0.000000,1
429.100000,,,,,,,,,,,,,,28.143417,-82.351977,-7.826834,16.280535,92.171627,0.000000,1
429.200000,,,,,,,,,,,,,,28.143416,-82.351960,-7.862754,16.373319,92.050095,0.000000,1
429.300000,,,,,,,,,,,,,,28.143417,-82.351943,-7.893670,16.451027,91.903950,0.000000,1
429.400000,,,,,,,,,,,,,,28.143417,-82.351926,-7.924586,16.528735,91.757806,0.000000,1
429.500000,,,,,,,,,,,,,,28.143417,-82.351909,-7.955501,16.606443,91.611661,0.000000,1
429.600000,,,,,,,,,,,,,,28.143417,-82.351892,-7.986417,16.684150,91.465516,0.000000,1
429.700000,,,,,,,,,,,,,,28.143418,-82.351875,-8.017333,16.761858,91.319372,0.000000,1
429.800000,,,,,,,,,,,,,,28.143418,-82.351859,-8.048248,16.839566,91.173227,0.000000,1
429.900000,,,,,,,,,,,,,,28.143418,-82.351842,-8.079164,16.917274,91.027082,0.000000,1
430.000000,,,,,,,,,,,,,,28.143418,-82.351825,-8.110080,16.994981,90.880938,0.000000,1
430.100000,,,,,,,,,,,,,,28.143419,-82.351808,-8.140995,17.072689,90.734793,0.000000,1
430.200000,,,,,,,,,,,,,,28.143419,-82.351791,-8.185155,17.140756,90.597941,0.000000,1
430.300000,,,,,,,,,,,,,,28.143419,-82.351774,-8.325913,17.138506,90.528861,0.000000,1
430.400000,,,,,,,,,,,,,,28.143419,-82.351757,-8.466672,17.136256,90.459782,0.000000,1
430.500000,,,,,,,,,,,,,,28.143419,-82.351740,-8.607430,17.134006,90.390703,0.000000,1
430.600000,,,,,,,,,,,,,,28.143420,-82.351724,-8.748188,17.131756,90.321623,0.000000,1
430.700000,,,,,,,,,,,,,,28.143420,-82.351707,-8.888947,17.129506,90.252544,0.000000,1
430.800000,,,,,,,,,,,,,,28.143420,-82.351690,-9.029705,17.127256,90.183464,0.000000,1
430.900000,,,,,,,,,,,,,,28.143420,-82.351673,-9.170464,17.125006,90.114385,0.000000,1
431.000000,,,,,,,,,,,,,,28.143421,-82.351656,-9.311222,17.122756,90.045306,0.000000,1
431.100000,,,,,,,,,,,,,,28.143421,-82.351640,-9.451980,17.120506,89.976226,0.000000,1
431.200000,,,,,,,,,,,,,,28.143421,-82.351622,-9.578501,17.114910,89.909730,0.000000,1
431.300000,,,,,,,,,,,,,,28.143421,-82.351603,-9.626881,17.090950,89.857414,0.000000,1
431.400000,,,,,,,,,,,,,,28.143421,-82.351583,-9.675261,17.066990,89.805099,0.000000,1
431.500000,,,,,,,,,,,,,,28.143422,-82.351564,-9.723641,17.043031,89.752783,0.000000,1
431.600000,,,,,,,,,,,,,,28.143422,-82.351544,-9.772020,17.019071,89.700467,0.000000,1
431.700000,,,,,,,,,,,,,,28.143422,-82.351525,-9.820400,16.995111,89.648151,0.000000,1
431.800000,,,,,,,,,,,,,,28.143422,-82.351505,-9.868780,16.971151,89.595835,0.000000,1
431.900000,,,,,,,,,,,,,,28.143422,-82.351486,-9.917160,16.947191,89.543519,0.000000,1
432.000000,,,,,,,,,,,,,,28.143422,-82.351466,-9.965540,16.923232,89.491203,0.000000,1
432.100000,,,,,,,,,,,,,,28.143423,-82.351447,-10.009161,16.902587,89.452060,0.000000,1
432.200000,,,,,,,,,,,,,,28.143423,-82.351431,-10.026140,16.900504,89.486669,0.000000,1
432.300000,,,,,,,,,,,,,,28.143423,-82.351415,-10.043120,16.898421,89.521278,0.000000,1
432.400000,,,,,,,,,,,,,,28.143422,-82.351400,-10.060099,16.896338,89.555886,0.000000,1
432.500000,,,,,,,,,,,,,,28.143422,-82.351384,-10.077078,16.894256,89.590495,0.000000,1
432.600000,,,,,,,,,,,,,,28.143422,-82.351368,-10.094058,16.892173,89.625104,0.000000,1
432.700000,,,,,,,,,,,,,,28.143422,-82.351352,-10.111037,16.890090,89.659713,0.000000,1
432.800000,,,,,,,,,,,,,,28.143422,-82.351336,-10.128017,16.888007,89.694321,0.000000,1
432.900000,,,,,,,,,,,,,,28.143422,-82.351321,-10.144996,16.885924,89.728930,0.000000,1
433.000000,,,,,,,,,,,,,,28.143422,-82.351305,-10.161975,16.883841,89.763539,0.000000,1
433.100000,,,,,,,,,,,,,,28.143422,-82.351289,-10.178955,16.881759,89.798148,0.000000,1
433.200000,,,,,,,,,,,,,,28.143422,-82.351273,-10.190081,16.879216,89.841867,0.000000,1
433.300000,,,,,,,,,,,,,,28.143421,-82.351255,-10.162218,16.873609,89.946280,0.000000,1
433.400000,,,,,,,,,,,,,,28.143420,-82.351238,-10.134355,16.868002,90.050692,0.000000,1
433.500000,,,,,,,,,,,,,,28.143419,-82.351220,-10.106492,16.862395,90.155105,0.000000,1
433.600000,,,,,,,,,,,,,,28.143418,-82.351202,-10.078629,16.856788,90.259518,0.000000,1
433.700000,,,,,,,,,,,,,,28.143417,-82.351184,-10.050766,16.851180,90.363931,0.000000,1
433.800000,,,,,,,,,,,,,,28.143416,-82.351167,-10.022903,16.845573,90.468344,0.000000,1
433.900000,,,,,,,,,,,,,,28.143415,-82.351149,-9.995040,16.839966,90.572756,0.000000,1
434.000000,,,,,,,,,,,,,,28.143414,-82.351131,-9.967177,16.834359,90.677169,0.000000,1
434.100000,,,,,,,,,,,,,,28.143413,-82.351113,-9.939314,16.828752,90.781582,0.000000,1
434.200000,,,,,,,,,,,,,,28.143412,-82.351096,-9.916883,16.823375,90.892345,0.000000,1
434.300000,,,,,,,,,,,,,,28.143412,-82.351079,-9.922508,16.819186,91.035900,0.000000,1
434.400000,,,,,,,,,,,,,,28.143411,-82.351061,-9.928132,16.814998,91.179455,0.000000,1
434.500000,,,,,,,,,,,,,,28.143411,-82.351044,-9.933756,16.810809,91.323010,0.000000,1
434.600000,,,,,,,,,,,,,,28.143410,-82.351027,-9.939381,16.806620,91.466566,0.000000,1
434.700000,,,,,,,,,,,,,,28.143410,-82.351010,-9.945005,16.802431,91.610121,0.000000,1
434.800000,,,,,,,,,,,,,,28.143409,-82.350993,-9.950630,16.798243,91.753676,0.000000,1
434.900000,,,,,,,,,,,,,,28.143409,-82.350976,-9.956254,16.794054,91.897231,0.000000,1
435.000000,,,,,,,,,,,,,,28.143409,-82.350958,-9.961878,16.789865,92.040787,0.000000,1
435.100000,,,,,,,,,,,,,,28.143408,-82.350941,-9.967503,16.785676,92.184342,0.000000,1
435.200000,,,,,,,,,,,,,,28.143408,-82.350924,-9.971870,16.779320,92.331061,0.000000,1
435.300000,,,,,,,,,,,,,,28.143407,-82.350907,-9.969360,16.761110,92.495082,0.000000,1
435.400000,,,,,,,,,,,,,,28.143406,-82.350891,-9.966850,16.742901,92.659102,0.000000,1
435.500000,,,,,,,,,,,,,,28.143405,-82.350874,-9.964340,16.724692,92.823123,0.000000,1
435.600000,,,,,,,,,,,,,,28.143404,-82.350857,-9.961831,16.706482,92.987143,0.000000,1
435.700000,,,,,,,,,,,,,,28.143403,-82.350840,-9.959321,16.688273,93.151164,0.000000,1
435.800000,,,,,,,,,,,,,,28.143402,-82.350824,-9.956811,16.670064,93.315184,0.000000,1
435.900000,,,,,,,,,,,,,,28.143401,-82.350807,-9.954301,16.651854,93.479205,0.000000,1
436.000000,,,,,,,,,,,,,,28.143400,-82.350790,-9.951792,16.633645,93.643226,0.000000,1
436.100000,,,,,,,,,,,,,,28.143399,-82.350773,-9.949282,16.615436,93.807246,0.000000,1
436.200000,,,,,,,,,,,,,,28.143398,-82.350756,-9.943279,16.602361,93.976844,0.000000,1
436.300000,,,,,,,,,,,,,,28.143396,-82.350739,-9.905457,16.636060,94.197243,0.000000,1
436.400000,,,,,,,,,,,,,,28.143394,-82.350721,-9.867636,16.669759,94.417641,0.000000,1
436.500000,,,,,,,,,,,,,,28.143393,-82.350703,-9.829814,16.703458,94.638040,0.000000,1
436.600000,,,,,,,,,,,,,,28.143391,-82.350686,-9.791992,16.737157,94.858438,0.000000,1
436.700000,,,,,,,,,,,,,,28.143389,-82.350668,-9.754171,16.770856,95.078837,0.000000,1
436.800000,,,,,,,,,,,,,,28.143387,-82.350650,-9.716349,16.804555,95.299235,0.000000,1
436.900000,,,,,,,,,,,,,,28.143385,-82.350633,-9.678527,16.838254,95.519634,0.000000,1
437.000000,,,,,,,,,,,,,,28.143384,-82.350615,-9.640706,16.871953,95.740032,0.000000,1
437.100000,,,,,,,,,,,,,,28.143382,-82.350597,-9.602884,16.905652,95.960431,0.000000,1
437.200000,,,,,,,,,,,,,,28.143380,-82.350580,-9.578805,16.936290,96.165794,0.000000,1
437.300000,,,,,,,,,,,,,,28.143378,-82.350563,-9.610070,16.954602,96.310613,0.000000,1
437.400000,,,,,,,,,,,,,,28.143375,-82.350547,-9.641334,16.972913,96.455433,0.000000,1
437.500000,,,,,,,,,,,,,,28.143373,-82.350530,-9.672598,16.991225,96.600252,0.000000,1
437.600000,,,,,,,,,,,,,,28.143370,-82.350513,-9.703862,17.009536,96.745071,0.000000,1
437.700000,,,,,,,,,,,,,,28.143368,-82.350497,-9.735127,17.027848,96.889890,0.000000,1
437.800000,,,,,,,,,,,,,,28.143366,-82.350480,-9.766391,17.046159,97.034710,0.000000,1
437.900000,,,,,,,,,,,,,,28.143363,-82.350463,-9.797655,17.064471,97.179529,0.000000,1
438.000000,,,,,,,,,,,,,,28.143361,-82.350447,-9.828919,17.082782,97.324348,0.000000,1
438.100000,,,,,,,,,,,,,,28.143359,-82.350430,-9.860183,17.101094,97.469167,0.000000,1
438.200000,,,,,,,,,,,,,,28.143356,-82.350413,-9.878629,17.120539,97.616804,0.000000,1
438.300000,,,,,,,,,,,,,,28.143354,-82.350396,-9.824889,17.146368,97.780309,0.000000,1
438.400000,,,,,,,,,,,,,,28.143351,-82.350378,-9.771148,17.172198,97.943815,0.000000,1
438.500000,,,,,,,,,,,,,,28.143349,-82.350360,-9.717408,17.198027,98.107320,0.000000,1
438.600000,,,,,,,,,,,,,,28.143346,-82.350342,-9.663667,17.223856,98.270825,0.000000,1
438.700000,,,,,,,,,,,,,,28.143344,-82.350325,-9.609927,17.249686,98.434330,0.000000,1
438.800000,,,,,,,,,,,,,,28.143341,-82.350307,-9.556187,17.275515,98.597835,0.000000,1
438.900000,,,,,,,,,,,,,,28.143339,-82.350289,-9.502446,17.301344,98.761340,0.000000,1
439.000000,,,,,,,,,,,,,,28.143336,-82.350272,-9.448706,17.327174,98.924845,0.000000,1
439.100000,,,,,,,,,,,,,,28.143334,-82.350254,-9.394965,17.353003,99.088351,0.000000,1
439.200000,,,,,,,,,,,,,,28.143331,-82.350236,-9.348473,17.372190,99.247746,0.000000,1
439.300000,,,,,,,,,,,,,,28.143329,-82.350219,-9.336141,17.360073,99.387774,0.000000,1
439.400000,,,,,,,,,,,,,,28.143327,-82.350202,-9.323809,17.347955,99.527801,0.000000,1
439.500000,,,,,,,,,,,,,,28.143324,-82.350185,-9.311477,17.335837,99.667829,0.000000,1
439.600000,,,,,,,,,,,,,,28.143322,-82.350168,-9.299145,17.323719,99.807857,0.000000,1
439.700000,,,,,,,,,,,,,,28.143320,-82.350151,-9.286813,17.311601,99.947884,0.000000,1
439.800000,,,,,,,,,,,,,,28.143317,-82.350134,-9.274481,17.299483,100.087912,0.000000,1
439.900000,,,,,,,,,,,,,,28.143315,-82.350117,-9.262149,17.287365,100.227939,0.000000,1
440.000000,,,,,,,,,,,,,,28.143313,-82.350100,-9.249817,17.275248,100.367967,0.000000,1
440.100000,,,,,,,,,,,,,,28.143310,-82.350083,-9.237486,17.263130,100.507995,0.000000,1
440.200000,,,,,,,,,,,,,,28.143308,-82.350066,-9.224667,17.251489,100.646706,0.000000,1
440.300000,,,,,,,,,,,,,,28.143305,-82.350049,-9.206694,17.244897,100.771484,0.000000,1
440.400000,,,,,,,,,,,,,,28.143302,-82.350032,-9.188722,17.238305,100.896263,0.000000,1
440.500000,,,,,,,,,,,,,,28.143299,-82.350015,-9.170750,17.231713,101.021042,0.000000,1
440.600000,,,,,,,,,,,,,,28.143296,-82.349998,-9.152778,17.225121,101.145821,0.000000,1
440.700000,,,,,,,,,,,,,,28.143293,-82.349981,-9.134805,17.218529,101.270600,0.000000,1
440.800000,,,,,,,,,,,,,,28.143290,-82.349964,-9.116833,17.211937,101.395379,0.000000,1
440.900000,,,,,,,,,,,,,,28.143287,-82.349947,-9.098861,17.205344,101.520158,0.000000,1
441.000000,,,,,,,,,,,,,,28.143284,-82.349930,-9.080889,17.198752,101.644936,0.000000,1
441.100000,,,,,,,,,,,,,,28.143281,-82.349913,-9.062916,17.192160,101.769715,0.000000,1
441.200000,,,,,,,,,,,,,,28.143278,-82.349895,-9.049676,17.188690,101.917308,0.000000,1
441.300000,,,,,,,,,,,,,,28.143275,-82.349876,-9.060764,17.201268,102.182194,0.000000,1
441.400000,,,,,,,,,,,,,,28.143271,-82.349857,-9.071851,17.213847,102.447079,0.000000,1
441.500000,,,,,,,,,,,,,,28.143267,-82.349837,-9.082938,17.226425,102.711965,0.000000,1
441.600000,,,,,,,,,,,,,,28.143264,-82.349818,-9.094026,17.239004,102.976850,0.000000,1
441.700000,,,,,,,,,,,,,,28.143260,-82.349799,-9.105113,17.251582,103.241736,0.000000,1
441.800000,,,,,,,,,,,,,,28.143256,-82.349779,-9.116201,17.264161,103.506621,0.000000,1
441.900000,,,,,,,,,,,,,,28.143252,-82.349760,-9.127288,17.276739,103.771507,0.000000,1
442.000000,,,,,,,,,,,,,,28.143249,-82.349741,-9.138376,17.289318,104.036392,0.000000,1
442.100000,,,,,,,,,,,,,,28.143245,-82.349722,-9.151570,17.302233,104.290671,0.000000,1
442.200000,,,,,,,,,,,,,,28.143241,-82.349706,-9.178223,17.317301,104.477185,0.000000,1
442.300000,,,,,,,,,,,,,,28.143238,-82.349690,-9.204877,17.332368,104.663699,0.000000,1
442.400000,,,,,,,,,,,,,,28.143234,-82.349675,-9.231530,17.347436,104.850214,0.000000,1
442.500000,,,,,,,,,,,,,,28.143230,-82.349659,-9.258183,17.362503,105.036728,0.000000,1
442.600000,,,,,,,,,,,,,,28.143226,-82.349643,-9.284837,17.377571,105.223242,0.000000,1
442.700000,,,,,,,,,,,,,,28.143222,-82.349627,-9.311490,17.392638,105.409757,0.000000,1
442.800000,,,,,,,,,,,,,,28.143219,-82.349612,-9.338143,17.407705,105.596271,0.000000,1
442.900000,,,,,,,,,,,,,,28.143215,-82.349596,-9.364797,17.422773,105.782785,0.000000,1
443.000000,,,,,,,,,,,,,,28.143211,-82.349580,-9.391450,17.437840,105.969300,0.000000,1
443.100000,,,,,,,,,,,,,,28.143207,-82.349565,-9.418103,17.452908,106.155814,0.000000,1
443.200000,,,,,,,,,,,,,,28.143203,-82.349549,-9.443928,17.470118,106.336722,0.000000,1
443.300000,,,,,,,,,,,,,,28.143199,-82.349531,-9.464392,17.501198,106.481330,0.000000,1
443.400000,,,,,,,,,,,,,,28.143194,-82.349513,-9.484856,17.532279,106.625938,0.000000,1
443.500000,,,,,,,,,,,,,,28.143190,-82.349495,-9.505319,17.563359,106.770546,0.000000,1
443.600000,,,,,,,,,,,,,,28.143185,-82.349476,-9.525783,17.594440,106.915155,0.000000,1
443.700000,,,,,,,,,,,,,,28.143180,-82.349458,-9.546246,17.625520,107.059763,0.000000,1
443.800000,,,,,,,,,,,,,,28.143176,-82.349440,-9.566710,17.656601,107.204371,0.000000,1
443.900000,,,,,,,,,,,,,,28.143171,-82.349422,-9.587173,17.687681,107.348979,0.000000,1
444.000000,,,,,,,,,,,,,,28.143167,-82.349404,-9.607637,17.718762,107.493587,0.000000,1
444.100000,,,,,,,,,,,,,,28.143162,-82.349386,-9.628100,17.749842,107.638195,0.000000,1
444.200000,,,,,,,,,,,,,,28.143158,-82.349368,-9.650445,17.780620,107.779005,0.000000,1
444.300000,,,,,,,,,,,,,,28.143153,-82.349351,-9.683010,17.809752,107.899174,0.000000,1
444.400000,,,,,,,,,,,,,,28.143149,-82.349333,-9.715575,17.838884,108.019343,0.000000,1
444.500000,,,,,,,,,,,,,,28.143144,-82.349316,-9.748140,17.868017,108.139511,0.000000,1
444.600000,,,,,,,,,,,,,,28.143140,-82.349298,-9.780705,17.897149,108.259680,0.000000,1
444.700000,,,,,,,,,,,,,,28.143135,-82.349281,-9.813270,17.926281,108.379849,0.000000,1
444.800000,,,,,,,,,,,,,,28.143131,-82.349263,-9.845835,17.955413,108.500018,0.000000,1
444.900000,,,,,,,,,,,,,,28.143126,-82.349246,-9.878400,17.984546,108.620186,0.000000,1
445.000000,,,,,,,,,,,,,,28.143122,-82.349228,-9.910965,18.013678,108.740355,0.000000,1
445.100000,,,,,,,,,,,,,,28.143117,-82.349211,-9.943530,18.042810,108.860524,0.000000,1
445.200000,,,,,,,,,,,,,,28.143112,-82.349193,-9.972336,18.074744,108.970239,0.000000,1
445.300000,,,,,,,,,,,,,,28.143107,-82.349175,-9.982698,18.120425,109.028654,0.000000,1
445.400000,,,,,,,,,,,,,,28.143102,-82.349157,-9.993059,18.166105,109.087068,0.000000,1
445.500000,,,,,,,,,,,,,,28.143096,-82.349139,-10.003421,18.211786,109.145483,0.000000,1
445.600000,,,,,,,,,,,,,,28.143091,-82.349121,-10.013783,18.257467,109.203898,0.000000,1
445.700000,,,,,,,,,,,,,,28.143085,-82.349103,-10.024144,18.303148,109.262313,0.000000,1
445.800000,,,,,,,,,,,,,,28.143080,-82.349085,-10.034506,18.348829,109.320728,0.000000,1
445.900000,,,,,,,,,,,,,,28.143074,-82.349067,-10.044867,18.394510,109.379143,0.000000,1
446.000000,,,,,,,,,,,,,,28.143069,-82.349049,-10.055229,18.440190,109.437558,0.000000,1
446.100000,,,,,,,,,,,,,,28.143063,-82.349031,-10.065591,18.485871,109.495973,0.000000,1
446.200000,,,,,,,,,,,,,,28.143058,-82.349014,-10.078391,18.529282,109.555859,0.000000,1
446.300000,,,,,,,,,,,,,,28.143052,-82.348996,-10.104365,18.560429,109.623690,0.000000,1
446.400000,,,,,,,,,,,,,,28.143046,-82.348979,-10.130339,18.591576,109.691521,0.000000,1
446.500000,,,,,,,,,,,,,,28.143040,-82.348962,-10.156313,18.622723,109.759353,0.000000,1
446.600000,,,,,,,,,,,,,,28.143034,-82.348945,-10.182287,18.653870,109.827184,0.000000,1
446.700000,,,,,,,,,,,,,,28.143027,-82.348928,-10.208261,18.685017,109.895015,0.000000,1
446.800000,,,,,,,,,,,,,,28.143021,-82.348911,-10.234235,18.716164,109.962847,0.000000,1
446.900000,,,,,,,,,,,,,,28.143015,-82.348894,-10.260210,18.747311,110.030678,0.000000,1
447.000000,,,,,,,,,,,,,,28.143009,-82.348877,-10.286184,18.778458,110.098509,0.000000,1
447.100000,,,,,,,,,,,,,,28.143003,-82.348860,-10.312158,18.809605,110.166340,0.000000,1
447.200000,,,,,,,,,,,,,,28.142997,-82.348843,-10.335144,18.840707,110.236786,0.000000,1
447.300000,,,,,,,,,,,,,,28.142990,-82.348823,-10.341529,18.871561,110.321752,0.000000,1
447.400000,,,,,,,,,,,,,,28.142984,-82.348803,-10.347914,18.902414,110.406718,0.000000,1
447.500000,,,,,,,,,,,,,,28.142978,-82.348783,-10.354300,18.933268,110.491685,0.000000,1
447.600000,,,,,,,,,,,,,,28.142971,-82.348764,-10.360685,18.964122,110.576651,0.000000,1
447.700000,,,,,,,,,,,,,,28.142965,-82.348744,-10.367070,18.994975,110.661617,0.000000,1
447.800000,,,,,,,,,,,,,,28.142958,-82.348724,-10.373456,19.025829,110.746584,0.000000,1
447.900000,,,,,,,,,,,,,,28.142952,-82.348704,-10.379841,19.056682,110.831550,0.000000,1
448.000000,,,,,,,,,,,,,,28.142945,-82.348685,-10.386226,19.087536,110.916516,0.000000,1
448.100000,,,,,,,,,,,,,,28.142939,-82.348665,-10.394171,19.117577,110.995294,0.000000,1
448.200000,,,,,,,,,,,,,,28.142934,-82.348648,-10.460160,19.117374,110.843687,0.000000,1
448.300000,,,,,,,,,,,,,,28.142929,-82.348630,-10.526149,19.117171,110.692080,0.000000,1
448.400000,,,,,,,,,,,,,,28.142924,-82.348613,-10.592138,19.116967,110.540473,0.000000,1
448.500000,,,,,,,,,,,,,,28.142919,-82.348596,-10.658127,19.116764,110.388866,0.000000,1
448.600000,,,,,,,,,,,,,,28.142915,-82.348579,-10.724116,19.116561,110.237259,0.000000,1
448.700000,,,,,,,,,,,,,,28.142910,-82.348562,-10.790106,19.116358,110.085652,0.000000,1
448.800000,,,,,,,,,,,,,,28.142905,-82.348544,-10.856095,19.116155,109.934045,0.000000,1
448.900000,,,,,,,,,,,,,,28.142900,-82.348527,-10.922084,19.115951,109.782437,0.000000,1
449.000000,,,,,,,,,,,,,,28.142895,-82.348510,-10.988073,19.115748,109.630830,0.000000,1
449.100000,,,,,,,,,,,,,,28.142890,-82.348493,-11.054062,19.115545,109.479223,0.000000,1
449.200000,,,,,,,,,,,,,,28.142885,-82.348475,-11.114865,19.114024,109.346896,0.000000,1
449.300000,,,,,,,,,,,,,,28.142879,-82.348454,-11.133751,19.101851,109.370415,0.000000,1
449.400000,,,,,,,,,,,,,,28.142872,-82.348432,-11.152637,19.089678,109.393935,0.000000,1
449.500000,,,,,,,,,,,,,,28.142866,-82.348411,-11.171522,19.077506,109.417454,0.000000,1
449.600000,,,,,,,,,,,,,,28.142860,-82.348390,-11.190408,19.065333,109.440973,0.000000,1
449.700000,,,,,,,,,,,,,,28.142853,-82.348369,-11.209293,19.053160,109.464492,0.000000,1
449.800000,,,,,,,,,,,,,,28.142847,-82.348347,-11.228179,19.040987,109.488012,0.000000,1
449.900000,,,,,,,,,,,,,,28.142841,-82.348326,-11.247065,19.028815,109.511531,0.000000,1
450.000000,,,,,,,,,,,,,,28.142834,-82.348305,-11.265950,19.016642,109.535050,0.000000,1
450.100000,,,,,,,,,,,,,,28.142828,-82.348284,-11.284840,18.998418,109.559849,0.000000,1
450.200000,,,,,,,,,,,,,,28.142822,-82.348267,-11.303766,18.925042,109.596317,0.000000,1
450.300000,,,,,,,,,,,,,,28.142816,-82.348250,-11.322691,18.851667,109.632785,0.000000,1
450.400000,,,,,,,,,,,,,,28.142811,-82.348233,-11.341617,18.778291,109.669253,0.000000,1
450.500000,,,,,,,,,,,,,,28.142805,-82.348216,-11.360543,18.704916,109.705721,0.000000,1
450.600000,,,,,,,,,,,,,,28.142799,-82.348199,-11.379469,18.631540,109.742189,0.000000,1
450.700000,,,,,,,,,,,,,,28.142793,-82.348182,-11.398395,18.558165,109.778656,0.000000,1
450.800000,,,,,,,,,,,,,,28.142787,-82.348165,-11.417320,18.484789,109.815124,0.000000,1
450.900000,,,,,,,,,,,,,,28.142782,-82.348148,-11.436246,18.411414,109.851592,0.000000,1
451.000000,,,,,,,,,,,,,,28.142776,-82.348131,-11.455172,18.338038,109.888060,0.000000,1
451.100000,,,,,,,,,,,,,,28.142770,-82.348114,-11.474098,18.264663,109.924528,0.000000,1
451.200000,,,,,,,,,,,,,,28.142765,-82.348097,-11.500815,18.233790,109.964123,0.000000,1
451.300000,,,,,,,,,,,,,,28.142760,-82.348082,-11.530860,18.221066,110.005054,0.000000,1
451.400000,,,,,,,,,,,,,,28.142755,-82.348066,-11.560904,18.208342,110.045985,0.000000,1
451.500000,,,,,,,,,,,,,,28.142751,-82.348050,-11.590948,18.195618,110.086916,0.000000,1
451.600000,,,,,,,,,,,,,,28.142746,-82.348035,-11.620993,18.182894,110.127847,0.000000,1
451.700000,,,,,,,,,,,,,,28.142741,-82.348019,-11.651037,18.170170,110.168778,0.000000,1
451.800000,,,,,,,,,,,,,,28.142737,-82.348003,-11.681082,18.157446,110.209709,0.000000,1
451.900000,,,,,,,,,,,,,,28.142732,-82.347988,-11.711126,18.144722,110.250640,0.000000,1
452.000000,,,,,,,,,,,,,,28.142727,-82.347972,-11.741170,18.131998,110.291571,0.000000,1
452.100000,,,,,,,,,,,,,,28.142722,-82.347956,-11.771215,18.119274,110.332502,0.000000,1
452.200000,,,,,,,,,,,,,,28.142718,-82.347940,-11.802284,18.106747,110.362556,0.000000,1
452.300000,,,,,,,,,,,,,,28.142712,-82.347924,-11.840822,18.095659,110.313382,0.000000,1
452.400000,,,,,,,,,,,,,,28.142706,-82.347908,-11.879360,18.084570,110.264208,0.000000,1
452.500000,,,,,,,,,,,,,,28.142700,-82.347892,-11.917897,18.073482,110.215035,0.000000,1
452.600000,,,,,,,,,,,,,,28.142695,-82.347875,-11.956435,18.062393,110.165861,0.000000,1
452.700000,,,,,,,,,,,,,,28.142689,-82.347859,-11.994972,18.051305,110.116687,0.000000,1
452.800000,,,,,,,,,,,,,,28.142683,-82.347843,-12.033510,18.040217,110.067513,0.000000,1
452.900000,,,,,,,,,,,,,,28.142677,-82.347827,-12.072048,18.029128,110.018340,0.000000,1
453.000000,,,,,,,,,,,,,,28.142672,-82.347810,-12.110585,18.018040,109.969166,0.000000,1
453.100000,,,,,,,,,,,,,,28.142666,-82.347794,-12.149123,18.006951,109.919992,0.000000,1
453.200000,,,,,,,,,,,,,,28.142660,-82.347778,-12.191360,17.999156,109.897602,0.000000,1
453.300000,,,,,,,,,,,,,,28.142654,-82.347761,-12.253486,18.009062,110.019161,0.000000,1
453.400000,,,,,,,,,,,,,,28.142648,-82.347744,-12.315611,18.018967,110.140721,0.000000,1
453.500000,,,,,,,,,,,,,,28.142642,-82.347727,-12.377736,18.028872,110.262281,0.000000,1
453.600000,,,,,,,,,,,,,,28.142636,-82.347710,-12.439861,18.038777,110.383840,0.000000,1
453.700000,,,,,,,,,,,,,,28.142630,-82.347693,-12.501987,18.048682,110.505400,0.000000,1
453.800000,,,,,,,,,,,,,,28.142624,-82.347676,-12.564112,18.058588,110.626959,0.000000,1
453.900000,,,,,,,,,,,,,,28.142618,-82.347659,-12.626237,18.068493,110.748519,0.000000,1
454.000000,,,,,,,,,,,,,,28.142612,-82.347642,-12.688362,18.078398,110.870079,0.000000,1
454.100000,,,,,,,,,,,,,,28.142606,-82.347625,-12.750487,18.088303,110.991638,0.000000,1
454.200000,,,,,,,,,,,,,,28.142600,-82.347608,-12.807507,18.100168,111.082322,0.000000,1
454.300000,,,,,,,,,,,,,,28.142594,-82.347590,-12.825919,18.126848,110.939550,0.000000,1
454.400000,,,,,,,,,,,,,,28.142589,-82.347572,-12.844331,18.153528,110.796779,0.000000,1
454.500000,,,,,,,,,,,,,,28.142583,-82.347554,-12.862743,18.180207,110.654007,0.000000,1
454.600000,,,,,,,,,,,,,,28.142578,-82.347535,-12.881155,18.206887,110.511235,0.000000,1
454.700000,,,,,,,,,,,,,,28.142573,-82.347517,-12.899567,18.233567,110.368463,0.000000,1
454.800000,,,,,,,,,,,,,,28.142567,-82.347499,-12.917979,18.260246,110.225692,0.000000,1
454.900000,,,,,,,,,,,,,,28.142562,-82.347481,-12.936391,18.286926,110.082920,0.000000,1
455.000000,,,,,,,,,,,,,,28.142557,-82.347463,-12.954804,18.313606,109.940148,0.000000,1
455.100000,,,,,,,,,,,,,,28.142551,-82.347445,-12.973216,18.340286,109.797376,0.000000,1
455.200000,,,,,,,,,,,,,,28.142546,-82.347427,-12.981060,18.366321,109.681144,0.000000,1
455.300000,,,,,,,,,,,,,,28.142540,-82.347409,-12.924383,18.388419,109.726943,0.000000,1
455.400000,,,,,,,,,,,,,,28.142533,-82.347391,-12.867705,18.410517,109.772743,0.000000,1
455.500000,,,,,,,,,,,,,,28.142527,-82.347373,-12.811028,18.432615,109.818542,0.000000,1
455.600000,,,,,,,,,,,,,,28.142520,-82.347355,-12.754350,18.454714,109.864342,0.000000,1
455.700000,,,,,,,,,,,,,,28.142514,-82.347337,-12.697673,18.476812,109.910141,0.000000,1
455.800000,,,,,,,,,,,,,,28.142508,-82.347319,-12.640995,18.498910,109.955941,0.000000,1
455.900000,,,,,,,,,,,,,,28.142501,-82.347301,-12.584318,18.521008,110.001740,0.000000,1
456.000000,,,,,,,,,,,,,,28.142495,-82.347283,-12.527641,18.543106,110.047540,0.000000,1
456.100000,,,,,,,,,,,,,,28.142489,-82.347265,-12.470963,18.565205,110.093340,0.000000,1
456.200000,,,,,,,,,,,,,,28.142482,-82.347247,-12.412074,18.587984,110.133057,0.000000,1
456.300000,,,,,,,,,,,,,,28.142477,-82.347230,-12.337068,18.615732,110.128441,0.000000,1
456.400000,,,,,,,,,,,,,,28.142471,-82.347213,-12.262061,18.643479,110.123825,0.000000,1
456.500000,,,,,,,,,,,,,,28.142465,-82.347195,-12.187054,18.671226,110.119209,0.000000,1
456.600000,,,,,,,,,,,,,,28.142460,-82.347178,-12.112048,18.698974,110.114593,0.000000,1
456.700000,,,,,,,,,,,,,,28.142454,-82.347160,-12.037041,18.726721,110.109977,0.000000,1
456.800000,,,,,,,,,,,,,,28.142448,-82.347143,-11.962035,18.754469,110.105361,0.000000,1
456.900000,,,,,,,,,,,,,,28.142443,-82.347125,-11.887028,18.782216,110.100745,0.000000,1
457.000000,,,,,,,,,,,,,,28.142437,-82.347108,-11.812021,18.809963,110.096129,0.000000,1
457.100000,,,,,,,,,,,,,,28.142432,-82.347090,-11.737015,18.837711,110.091513,0.000000,1
457.200000,,,,,,,,,,,,,,28.142426,-82.347073,-11.674833,18.866650,110.067517,0.000000,1
457.300000,,,,,,,,,,,,,,28.142420,-82.347054,-11.722551,18.905806,109.877446,0.000000,1
457.400000,,,,,,,,,,,,,,28.142415,-82.347036,-11.770269,18.944961,109.687376,0.000000,1
457.500000,,,,,,,,,,,,,,28.142409,-82.347017,-11.817987,18.984117,109.497306,0.000000,1
457.600000,,,,,,,,,,,,,,28.142403,-82.346998,-11.865705,19.023273,109.307236,0.000000,1
457.700000,,,,,,,,,,,,,,28.142398,-82.346980,-11.913423,19.062428,109.117165,0.000000,1
457.800000,,,,,,,,,,,,,,28.142392,-82.346961,-11.961140,19.101584,108.927095,0.000000,1
457.900000,,,,,,,,,,,,,,28.142386,-82.346943,-12.008858,19.140739,108.737025,0.000000,1
458.000000,,,,,,,,,,,,,,28.142380,-82.346924,-12.056576,19.179895,108.546955,0.000000,1
458.100000,,,,,,,,,,,,,,28.142375,-82.346905,-12.104294,19.219050,108.356884,0.000000,1
458.200000,,,,,,,,,,,,,,28.142369,-82.346887,-12.127748,19.256918,108.172271,0.000000,1
458.300000,,,,,,,,,,,,,,28.142363,-82.346868,-12.007427,19.287153,108.019992,0.000000,1
458.400000,,,,,,,,,,,,,,28.142357,-82.346849,-11.887106,19.317389,107.867713,0.000000,1
458.500000,,,,,,,,,,,,,,28.142351,-82.346830,-11.766785,19.347624,107.715433,0.000000,1
458.600000,,,,,,,,,,,,,,28.142345,-82.346811,-11.646464,19.377860,107.563154,0.000000,1
458.700000,,,,,,,,,,,,,,28.142339,-82.346792,-11.526143,19.408095,107.410875,0.000000,1
458.800000,,,,,,,,,,,,,,28.142333,-82.346773,-11.405821,19.438331,107.258596,0.000000,1
458.900000,,,,,,,,,,,,,,28.142327,-82.346754,-11.285500,19.468566,107.106317,0.000000,1
459.000000,,,,,,,,,,,,,,28.142322,-82.346736,-11.165179,19.498802,106.954037,0.000000,1
459.100000,,,,,,,,,,,,,,28.142316,-82.346717,-11.044858,19.529037,106.801758,0.000000,1
459.200000,,,,,,,,,,,,,,28.142310,-82.346698,-10.931468,19.559740,106.637149,0.000000,1
459.300000,,,,,,,,,,,,,,28.142305,-82.346678,-10.879644,19.594590,106.363006,0.000000,1
459.400000,,,,,,,,,,,,,,28.142300,-82.346659,-10.827819,19.629440,106.088863,0.000000,1
459.500000,,,,,,,,,,,,,,28.142296,-82.346639,-10.775995,19.664291,105.814720,0.000000,1
459.600000,,,,,,,,,,,,,,28.142291,-82.346620,-10.724171,19.699141,105.540578,0.000000,1
459.700000,,,,,,,,,,,,,,28.142286,-82.346600,-10.672347,19.733992,105.266435,0.000000,1
459.800000,,,,,,,,,,,,,,28.142281,-82.346581,-10.620523,19.768842,104.992292,0.000000,1
459.900000,,,,,,,,,,,,,,28.142276,-82.346561,-10.568699,19.803692,104.718149,0.000000,1
460.000000,,,,,,,,,,,,,,28.142272,-82.346542,-10.516875,19.838543,104.444006,0.000000,1
460.100000,,,,,,,,,,,,,,28.142267,-82.346522,-10.465050,19.873393,104.169864,0.000000,1
460.200000,,,,,,,,,,,,,,28.142262,-82.346503,-10.410884,19.907820,103.907859,0.000000,1
460.300000,,,,,,,,,,,,,,28.142258,-82.346483,-10.340784,19.939367,103.728409,0.000000,1
460.400000,,,,,,,,,,,,,,28.142254,-82.346462,-10.270685,19.970913,103.548960,0.000000,1
460.500000,,,,,,,,,,,,,,28.142250,-82.346442,-10.200585,20.002460,103.369510,0.000000,1
460.600000,,,,,,,,,,,,,,28.142246,-82.346422,-10.130486,20.034006,103.190060,0.000000,1
460.700000,,,,,,,,,,,,,,28.142242,-82.346401,-10.060386,20.065553,103.010610,0.000000,1
460.800000,,,,,,,,,,,,,,28.142238,-82.346381,-9.990287,20.097100,102.831160,0.000000,1
460.900000,,,,,,,,,,,,,,28.142234,-82.346361,-9.920187,20.128646,102.651711,0.000000,1
461.000000,,,,,,,,,,,,,,28.142230,-82.346341,-9.850088,20.160193,102.472261,0.000000,1
461.100000,,,,,,,,,,,,,,28.142226,-82.346320,-9.779988,20.191739,102.292811,0.000000,1
461.200000,,,,,,,,,,,,,,28.142222,-82.346300,-9.716297,20.223359,102.124180,0.000000,1
461.300000,,,,,,,,,,,,,,28.142218,-82.346279,-9.692155,20.255434,102.022326,0.000000,1
461.400000,,,,,,,,,,,,,,28.142214,-82.346258,-9.668014,20.287508,101.920472,0.000000,1
461.500000,,,,,,,,,,,,,,28.142210,-82.346237,-9.643872,20.319583,101.818618,0.000000,1
461.600000,,,,,,,,,,,,,,28.142206,-82.346217,-9.619731,20.351658,101.716763,0.000000,1
461.700000,,,,,,,,,,,,,,28.142202,-82.346196,-9.595590,20.383732,101.614909,0.000000,1
461.800000,,,,,,,,,,,,,,28.142198,-82.346175,-9.571448,20.415807,101.513055,0.000000,1
461.900000,,,,,,,,,,,,,,28.142194,-82.346154,-9.547307,20.447881,101.411201,0.000000,1
462.000000,,,,,,,,,,,,,,28.142189,-82.346133,-9.523165,20.479956,101.309346,0.000000,1
462.100000,,,,,,,,,,,,,,28.142185,-82.346112,-9.499024,20.512030,101.207492,0.000000,1
462.200000,,,,,,,,,,,,,,28.142181,-82.346092,-9.476459,20.545319,101.099477,0.000000,1
462.300000,,,,,,,,,,,,,,28.142178,-82.346070,-9.464803,20.587011,100.948830,0.000000,1
462.400000,,,,,,,,,,,,,,28.142175,-82.346049,-9.453148,20.628702,100.798183,0.000000,1
462.500000,,,,,,,,,,,,,,28.142172,-82.346028,-9.441492,20.670394,100.647536,0.000000,1
462.600000,,,,,,,,,,,,,,28.142169,-82.346007,-9.429836,20.712085,100.496889,0.000000,1
462.700000,,,,,,,,,,,,,,28.142165,-82.345985,-9.418180,20.753777,100.346242,0.000000,1
462.800000,,,,,,,,,,,,,,28.142162,-82.345964,-9.406525,20.795469,100.195595,0.000000,1
462.900000,,,,,,,,,,,,,,28.142159,-82.345943,-9.394869,20.837160,100.044948,0.000000,1
463.000000,,,,,,,,,,,,,,28.142156,-82.345922,-9.383213,20.878852,99.894301,0.000000,1
463.100000,,,,,,,,,,,,,,28.142153,-82.345900,-9.371557,20.920543,99.743655,0.000000,1
463.200000,,,,,,,,,,,,,,28.142150,-82.345879,-9.363301,20.954441,99.583082,0.000000,1
463.300000,,,,,,,,,,,,,,28.142147,-82.345858,-9.380143,20.930786,99.349221,0.000000,1
463.400000,,,,,,,,,,,,,,28.142144,-82.345837,-9.396986,20.907132,99.115360,0.000000,1
463.500000,,,,,,,,,,,,,,28.142142,-82.345816,-9.413828,20.883478,98.881499,0.000000,1
463.600000,,,,,,,,,,,,,,28.142139,-82.345795,-9.430670,20.859824,98.647638,0.000000,1
463.700000,,,,,,,,,,,,,,28.142137,-82.345774,-9.447513,20.836169,98.413777,0.000000,1
463.800000,,,,,,,,,,,,,,28.142134,-82.345752,-9.464355,20.812515,98.179916,0.000000,1
463.900000,,,,,,,,,,,,,,28.142131,-82.345731,-9.481197,20.788861,97.946055,0.000000,1
464.000000,,,,,,,,,,,,,,28.142129,-82.345710,-9.498040,20.765207,97.712195,0.000000,1
464.100000,,,,,,,,,,,,,,28.142126,-82.345689,-9.514882,20.741553,97.478334,0.000000,1
464.200000,,,,,,,,,,,,,,28.142124,-82.345668,-9.527657,20.717896,97.236372,0.000000,1
464.300000,,,,,,,,,,,,,,28.142122,-82.345647,-9.503438,20.694219,96.920740,0.000000,1
464.400000,,,,,,,,,,,,,,28.142121,-82.345626,-9.479219,20.670541,96.605107,0.000000,1
464.500000,,,,,,,,,,,,,,28.142119,-82.345605,-9.455000,20.646864,96.289474,0.000000,1
464.600000,,,,,,,,,,,,,,28.142117,-82.345584,-9.430781,20.623186,95.973841,0.000000,1
464.700000,,,,,,,,,,,,,,28.142116,-82.345564,-9.406563,20.599509,95.658208,0.000000,1
464.800000,,,,,,,,,,,,,,28.142114,-82.345543,-9.382344,20.575831,95.342575,0.000000,1
464.900000,,,,,,,,,,,,,,28.142113,-82.345522,-9.358125,20.552154,95.026943,0.000000,1
465.000000,,,,,,,,,,,,,,28.142111,-82.345501,-9.333906,20.528476,94.711310,0.000000,1
465.100000,,,,,,,,,,,,,,28.142110,-82.345480,-9.309687,20.504799,94.395677,0.000000,1
465.200000,,,,,,,,,,,,,,28.142108,-82.345459,-9.290490,20.482603,94.095169,0.000000,1
465.300000,,,,,,,,,,,,,,28.142107,-82.345438,-9.324166,20.476006,93.953907,0.000000,1
465.400000,,,,,,,,,,,,,,28.142105,-82.345418,-9.357841,20.469409,93.812644,0.000000,1
465.500000,,,,,,,,,,,,,,28.142104,-82.345397,-9.391517,20.462811,93.671382,0.000000,1
465.600000,,,,,,,,,,,,,,28.142102,-82.345376,-9.425193,20.456214,93.530120,0.000000,1
465.700000,,,,,,,,,,,,,,28.142101,-82.345355,-9.458868,20.449617,93.388858,0.000000,1
465.800000,,,,,,,,,,,,,,28.142099,-82.345335,-9.492544,20.443020,93.247596,0.000000,1
465.900000,,,,,,,,,,,,,,28.142098,-82.345314,-9.526220,20.436423,93.106333,0.000000,1
466.000000,,,,,,,,,,,,,,28.142096,-82.345293,-9.559895,20.429826,92.965071,0.000000,1
466.100000,,,,,,,,,,,,,,28.142095,-82.345272,-9.593571,20.423228,92.823809,0.000000,1
466.200000,,,,,,,,,,,,,,28.142094,-82.345252,-9.619002,20.418596,92.687915,0.000000,1
466.300000,,,,,,,,,,,,,,28.142093,-82.345231,-9.568630,20.432030,92.601379,0.000000,1
466.400000,,,,,,,,,,,,,,28.142092,-82.345210,-9.518257,20.445463,92.514843,0.000000,1
466.500000,,,,,,,,,,,,,,28.142091,-82.345189,-9.467885,20.458897,92.428307,0.000000,1
466.600000,,,,,,,,,,,,,,28.142090,-82.345168,-9.417512,20.472330,92.341771,0.000000,1
466.700000,,,,,,,,,,,,,,28.142089,-82.345147,-9.367139,20.485764,92.255235,0.000000,1
466.800000,,,,,,,,,,,,,,28.142088,-82.345126,-9.316767,20.499197,92.168699,0.000000,1
466.900000,,,,,,,,,,,,,,28.142087,-82.345105,-9.266394,20.512631,92.082163,0.000000,1
467.000000,,,,,,,,,,,,,,28.142086,-82.345084,-9.216022,20.526064,91.995627,0.000000,1
467.100000,,,,,,,,,,,,,,28.142085,-82.345063,-9.165649,20.539498,91.909091,0.000000,1
467.200000,,,,,,,,,,,,,,28.142084,-82.345042,-9.120608,20.553677,91.824597,0.000000,1
467.300000,,,,,,,,,,,,,,28.142083,-82.345021,-9.152719,20.578642,91.769650,0.000000,1
467.400000,,,,,,,,,,,,,,28.142083,-82.344999,-9.184831,20.603608,91.714703,0.000000,1
467.500000,,,,,,,,,,,,,,28.142082,-82.344978,-9.216943,20.628573,91.659756,0.000000,1
467.600000,,,,,,,,,,,,,,28.142082,-82.344957,-9.249055,20.653539,91.604809,0.000000,1
467.700000,,,,,,,,,,,,,,28.142081,-82.344936,-9.281167,20.678504,91.549862,0.000000,1
467.800000,,,,,,,,,,,,,,28.142081,-82.344914,-9.313279,20.703470,91.494915,0.000000,1
467.900000,,,,,,,,,,,,,,28.142080,-82.344893,-9.345391,20.728435,91.439968,0.000000,1
468.000000,,,,,,,,,,,,,,28.142080,-82.344872,-9.377502,20.753401,91.385021,0.000000,1
468.100000,,,,,,,,,,,,,,28.142079,-82.344850,-9.409614,20.778367,91.330075,0.000000,1
468.200000,,,,,,,,,,,,,,28.142079,-82.344829,-9.436184,20.804029,91.261642,0.000000,1
468.300000,,,,,,,,,,,,,,28.142079,-82.344809,-9.441056,20.832418,91.140418,0.000000,1
468.400000,,,,,,,,,,,,,,28.142080,-82.344788,-9.445928,20.860807,91.019194,0.000000,1
468.500000,,,,,,,,,,,,,,28.142081,-82.344768,-9.450800,20.889197,90.897970,0.000000,1
468.600000,,,,,,,,,,,,,,28.142081,-82.344747,-9.455672,20.917586,90.776746,0.000000,1
468.700000,,,,,,,,,,,,,,28.142082,-82.344727,-9.460545,20.945975,90.655522,0.000000,1
468.800000,,,,,,,,,,,,,,28.142083,-82.344707,-9.465417,20.974364,90.534298,0.000000,1
468.900000,,,,,,,,,,,,,,28.142083,-82.344686,-9.470289,21.002754,90.413074,0.000000,1
469.000000,,,,,,,,,,,,,,28.142084,-82.344666,-9.475161,21.031143,90.291850,0.000000,1
469.100000,,,,,,,,,,,,,,28.142085,-82.344645,-9.480034,21.059532,90.170626,0.000000,1
469.200000,,,,,,,,,,,,,,28.142085,-82.344624,-9.489946,21.083500,90.056586,0.000000,1
469.300000,,,,,,,,,,,,,,28.142087,-82.344603,-9.530850,21.080279,89.986712,0.000000,1
469.400000,,,,,,,,,,,,,,28.142088,-82.344581,-9.571753,21.077059,89.916838,0.000000,1
469.500000,,,,,,,,,,,,,,28.142090,-82.344560,-9.612656,21.073838,89.846964,0.000000,1
469.600000,,,,,,,,,,,,,,28.142091,-82.344538,-9.653560,21.070618,89.777090,0.000000,1
469.700000,,,,,,,,,,,,,,28.142092,-82.344517,-9.694463,21.067397,89.707216,0.000000,1
469.800000,,,,,,,,,,,,,,28.142094,-82.344495,-9.735366,21.064177,89.637343,0.000000,1
469.900000,,,,,,,,,,,,,,28.142095,-82.344474,-9.776270,21.060957,89.567469,0.000000,1
470.000000,,,,,,,,,,,,,,28.142096,-82.344452,-9.817173,21.057736,89.497595,0.000000,1
470.100000,,,,,,,,,,,,,,28.142098,-82.344431,-9.858076,21.054516,89.427721,0.000000,1
470.200000,,,,,,,,,,,,,,28.142099,-82.344409,-9.894599,21.049912,89.363044,0.000000,1
470.300000,,,,,,,,,,,,,,28.142099,-82.344388,-9.886353,21.031171,89.351479,0.000000,1
470.400000,,,,,,,,,,,,,,28.142099,-82.344367,-9.878107,21.012429,89.339915,0.000000,1
470.500000,,,,,,,,,,,,,,28.142100,-82.344346,-9.869861,20.993688,89.328350,0.000000,1
470.600000,,,,,,,,,,,,,,28.142100,-82.344325,-9.861615,20.974947,89.316785,0.000000,1
470.700000,,,,,,,,,,,,,,28.142100,-82.344304,-9.853369,20.956206,89.305221,0.000000,1
470.800000,,,,,,,,,,,,,,28.142100,-82.344283,-9.845123,20.937464,89.293656,0.000000,1
470.900000,,,,,,,,,,,,,,28.142100,-82.344262,-9.836876,20.918723,89.282091,0.000000,1
471.000000,,,,,,,,,,,,,,28.142101,-82.344240,-9.828630,20.899982,89.270526,0.000000,1
471.100000,,,,,,,,,,,,,,28.142101,-82.344219,-9.820384,20.881241,89.258962,0.000000,1
471.200000,,,,,,,,,,,,,,28.142101,-82.344198,-9.811744,20.863975,89.253861,0.000000,1
471.300000,,,,,,,,,,,,,,28.142100,-82.344176,-9.799445,20.860434,89.308871,0.000000,1
471.400000,,,,,,,,,,,,,,28.142100,-82.344154,-9.787145,20.856893,89.363881,0.000000,1
471.500000,,,,,,,,,,,,,,28.142099,-82.344132,-9.774845,20.853352,89.418890,0.000000,1
471.600000,,,,,,,,,,,,,,28.142098,-82.344110,-9.762545,20.849810,89.473900,0.000000,1
471.700000,,,,,,,,,,,,,,28.142098,-82.344088,-9.750245,20.846269,89.528910,0.000000,1
471.800000,,,,,,,,,,,,,,28.142097,-82.344065,-9.737945,20.842728,89.583920,0.000000,1
471.900000,,,,,,,,,,,,,,28.142096,-82.344043,-9.725646,20.839187,89.638930,0.000000,1
472.000000,,,,,,,,,,,,,,28.142096,-82.344021,-9.713346,20.835646,89.693940,0.000000,1
472.100000,,,,,,,,,,,,,,28.142095,-82.343999,-9.701046,20.832105,89.748949,0.000000,1
472.200000,,,,,,,,,,,,,,28.142095,-82.343977,-9.693087,20.823141,89.804953,0.000000,1
472.300000,,,,,,,,,,,,,,28.142095,-82.343957,-9.715657,20.776043,89.867946,0.000000,1
472.400000,,,,,,,,,,,,,,28.142094,-82.343937,-9.738228,20.728944,89.930940,0.000000,1
472.500000,,,,,,,,,,,,,,28.142094,-82.343918,-9.760799,20.681846,89.993933,0.000000,1
472.600000,,,,,,,,,,,,,,28.142094,-82.343898,-9.783369,20.634747,90.056926,0.000000,1
472.700000,,,,,,,,,,,,,,28.142094,-82.343878,-9.805940,20.587649,90.119920,0.000000,1
472.800000,,,,,,,,,,,,,,28.142094,-82.343858,-9.828510,20.540550,90.182913,0.000000,1
472.900000,,,,,,,,,,,,,,28.142094,-82.343838,-9.851081,20.493452,90.245906,0.000000,1
473.000000,,,,,,,,,,,,,,28.142094,-82.343818,-9.873652,20.446353,90.308900,0.000000,1
473.100000,,,,,,,,,,,,,,28.142094,-82.343798,-9.896222,20.399254,90.371893,0.000000,1
473.200000,,,,,,,,,,,,,,28.142094,-82.343778,-9.916246,20.354710,90.418638,0.000000,1
473.300000,,,,,,,,,,,,,,28.142094,-82.343757,-9.912380,20.334120,90.312965,0.000000,1
473.400000,,,,,,,,,,,,,,28.142094,-82.343737,-9.908514,20.313531,90.207293,0.000000,1
473.500000,,,,,,,,,,,,,,28.142094,-82.343716,-9.904648,20.292941,90.101620,0.000000,1
473.600000,,,,,,,,,,,,,,28.142094,-82.343695,-9.900783,20.272352,89.995948,0.000000,1
473.700000,,,,,,,,,,,,,,28.142094,-82.343674,-9.896917,20.251762,89.890276,0.000000,1
473.800000,,,,,,,,,,,,,,28.142094,-82.343653,-9.893051,20.231173,89.784603,0.000000,1
473.900000,,,,,,,,,,,,,,28.142094,-82.343633,-9.889185,20.210583,89.678931,0.000000,1
474.000000,,,,,,,,,,,,,,28.142094,-82.343612,-9.885319,20.189993,89.573259,0.000000,1
474.100000,,,,,,,,,,,,,,28.142094,-82.343591,-9.881453,20.169404,89.467586,0.000000,1
474.200000,,,,,,,,,,,,,,28.142094,-82.343570,-9.879034,20.151035,89.383424,0.000000,1
474.300000,,,,,,,,,,,,,,28.142094,-82.343549,-9.885775,20.146726,89.435450,0.000000,1
474.400000,,,,,,,,,,,,,,28.142094,-82.343529,-9.892515,20.142418,89.487476,0.000000,1
474.500000,,,,,,,,,,,,,,28.142094,-82.343508,-9.899256,20.138109,89.539503,0.000000,1
474.600000,,,,,,,,,,,,,,28.142095,-82.343487,-9.905996,20.133800,89.591529,0.000000,1
474.700000,,,,,,,,,,,,,,28.142095,-82.343466,-9.912737,20.129492,89.643555,0.000000,1
474.800000,,,,,,,,,,,,,,28.142095,-82.343445,-9.919477,20.125183,89.695582,0.000000,1
474.900000,,,,,,,,,,,,,,28.142095,-82.343424,-9.926218,20.120874,89.747608,0.000000,1
475.000000,,,,,,,,,,,,,,28.142096,-82.343403,-9.932958,20.116566,89.799634,0.000000,1
475.100000,,,,,,,,,,,,,,28.142096,-82.343383,-9.939699,20.112257,89.851661,0.000000,1
475.200000,,,,,,,,,,,,,,28.142096,-82.343362,-9.951816,20.108000,89.890238,0.000000,1
475.300000,,,,,,,,,,,,,,28.142096,-82.343342,-10.002725,20.104117,89.831777,0.000000,1
475.400000,,,,,,,,,,,,,,28.142096,-82.343322,-10.053634,20.100235,89.773316,0.000000,1
475.500000,,,,,,,,,,,,,,28.142096,-82.343302,-10.104544,20.096352,89.714854,0.000000,1
475.600000,,,,,,,,,,,,,,28.142095,-82.343282,-10.155453,20.092469,89.656393,0.000000,1
475.700000,,,,,,,,,,,,,,28.142095,-82.343262,-10.206363,20.088586,89.597932,0.000000,1
475.800000,,,,,,,,,,,,,,28.142095,-82.343242,-10.257272,20.084703,89.539471,0.000000,1
475.900000,,,,,,,,,,,,,,28.142095,-82.343222,-10.308182,20.080821,89.481010,0.000000,1
476.000000,,,,,,,,,,,,,,28.142095,-82.343202,-10.359091,20.076938,89.422549,0.000000,1
476.100000,,,,,,,,,,,,,,28.142095,-82.343182,-10.410000,20.073055,89.364087,0.000000,1
476.200000,,,,,,,,,,,,,,28.142095,-82.343162,-10.461205,20.073267,89.318284,0.000000,1
476.300000,,,,,,,,,,,,,,28.142095,-82.343142,-10.514491,20.102348,89.361709,0.000000,1
476.400000,,,,,,,,,,,,,,28.142095,-82.343121,-10.567776,20.131429,89.405133,0.000000,1
476.500000,,,,,,,,,,,,,,28.142095,-82.343101,-10.621062,20.160510,89.448558,0.000000,1
476.600000,,,,,,,,,,,,,,28.142095,-82.343081,-10.674347,20.189590,89.491983,0.000000,1
476.700000,,,,,,,,,,,,,,28.142095,-82.343061,-10.727633,20.218671,89.535407,0.000000,1
476.800000,,,,,,,,,,,,,,28.142095,-82.343040,-10.780918,20.247752,89.578832,0.000000,1
476.900000,,,,,,,,,,,,,,28.142095,-82.343020,-10.834204,20.276832,89.622256,0.000000,1
477.000000,,,,,,,,,,,,,,28.142095,-82.343000,-10.887490,20.305913,89.665681,0.000000,1
477.100000,,,,,,,,,,,,,,28.142095,-82.342979,-10.940775,20.334994,89.709106,0.000000,1
477.200000,,,,,,,,,,,,,,28.142095,-82.342959,-10.989370,20.363910,89.749214,0.000000,1
477.300000,,,,,,,,,,,,,,28.142095,-82.342938,-10.929852,20.389021,89.712872,0.000000,1
477.400000,,,,,,,,,,,,,,28.142096,-82.342917,-10.870333,20.414132,89.676531,0.000000,1
477.500000,,,,,,,,,,,,,,28.142096,-82.342896,-10.810815,20.439243,89.640189,0.000000,1
477.600000,,,,,,,,,,,,,,28.142096,-82.342875,-10.751296,20.464353,89.603848,0.000000,1
477.700000,,,,,,,,,,,,,,28.142097,-82.342854,-10.691778,20.489464,89.567506,0.000000,1
477.800000,,,,,,,,,,,,,,28.142097,-82.342833,-10.632259,20.514575,89.531165,0.000000,1
477.900000,,,,,,,,,,,,,,28.142097,-82.342812,-10.572741,20.539686,89.494824,0.000000,1
478.000000,,,,,,,,,,,,,,28.142098,-82.342791,-10.513222,20.564797,89.458482,0.000000,1
478.100000,,,,,,,,,,,,,,28.142098,-82.342770,-10.453704,20.589908,89.422141,0.000000,1
478.200000,,,,,,,,,,,,,,28.142098,-82.342748,-10.410435,20.618224,89.382522,0.000000,1
478.300000,,,,,,,,,,,,,,28.142099,-82.342727,-10.472519,20.667318,89.321654,0.000000,1
478.400000,,,,,,,,,,,,,,28.142099,-82.342705,-10.534603,20.716411,89.260786,0.000000,1
478.500000,,,,,,,,,,,,,,28.142099,-82.342684,-10.596688,20.765505,89.199918,0.000000,1
478.600000,,,,,,,,,,,,,,28.142100,-82.342662,-10.658772,20.814598,89.139050,0.000000,1
478.700000,,,,,,,,,,,,,,28.142100,-82.342641,-10.720856,20.863692,89.078182,0.000000,1
478.800000,,,,,,,,,,,,,,28.142101,-82.342619,-10.782940,20.912785,89.017314,0.000000,1
478.900000,,,,,,,,,,,,,,28.142101,-82.342598,-10.845025,20.961879,88.956446,0.000000,1
479.000000,,,,,,,,,,,,,,28.142101,-82.342576,-10.907109,21.010972,88.895578,0.000000,1
479.100000,,,,,,,,,,,,,,28.142102,-82.342555,-10.969193,21.060066,88.834711,0.000000,1
479.200000,,,,,,,,,,,,,,28.142102,-82.342533,-11.030110,21.108057,88.774276,0.000000,1
479.300000,,,,,,,,,,,,,,28.142103,-82.342511,-11.077801,21.143558,88.718754,0.000000,1
479.400000,,,,,,,,,,,,,,28.142104,-82.342490,-11.125492,21.179058,88.663231,0.000000,1
479.500000,,,,,,,,,,,,,,28.142105,-82.342468,-11.173182,21.214558,88.607709,0.000000,1
479.600000,,,,,,,,,,,,,,28.142106,-82.342446,-11.220873,21.250058,88.552186,0.000000,1
479.700000,,,,,,,,,,,,,,28.142107,-82.342425,-11.268564,21.285558,88.496664,0.000000,1
479.800000,,,,,,,,,,,,,,28.142108,-82.342403,-11.316254,21.321059,88.441141,0.000000,1
479.900000,,,,,,,,,,,,,,28.142109,-82.342381,-11.363945,21.356559,88.385619,0.000000,1
480.000000,,,,,,,,,,,,,,28.142110,-82.342359,-11.411636,21.392059,88.330096,0.000000,1
480.100000,,,,,,,,,,,,,,28.142111,-82.342338,-11.459326,21.427559,88.274574,0.000000,1
480.200000,,,,,,,,,,,,,,28.142112,-82.342316,-11.501388,21.463823,88.220846,0.000000,1
480.300000,,,,,,,,,,,,,,28.142113,-82.342294,-11.476896,21.509108,88.188337,0.000000,1
480.400000,,,,,,,,,,,,,,28.142114,-82.342272,-11.452405,21.554393,88.155827,0.000000,1
480.500000,,,,,,,,,,,,,,28.142115,-82.342249,-11.427914,21.599679,88.123318,0.000000,1
480.600000,,,,,,,,,,,,,,28.142115,-82.342227,-11.403422,21.644964,88.090809,0.000000,1
480.700000,,,,,,,,,,,,,,28.142116,-82.342205,-11.378931,21.690249,88.058300,0.000000,1
480.800000,,,,,,,,,,,,,,28.142117,-82.342183,-11.354440,21.735535,88.025791,0.000000,1
480.900000,,,,,,,,,,,,,,28.142118,-82.342161,-11.329948,21.780820,87.993282,0.000000,1
481.000000,,,,,,,,,,,,,,28.142119,-82.342139,-11.305457,21.826106,87.960772,0.000000,1
481.100000,,,,,,,,,,,,,,28.142119,-82.342117,-11.280966,21.871391,87.928263,0.000000,1
481.200000,,,,,,,,,,,,,,28.142120,-82.342095,-11.256695,21.917330,87.890911,0.000000,1
481.300000,,,,,,,,,,,,,,28.142121,-82.342072,-11.235446,21.972233,87.787181,0.000000,1
481.400000,,,,,,,,,,,,,,28.142123,-82.342049,-11.214197,22.027135,87.683451,0.000000,1
481.500000,,,,,,,,,,,,,,28.142124,-82.342026,-11.192948,22.082038,87.579721,0.000000,1
481.600000,,,,,,,,,,,,,,28.142125,-82.342003,-11.171700,22.136940,87.475991,0.000000,1
481.700000,,,,,,,,,,,,,,28.142126,-82.341980,-11.150451,22.191843,87.372261,0.000000,1
481.800000,,,,,,,,,,,,,,28.142127,-82.341957,-11.129202,22.246745,87.268531,0.000000,1
481.900000,,,,,,,,,,,,,,28.142128,-82.341934,-11.107953,22.301648,87.164801,0.000000,1
482.000000,,,,,,,,,,,,,,28.142129,-82.341910,-11.086704,22.356550,87.061070,0.000000,1
482.100000,,,,,,,,,,,,,,28.142130,-82.341887,-11.065456,22.411452,86.957340,0.000000,1
482.200000,,,,,,,,,,,,,,28.142131,-82.341865,-11.033276,22.464909,86.857434,0.000000,1
482.300000,,,,,,,,,,,,,,28.142131,-82.341842,-10.920940,22.507758,86.785568,0.000000,1
482.400000,,,,,,,,,,,,,,28.142130,-82.341819,-10.808603,22.550607,86.713702,0.000000,1
482.500000,,,,,,,,,,,,,,28.142130,-82.341797,-10.696267,22.593456,86.641836,0.000000,1
482.600000,,,,,,,,,,,,,,28.142129,-82.341774,-10.583931,22.636305,86.569970,0.000000,1
482.700000,,,,,,,,,,,,,,28.142129,-82.341752,-10.471594,22.679155,86.498103,0.000000,1
482.800000,,,,,,,,,,,,,,28.142128,-82.341729,-10.359258,22.722004,86.426237,0.000000,1
482.900000,,,,,,,,,,,,,,28.142128,-82.341706,-10.246922,22.764853,86.354371,0.000000,1
483.000000,,,,,,,,,,,,,,28.142127,-82.341684,-10.134586,22.807702,86.282505,0.000000,1
483.100000,,,,,,,,,,,,,,28.142126,-82.341661,-10.022249,22.850551,86.210639,0.000000,1
483.200000,,,,,,,,,,,,,,28.142126,-82.341638,-9.922621,22.892671,86.145369,0.000000,1
483.300000,,,,,,,,,,,,,,28.142127,-82.341615,-9.968258,22.926453,86.155505,0.000000,1
483.400000,,,,,,,,,,,,,,28.142128,-82.341592,-10.013895,22.960235,86.165640,0.000000,1
483.500000,,,,,,,,,,,,,,28.142129,-82.341568,-10.059531,22.994016,86.175775,0.000000,1
483.600000,,,,,,,,,,,,,,28.142131,-82.341545,-10.105168,23.027798,86.185910,0.000000,1
483.700000,,,,,,,,,,,,,,28.142132,-82.341522,-10.150805,23.061580,86.196045,0.000000,1
483.800000,,,,,,,,,,,,,,28.142133,-82.341498,-10.196442,23.095361,86.206180,0.000000,1
483.900000,,,,,,,,,,,,,,28.142134,-82.341475,-10.242078,23.129143,86.216315,0.000000,1
484.000000,,,,,,,,,,,,,,28.142135,-82.341451,-10.287715,23.162925,86.226450,0.000000,1
484.100000,,,,,,,,,,,,,,28.142136,-82.341428,-10.333352,23.196706,86.236585,0.000000,1
484.200000,,,,,,,,,,,,,,28.142138,-82.341405,-10.375654,23.231017,86.241088,0.000000,1
484.300000,,,,,,,,,,,,,,28.142140,-82.341380,-10.399999,23.268176,86.215268,0.000000,1
484.400000,,,,,,,,,,,,,,28.142143,-82.341356,-10.424344,23.305335,86.189447,0.000000,1
484.500000,,,,,,,,,,,,,,28.142145,-82.341332,-10.448689,23.342494,86.163626,0.000000,1
484.600000,,,,,,,,,,,,,,28.142148,-82.341307,-10.473034,23.379653,86.137805,0.000000,1
484.700000,,,,,,,,,,,,,,28.142151,-82.341283,-10.497379,23.416812,86.111985,0.000000,1
484.800000,,,,,,,,,,,,,,28.142153,-82.341259,-10.521724,23.453971,86.086164,0.000000,1
484.900000,,,,,,,,,,,,,,28.142156,-82.341235,-10.546070,23.491130,86.060343,0.000000,1
485.000000,,,,,,,,,,,,,,28.142158,-82.341210,-10.570415,23.528289,86.034522,0.000000,1
485.100000,,,,,,,,,,,,,,28.142161,-82.341186,-10.594760,23.565448,86.008702,0.000000,1
485.200000,,,,,,,,,,,,,,28.142163,-82.341162,-10.611599,23.602706,85.980398,0.000000,1
485.300000,,,,,,,,,,,,,,28.142164,-82.341138,-10.582894,23.640568,85.937028,0.000000,1
485.400000,,,,,,,,,,,,,,28.142165,-82.341114,-10.554188,23.678429,85.893657,0.000000,1
485.500000,,,,,,,,,,,,,,28.142166,-82.341090,-10.525482,23.716291,85.850287,0.000000,1
485.600000,,,,,,,,,,,,,,28.142167,-82.341066,-10.496777,23.754152,85.806917,0.000000,1
485.700000,,,,,,,,,,,,,,28.142168,-82.341043,-10.468071,23.792014,85.763546,0.000000,1
485.800000,,,,,,,,,,,,,,28.142169,-82.341019,-10.439366,23.829876,85.720176,0.000000,1
485.900000,,,,,,,,,,,,,,28.142170,-82.340995,-10.410660,23.867737,85.676806,0.000000,1
486.000000,,,,,,,,,,,,,,28.142171,-82.340971,-10.381954,23.905599,85.633435,0.000000,1
486.100000,,,,,,,,,,,,,,28.142172,-82.340947,-10.353249,23.943460,85.590065,0.000000,1
486.200000,,,,,,,,,,,,,,28.142173,-82.340923,-10.327729,23.980807,85.557183,0.000000,1
486.300000,,,,,,,,,,,,,,28.142175,-82.340899,-10.342178,24.011686,85.655899,0.000000,1
486.400000,,,,,,,,,,,,,,28.142176,-82.340874,-10.356628,24.042566,85.754615,0.000000,1
486.500000,,,,,,,,,,,,,,28.142178,-82.340850,-10.371077,24.073445,85.853330,0.000000,1
486.600000,,,,,,,,,,,,,,28.142179,-82.340825,-10.385527,24.104325,85.952046,0.000000,1
486.700000,,,,,,,,,,,,,,28.142181,-82.340801,-10.399977,24.135204,86.050762,0.000000,1
486.800000,,,,,,,,,,,,,,28.142182,-82.340776,-10.414426,24.166084,86.149477,0.000000,1
486.900000,,,,,,,,,,,,,,28.142184,-82.340752,-10.428876,24.196963,86.248193,0.000000,1
487.000000,,,,,,,,,,,,,,28.142185,-82.340727,-10.443325,24.227843,86.346909,0.000000,1
487.100000,,,,,,,,,,,,,,28.142187,-82.340703,-10.457775,24.258722,86.445624,0.000000,1
487.200000,,,,,,,,,,,,,,28.142189,-82.340678,-10.470682,24.289101,86.549666,0.000000,1
487.300000,,,,,,,,,,,,,,28.142190,-82.340654,-10.464483,24.313285,86.719658,0.000000,1
487.400000,,,,,,,,,,,,,,28.142191,-82.340629,-10.458285,24.337469,86.889650,0.000000,1
487.500000,,,,,,,,,,,,,,28.142192,-82.340604,-10.452087,24.361653,87.059642,0.000000,1
487.600000,,,,,,,,,,,,,,28.142194,-82.340579,-10.445889,24.385837,87.229634,0.000000,1
487.700000,,,,,,,,,,,,,,28.142195,-82.340554,-10.439690,24.410020,87.399626,0.000000,1
487.800000,,,,,,,,,,,,,,28.142196,-82.340529,-10.433492,24.434204,87.569619,0.000000,1
487.900000,,,,,,,,,,,,,,28.142198,-82.340504,-10.427294,24.458388,87.739611,0.000000,1
488.000000,,,,,,,,,,,,,,28.142199,-82.340479,-10.421095,24.482572,87.909603,0.000000,1
488.100000,,,,,,,,,,,,,,28.142200,-82.340454,-10.414897,24.506756,88.079595,0.000000,1
488.200000,,,,,,,,,,,,,,28.142201,-82.340429,-10.414401,24.531281,88.246805,0.000000,1
488.300000,,,,,,,,,,,,,,28.142201,-82.340404,-10.452472,24.558117,88.395198,0.000000,1
488.400000,,,,,,,,,,,,,,28.142201,-82.340379,-10.490542,24.584953,88.543590,0.000000,1
488.500000,,,,,,,,,,,,,,28.142200,-82.340354,-10.528613,24.611788,88.691983,0.000000,1
488.600000,,,,,,,,,,,,,,28.142200,-82.340329,-10.566684,24.638624,88.840375,0.000000,1
488.700000,,,,,,,,,,,,,,28.142199,-82.340304,-10.604755,24.665460,88.988768,0.000000,1
488.800000,,,,,,,,,,,,,,28.142199,-82.340279,-10.642826,24.692296,89.137160,0.000000,1
488.900000,,,,,,,,,,,,,,28.142198,-82.340254,-10.680896,24.719132,89.285552,0.000000,1
489.000000,,,,,,,,,,,,,,28.142198,-82.340229,-10.718967,24.745967,89.433945,0.000000,1
489.100000,,,,,,,,,,,,,,28.142198,-82.340204,-10.757038,24.772803,89.582337,0.000000,1
489.200000,,,,,,,,,,,,,,28.142197,-82.340179,-10.793065,24.798631,89.729290,0.000000,1
489.300000,,,,,,,,,,,,,,28.142197,-82.340154,-10.794126,24.807213,89.851609,0.000000,1
489.400000,,,,,,,,,,,,,,28.142197,-82.340129,-10.795188,24.815796,89.973929,0.000000,1
489.500000,,,,,,,,,,,,,,28.142197,-82.340105,-10.796249,24.824378,90.096248,0.000000,1
489.600000,,,,,,,,,,,,,,28.142197,-82.340080,-10.797311,24.832961,90.218568,0.000000,1
489.700000,,,,,,,,,,,,,,28.142197,-82.340055,-10.798373,24.841543,90.340887,0.000000,1
489.800000,,,,,,,,,,,,,,28.142197,-82.340030,-10.799434,24.850125,90.463207,0.000000,1
489.900000,,,,,,,,,,,,,,28.142198,-82.340005,-10.800496,24.858708,90.585526,0.000000,1
490.000000,,,,,,,,,,,,,,28.142198,-82.339981,-10.801558,24.867290,90.707846,0.000000,1
490.100000,,,,,,,,,,,,,,28.142198,-82.339956,-10.802619,24.875873,90.830165,0.000000,1
490.200000,,,,,,,,,,,,,,28.142198,-82.339931,-10.804814,24.883941,90.954487,0.000000,1
490.300000,,,,,,,,,,,,,,28.142196,-82.339906,-10.822363,24.885034,91.105942,0.000000,1
490.400000,,,,,,,,,,,,,,28.142195,-82.339882,-10.839912,24.886128,91.257397,0.000000,1
490.500000,,,,,,,,,,,,,,28.142194,-82.339857,-10.857461,24.887222,91.408852,0.000000,1
490.600000,,,,,,,,,,,,,,28.142193,-82.339832,-10.875010,24.888316,91.560306,0.000000,1
490.700000,,,,,,,,,,,,,,28.142192,-82.339807,-10.892559,24.889409,91.711761,0.000000,1
490.800000,,,,,,,,,,,,,,28.142191,-82.339783,-10.910109,24.890503,91.863216,0.000000,1
490.900000,,,,,,,,,,,,,,28.142190,-82.339758,-10.927658,24.891597,92.014671,0.000000,1
491.000000,,,,,,,,,,,,,,28.142189,-82.339733,-10.945207,24.892691,92.166126,0.000000,1
491.100000,,,,,,,,,,,,,,28.142188,-82.339708,-10.962756,24.893785,92.317580,0.000000,1
491.200000,,,,,,,,,,,,,,28.142187,-82.339684,-10.984709,24.893894,92.465173,0.000000,1
491.300000,,,,,,,,,,,,,,28.142186,-82.339658,-11.052791,24.883693,92.572326,0.000000,1
491.400000,,,,,,,,,,,,,,28.142185,-82.339633,-11.120872,24.873493,92.679478,0.000000,1
491.500000,,,,,,,,,,,,,,28.142183,-82.339608,-11.188954,24.863293,92.786630,0.000000,1
491.600000,,,,,,,,,,,,,,28.142182,-82.339583,-11.257035,24.853092,92.893783,0.000000,1
491.700000,,,,,,,,,,,,,,28.142181,-82.339557,-11.325117,24.842892,93.000935,0.000000,1
491.800000,,,,,,,,,,,,,,28.142179,-82.339532,-11.393198,24.832691,93.108087,0.000000,1
491.900000,,,,,,,,,,,,,,28.142178,-82.339507,-11.461280,24.822491,93.215240,0.000000,1
492.000000,,,,,,,,,,,,,,28.142177,-82.339482,-11.529361,24.812291,93.322392,0.000000,1
492.100000,,,,,,,,,,,,,,28.142175,-82.339457,-11.597443,24.802090,93.429544,0.000000,1
492.200000,,,,,,,,,,,,,,28.142174,-82.339431,-11.662969,24.790659,93.544706,0.000000,1
492.300000,,,,,,,,,,,,,,28.142172,-82.339406,-11.711492,24.771034,93.713158,0.000000,1
492.400000,,,,,,,,,,,,,,28.142170,-82.339381,-11.760015,24.751410,93.881611,0.000000,1
492.500000,,,,,,,,,,,,,,28.142169,-82.339356,-11.808539,24.731786,94.050064,0.000000,1
492.600000,,,,,,,,,,,,,,28.142167,-82.339331,-11.857062,24.712161,94.218517,0.000000,1
492.700000,,,,,,,,,,,,,,28.142165,-82.339305,-11.905585,24.692537,94.386969,0.000000,1
492.800000,,,,,,,,,,,,,,28.142163,-82.339280,-11.954108,24.672913,94.555422,0.000000,1
492.900000,,,,,,,,,,,,,,28.142161,-82.339255,-12.002631,24.653289,94.723875,0.000000,1
493.000000,,,,,,,,,,,,,,28.142160,-82.339230,-12.051155,24.633664,94.892328,0.000000,1
493.100000,,,,,,,,,,,,,,28.142158,-82.339205,-12.099678,24.614040,95.060780,0.000000,1
493.200000,,,,,,,,,,,,,,28.142156,-82.339180,-12.141835,24.594782,95.223814,0.000000,1
493.300000,,,,,,,,,,,,,,28.142154,-82.339154,-12.099497,24.580380,95.314920,0.000000,1
493.400000,,,,,,,,,,,,,,28.142152,-82.339129,-12.057160,24.565978,95.406026,0.000000,1
493.500000,,,,,,,,,,,,,,28.142149,-82.339104,-12.014823,24.551576,95.497133,0.000000,1
493.600000,,,,,,,,,,,,,,28.142147,-82.339078,-11.972486,24.537175,95.588239,0.000000,1
493.700000,,,,,,,,,,,,,,28.142145,-82.339053,-11.930148,24.522773,95.679346,0.000000,1
493.800000,,,,,,,,,,,,,,28.142143,-82.339028,-11.887811,24.508371,95.770452,0.000000,1
493.900000,,,,,,,,,,,,,,28.142140,-82.339002,-11.845474,24.493969,95.861558,0.000000,1
494.000000,,,,,,,,,,,,,,28.142138,-82.338977,-11.803136,24.479568,95.952665,0.000000,1
494.100000,,,,,,,,,,,,,,28.142136,-82.338951,-11.760799,24.465166,96.043771,0.000000,1
494.200000,,,,,,,,,,,,,,28.142134,-82.338926,-11.720977,24.452379,96.129926,0.000000,1
494.300000,,,,,,,,,,,,,,28.142132,-82.338902,-11.700472,24.451995,96.178054,0.000000,1
494.400000,,,,,,,,,,,,,,28.142130,-82.338878,-11.679966,24.451611,96.226182,0.000000,1
494.500000,,,,,,,,,,,,,,28.142128,-82.338853,-11.659461,24.451227,96.274310,0.000000,1
494.600000,,,,,,,,,,,,,,28.142126,-82.338829,-11.638956,24.450843,96.322438,0.000000,1
494.700000,,,,,,,,,,,,,,28.142124,-82.338805,-11.618451,24.450460,96.370566,0.000000,1
494.800000,,,,,,,,,,,,,,28.142122,-82.338780,-11.597946,24.450076,96.418694,0.000000,1
494.900000,,,,,,,,,,,,,,28.142120,-82.338756,-11.577440,24.449692,96.466822,0.000000,1
495.000000,,,,,,,,,,,,,,28.142118,-82.338732,-11.556935,24.449308,96.514950,0.000000,1
495.100000,,,,,,,,,,,,,,28.142116,-82.338707,-11.536430,24.448924,96.563078,0.000000,1
495.200000,,,,,,,,,,,,,,28.142114,-82.338683,-11.515719,24.446865,96.605547,0.000000,1
495.300000,,,,,,,,,,,,,,28.142112,-82.338658,-11.493461,24.432221,96.605495,0.000000,1
495.400000,,,,,,,,,,,,,,28.142109,-82.338633,-11.471204,24.417576,96.605444,0.000000,1
495.500000,,,,,,,,,,,,,,28.142106,-82.338608,-11.448947,24.402931,96.605393,0.000000,1
495.600000,,,,,,,,,,,,,,28.142104,-82.338583,-11.426689,24.388287,96.605342,0.000000,1
495.700000,,,,,,,,,,,,,,28.142101,-82.338558,-11.404432,24.373642,96.605291,0.000000,1
495.800000,,,,,,,,,,,,,,28.142098,-82.338533,-11.382175,24.358997,96.605240,0.000000,1
495.900000,,,,,,,,,,,,,,28.142096,-82.338507,-11.359917,24.344353,96.605189,0.000000,1
496.000000,,,,,,,,,,,,,,28.142093,-82.338482,-11.337660,24.329708,96.605137,0.000000,1
496.100000,,,,,,,,,,,,,,28.142091,-82.338457,-11.315402,24.315063,96.605086,0.000000,1
496.200000,,,,,,,,,,,,,,28.142088,-82.338432,-11.298138,24.297086,96.593919,0.000000,1
496.300000,,,,,,,,,,,,,,28.142086,-82.338409,-11.315235,24.256175,96.506253,0.000000,1
496.400000,,,,,,,,,,,,,,28.142083,-82.338385,-11.332332,24.215265,96.418587,0.000000,1
496.500000,,,,,,,,,,,,,,28.142081,-82.338361,-11.349429,24.174354,96.330920,0.000000,1
496.600000,,,,,,,,,,,,,,28.142078,-82.338337,-11.366526,24.133444,96.243254,0.000000,1
496.700000,,,,,,,,,,,,,,28.142076,-82.338313,-11.383623,24.092533,96.155588,0.000000,1
496.800000,,,,,,,,,,,,,,28.142073,-82.338289,-11.400720,24.051623,96.067922,0.000000,1
496.900000,,,,,,,,,,,,,,28.142071,-82.338265,-11.417817,24.010712,95.980256,0.000000,1
497.000000,,,,,,,,,,,,,,28.142068,-82.338241,-11.434914,23.969802,95.892590,0.000000,1
497.100000,,,,,,,,,,,,,,28.142066,-82.338217,-11.452011,23.928891,95.804924,0.000000,1
497.200000,,,,,,,,,,,,,,28.142063,-82.338194,-11.469331,23.890515,95.720590,0.000000,1
497.300000,,,,,,,,,,,,,,28.142061,-82.338169,-11.489410,23.883493,95.677472,0.000000,1
497.400000,,,,,,,,,,,,,,28.142058,-82.338145,-11.509489,23.876470,95.634354,0.000000,1
497.500000,,,,,,,,,,,,,,28.142056,-82.338120,-11.529568,23.869448,95.591236,0.000000,1
497.600000,,,,,,,,,,,,,,28.142053,-82.338096,-11.549647,23.862425,95.548117,0.000000,1
497.700000,,,,,,,,,,,,,,28.142050,-82.338072,-11.569727,23.855403,95.504999,0.000000,1
497.800000,,,,,,,,,,,,,,28.142048,-82.338047,-11.589806,23.848380,95.461881,0.000000,1
497.900000,,,,,,,,,,,,,,28.142045,-82.338023,-11.609885,23.841358,95.418763,0.000000,1
498.000000,,,,,,,,,,,,,,28.142043,-82.337998,-11.629964,23.834335,95.375645,0.000000,1
498.100000,,,,,,,,,,,,,,28.142040,-82.337974,-11.650043,23.827313,95.332526,0.000000,1
498.200000,,,,,,,,,,,,,,28.142038,-82.337950,-11.670662,23.820421,95.287036,0.000000,1
498.300000,,,,,,,,,,,,,,28.142036,-82.337925,-11.698613,23.815307,95.209339,0.000000,1
498.400000,,,,,,,,,,,,,,28.142034,-82.337901,-11.726564,23.810193,95.131641,0.000000,1
498.500000,,,,,,,,,,,,,,28.142032,-82.337876,-11.754515,23.805079,95.053944,0.000000,1
498.600000,,,,,,,,,,,,,,28.142030,-82.337852,-11.782465,23.799964,94.976247,0.000000,1
498.700000,,,,,,,,,,,,,,28.142029,-82.337827,-11.810416,23.794850,94.898549,0.000000,1
498.800000,,,,,,,,,,,,,,28.142027,-82.337803,-11.838367,23.789736,94.820852,0.000000,1
498.900000,,,,,,,,,,,,,,28.142025,-82.337778,-11.866317,23.784622,94.743155,0.000000,1
499.000000,,,,,,,,,,,,,,28.142023,-82.337754,-11.894268,23.779507,94.665457,0.000000,1
499.100000,,,,,,,,,,,,,,28.142021,-82.337729,-11.922219,23.774393,94.587760,0.000000,1
499.200000,,,,,,,,,,,,,,28.142019,-82.337705,-11.946595,23.769879,94.514264,0.000000,1
499.300000,,,,,,,,,,,,,,28.142017,-82.337680,-11.938823,23.770762,94.478551,0.000000,1
499.400000,,,,,,,,,,,,,,28.142016,-82.337656,-11.931051,23.771645,94.442838,0.000000,1
499.500000,,,,,,,,,,,,,,28.142014,-82.337631,-11.923280,23.772527,94.407125,0.000000,1
499.600000,,,,,,,,,,,,,,28.142012,-82.337607,-11.915508,23.773410,94.371411,0.000000,1
499.700000,,,,,,,,,,,,,,28.142010,-82.337583,-11.907736,23.774293,94.335698,0.000000,1
499.800000,,,,,,,,,,,,,,28.142008,-82.337558,-11.899965,23.775176,94.299985,0.000000,1
499.900000,,,,,,,,,,,,,,28.142007,-82.337534,-11.892193,23.776058,94.264272,0.000000,1
500.000000,,,,,,,,,,,,,,28.142005,-82.337509,-11.884422,23.776941,94.228559,0.000000,1
500.100000,,,,,,,,,,,,,,28.142003,-82.337485,-11.876650,23.777824,94.192846,0.000000,1
500.200000,,,,,,,,,,,,,,28.142001,-82.337460,-11.868031,23.778592,94.150695,0.000000,1
500.300000,,,,,,,,,,,,,,28.142000,-82.337433,-11.854367,23.778674,94.070222,0.000000,1
500.400000,,,,,,,,,,,,,,28.141999,-82.337405,-11.840703,23.778757,93.989750,0.000000,1
500.500000,,,,,,,,,,,,,,28.141998,-82.337378,-11.827039,23.778840,93.909277,0.000000,1
500.600000,,,,,,,,,,,,,,28.141997,-82.337351,-11.813375,23.778922,93.828805,0.000000,1
500.700000,,,,,,,,,,,,,,28.141995,-82.337323,-11.799711,23.779005,93.748332,0.000000,1
500.800000,,,,,,,,,,,,,,28.141994,-82.337296,-11.786047,23.779088,93.667860,0.000000,1
500.900000,,,,,,,,,,,,,,28.141993,-82.337269,-11.772383,23.779170,93.587387,0.000000,1
501.000000,,,,,,,,,,,,,,28.141992,-82.337241,-11.758719,23.779253,93.506914,0.000000,1
501.100000,,,,,,,,,,,,,,28.141991,-82.337215,-11.747765,23.779782,93.431034,0.000000,1
501.200000,,,,,,,,,,,,,,28.141989,-82.337190,-11.752890,23.782963,93.382401,0.000000,1
501.300000,,,,,,,,,,,,,,28.141987,-82.337166,-11.758015,23.786143,93.333767,0.000000,1
501.400000,,,,,,,,,,,,,,28.141986,-82.337142,-11.763140,23.789323,93.285133,0.000000,1
501.500000,,,,,,,,,,,,,,28.141984,-82.337117,-11.768265,23.792504,93.236499,0.000000,1
501.600000,,,,,,,,,,,,,,28.141982,-82.337093,-11.773390,23.795684,93.187865,0.000000,1
501.700000,,,,,,,,,,,,,,28.141980,-82.337069,-11.778515,23.798864,93.139231,0.000000,1
501.800000,,,,,,,,,,,,,,28.141979,-82.337045,-11.783640,23.802045,93.090598,0.000000,1
501.900000,,,,,,,,,,,,,,28.141977,-82.337020,-11.788765,23.805225,93.041964,0.000000,1
502.000000,,,,,,,,,,,,,,28.141975,-82.336996,-11.793890,23.808406,92.993330,0.000000,1
502.100000,,,,,,,,,,,,,,28.141973,-82.336972,-11.801019,23.811863,92.943569,0.000000,1
502.200000,,,,,,,,,,,,,,28.141972,-82.336947,-11.838660,23.819545,92.876641,0.000000,1
502.300000,,,,,,,,,,,,,,28.141971,-82.336923,-11.876300,23.827227,92.809714,0.000000,1
502.400000,,,,,,,,,,,,,,28.141970,-82.336898,-11.913941,23.834909,92.742786,0.000000,1
502.500000,,,,,,,,,,,,,,28.141969,-82.336874,-11.951582,23.842590,92.675858,0.000000,1
502.600000,,,,,,,,,,,,,,28.141968,-82.336849,-11.989223,23.850272,92.608931,0.000000,1
502.700000,,,,,,,,,,,,,,28.141967,-82.336825,-12.026863,23.857954,92.542003,0.000000,1
502.800000,,,,,,,,,,,,,,28.141966,-82.336800,-12.064504,23.865636,92.475076,0.000000,1
502.900000,,,,,,,,,,,,,,28.141965,-82.336776,-12.102145,23.873318,92.408148,0.000000,1
503.000000,,,,,,,,,,,,,,28.141964,-82.336751,-12.139786,23.880999,92.341220,0.000000,1
503.100000,,,,,,,,,,,,,,28.141963,-82.336727,-12.173141,23.886726,92.271461,0.000000,1
503.200000,,,,,,,,,,,,,,28.141962,-82.336702,-12.177062,23.879022,92.182254,0.000000,1
503.300000,,,,,,,,,,,,,,28.141962,-82.336678,-12.180984,23.871318,92.093047,0.000000,1
503.400000,,,,,,,,,,,,,,28.141961,-82.336653,-12.184905,23.863614,92.003839,0.000000,1
503.500000,,,,,,,,,,,,,,28.141960,-82.336629,-12.188826,23.855911,91.914632,0.000000,1
503.600000,,,,,,,,,,,,,,28.141960,-82.336605,-12.192747,23.848207,91.825425,0.000000,1
503.700000,,,,,,,,,,,,,,28.141959,-82.336580,-12.196669,23.840503,91.736217,0.000000,1
503.800000,,,,,,,,,,,,,,28.141959,-82.336556,-12.200590,23.832799,91.647010,0.000000,1
503.900000,,,,,,,,,,,,,,28.141958,-82.336531,-12.204511,23.825095,91.557803,0.000000,1
504.000000,,,,,,,,,,,,,,28.141957,-82.336507,-12.208433,23.817392,91.468595,0.000000,1
504.100000,,,,,,,,,,,,,,28.141957,-82.336482,-12.211804,23.811000,91.386218,0.000000,1
504.200000,,,,,,,,,,,,,,28.141956,-82.336458,-12.211649,23.813013,91.347595,0.000000,1
504.300000,,,,,,,,,,,,,,28.141955,-82.336434,-12.211495,23.815027,91.308971,0.000000,1
504.400000,,,,,,,,,,,,,,28.141954,-82.336410,-12.211340,23.817040,91.270347,0.000000,1
504.500000,,,,,,,,,,,,,,28.141953,-82.336386,-12.211186,23.819054,91.231724,0.000000,1
504.600000,,,,,,,,,,,,,,28.141952,-82.336361,-12.211031,23.821067,91.193100,0.000000,1
504.700000,,,,,,,,,,,,,,28.141951,-82.336337,-12.210877,23.823081,91.154476,0.000000,1
504.800000,,,,,,,,,,,,,,28.141951,-82.336313,-12.210722,23.825095,91.115853,0.000000,1
504.900000,,,,,,,,,,,,,,28.141950,-82.336289,-12.210568,23.827108,91.077229,0.000000,1
505.000000,,,,,,,,,,,,,,28.141949,-82.336265,-12.210413,23.829122,91.038605,0.000000,1
505.100000,,,,,,,,,,,,,,28.141948,-82.336240,-12.212500,23.830876,91.001188,0.000000,1
505.200000,,,,,,,,,,,,,,28.141947,-82.336216,-12.238895,23.829821,90.976848,0.000000,1
505.300000,,,,,,,,,,,,,,28.141947,-82.336192,-12.265290,23.828766,90.952509,0.000000,1
505.400000,,,,,,,,,,,,,,28.141946,-82.336168,-12.291684,23.827711,90.928170,0.000000,1
505.500000,,,,,,,,,,,,,,28.141946,-82.336143,-12.318079,23.826656,90.903831,0.000000,1
505.600000,,,,,,,,,,,,,,28.141945,-82.336119,-12.344474,23.825601,90.879492,0.000000,1
505.700000,,,,,,,,,,,,,,28.141945,-82.336095,-12.370869,23.824547,90.855153,0.000000,1
505.800000,,,,,,,,,,,,,,28.141944,-82.336070,-12.397263,23.823492,90.830814,0.000000,1
505.900000,,,,,,,,,,,,,,28.141944,-82.336046,-12.423658,23.822437,90.806475,0.000000,1
506.000000,,,,,,,,,,,,,,28.141943,-82.336022,-12.450053,23.821382,90.782136,0.000000,1
506.100000,,,,,,,,,,,,,,28.141943,-82.335998,-12.478103,23.816847,90.752557,0.000000,1
506.200000,,,,,,,,,,,,,,28.141942,-82.335974,-12.516471,23.790626,90.690324,0.000000,1
506.300000,,,,,,,,,,,,,,28.141941,-82.335950,-12.554839,23.764405,90.628090,0.000000,1
506.400000,,,,,,,,,,,,,,28.141941,-82.335926,-12.593207,23.738184,90.565856,0.000000,1
506.500000,,,,,,,,,,,,,,28.141940,-82.335902,-12.631575,23.711963,90.503622,0.000000,1
506.600000,,,,,,,,,,,,,,28.141939,-82.335878,-12.669942,23.685742,90.441388,0.000000,1
506.700000,,,,,,,,,,,,,,28.141939,-82.335854,-12.708310,23.659521,90.379154,0.000000,1
506.800000,,,,,,,,,,,,,,28.141938,-82.335830,-12.746678,23.633300,90.316921,0.000000,1
506.900000,,,,,,,,,,,,,,28.141937,-82.335806,-12.785046,23.607078,90.254687,0.000000,1
507.000000,,,,,,,,,,,,,,28.141937,-82.335782,-12.823414,23.580857,90.192453,0.000000,1
507.100000,,,,,,,,,,,,,,28.141936,-82.335758,-12.861714,23.553720,90.139682,0.000000,1
507.200000,,,,,,,,,,,,,,28.141936,-82.335734,-12.899473,23.519301,90.162091,0.000000,1
507.300000,,,,,,,,,,,,,,28.141935,-82.335711,-12.937233,23.484882,90.184501,0.000000,1
507.400000,,,,,,,,,,,,,,28.141935,-82.335687,-12.974992,23.450463,90.206910,0.000000,1
507.500000,,,,,,,,,,,,,,28.141935,-82.335663,-13.012752,23.416044,90.229320,0.000000,1
507.600000,,,,,,,,,,,,,,28.141934,-82.335640,-13.050512,23.381625,90.251729,0.000000,1
507.700000,,,,,,,,,,,,,,28.141934,-82.335616,-13.088271,23.347206,90.274139,0.000000,1
507.800000,,,,,,,,,,,,,,28.141933,-82.335593,-13.126031,23.312787,90.296548,0.000000,1
507.900000,,,,,,,,,,,,,,28.141933,-82.335569,-13.163790,23.278368,90.318958,0.000000,1
508.000000,,,,,,,,,,,,,,28.141933,-82.335545,-13.201550,23.243949,90.341367,0.000000,1
508.100000,,,,,,,,,,,,,,28.141932,-82.335522,-13.229991,23.209243,90.358898,0.000000,1
508.200000,,,,,,,,,,,,,,28.141932,-82.335499,-13.181389,23.172163,90.336095,0.000000,1
508.300000,,,,,,,,,,,,,,28.141932,-82.335475,-13.132787,23.135084,90.313291,0.000000,1
508.400000,,,,,,,,,,,,,,28.141933,-82.335452,-13.084184,23.098005,90.290487,0.000000,1
508.500000,,,,,,,,,,,,,,28.141933,-82.335429,-13.035582,23.060925,90.267683,0.000000,1
508.600000,,,,,,,,,,,,,,28.141933,-82.335405,-12.986979,23.023846,90.244880,0.000000,1
508.700000,,,,,,,,,,,,,,28.141933,-82.335382,-12.938377,22.986766,90.222076,0.000000,1
508.800000,,,,,,,,,,,,,,28.141933,-82.335359,-12.889774,22.949687,90.199272,0.000000,1
508.900000,,,,,,,,,,,,,,28.141933,-82.335336,-12.841172,22.912607,90.176469,0.000000,1
509.000000,,,,,,,,,,,,,,28.141933,-82.335312,-12.792570,22.875528,90.153665,0.000000,1
509.100000,,,,,,,,,,,,,,28.141933,-82.335289,-12.744012,22.841949,90.133613,0.000000,1
509.200000,,,,,,,,,,,,,,28.141934,-82.335266,-12.695735,22.830097,90.130642,0.000000,1
509.300000,,,,,,,,,,,,,,28.141934,-82.335243,-12.647457,22.818244,90.127671,0.000000,1
509.400000,,,,,,,,,,,,,,28.141934,-82.335220,-12.599180,22.806392,90.124700,0.000000,1
509.500000,,,,,,,,,,,,,,28.141935,-82.335196,-12.550902,22.794539,90.121729,0.000000,1
509.600000,,,,,,,,,,,,,,28.141935,-82.335173,-12.502625,22.782687,90.118758,0.000000,1
509.700000,,,,,,,,,,,,,,28.141936,-82.335150,-12.454347,22.770835,90.115787,0.000000,1
509.800000,,,,,,,,,,,,,,28.141936,-82.335127,-12.406070,22.758982,90.112816,0.000000,1
509.900000,,,,,,,,,,,,,,28.141937,-82.335104,-12.357792,22.747130,90.109844,0.000000,1
510.000000,,,,,,,,,,,,,,28.141937,-82.335081,-12.309515,22.735278,90.106873,0.000000,1
510.100000,,,,,,,,,,,,,,28.141937,-82.335058,-12.265450,22.722146,90.100889,0.000000,1
510.200000,,,,,,,,,,,,,,28.141938,-82.335035,-12.267927,22.694875,90.061612,0.000000,1
510.300000,,,,,,,,,,,,,,28.141938,-82.335012,-12.270404,22.667604,90.022336,0.000000,1
510.400000,,,,,,,,,,,,,,28.141939,-82.334989,-12.272882,22.640332,89.983059,0.000000,1
510.500000,,,,,,,,,,,,,,28.141939,-82.334966,-12.275359,22.613061,89.943783,0.000000,1
510.600000,,,,,,,,,,,,,,28.141940,-82.334943,-12.277836,22.585790,89.904506,0.000000,1
510.700000,,,,,,,,,,,,,,28.141940,-82.334920,-12.280313,22.558519,89.865230,0.000000,1
510.800000,,,,,,,,,,,,,,28.141941,-82.334898,-12.282790,22.531248,89.825953,0.000000,1
510.900000,,,,,,,,,,,,,,28.141941,-82.334875,-12.285268,22.503977,89.786676,0.000000,1
511.000000,,,,,,,,,,,,,,28.141942,-82.334852,-12.287745,22.476706,89.747400,0.000000,1
511.100000,,,,,,,,,,,,,,28.141942,-82.334829,-12.281262,22.447941,89.717833,0.000000,1
511.200000,,,,,,,,,,,,,,28.141943,-82.334809,-12.212974,22.408865,89.755241,0.000000,1
511.300000,,,,,,,,,,,,,,28.141943,-82.334789,-12.144686,22.369789,89.792648,0.000000,1
511.400000,,,,,,,,,,,,,,28.141944,-82.334768,-12.076399,22.330714,89.830056,0.000000,1
511.500000,,,,,,,,,,,,,,28.141944,-82.334748,-12.008111,22.291638,89.867463,0.000000,1
511.600000,,,,,,,,,,,,,,28.141945,-82.334727,-11.939824,22.252563,89.904870,0.000000,1
511.700000,,,,,,,,,,,,,,28.141945,-82.334707,-11.871536,22.213487,89.942278,0.000000,1
511.800000,,,,,,,,,,,,,,28.141946,-82.334686,-11.803248,22.174411,89.979685,0.000000,1
511.900000,,,,,,,,,,,,,,28.141946,-82.334666,-11.734961,22.135336,90.017093,0.000000,1
512.000000,,,,,,,,,,,,,,28.141947,-82.334646,-11.666673,22.096260,90.054500,0.000000,1
512.100000,,,,,,,,,,,,,,28.141948,-82.334625,-11.598386,22.057185,90.091908,0.000000,1
512.200000,,,,,,,,,,,,,,28.141948,-82.334605,-11.539999,22.018179,90.121894,0.000000,1
512.300000,,,,,,,,,,,,,,28.141948,-82.334582,-11.548093,21.979641,90.102050,0.000000,1
512.400000,,,,,,,,,,,,,,28.141949,-82.334560,-11.556187,21.941102,90.082206,0.000000,1
512.500000,,,,,,,,,,,,,,28.141949,-82.334538,-11.564280,21.902564,90.062362,0.000000,1
512.600000,,,,,,,,,,,,,,28.141949,-82.334516,-11.572374,21.864026,90.042519,0.000000,1
512.700000,,,,,,,,,,,,,,28.141950,-82.334494,-11.580468,21.825488,90.022675,0.000000,1
512.800000,,,,,,,,,,,,,,28.141950,-82.334472,-11.588562,21.786950,90.002831,0.000000,1
512.900000,,,,,,,,,,,,,,28.141950,-82.334450,-11.596655,21.748412,89.982987,0.000000,1
513.000000,,,,,,,,,,,,,,28.141951,-82.334428,-11.604749,21.709874,89.963144,0.000000,1
513.100000,,,,,,,,,,,,,,28.141951,-82.334405,-11.612843,21.671336,89.943300,0.000000,1
513.200000,,,,,,,,,,,,,,28.141951,-82.334383,-11.622899,21.631963,89.926715,0.000000,1
513.300000,,,,,,,,,,,,,,28.141951,-82.334362,-11.649436,21.585580,89.937502,0.000000,1
513.400000,,,,,,,,,,,,,,28.141951,-82.334340,-11.675973,21.539197,89.948289,0.000000,1
513.500000,,,,,,,,,,,,,,28.141951,-82.334318,-11.702510,21.492814,89.959075,0.000000,1
513.600000,,,,,,,,,,,,,,28.141951,-82.334297,-11.729046,21.446432,89.969862,0.000000,1
513.700000,,,,,,,,,,,,,,28.141951,-82.334275,-11.755583,21.400049,89.980649,0.000000,1
513.800000,,,,,,,,,,,,,,28.141951,-82.334253,-11.782120,21.353666,89.991435,0.000000,1
513.900000,,,,,,,,,,,,,,28.141951,-82.334232,-11.808657,21.307283,90.002222,0.000000,1
514.000000,,,,,,,,,,,,,,28.141951,-82.334210,-11.835194,21.260900,90.013009,0.000000,1
514.100000,,,,,,,,,,,,,,28.141951,-82.334188,-11.861731,21.214518,90.023795,0.000000,1
514.200000,,,,,,,,,,,,,,28.141952,-82.334167,-11.883687,21.169412,90.030908,0.000000,1
514.300000,,,,,,,,,,,,,,28.141952,-82.334145,-11.878433,21.131889,90.016195,0.000000,1
514.400000,,,,,,,,,,,,,,28.141952,-82.334124,-11.873178,21.094366,90.001483,0.000000,1
514.500000,,,,,,,,,,,,,,28.141952,-82.334102,-11.867924,21.056843,89.986770,0.000000,1
514.600000,,,,,,,,,,,,,,28.141952,-82.334081,-11.862669,21.019320,89.972057,0.000000,1
514.700000,,,,,,,,,,,,,,28.141952,-82.334059,-11.857415,20.981798,89.957345,0.000000,1
514.800000,,,,,,,,,,,,,,28.141952,-82.334038,-11.852161,20.944275,89.942632,0.000000,1
514.900000,,,,,,,,,,,,,,28.141952,-82.334016,-11.846906,20.906752,89.927920,0.000000,1
515.000000,,,,,,,,,,,,,,28.141952,-82.333995,-11.841652,20.869229,89.913207,0.000000,1
515.100000,,,,,,,,,,,,,,28.141952,-82.333973,-11.836397,20.831707,89.898495,0.000000,1
515.200000,,,,,,,,,,,,,,28.141952,-82.333952,-11.838234,20.792427,89.883064,0.000000,1
515.300000,,,,,,,,,,,,,,28.141952,-82.333931,-11.897502,20.738922,89.861819,0.000000,1
515.400000,,,,,,,,,,,,,,28.141952,-82.333910,-11.956770,20.685417,89.840574,0.000000,1
515.500000,,,,,,,,,,,,,,28.141953,-82.333888,-12.016038,20.631912,89.819329,0.000000,1
515.600000,,,,,,,,,,,,,,28.141953,-82.333867,-12.075306,20.578407,89.798084,0.000000,1
515.700000,,,,,,,,,,,,,,28.141953,-82.333846,-12.134574,20.524901,89.776838,0.000000,1
515.800000,,,,,,,,,,,,,,28.141953,-82.333825,-12.193842,20.471396,89.755593,0.000000,1
515.900000,,,,,,,,,,,,,,28.141953,-82.333804,-12.253110,20.417891,89.734348,0.000000,1
516.000000,,,,,,,,,,,,,,28.141953,-82.333782,-12.312379,20.364386,89.713103,0.000000,1
516.100000,,,,,,,,,,,,,,28.141953,-82.333761,-12.371647,20.310881,89.691858,0.000000,1
516.200000,,,,,,,,,,,,,,28.141953,-82.333740,-12.416924,20.259285,89.683447,0.000000,1
516.300000,,,,,,,,,,,,,,28.141953,-82.333720,-12.382414,20.218583,89.748227,0.000000,1
516.400000,,,,,,,,,,,,,,28.141954,-82.333699,-12.347903,20.177880,89.813006,0.000000,1
516.500000,,,,,,,,,,,,,,28.141954,-82.333679,-12.313393,20.137178,89.877786,0.000000,1
516.600000,,,,,,,,,,,,,,28.141954,-82.333659,-12.278883,20.096475,89.942565,0.000000,1
516.700000,,,,,,,,,,,,,,28.141955,-82.333638,-12.244373,20.055773,90.007345,0.000000,1
516.800000,,,,,,,,,,,,,,28.141955,-82.333618,-12.209863,20.015070,90.072125,0.000000,1
516.900000,,,,,,,,,,,,,,28.141956,-82.333598,-12.175353,19.974368,90.136904,0.000000,1
517.000000,,,,,,,,,,,,,,28.141956,-82.333578,-12.140842,19.933665,90.201684,0.000000,1
517.100000,,,,,,,,,,,,,,28.141956,-82.333557,-12.106332,19.892962,90.266464,0.000000,1
517.200000,,,,,,,,,,,,,,28.141957,-82.333537,-12.075543,19.853770,90.322628,0.000000,1
517.300000,,,,,,,,,,,,,,28.141957,-82.333517,-12.075763,19.827167,90.307000,0.000000,1
517.400000,,,,,,,,,,,,,,28.141957,-82.333498,-12.075984,19.800564,90.291371,0.000000,1
517.500000,,,,,,,,,,,,,,28.141956,-82.333478,-12.076204,19.773961,90.275742,0.000000,1
517.600000,,,,,,,,,,,,,,28.141956,-82.333458,-12.076424,19.747358,90.260114,0.000000,1
517.700000,,,,,,,,,,,,,,28.141956,-82.333439,-12.076644,19.720755,90.244485,0.000000,1
517.800000,,,,,,,,,,,,,,28.141956,-82.333419,-12.076865,19.694152,90.228857,0.000000,1
517.900000,,,,,,,,,,,,,,28.141956,-82.333399,-12.077085,19.667549,90.213228,0.000000,1
518.000000,,,,,,,,,,,,,,28.141956,-82.333380,-12.077305,19.640946,90.197599,0.000000,1
518.100000,,,,,,,,,,,,,,28.141956,-82.333360,-12.077526,19.614343,90.181971,0.000000,1
518.200000,,,,,,,,,,,,,,28.141956,-82.333340,-12.080670,19.589384,90.172212,0.000000,1
518.300000,,,,,,,,,,,,,,28.141956,-82.333320,-12.103143,19.575286,90.201251,0.000000,1
518.400000,,,,,,,,,,,,,,28.141956,-82.333301,-12.125617,19.561189,90.230290,0.000000,1
518.500000,,,,,,,,,,,,,,28.141956,-82.333281,-12.148090,19.547092,90.259329,0.000000,1
518.600000,,,,,,,,,,,,,,28.141956,-82.333261,-12.170564,19.532994,90.288368,0.000000,1
518.700000,,,,,,,,,,,,,,28.141956,-82.333241,-12.193037,19.518897,90.317407,0.000000,1
518.800000,,,,,,,,,,,,,,28.141955,-82.333221,-12.215511,19.504800,90.346447,0.000000,1
518.900000,,,,,,,,,,,,,,28.141955,-82.333202,-12.237984,19.490703,90.375486,0.000000,1
519.000000,,,,,,,,,,,,,,28.141955,-82.333182,-12.260458,19.476605,90.404525,0.000000,1
519.100000,,,,,,,,,,,,,,28.141955,-82.333162,-12.282931,19.462508,90.433564,0.000000,1
519.200000,,,,,,,,,,,,,,28.141955,-82.333142,-12.303481,19.447567,90.462186,0.000000,1
519.300000,,,,,,,,,,,,,,28.141956,-82.333121,-12.297499,19.420991,90.485057,0.000000,1
519.400000,,,,,,,,,,,,,,28.141956,-82.333099,-12.291516,19.394416,90.507929,0.000000,1
519.500000,,,,,,,,,,,,,,28.141957,-82.333078,-12.285534,19.367840,90.530800,0.000000,1
519.600000,,,,,,,,,,,,,,28.141957,-82.333057,-12.279551,19.341264,90.553672,0.000000,1
519.700000,,,,,,,,,,,,,,28.141958,-82.333035,-12.273569,19.314688,90.576543,0.000000,1
519.800000,,,,,,,,,,,,,,28.141958,-82.333014,-12.267587,19.288113,90.599414,0.000000,1
519.900000,,,,,,,,,,,,,,28.141959,-82.332992,-12.261604,19.261537,90.622286,0.000000,1
520.000000,,,,,,,,,,,,,,28.141959,-82.332971,-12.255622,19.234961,90.645157,0.000000,1
520.100000,,,,,,,,,,,,,,28.141959,-82.332950,-12.252663,19.208419,90.667097,0.000000,1
520.200000,,,,,,,,,,,,,,28.141959,-82.332930,-12.281035,19.182225,90.679382,0.000000,1
520.300000,,,,,,,,,,,,,,28.141959,-82.332911,-12.309408,19.156031,90.691668,0.000000,1
520.400000,,,,,,,,,,,,,,28.141959,-82.332891,-12.337781,19.129837,90.703953,0.000000,1
520.500000,,,,,,,,,,,,,,28.141959,-82.332872,-12.366154,19.103643,90.716239,0.000000,1
520.600000,,,,,,,,,,,,,,28.141958,-82.332852,-12.394526,19.077448,90.728524,0.000000,1
520.700000,,,,,,,,,,,,,,28.141958,-82.332833,-12.422899,19.051254,90.740810,0.000000,1
520.800000,,,,,,,,,,,,,,28.141958,-82.332814,-12.451272,19.025060,90.753095,0.000000,1
520.900000,,,,,,,,,,,,,,28.141958,-82.332794,-12.479645,18.998866,90.765381,0.000000,1
521.000000,,,,,,,,,,,,,,28.141957,-82.332775,-12.508017,18.972672,90.777667,0.000000,1
521.100000,,,,,,,,,,,,,,28.141957,-82.332755,-12.532504,18.947738,90.782973,0.000000,1
521.200000,,,,,,,,,,,,,,28.141957,-82.332736,-12.497414,18.942119,90.681274,0.000000,1
521.300000,,,,,,,,,,,,,,28.141957,-82.332717,-12.462324,18.936501,90.579575,0.000000,1
521.400000,,,,,,,,,,,,,,28.141956,-82.332697,-12.427234,18.930882,90.477876,0.000000,1
521.500000,,,,,,,,,,,,,,28.141956,-82.332678,-12.392144,18.925264,90.376178,0.000000,1
521.600000,,,,,,,,,,,,,,28.141956,-82.332659,-12.357054,18.919646,90.274479,0.000000,1
521.700000,,,,,,,,,,,,,,28.141956,-82.332640,-12.321965,18.914027,90.172780,0.000000,1
521.800000,,,,,,,,,,,,,,28.141955,-82.332620,-12.286875,18.908409,90.071081,0.000000,1
521.900000,,,,,,,,,,,,,,28.141955,-82.332601,-12.251785,18.902790,89.969382,0.000000,1
522.000000,,,,,,,,,,,,,,28.141955,-82.332582,-12.216695,18.897172,89.867683,0.000000,1
522.100000,,,,,,,,,,,,,,28.141955,-82.332563,-12.182875,18.890007,89.772589,0.000000,1
522.200000,,,,,,,,,,,,,,28.141955,-82.332543,-12.162429,18.866563,89.747050,0.000000,1
522.300000,,,,,,,,,,,,,,28.141955,-82.332524,-12.141983,18.843119,89.721511,0.000000,1
522.400000,,,,,,,,,,,,,,28.141955,-82.332505,-12.121538,18.819675,89.695972,0.000000,1
522.500000,,,,,,,,,,,,,,28.141955,-82.332486,-12.101092,18.796231,89.670433,0.000000,1
522.600000,,,,,,,,,,,,,,28.141955,-82.332467,-12.080646,18.772787,89.644894,0.000000,1
522.700000,,,,,,,,,,,,,,28.141955,-82.332448,-12.060201,18.749342,89.619355,0.000000,1
522.800000,,,,,,,,,,,,,,28.141956,-82.332429,-12.039755,18.725898,89.593816,0.000000,1
522.900000,,,,,,,,,,,,,,28.141956,-82.332410,-12.019309,18.702454,89.568276,0.000000,1
523.000000,,,,,,,,,,,,,,28.141956,-82.332390,-11.998864,18.679010,89.542737,0.000000,1
523.100000,,,,,,,,,,,,,,28.141956,-82.332371,-11.982205,18.655041,89.517895,0.000000,1
523.200000,,,,,,,,,,,,,,28.141956,-82.332352,-11.991814,18.627434,89.497888,0.000000,1
523.300000,,,,,,,,,,,,,,28.141956,-82.332333,-12.001424,18.599827,89.477881,0.000000,1
523.400000,,,,,,,,,,,,,,28.141956,-82.332314,-12.011033,18.572221,89.457874,0.000000,1
523.500000,,,,,,,,,,,,,,28.141956,-82.332295,-12.020643,18.544614,89.437867,0.000000,1
523.600000,,,,,,,,,,,,,,28.141956,-82.332276,-12.030252,18.517007,89.417860,0.000000,1
523.700000,,,,,,,,,,,,,,28.141955,-82.332257,-12.039862,18.489400,89.397853,0.000000,1
523.800000,,,,,,,,,,,,,,28.141955,-82.332238,-12.049472,18.461793,89.377845,0.000000,1
523.900000,,,,,,,,,,,,,,28.141955,-82.332219,-12.059081,18.434186,89.357838,0.000000,1
524.000000,,,,,,,,,,,,,,28.141955,-82.332200,-12.068691,18.406579,89.337831,0.000000,1
524.100000,,,,,,,,,,,,,,28.141955,-82.332181,-12.080544,18.377772,89.321007,0.000000,1
524.200000,,,,,,,,,,,,,,28.141955,-82.332164,-12.114453,18.337175,89.335471,0.000000,1
524.300000,,,,,,,,,,,,,,28.141956,-82.332146,-12.148361,18.296578,89.349934,0.000000,1
524.400000,,,,,,,,,,,,,,28.141956,-82.332129,-12.182270,18.255981,89.364398,0.000000,1
524.500000,,,,,,,,,,,,,,28.141957,-82.332112,-12.216179,18.215385,89.378861,0.000000,1
524.600000,,,,,,,,,,,,,,28.141957,-82.332094,-12.250088,18.174788,89.393325,0.000000,1
524.700000,,,,,,,,,,,,,,28.141957,-82.332077,-12.283996,18.134191,89.407788,0.000000,1
524.800000,,,,,,,,,,,,,,28.141958,-82.332060,-12.317905,18.093594,89.422252,0.000000,1
524.900000,,,,,,,,,,,,,,28.141958,-82.332042,-12.351814,18.052997,89.436715,0.000000,1
525.000000,,,,,,,,,,,,,,28.141958,-82.332025,-12.385723,18.012400,89.451179,0.000000,1
525.100000,,,,,,,,,,,,,,28.141959,-82.332007,-12.419631,17.971803,89.465642,0.000000,1
525.200000,,,,,,,,,,,,,,28.141959,-82.331990,-12.450909,17.932257,89.480134,0.000000,1
525.300000,,,,,,,,,,,,,,28.141960,-82.331972,-12.448520,17.906152,89.494988,0.000000,1
525.400000,,,,,,,,,,,,,,28.141960,-82.331954,-12.446131,17.880047,89.509841,0.000000,1
525.500000,,,,,,,,,,,,,,28.141960,-82.331936,-12.443742,17.853942,89.524695,0.000000,1
525.600000,,,,,,,,,,,,,,28.141960,-82.331918,-12.441353,17.827837,89.539548,0.000000,1
525.700000,,,,,,,,,,,,,,28.141961,-82.331900,-12.438964,17.801732,89.554402,0.000000,1
525.800000,,,,,,,,,,,,,,28.141961,-82.331881,-12.436574,17.775628,89.569255,0.000000,1
525.900000,,,,,,,,,,,,,,28.141961,-82.331863,-12.434185,17.749523,89.584109,0.000000,1
526.000000,,,,,,,,,,,,,,28.141962,-82.331845,-12.431796,17.723418,89.598962,0.000000,1
526.100000,,,,,,,,,,,,,,28.141962,-82.331827,-12.429407,17.697313,89.613816,0.000000,1
526.200000,,,,,,,,,,,,,,28.141962,-82.331809,-12.428771,17.671617,89.626813,0.000000,1
526.300000,,,,,,,,,,,,,,28.141963,-82.331792,-12.465181,17.654564,89.600582,0.000000,1
526.400000,,,,,,,,,,,,,,28.141963,-82.331774,-12.501590,17.637510,89.574351,0.000000,1
526.500000,,,,,,,,,,,,,,28.141963,-82.331757,-12.538000,17.620456,89.548120,0.000000,1
526.600000,,,,,,,,,,,,,,28.141963,-82.331739,-12.574410,17.603402,89.521889,0.000000,1
526.700000,,,,,,,,,,,,,,28.141964,-82.331722,-12.610819,17.586349,89.495658,0.000000,1
526.800000,,,,,,,,,,,,,,28.141964,-82.331704,-12.647229,17.569295,89.469427,0.000000,1
526.900000,,,,,,,,,,,,,,28.141964,-82.331687,-12.683638,17.552241,89.443197,0.000000,1
527.000000,,,,,,,,,,,,,,28.141964,-82.331670,-12.720048,17.535187,89.416966,0.000000,1
527.100000,,,,,,,,,,,,,,28.141965,-82.331652,-12.756457,17.518134,89.390735,0.000000,1
527.200000,,,,,,,,,,,,,,28.141965,-82.331635,-12.788991,17.500221,89.364945,0.000000,1
527.300000,,,,,,,,,,,,,,28.141965,-82.331617,-12.773903,17.471755,89.344572,0.000000,1
527.400000,,,,,,,,,,,,,,28.141966,-82.331599,-12.758815,17.443289,89.324199,0.000000,1
527.500000,,,,,,,,,,,,,,28.141966,-82.331581,-12.743727,17.414823,89.303825,0.000000,1
527.600000,,,,,,,,,,,,,,28.141967,-82.331563,-12.728639,17.386357,89.283452,0.000000,1
527.700000,,,,,,,,,,,,,,28.141967,-82.331546,-12.713551,17.357892,89.263079,0.000000,1
527.800000,,,,,,,,,,,,,,28.141967,-82.331528,-12.698463,17.329426,89.242706,0.000000,1
527.900000,,,,,,,,,,,,,,28.141968,-82.331510,-12.683375,17.300960,89.222333,0.000000,1
528.000000,,,,,,,,,,,,,,28.141968,-82.331492,-12.668287,17.272494,89.201960,0.000000,1
528.100000,,,,,,,,,,,,,,28.141969,-82.331474,-12.653199,17.244028,89.181587,0.000000,1
528.200000,,,,,,,,,,,,,,28.141969,-82.331457,-12.636015,17.216716,89.165808,0.000000,1
528.300000,,,,,,,,,,,,,,28.141970,-82.331439,-12.580465,17.210517,89.234101,0.000000,1
528.400000,,,,,,,,,,,,,,28.141970,-82.331421,-12.524915,17.204319,89.302394,0.000000,1
528.500000,,,,,,,,,,,,,,28.141970,-82.331403,-12.469366,17.198120,89.370687,0.000000,1
528.600000,,,,,,,,,,,,,,28.141971,-82.331386,-12.413816,17.191921,89.438980,0.000000,1
528.700000,,,,,,,,,,,,,,28.141971,-82.331368,-12.358266,17.185723,89.507273,0.000000,1
528.800000,,,,,,,,,,,,,,28.141972,-82.331350,-12.302717,17.179524,89.575566,0.000000,1
528.900000,,,,,,,,,,,,,,28.141972,-82.331332,-12.247167,17.173325,89.643859,0.000000,1
529.000000,,,,,,,,,,,,,,28.141972,-82.331314,-12.191617,17.167127,89.712152,0.000000,1
529.100000,,,,,,,,,,,,,,28.141973,-82.331297,-12.136067,17.160928,89.780445,0.000000,1
529.200000,,,,,,,,,,,,,,28.141973,-82.331279,-12.086518,17.154091,89.845776,0.000000,1
529.300000,,,,,,,,,,,,,,28.141973,-82.331261,-12.116797,17.138758,89.871702,0.000000,1
529.400000,,,,,,,,,,,,,,28.141973,-82.331244,-12.147076,17.123424,89.897627,0.000000,1
529.500000,,,,,,,,,,,,,,28.141973,-82.331227,-12.177354,17.108091,89.923553,0.000000,1
529.600000,,,,,,,,,,,,,,28.141973,-82.331209,-12.207633,17.092758,89.949478,0.000000,1
529.700000,,,,,,,,,,,,,,28.141973,-82.331192,-12.237912,17.077425,89.975403,0.000000,1
529.800000,,,,,,,,,,,,,,28.141973,-82.331175,-12.268191,17.062092,90.001329,0.000000,1
529.900000,,,,,,,,,,,,,,28.141972,-82.331157,-12.298470,17.046758,90.027254,0.000000,1
530.000000,,,,,,,,,,,,,,28.141972,-82.331140,-12.328749,17.031425,90.053180,0.000000,1
530.100000,,,,,,,,,,,,,,28.141972,-82.331122,-12.359027,17.016092,90.079105,0.000000,1
530.200000,,,,,,,,,,,,,,28.141972,-82.331105,-12.385144,17.002122,90.113184,0.000000,1
530.300000,,,,,,,,,,,,,,28.141972,-82.331086,-12.365200,17.003241,90.237491,0.000000,1
530.400000,,,,,,,,,,,,,,28.141971,-82.331067,-12.345256,17.004360,90.361798,0.000000,1
530.500000,,,,,,,,,,,,,,28.141971,-82.331048,-12.325311,17.005479,90.486105,0.000000,1
530.600000,,,,,,,,,,,,,,28.141970,-82.331030,-12.305367,17.006598,90.610412,0.000000,1
530.700000,,,,,,,,,,,,,,28.141970,-82.331011,-12.285423,17.007717,90.734720,0.000000,1
530.800000,,,,,,,,,,,,,,28.141970,-82.330992,-12.265479,17.008836,90.859027,0.000000,1
530.900000,,,,,,,,,,,,,,28.141969,-82.330973,-12.245534,17.009955,90.983334,0.000000,1
531.000000,,,,,,,,,,,,,,28.141969,-82.330954,-12.225590,17.011074,91.107641,0.000000,1
531.100000,,,,,,,,,,,,,,28.141968,-82.330936,-12.209831,17.014578,91.211954,0.000000,1
531.200000,,,,,,,,,,,,,,28.141968,-82.330918,-12.221809,17.033889,91.183743,0.000000,1
531.300000,,,,,,,,,,,,,,28.141967,-82.330901,-12.233787,17.053201,91.155532,0.000000,1
531.400000,,,,,,,,,,,,,,28.141967,-82.330884,-12.245765,17.072512,91.127321,0.000000,1
531.500000,,,,,,,,,,,,,,28.141966,-82.330867,-12.257744,17.091823,91.099110,0.000000,1
531.600000,,,,,,,,,,,,,,28.141966,-82.330849,-12.269722,17.111134,91.070899,0.000000,1
531.700000,,,,,,,,,,,,,,28.141965,-82.330832,-12.281700,17.130445,91.042688,0.000000,1
531.800000,,,,,,,,,,,,,,28.141965,-82.330815,-12.293678,17.149756,91.014478,0.000000,1
531.900000,,,,,,,,,,,,,,28.141964,-82.330797,-12.305656,17.169067,90.986267,0.000000,1
532.000000,,,,,,,,,,,,,,28.141964,-82.330780,-12.317635,17.188379,90.958056,0.000000,1
532.100000,,,,,,,,,,,,,,28.141964,-82.330763,-12.333794,17.207606,90.926244,0.000000,1
532.200000,,,,,,,,,,,,,,28.141964,-82.330745,-12.387516,17.226082,90.862086,0.000000,1
532.300000,,,,,,,,,,,,,,28.141964,-82.330727,-12.441237,17.244558,90.797928,0.000000,1
532.400000,,,,,,,,,,,,,,28.141964,-82.330710,-12.494958,17.263033,90.733771,0.000000,1
532.500000,,,,,,,,,,,,,,28.141964,-82.330692,-12.548679,17.281509,90.669613,0.000000,1
532.600000,,,,,,,,,,,,,,28.141964,-82.330675,-12.602400,17.299985,90.605455,0.000000,1
532.700000,,,,,,,,,,,,,,28.141964,-82.330657,-12.656122,17.318461,90.541297,0.000000,1
532.800000,,,,,,,,,,,,,,28.141964,-82.330639,-12.709843,17.336937,90.477140,0.000000,1
532.900000,,,,,,,,,,,,,,28.141964,-82.330622,-12.763564,17.355412,90.412982,0.000000,1
533.000000,,,,,,,,,,,,,,28.141964,-82.330604,-12.817285,17.373888,90.348824,0.000000,1
533.100000,,,,,,,,,,,,,,28.141964,-82.330587,-12.863056,17.392056,90.289124,0.000000,1
533.200000,,,,,,,,,,,,,,28.141963,-82.330571,-12.828835,17.407128,90.274272,0.000000,1
533.300000,,,,,,,,,,,,,,28.141963,-82.330555,-12.794614,17.422200,90.259420,0.000000,1
533.400000,,,,,,,,,,,,,,28.141963,-82.330539,-12.760393,17.437272,90.244568,0.000000,1
533.500000,,,,,,,,,,,,,,28.141963,-82.330523,-12.726172,17.452344,90.229716,0.000000,1
533.600000,,,,,,,,,,,,,,28.141963,-82.330507,-12.691951,17.467416,90.214864,0.000000,1
533.700000,,,,,,,,,,,,,,28.141963,-82.330491,-12.657729,17.482488,90.200012,0.000000,1
533.800000,,,,,,,,,,,,,,28.141962,-82.330475,-12.623508,17.497560,90.185160,0.000000,1
533.900000,,,,,,,,,,,,,,28.141962,-82.330459,-12.589287,17.512632,90.170308,0.000000,1
534.000000,,,,,,,,,,,,,,28.141962,-82.330443,-12.555066,17.527704,90.155456,0.000000,1
534.100000,,,,,,,,,,,,,,28.141962,-82.330427,-12.520845,17.542776,90.140604,0.000000,1
534.200000,,,,,,,,,,,,,,28.141962,-82.330411,-12.495486,17.554798,90.117791,0.000000,1
534.300000,,,,,,,,,,,,,,28.141962,-82.330393,-12.538135,17.543417,90.033889,0.000000,1
534.400000,,,,,,,,,,,,,,28.141962,-82.330375,-12.580784,17.532036,89.949987,0.000000,1
534.500000,,,,,,,,,,,,,,28.141962,-82.330357,-12.623433,17.520655,89.866085,0.000000,1
534.600000,,,,,,,,,,,,,,28.141962,-82.330340,-12.666081,17.509274,89.782183,0.000000,1
534.700000,,,,,,,,,,,,,,28.141963,-82.330322,-12.708730,17.497893,89.698280,0.000000,1
534.800000,,,,,,,,,,,,,,28.141963,-82.330304,-12.751379,17.486511,89.614378,0.000000,1
534.900000,,,,,,,,,,,,,,28.141963,-82.330286,-12.794028,17.475130,89.530476,0.000000,1
535.000000,,,,,,,,,,,,,,28.141963,-82.330268,-12.836676,17.463749,89.446574,0.000000,1
535.100000,,,,,,,,,,,,,,28.141963,-82.330251,-12.879325,17.452368,89.362672,0.000000,1
535.200000,,,,,,,,,,,,,,28.141964,-82.330233,-12.918518,17.442092,89.288513,0.000000,1
535.300000,,,,,,,,,,,,,,28.141963,-82.330215,-12.911938,17.446453,89.343399,0.000000,1
535.400000,,,,,,,,,,,,,,28.141963,-82.330196,-12.905357,17.450814,89.398284,0.000000,1
535.500000,,,,,,,,,,,,,,28.141963,-82.330178,-12.898777,17.455175,89.453170,0.000000,1
535.600000,,,,,,,,,,,,,,28.141963,-82.330160,-12.892197,17.459535,89.508055,0.000000,1
535.700000,,,,,,,,,,,,,,28.141962,-82.330142,-12.885617,17.463896,89.562940,0.000000,1
535.800000,,,,,,,,,,,,,,28.141962,-82.330124,-12.879037,17.468257,89.617826,0.000000,1
535.900000,,,,,,,,,,,,,,28.141962,-82.330106,-12.872457,17.472618,89.672711,0.000000,1
536.000000,,,,,,,,,,,,,,28.141962,-82.330088,-12.865877,17.476979,89.727597,0.000000,1
536.100000,,,,,,,,,,,,,,28.141962,-82.330070,-12.859296,17.481340,89.782482,0.000000,1
536.200000,,,,,,,,,,,,,,28.141961,-82.330052,-12.845075,17.483138,89.834967,0.000000,1
536.300000,,,,,,,,,,,,,,28.141962,-82.330035,-12.764156,17.462562,89.866498,0.000000,1
536.400000,,,,,,,,,,,,,,28.141962,-82.330017,-12.683236,17.441987,89.898029,0.000000,1
536.500000,,,,,,,,,,,,,,28.141963,-82.330000,-12.602317,17.421412,89.929560,0.000000,1
536.600000,,,,,,,,,,,,,,28.141963,-82.329983,-12.521398,17.400837,89.961091,0.000000,1
536.700000,,,,,,,,,,,,,,28.141964,-82.329965,-12.440478,17.380262,89.992622,0.000000,1
536.800000,,,,,,,,,,,,,,28.141964,-82.329948,-12.359559,17.359687,90.024153,0.000000,1
536.900000,,,,,,,,,,,,,,28.141964,-82.329931,-12.278639,17.339112,90.055684,0.000000,1
537.000000,,,,,,,,,,,,,,28.141965,-82.329913,-12.197720,17.318537,90.087215,0.000000,1
537.100000,,,,,,,,,,,,,,28.141965,-82.329896,-12.116800,17.297961,90.118746,0.000000,1
537.200000,,,,,,,,,,,,,,28.141966,-82.329879,-12.040261,17.278263,90.148621,0.000000,1
537.300000,,,,,,,,,,,,,,28.141965,-82.329861,-12.022619,17.270353,90.156238,0.000000,1
537.400000,,,,,,,,,,,,,,28.141965,-82.329843,-12.004978,17.262443,90.163854,0.000000,1
537.500000,,,,,,,,,,,,,,28.141965,-82.329825,-11.987336,17.254533,90.171470,0.000000,1
537.600000,,,,,,,,,,,,,,28.141965,-82.329807,-11.969694,17.246623,90.179086,0.000000,1
537.700000,,,,,,,,,,,,,,28.141964,-82.329789,-11.952053,17.238712,90.186703,0.000000,1
537.800000,,,,,,,,,,,,,,28.141964,-82.329771,-11.934411,17.230802,90.194319,0.000000,1
537.900000,,,,,,,,,,,,,,28.141964,-82.329754,-11.916769,17.222892,90.201935,0.000000,1
538.000000,,,,,,,,,,,,,,28.141964,-82.329736,-11.899128,17.214982,90.209551,0.000000,1
538.100000,,,,,,,,,,,,,,28.141963,-82.329718,-11.881486,17.207072,90.217168,0.000000,1
538.200000,,,,,,,,,,,,,,28.141963,-82.329700,-11.855991,17.199686,90.218062,0.000000,1
538.300000,,,,,,,,,,,,,,28.141963,-82.329680,-11.783861,17.195409,90.179040,0.000000,1
538.400000,,,,,,,,,,,,,,28.141963,-82.329661,-11.711732,17.191132,90.140018,0.000000,1
538.500000,,,,,,,,,,,,,,28.141963,-82.329642,-11.639603,17.186856,90.100996,0.000000,1
538.600000,,,,,,,,,,,,,,28.141963,-82.329622,-11.567474,17.182579,90.061974,0.000000,1
538.700000,,,,,,,,,,,,,,28.141963,-82.329603,-11.495344,17.178302,90.022952,0.000000,1
538.800000,,,,,,,,,,,,,,28.141963,-82.329584,-11.423215,17.174026,89.983930,0.000000,1
538.900000,,,,,,,,,,,,,,28.141963,-82.329565,-11.351086,17.169749,89.944908,0.000000,1
539.000000,,,,,,,,,,,,,,28.141963,-82.329545,-11.278957,17.165472,89.905886,0.000000,1
539.100000,,,,,,,,,,,,,,28.141963,-82.329526,-11.215548,17.161369,89.869854,0.000000,1
539.200000,,,,,,,,,,,,,,28.141963,-82.329508,-11.214502,17.158504,89.855210,0.000000,1
539.300000,,,,,,,,,,,,,,28.141963,-82.329491,-11.213457,17.155639,89.840565,0.000000,1
539.400000,,,,,,,,,,,,,,28.141963,-82.329473,-11.212411,17.152774,89.825921,0.000000,1
539.500000,,,,,,,,,,,,,,28.141963,-82.329456,-11.211366,17.149909,89.811277,0.000000,1
539.600000,,,,,,,,,,,,,,28.141963,-82.329438,-11.210320,17.147044,89.796632,0.000000,1
539.700000,,,,,,,,,,,,,,28.141963,-82.329420,-11.209274,17.144180,89.781988,0.000000,1
539.800000,,,,,,,,,,,,,,28.141963,-82.329403,-11.208229,17.141315,89.767344,0.000000,1
539.900000,,,,,,,,,,,,,,28.141963,-82.329385,-11.207183,17.138450,89.752699,0.000000,1
540.000000,,,,,,,,,,,,,,28.141964,-82.329368,-11.206137,17.135585,89.738055,0.000000,1
540.100000,,,,,,,,,,,,,,28.141964,-82.329350,-11.207299,17.132771,89.725767,0.000000,1
540.200000,,,,,,,,,,,,,,28.141964,-82.329334,-11.234481,17.130558,89.741251,0.000000,1
540.300000,,,,,,,,,,,,,,28.141964,-82.329319,-11.261662,17.128346,89.756736,0.000000,1
540.400000,,,,,,,,,,,,,,28.141964,-82.329303,-11.288844,17.126133,89.772221,0.000000,1
540.500000,,,,,,,,,,,,,,28.141963,-82.329287,-11.316025,17.123920,89.787705,0.000000,1
540.600000,,,,,,,,,,,,,,28.141963,-82.329271,-11.343207,17.121708,89.803190,0.000000,1
540.700000,,,,,,,,,,,,,,28.141963,-82.329255,-11.370388,17.119495,89.818674,0.000000,1
540.800000,,,,,,,,,,,,,,28.141963,-82.329240,-11.397570,17.117283,89.834159,0.000000,1
540.900000,,,,,,,,,,,,,,28.141963,-82.329224,-11.424752,17.115070,89.849643,0.000000,1
541.000000,,,,,,,,,,,,,,28.141963,-82.329208,-11.451933,17.112857,89.865128,0.000000,1
541.100000,,,,,,,,,,,,,,28.141963,-82.329192,-11.479115,17.110645,89.880612,0.000000,1
541.200000,,,,,,,,,,,,,,28.141963,-82.329176,-11.504978,17.108355,89.892939,0.000000,1
541.300000,,,,,,,,,,,,,,28.141964,-82.329159,-11.512662,17.105006,89.861719,0.000000,1
541.400000,,,,,,,,,,,,,,28.141964,-82.329142,-11.520346,17.101656,89.830499,0.000000,1
541.500000,,,,,,,,,,,,,,28.141965,-82.329124,-11.528031,17.098307,89.799279,0.000000,1
541.600000,,,,,,,,,,,,,,28.141965,-82.329107,-11.535715,17.094958,89.768059,0.000000,1
541.700000,,,,,,,,,,,,,,28.141966,-82.329090,-11.543399,17.091608,89.736839,0.000000,1
541.800000,,,,,,,,,,,,,,28.141966,-82.329072,-11.551083,17.088259,89.705619,0.000000,1
541.900000,,,,,,,,,,,,,,28.141967,-82.329055,-11.558767,17.084909,89.674399,0.000000,1
542.000000,,,,,,,,,,,,,,28.141967,-82.329038,-11.566452,17.081560,89.643179,0.000000,1
542.100000,,,,,,,,,,,,,,28.141968,-82.329020,-11.574136,17.078211,89.611959,0.000000,1
542.200000,,,,,,,,,,,,,,28.141968,-82.329003,-11.583579,17.074553,89.593790,0.000000,1
542.300000,,,,,,,,,,,,,,28.141968,-82.328986,-11.604337,17.068910,89.659612,0.000000,1
542.400000,,,,,,,,,,,,,,28.141968,-82.328969,-11.625096,17.063267,89.725434,0.000000,1
542.500000,,,,,,,,,,,,,,28.141967,-82.328952,-11.645855,17.057623,89.791256,0.000000,1
542.600000,,,,,,,,,,,,,,28.141967,-82.328934,-11.666613,17.051980,89.857078,0.000000,1
542.700000,,,,,,,,,,,,,,28.141967,-82.328917,-11.687372,17.046337,89.922900,0.000000,1
542.800000,,,,,,,,,,,,,,28.141967,-82.328900,-11.708131,17.040694,89.988722,0.000000,1
542.900000,,,,,,,,,,,,,,28.141966,-82.328883,-11.728890,17.035051,90.054544,0.000000,1
543.000000,,,,,,,,,,,,,,28.141966,-82.328866,-11.749648,17.029408,90.120366,0.000000,1
543.100000,,,,,,,,,,,,,,28.141966,-82.328849,-11.770407,17.023765,90.186188,0.000000,1
543.200000,,,,,,,,,,,,,,28.141966,-82.328832,-11.791829,17.015794,90.247887,0.000000,1
543.300000,,,,,,,,,,,,,,28.141966,-82.328814,-11.818994,16.987649,90.273848,0.000000,1
543.400000,,,,,,,,,,,,,,28.141966,-82.328797,-11.846160,16.959503,90.299810,0.000000,1
543.500000,,,,,,,,,,,,,,28.141966,-82.328780,-11.873325,16.931358,90.325771,0.000000,1
543.600000,,,,,,,,,,,,,,28.141966,-82.328763,-11.900491,16.903213,90.351733,0.000000,1
543.700000,,,,,,,,,,,,,,28.141966,-82.328746,-11.927656,16.875067,90.377695,0.000000,1
543.800000,,,,,,,,,,,,,,28.141966,-82.328729,-11.954822,16.846922,90.403656,0.000000,1
543.900000,,,,,,,,,,,,,,28.141966,-82.328712,-11.981988,16.818776,90.429618,0.000000,1
544.000000,,,,,,,,,,,,,,28.141966,-82.328694,-12.009153,16.790631,90.455580,0.000000,1
544.100000,,,,,,,,,,,,,,28.141966,-82.328677,-12.036319,16.762486,90.481541,0.000000,1
544.200000,,,,,,,,,,,,,,28.141966,-82.328660,-12.060248,16.733547,90.506772,0.000000,1
544.300000,,,,,,,,,,,,,,28.141966,-82.328643,-12.050140,16.696268,90.524308,0.000000,1
544.400000,,,,,,,,,,,,,,28.141966,-82.328627,-12.040032,16.658988,90.541845,0.000000,1
544.500000,,,,,,,,,,,,,,28.141965,-82.328610,-12.029923,16.621708,90.559382,0.000000,1
544.600000,,,,,,,,,,,,,,28.141965,-82.328593,-12.019815,16.584428,90.576919,0.000000,1
544.700000,,,,,,,,,,,,,,28.141965,-82.328577,-12.009707,16.547149,90.594456,0.000000,1
544.800000,,,,,,,,,,,,,,28.141965,-82.328560,-11.999598,16.509869,90.611992,0.000000,1
544.900000,,,,,,,,,,,,,,28.141964,-82.328543,-11.989490,16.472589,90.629529,0.000000,1
545.000000,,,,,,,,,,,,,,28.141964,-82.328527,-11.979382,16.435310,90.647066,0.000000,1
545.100000,,,,,,,,,,,,,,28.141964,-82.328510,-11.969273,16.398030,90.664603,0.000000,1
545.200000,,,,,,,,,,,,,,28.141964,-82.328493,-11.960277,16.360992,90.675782,0.000000,1
545.300000,,,,,,,,,,,,,,28.141964,-82.328477,-11.968372,16.327666,90.589248,0.000000,1
545.400000,,,,,,,,,,,,,,28.141964,-82.328461,-11.976466,16.294340,90.502713,0.000000,1
545.500000,,,,,,,,,,,,,,28.141964,-82.328444,-11.984561,16.261015,90.416179,0.000000,1
545.600000,,,,,,,,,,,,,,28.141964,-82.328428,-11.992656,16.227689,90.329644,0.000000,1
545.700000,,,,,,,,,,,,,,28.141965,-82.328412,-12.000751,16.194363,90.243110,0.000000,1
545.800000,,,,,,,,,,,,,,28.141965,-82.328395,-12.008845,16.161038,90.156575,0.000000,1
545.900000,,,,,,,,,,,,,,28.141965,-82.328379,-12.016940,16.127712,90.070041,0.000000,1
546.000000,,,,,,,,,,,,,,28.141965,-82.328363,-12.025035,16.094386,89.983506,0.000000,1
546.100000,,,,,,,,,,,,,,28.141965,-82.328346,-12.033129,16.061060,89.896972,0.000000,1
546.200000,,,,,,,,,,,,,,28.141965,-82.328330,-12.040899,16.027681,89.817694,0.000000,1
546.300000,,,,,,,,,,,,,,28.141965,-82.328314,-12.042753,15.993327,89.870346,0.000000,1
546.400000,,,,,,,,,,,,,,28.141965,-82.328298,-12.044608,15.958973,89.922997,0.000000,1
546.500000,,,,,,,,,,,,,,28.141965,-82.328283,-12.046462,15.924620,89.975648,0.000000,1
546.600000,,,,,,,,,,,,,,28.141965,-82.328267,-12.048316,15.890266,90.028300,0.000000,1
546.700000,,,,,,,,,,,,,,28.141964,-82.328251,-12.050171,15.855912,90.080951,0.000000,1
546.800000,,,,,,,,,,,,,,28.141964,-82.328235,-12.052025,15.821558,90.133603,0.000000,1
546.900000,,,,,,,,,,,,,,28.141964,-82.328219,-12.053880,15.787204,90.186254,0.000000,1
547.000000,,,,,,,,,,,,,,28.141964,-82.328204,-12.055734,15.752850,90.238905,0.000000,1
547.100000,,,,,,,,,,,,,,28.141963,-82.328188,-12.057589,15.718497,90.291557,0.000000,1
547.200000,,,,,,,,,,,,,,28.141963,-82.328172,-12.064984,15.683096,90.341203,0.000000,1
547.300000,,,,,,,,,,,,,,28.141963,-82.328156,-12.128208,15.637151,90.360569,0.000000,1
547.400000,,,,,,,,,,,,,,28.141962,-82.328140,-12.191433,15.591206,90.379934,0.000000,1
547.500000,,,,,,,,,,,,,,28.141962,-82.328124,-12.254657,15.545261,90.399300,0.000000,1
547.600000,,,,,,,,,,,,,,28.141961,-82.328108,-12.317882,15.499316,90.418665,0.000000,1
547.700000,,,,,,,,,,,,,,28.141961,-82.328092,-12.381106,15.453372,90.438031,0.000000,1
547.800000,,,,,,,,,,,,,,28.141960,-82.328076,-12.444330,15.407427,90.457396,0.000000,1
547.900000,,,,,,,,,,,,,,28.141960,-82.328060,-12.507555,15.361482,90.476762,0.000000,1
548.000000,,,,,,,,,,,,,,28.141959,-82.328044,-12.570779,15.315537,90.496127,0.000000,1
548.100000,,,,,,,,,,,,,,28.141959,-82.328028,-12.634004,15.269592,90.515493,0.000000,1
548.200000,,,,,,,,,,,,,,28.141959,-82.328012,-12.698963,15.224147,90.525871,0.000000,1
548.300000,,,,,,,,,,,,,,28.141959,-82.327997,-12.774953,15.181882,90.479106,0.000000,1
548.400000,,,,,,,,,,,,,,28.141959,-82.327981,-12.850944,15.139616,90.432341,0.000000,1
548.500000,,,,,,,,,,,,,,28.141959,-82.327966,-12.926934,15.097351,90.385576,0.000000,1
548.600000,,,,,,,,,,,,,,28.141959,-82.327951,-13.002925,15.055085,90.338812,0.000000,1
548.700000,,,,,,,,,,,,,,28.141959,-82.327936,-13.078915,15.012820,90.292047,0.000000,1
548.800000,,,,,,,,,,,,,,28.141959,-82.327920,-13.154905,14.970555,90.245282,0.000000,1
548.900000,,,,,,,,,,,,,,28.141959,-82.327905,-13.230896,14.928289,90.198517,0.000000,1
549.000000,,,,,,,,,,,,,,28.141959,-82.327890,-13.306886,14.886024,90.151752,0.000000,1
549.100000,,,,,,,,,,,,,,28.141959,-82.327874,-13.382877,14.843759,90.104987,0.000000,1
549.200000,,,,,,,,,,,,,,28.141960,-82.327859,-13.456261,14.802289,90.060430,0.000000,1
549.300000,,,,,,,,,,,,,,28.141960,-82.327844,-13.491149,14.772570,90.048483,0.000000,1
549.400000,,,,,,,,,,,,,,28.141960,-82.327829,-13.526038,14.742852,90.036535,0.000000,1
549.500000,,,,,,,,,,,,,,28.141960,-82.327813,-13.560926,14.713134,90.024588,0.000000,1
549.600000,,,,,,,,,,,,,,28.141960,-82.327798,-13.595815,14.683415,90.012640,0.000000,1
549.700000,,,,,,,,,,,,,,28.141961,-82.327783,-13.630704,14.653697,90.000693,0.000000,1
549.800000,,,,,,,,,,,,,,28.141961,-82.327768,-13.665592,14.623978,89.988745,0.000000,1
549.900000,,,,,,,,,,,,,,28.141961,-82.327752,-13.700481,14.594260,89.976798,0.000000,1
550.000000,,,,,,,,,,,,,,28.141961,-82.327737,-13.735370,14.564541,89.964850,0.000000,1
550.100000,,,,,,,,,,,,,,28.141961,-82.327722,-13.770258,14.534823,89.952903,0.000000,1
550.200000,,,,,,,,,,,,,,28.141961,-82.327707,-13.802280,14.504190,89.941124,0.000000,1
550.300000,,,,,,,,,,,,,,28.141961,-82.327692,-13.806444,14.464671,89.930982,0.000000,1
550.400000,,,,,,,,,,,,,,28.141961,-82.327678,-13.810609,14.425152,89.920840,0.000000,1
550.500000,,,,,,,,,,,,,,28.141961,-82.327664,-13.814773,14.385633,89.910699,0.000000,1
550.600000,,,,,,,,,,,,,,28.141961,-82.327649,-13.818938,14.346114,89.900557,0.000000,1
550.700000,,,,,,,,,,,,,,28.141961,-82.327635,-13.823103,14.306595,89.890416,0.000000,1
550.800000,,,,,,,,,,,,,,28.141961,-82.327621,-13.827267,14.267075,89.880274,0.000000,1
550.900000,,,,,,,,,,,,,,28.141960,-82.327606,-13.831432,14.227556,89.870132,0.000000,1
551.000000,,,,,,,,,,,,,,28.141960,-82.327592,-13.835596,14.188037,89.859991,0.000000,1
551.100000,,,,,,,,,,,,,,28.141960,-82.327578,-13.839761,14.148518,89.849849,0.000000,1
551.200000,,,,,,,,,,,,,,28.141960,-82.327563,-13.840799,14.105181,89.838748,0.000000,1
551.300000,,,,,,,,,,,,,,28.141961,-82.327549,-13.788711,13.996959,89.811348,0.000000,1
551.400000,,,,,,,,,,,,,,28.141961,-82.327536,-13.736623,13.888737,89.783948,0.000000,1
551.500000,,,,,,,,,,,,,,28.141962,-82.327522,-13.684535,13.780515,89.756548,0.000000,1
551.600000,,,,,,,,,,,,,,28.141963,-82.327508,-13.632447,13.672293,89.729148,0.000000,1
551.700000,,,,,,,,,,,,,,28.141963,-82.327494,-13.580359,13.564071,89.701748,0.000000,1
551.800000,,,,,,,,,,,,,,28.141964,-82.327480,-13.528270,13.455849,89.674348,0.000000,1
551.900000,,,,,,,,,,,,,,28.141965,-82.327466,-13.476182,13.347627,89.646948,0.000000,1
552.000000,,,,,,,,,,,,,,28.141965,-82.327452,-13.424094,13.239405,89.619548,0.000000,1
552.100000,,,,,,,,,,,,,,28.141966,-82.327438,-13.372006,13.131183,89.592148,0.000000,1
552.200000,,,,,,,,,,,,,,28.141967,-82.327425,-13.325891,13.018403,89.574365,0.000000,1
552.300000,,,,,,,,,,,,,,28.141967,-82.327413,-13.347167,12.854203,89.665099,0.000000,1
552.400000,,,,,,,,,,,,,,28.141968,-82.327401,-13.368443,12.690003,89.755832,0.000000,1
552.500000,,,,,,,,,,,,,,28.141968,-82.327389,-13.389719,12.525804,89.846566,0.000000,1
552.600000,,,,,,,,,,,,,,28.141969,-82.327377,-13.410995,12.361604,89.937299,0.000000,1
552.700000,,,,,,,,,,,,,,28.141969,-82.327365,-13.432272,12.197404,90.028033,0.000000,1
552.800000,,,,,,,,,,,,,,28.141969,-82.327353,-13.453548,12.033204,90.118767,0.000000,1
552.900000,,,,,,,,,,,,,,28.141970,-82.327341,-13.474824,11.869004,90.209500,0.000000,1
553.000000,,,,,,,,,,,,,,28.141970,-82.327329,-13.496100,11.704804,90.300234,0.000000,1
553.100000,,,,,,,,,,,,,,28.141971,-82.327317,-13.517376,11.540604,90.390968,0.000000,1
553.200000,,,,,,,,,,,,,,28.141971,-82.327305,-13.538625,11.373809,90.466393,0.000000,1
553.300000,,,,,,,,,,,,,,28.141971,-82.327294,-13.559632,11.183773,90.404724,0.000000,1
553.400000,,,,,,,,,,,,,,28.141971,-82.327284,-13.580639,10.993738,90.343055,0.000000,1
553.500000,,,,,,,,,,,,,,28.141971,-82.327273,-13.601646,10.803702,90.281386,0.000000,1
553.600000,,,,,,,,,,,,,,28.141971,-82.327262,-13.622653,10.613667,90.219717,0.000000,1
553.700000,,,,,,,,,,,,,,28.141971,-82.327251,-13.643660,10.423631,90.158048,0.000000,1
553.800000,,,,,,,,,,,,,,28.141971,-82.327240,-13.664666,10.233595,90.096379,0.000000,1
553.900000,,,,,,,,,,,,,,28.141971,-82.327230,-13.685673,10.043560,90.034709,0.000000,1
554.000000,,,,,,,,,,,,,,28.141971,-82.327219,-13.706680,9.853524,89.973040,0.000000,1
554.100000,,,,,,,,,,,,,,28.141971,-82.327208,-13.727687,9.663489,89.911371,0.000000,1
554.200000,,,,,,,,,,,,,,28.141971,-82.327197,-13.747128,9.472695,89.858511,0.000000,1
554.300000,,,,,,,,,,,,,,28.141971,-82.327188,-13.751351,9.274532,89.891297,0.000000,1
554.400000,,,,,,,,,,,,,,28.141971,-82.327179,-13.755574,9.076368,89.924084,0.000000,1
554.500000,,,,,,,,,,,,,,28.141971,-82.327170,-13.759797,8.878204,89.956870,0.000000,1
554.600000,,,,,,,,,,,,,,28.141971,-82.327160,-13.764020,8.680041,89.989656,0.000000,1
554.700000,,,,,,,,,,,,,,28.141971,-82.327151,-13.768243,8.481877,90.022442,0.000000,1
554.800000,,,,,,,,,,,,,,28.141970,-82.327142,-13.772466,8.283714,90.055229,0.000000,1
554.900000,,,,,,,,,,,,,,28.141970,-82.327133,-13.776689,8.085550,90.088015,0.000000,1
555.000000,,,,,,,,,,,,,,28.141970,-82.327123,-13.780912,7.887387,90.120801,0.000000,1
555.100000,,,,,,,,,,,,,,28.141970,-82.327114,-13.785135,7.689223,90.153587,0.000000,1
555.200000,,,,,,,,,,,,,,28.141970,-82.327105,-13.790576,7.495172,90.187228,0.000000,1
555.300000,,,,,,,,,,,,,,28.141969,-82.327099,-13.801317,7.319009,90.224585,0.000000,1
555.400000,,,,,,,,,,,,,,28.141969,-82.327092,-13.812058,7.142846,90.261941,0.000000,1
555.500000,,,,,,,,,,,,,,28.141968,-82.327085,-13.822799,6.966683,90.299298,0.000000,1
555.600000,,,,,,,,,,,,,,28.141968,-82.327079,-13.833540,6.790519,90.336655,0.000000,1
555.700000,,,,,,,,,,,,,,28.141968,-82.327072,-13.844281,6.614356,90.374011,0.000000,1
555.800000,,,,,,,,,,,,,,28.141967,-82.327065,-13.855022,6.438193,90.411368,0.000000,1
555.900000,,,,,,,,,,,,,,28.141967,-82.327058,-13.865763,6.262030,90.448725,0.000000,1
556.000000,,,,,,,,,,,,,,28.141966,-82.327052,-13.876504,6.085866,90.486081,0.000000,1
556.100000,,,,,,,,,,,,,,28.141966,-82.327045,-13.887245,5.909703,90.523438,0.000000,1
556.200000,,,,,,,,,,,,,,28.141965,-82.327039,-13.903732,5.746584,90.557694,0.000000,1
556.300000,,,,,,,,,,,,,,28.141966,-82.327034,-13.955276,5.663056,90.573035,0.000000,1
556.400000,,,,,,,,,,,,,,28.141966,-82.327029,-14.006820,5.579529,90.588375,0.000000,1
556.500000,,,,,,,,,,,,,,28.141967,-82.327024,-14.058364,5.496001,90.603715,0.000000,1
556.600000,,,,,,,,,,,,,,28.141967,-82.327019,-14.109908,5.412473,90.619056,0.000000,1
556.700000,,,,,,,,,,,,,,28.141968,-82.327014,-14.161452,5.328945,90.634396,0.000000,1
556.800000,,,,,,,,,,,,,,28.141968,-82.327009,-14.212996,5.245418,90.649736,0.000000,1
556.900000,,,,,,,,,,,,,,28.141969,-82.327004,-14.264540,5.161890,90.665076,0.000000,1
557.000000,,,,,,,,,,,,,,28.141969,-82.327000,-14.316084,5.078362,90.680417,0.000000,1
557.100000,,,,,,,,,,,,,,28.141969,-82.326995,-14.367629,4.994834,90.695757,0.000000,1
557.200000,,,,,,,,,,,,,,28.141970,-82.326990,-14.406517,4.920703,90.703732,0.000000,1
557.300000,,,,,,,,,,,,,,28.141970,-82.326985,-14.320469,4.939334,90.638992,0.000000,1
557.400000,,,,,,,,,,,,,,28.141970,-82.326980,-14.234422,4.957964,90.574253,0.000000,1
557.500000,,,,,,,,,,,,,,28.141971,-82.326975,-14.148374,4.976594,90.509513,0.000000,1
557.600000,,,,,,,,,,,,,,28.141971,-82.326970,-14.062327,4.995225,90.444774,0.000000,1
557.700000,,,,,,,,,,,,,,28.141971,-82.326965,-13.976279,5.013855,90.380034,0.000000,1
557.800000,,,,,,,,,,,,,,28.141971,-82.326959,-13.890232,5.032486,90.315295,0.000000,1
557.900000,,,,,,,,,,,,,,28.141972,-82.326954,-13.804185,5.051116,90.250555,0.000000,1
558.000000,,,,,,,,,,,,,,28.141972,-82.326949,-13.718137,5.069746,90.185816,0.000000,1
558.100000,,,,,,,,,,,,,,28.141972,-82.326944,-13.632090,5.088377,90.121076,0.000000,1
558.200000,,,,,,,,,,,,,,28.141972,-82.326939,-13.548971,5.110632,90.063294,0.000000,1
558.300000,,,,,,,,,,,,,,28.141973,-82.326933,-13.520879,5.200997,90.136234,0.000000,1
558.400000,,,,,,,,,,,,,,28.141973,-82.326928,-13.492787,5.291361,90.209174,0.000000,1
558.500000,,,,,,,,,,,,,,28.141973,-82.326922,-13.464695,5.381726,90.282113,0.000000,1
558.600000,,,,,,,,,,,,,,28.141973,-82.326916,-13.436604,5.472090,90.355053,0.000000,1
558.700000,,,,,,,,,,,,,,28.141973,-82.326910,-13.408512,5.562455,90.427993,0.000000,1
558.800000,,,,,,,,,,,,,,28.141973,-82.326904,-13.380420,5.652820,90.500933,0.000000,1
558.900000,,,,,,,,,,,,,,28.141973,-82.326898,-13.352328,5.743184,90.573872,0.000000,1
559.000000,,,,,,,,,,,,,,28.141974,-82.326893,-13.324237,5.833549,90.646812,0.000000,1
559.100000,,,,,,,,,,,,,,28.141974,-82.326887,-13.296145,5.923913,90.719752,0.000000,1
559.200000,,,,,,,,,,,,,,28.141974,-82.326881,-13.278554,6.018412,90.786575,0.000000,1
559.300000,,,,,,,,,,,,,,28.141974,-82.326874,-13.365103,6.153908,90.792739,0.000000,1
559.400000,,,,,,,,,,,,,,28.141974,-82.326868,-13.451653,6.289404,90.798903,0.000000,1
559.500000,,,,,,,,,,,,,,28.141974,-82.326862,-13.538202,6.424900,90.805067,0.000000,1
559.600000,,,,,,,,,,,,,,28.141974,-82.326855,-13.624752,6.560396,90.811231,0.000000,1
559.700000,,,,,,,,,,,,,,28.141974,-82.326849,-13.711301,6.695891,90.817394,0.000000,1
559.800000,,,,,,,,,,,,,,28.141974,-82.326843,-13.797851,6.831387,90.823558,0.000000,1
559.900000,,,,,,,,,,,,,,28.141974,-82.326836,-13.884400,6.966883,90.829722,0.000000,1
560.000000,,,,,,,,,,,,,,28.141974,-82.326830,-13.970950,7.102379,90.835886,0.000000,1
560.100000,,,,,,,,,,,,,,28.141974,-82.326823,-14.057500,7.237875,90.842050,0.000000,1
560.200000,,,,,,,,,,,,,,28.141974,-82.326817,-14.135826,7.371679,90.836822,0.000000,1
560.300000,,,,,,,,,,,,,,28.141974,-82.326809,-14.153201,7.492938,90.747163,0.000000,1
560.400000,,,,,,,,,,,,,,28.141974,-82.326801,-14.170575,7.614196,90.657503,0.000000,1
560.500000,,,,,,,,,,,,,,28.141973,-82.326793,-14.187950,7.735455,90.567844,0.000000,1
560.600000,,,,,,,,,,,,,,28.141973,-82.326785,-14.205325,7.856714,90.478184,0.000000,1
560.700000,,,,,,,,,,,,,,28.141973,-82.326776,-14.222700,7.977973,90.388524,0.000000,1
560.800000,,,,,,,,,,,,,,28.141972,-82.326768,-14.240075,8.099232,90.298865,0.000000,1
560.900000,,,,,,,,,,,,,,28.141972,-82.326760,-14.257449,8.220490,90.209205,0.000000,1
561.000000,,,,,,,,,,,,,,28.141972,-82.326752,-14.274824,8.341749,90.119546,0.000000,1
561.100000,,,,,,,,,,,,,,28.141971,-82.326744,-14.292199,8.463008,90.029886,0.000000,1
561.200000,,,,,,,,,,,,,,28.141971,-82.326736,-14.307719,8.583638,89.942339,0.000000,1
561.300000,,,,,,,,,,,,,,28.141970,-82.326727,-14.274490,8.687749,89.910317,0.000000,1
561.400000,,,,,,,,,,,,,,28.141970,-82.326718,-14.241261,8.791860,89.878296,0.000000,1
561.500000,,,,,,,,,,,,,,28.141970,-82.326709,-14.208032,8.895971,89.846275,0.000000,1
561.600000,,,,,,,,,,,,,,28.141969,-82.326699,-14.174803,9.000081,89.814254,0.000000,1
561.700000,,,,,,,,,,,,,,28.141969,-82.326690,-14.141574,9.104192,89.782233,0.000000,1
561.800000,,,,,,,,,,,,,,28.141968,-82.326681,-14.108345,9.208303,89.750212,0.000000,1
561.900000,,,,,,,,,,,,,,28.141968,-82.326672,-14.075115,9.312414,89.718191,0.000000,1
562.000000,,,,,,,,,,,,,,28.141967,-82.326663,-14.041886,9.416524,89.686169,0.000000,1
562.100000,,,,,,,,,,,,,,28.141967,-82.326654,-14.008657,9.520635,89.654148,0.000000,1
562.200000,,,,,,,,,,,,,,28.141967,-82.326644,-13.982231,9.625892,89.622771,0.000000,1
562.300000,,,,,,,,,,,,,,28.141967,-82.326634,-14.023840,9.742607,89.597829,0.000000,1
562.400000,,,,,,,,,,,,,,28.141967,-82.326623,-14.065449,9.859323,89.572888,0.000000,1
562.500000,,,,,,,,,,,,,,28.141967,-82.326613,-14.107058,9.976038,89.547947,0.000000,1
562.600000,,,,,,,,,,,,,,28.141967,-82.326602,-14.148667,10.092753,89.523006,0.000000,1
562.700000,,,,,,,,,,,,,,28.141967,-82.326592,-14.190276,10.209469,89.498064,0.000000,1
562.800000,,,,,,,,,,,,,,28.141967,-82.326581,-14.231884,10.326184,89.473123,0.000000,1
562.900000,,,,,,,,,,,,,,28.141967,-82.326571,-14.273493,10.442900,89.448182,0.000000,1
563.000000,,,,,,,,,,,,,,28.141967,-82.326560,-14.315102,10.559615,89.423240,0.000000,1
563.100000,,,,,,,,,,,,,,28.141967,-82.326550,-14.356711,10.676331,89.398299,0.000000,1
563.200000,,,,,,,,,,,,,,28.141967,-82.326539,-14.390884,10.793506,89.379960,0.000000,1
563.300000,,,,,,,,,,,,,,28.141967,-82.326527,-14.354649,10.915039,89.424135,0.000000,1
563.400000,,,,,,,,,,,,,,28.141966,-82.326514,-14.318414,11.036571,89.468310,0.000000,1
563.500000,,,,,,,,,,,,,,28.141966,-82.326502,-14.282180,11.158104,89.512485,0.000000,1
563.600000,,,,,,,,,,,,,,28.141966,-82.326489,-14.245945,11.279636,89.556660,0.000000,1
563.700000,,,,,,,,,,,,,,28.141966,-82.326477,-14.209710,11.401168,89.600834,0.000000,1
563.800000,,,,,,,,,,,,,,28.141966,-82.326464,-14.173475,11.522701,89.645009,0.000000,1
563.900000,,,,,,,,,,,,,,28.141966,-82.326452,-14.137240,11.644233,89.689184,0.000000,1
564.000000,,,,,,,,,,,,,,28.141966,-82.326439,-14.101006,11.765766,89.733359,0.000000,1
564.100000,,,,,,,,,,,,,,28.141965,-82.326427,-14.065261,11.886999,89.777910,0.000000,1
564.200000,,,,,,,,,,,,,,28.141966,-82.326414,-14.057994,11.990830,89.844313,0.000000,1
564.300000,,,,,,,,,,,,,,28.141966,-82.326401,-14.050726,12.094661,89.910715,0.000000,1
564.400000,,,,,,,,,,,,,,28.141966,-82.326389,-14.043459,12.198493,89.977117,0.000000,1
564.500000,,,,,,,,,,,,,,28.141967,-82.326376,-14.036192,12.302324,90.043519,0.000000,1
564.600000,,,,,,,,,,,,,,28.141967,-82.326364,-14.028924,12.406155,90.109921,0.000000,1
564.700000,,,,,,,,,,,,,,28.141967,-82.326351,-14.021657,12.509987,90.176323,0.000000,1
564.800000,,,,,,,,,,,,,,28.141967,-82.326339,-14.014390,12.613818,90.242725,0.000000,1
564.900000,,,,,,,,,,,,,,28.141968,-82.326326,-14.007122,12.717649,90.309128,0.000000,1
565.000000,,,,,,,,,,,,,,28.141968,-82.326314,-13.999855,12.821481,90.375530,0.000000,1
565.100000,,,,,,,,,,,,,,28.141968,-82.326301,-13.992713,12.919143,90.433457,0.000000,1
565.200000,,,,,,,,,,,,,,28.141968,-82.326288,-13.987016,12.945822,90.393863,0.000000,1
565.300000,,,,,,,,,,,,,,28.141969,-82.326275,-13.981318,12.972501,90.354268,0.000000,1
565.400000,,,,,,,,,,,,,,28.141969,-82.326261,-13.975620,12.999180,90.314674,0.000000,1
565.500000,,,,,,,,,,,,,,28.141969,-82.326248,-13.969922,13.025859,90.275080,0.000000,1
565.600000,,,,,,,,,,,,,,28.141969,-82.326235,-13.964225,13.052538,90.235486,0.000000,1
565.700000,,,,,,,,,,,,,,28.141969,-82.326222,-13.958527,13.079217,90.195891,0.000000,1
565.800000,,,,,,,,,,,,,,28.141969,-82.326208,-13.952829,13.105896,90.156297,0.000000,1
565.900000,,,,,,,,,,,,,,28.141969,-82.326195,-13.947131,13.132575,90.116703,0.000000,1
566.000000,,,,,,,,,,,,,,28.141969,-82.326182,-13.941434,13.159254,90.077109,0.000000,1
566.100000,,,,,,,,,,,,,,28.141970,-82.326168,-13.931182,13.185941,90.037199,0.000000,1
566.200000,,,,,,,,,,,,,,28.141970,-82.326155,-13.883421,13.212690,89.994685,0.000000,1
566.300000,,,,,,,,,,,,,,28.141970,-82.326142,-13.835660,13.239440,89.952172,0.000000,1
566.400000,,,,,,,,,,,,,,28.141971,-82.326128,-13.787898,13.266190,89.909659,0.000000,1
566.500000,,,,,,,,,,,,,,28.141971,-82.326115,-13.740137,13.292940,89.867146,0.000000,1
566.600000,,,,,,,,,,,,,,28.141971,-82.326101,-13.692376,13.319689,89.824633,0.000000,1
566.700000,,,,,,,,,,,,,,28.141972,-82.326088,-13.644615,13.346439,89.782120,0.000000,1
566.800000,,,,,,,,,,,,,,28.141972,-82.326074,-13.596854,13.373189,89.739607,0.000000,1
566.900000,,,,,,,,,,,,,,28.141972,-82.326061,-13.549093,13.399938,89.697094,0.000000,1
567.000000,,,,,,,,,,,,,,28.141973,-82.326047,-13.501332,13.426688,89.654581,0.000000,1
567.100000,,,,,,,,,,,,,,28.141973,-82.326034,-13.464882,13.454055,89.616816,0.000000,1
567.200000,,,,,,,,,,,,,,28.141973,-82.326020,-13.517803,13.486294,89.616570,0.000000,1
567.300000,,,,,,,,,,,,,,28.141972,-82.326006,-13.570725,13.518533,89.616323,0.000000,1
567.400000,,,,,,,,,,,,,,28.141972,-82.325992,-13.623646,13.550773,89.616076,0.000000,1
567.500000,,,,,,,,,,,,,,28.141971,-82.325978,-13.676568,13.583012,89.615829,0.000000,1
567.600000,,,,,,,,,,,,,,28.141971,-82.325964,-13.729489,13.615252,89.615582,0.000000,1
567.700000,,,,,,,,,,,,,,28.141971,-82.325950,-13.782411,13.647491,89.615336,0.000000,1
567.800000,,,,,,,,,,,,,,28.141970,-82.325936,-13.835332,13.679731,89.615089,0.000000,1
567.900000,,,,,,,,,,,,,,28.141970,-82.325922,-13.888254,13.711970,89.614842,0.000000,1
568.000000,,,,,,,,,,,,,,28.141970,-82.325908,-13.941175,13.744210,89.614595,0.000000,1
568.100000,,,,,,,,,,,,,,28.141969,-82.325894,-13.987282,13.777236,89.616671,0.000000,1
568.200000,,,,,,,,,,,,,,28.141969,-82.325879,-13.935686,13.821547,89.652051,0.000000,1
568.300000,,,,,,,,,,,,,,28.141968,-82.325865,-13.884090,13.865858,89.687430,0.000000,1
568.400000,,,,,,,,,,,,,,28.141968,-82.325851,-13.832493,13.910169,89.722810,0.000000,1
568.500000,,,,,,,,,,,,,,28.141968,-82.325837,-13.780897,13.954480,89.758189,0.000000,1
568.600000,,,,,,,,,,,,,,28.141967,-82.325822,-13.729301,13.998791,89.793568,0.000000,1
568.700000,,,,,,,,,,,,,,28.141967,-82.325808,-13.677704,14.043102,89.828948,0.000000,1
568.800000,,,,,,,,,,,,,,28.141966,-82.325794,-13.626108,14.087413,89.864327,0.000000,1
568.900000,,,,,,,,,,,,,,28.141966,-82.325779,-13.574511,14.131724,89.899707,0.000000,1
569.000000,,,,,,,,,,,,,,28.141965,-82.325765,-13.522915,14.176035,89.935086,0.000000,1
569.100000,,,,,,,,,,,,,,28.141965,-82.325751,-13.477058,14.221858,89.964950,0.000000,1
569.200000,,,,,,,,,,,,,,28.141965,-82.325736,-13.491688,14.283619,89.936687,0.000000,1
569.300000,,,,,,,,,,,,,,28.141965,-82.325721,-13.506318,14.345379,89.908424,0.000000,1
569.400000,,,,,,,,,,,,,,28.141965,-82.325706,-13.520948,14.407140,89.880161,0.000000,1
569.500000,,,,,,,,,,,,,,28.141965,-82.325692,-13.535578,14.468900,89.851898,0.000000,1
569.600000,,,,,,,,,,,,,,28.141965,-82.325677,-13.550208,14.530661,89.823635,0.000000,1
569.700000,,,,,,,,,,,,,,28.141964,-82.325662,-13.564838,14.592421,89.795372,0.000000,1
569.800000,,,,,,,,,,,,,,28.141964,-82.325647,-13.579468,14.654182,89.767109,0.000000,1
569.900000,,,,,,,,,,,,,,28.141964,-82.325632,-13.594098,14.715943,89.738847,0.000000,1
570.000000,,,,,,,,,,,,,,28.141964,-82.325618,-13.608728,14.777703,89.710584,0.000000,1
570.100000,,,,,,,,,,,,,,28.141964,-82.325603,-13.617535,14.839146,89.691859,0.000000,1
570.200000,,,,,,,,,,,,,,28.141964,-82.325587,-13.582786,14.898216,89.744473,0.000000,1
570.300000,,,,,,,,,,,,,,28.141964,-82.325572,-13.548038,14.957286,89.797086,0.000000,1
570.400000,,,,,,,,,,,,,,28.141965,-82.325556,-13.513289,15.016357,89.849700,0.000000,1
570.500000,,,,,,,,,,,,,,28.141965,-82.325541,-13.478541,15.075427,89.902314,0.000000,1
570.600000,,,,,,,,,,,,,,28.141965,-82.325526,-13.443793,15.134497,89.954928,0.000000,1
570.700000,,,,,,,,,,,,,,28.141965,-82.325510,-13.409044,15.193567,90.007542,0.000000,1
570.800000,,,,,,,,,,,,,,28.141965,-82.325495,-13.374296,15.252637,90.060156,0.000000,1
570.900000,,,,,,,,,,,,,,28.141965,-82.325479,-13.339547,15.311707,90.112770,0.000000,1
571.000000,,,,,,,,,,,,,,28.141966,-82.325464,-13.304799,15.370777,90.165384,0.000000,1
571.100000,,,,,,,,,,,,,,28.141966,-82.325448,-13.269540,15.431887,90.210827,0.000000,1
571.200000,,,,,,,,,,,,,,28.141965,-82.325432,-13.231616,15.503651,90.218825,0.000000,1
571.300000,,,,,,,,,,,,,,28.141965,-82.325416,-13.193692,15.575416,90.226823,0.000000,1
571.400000,,,,,,,,,,,,,,28.141965,-82.325400,-13.155768,15.647180,90.234822,0.000000,1
571.500000,,,,,,,,,,,,,,28.141965,-82.325384,-13.117844,15.718944,90.242820,0.000000,1
571.600000,,,,,,,,,,,,,,28.141965,-82.325368,-13.079920,15.790708,90.250818,0.000000,1
571.700000,,,,,,,,,,,,,,28.141964,-82.325352,-13.041996,15.862472,90.258817,0.000000,1
571.800000,,,,,,,,,,,,,,28.141964,-82.325336,-13.004072,15.934236,90.266815,0.000000,1
571.900000,,,,,,,,,,,,,,28.141964,-82.325320,-12.966148,16.006000,90.274813,0.000000,1
572.000000,,,,,,,,,,,,,,28.141964,-82.325304,-12.928224,16.077764,90.282811,0.000000,1
572.100000,,,,,,,,,,,,,,28.141963,-82.325288,-12.895029,16.150049,90.289588,0.000000,1
572.200000,,,,,,,,,,,,,,28.141964,-82.325272,-12.941136,16.231071,90.275882,0.000000,1
572.300000,,,,,,,,,,,,,,28.141964,-82.325256,-12.987244,16.312093,90.262175,0.000000,1
572.400000,,,,,,,,,,,,,,28.141964,-82.325241,-13.033351,16.393114,90.248469,0.000000,1
572.500000,,,,,,,,,,,,,,28.141964,-82.325225,-13.079458,16.474136,90.234763,0.000000,1
572.600000,,,,,,,,,,,,,,28.141965,-82.325209,-13.125566,16.555158,90.221056,0.000000,1
572.700000,,,,,,,,,,,,,,28.141965,-82.325193,-13.171673,16.636180,90.207350,0.000000,1
572.800000,,,,,,,,,,,,,,28.141965,-82.325178,-13.217780,16.717202,90.193644,0.000000,1
572.900000,,,,,,,,,,,,,,28.141965,-82.325162,-13.263887,16.798224,90.179937,0.000000,1
573.000000,,,,,,,,,,,,,,28.141966,-82.325146,-13.309995,16.879246,90.166231,0.000000,1
573.100000,,,,,,,,,,,,,,28.141966,-82.325130,-13.356102,16.960267,90.152525,0.000000,1
573.200000,,,,,,,,,,,,,,28.141966,-82.325114,-13.389007,17.032832,90.130431,0.000000,1
573.300000,,,,,,,,,,,,,,28.141966,-82.325097,-13.383418,17.080740,90.083884,0.000000,1
573.400000,,,,,,,,,,,,,,28.141966,-82.325080,-13.377829,17.128647,90.037337,0.000000,1
573.500000,,,,,,,,,,,,,,28.141966,-82.325063,-13.372240,17.176554,89.990790,0.000000,1
573.600000,,,,,,,,,,,,,,28.141966,-82.325046,-13.366651,17.224462,89.944243,0.000000,1
573.700000,,,,,,,,,,,,,,28.141967,-82.325028,-13.361062,17.272369,89.897696,0.000000,1
573.800000,,,,,,,,,,,,,,28.141967,-82.325011,-13.355472,17.320276,89.851149,0.000000,1
573.900000,,,,,,,,,,,,,,28.141967,-82.324994,-13.349883,17.368184,89.804602,0.000000,1
574.000000,,,,,,,,,,,,,,28.141967,-82.324977,-13.344294,17.416091,89.758055,0.000000,1
574.100000,,,,,,,,,,,,,,28.141967,-82.324960,-13.338705,17.463998,89.711508,0.000000,1
574.200000,,,,,,,,,,,,,,28.141967,-82.324943,-13.333364,17.511849,89.666736,0.000000,1
574.300000,,,,,,,,,,,,,,28.141967,-82.324924,-13.331788,17.558846,89.648969,0.000000,1
574.400000,,,,,,,,,,,,,,28.141967,-82.324906,-13.330213,17.605843,89.631201,0.000000,1
574.500000,,,,,,,,,,,,,,28.141967,-82.324887,-13.328637,17.652839,89.613434,0.000000,1
574.600000,,,,,,,,,,,,,,28.141967,-82.324869,-13.327061,17.699836,89.595667,0.000000,1
574.700000,,,,,,,,,,,,,,28.141967,-82.324850,-13.325486,17.746832,89.577900,0.000000,1
574.800000,,,,,,,,,,,,,,28.141967,-82.324832,-13.323910,17.793829,89.560132,0.000000,1
574.900000,,,,,,,,,,,,,,28.141967,-82.324814,-13.322335,17.840826,89.542365,0.000000,1
575.000000,,,,,,,,,,,,,,28.141967,-82.324795,-13.320759,17.887822,89.524598,0.000000,1
575.100000,,,,,,,,,,,,,,28.141967,-82.324777,-13.319184,17.934819,89.506831,0.000000,1
575.200000,,,,,,,,,,,,,,28.141967,-82.324758,-13.315476,17.981793,89.495067,0.000000,1
575.300000,,,,,,,,,,,,,,28.141968,-82.324740,-13.282963,18.028463,89.564414,0.000000,1
575.400000,,,,,,,,,,,,,,28.141968,-82.324721,-13.250450,18.075134,89.633761,0.000000,1
575.500000,,,,,,,,,,,,,,28.141968,-82.324702,-13.217937,18.121804,89.703108,0.000000,1
575.600000,,,,,,,,,,,,,,28.141969,-82.324683,-13.185424,18.168474,89.772455,0.000000,1
575.700000,,,,,,,,,,,,,,28.141969,-82.324664,-13.152911,18.215144,89.841803,0.000000,1
575.800000,,,,,,,,,,,,,,28.141969,-82.324645,-13.120398,18.261815,89.911150,0.000000,1
575.900000,,,,,,,,,,,,,,28.141970,-82.324626,-13.087885,18.308485,89.980497,0.000000,1
576.000000,,,,,,,,,,,,,,28.141970,-82.324607,-13.055372,18.355155,90.049844,0.000000,1
576.100000,,,,,,,,,,,,,,28.141971,-82.324588,-13.022860,18.401825,90.119191,0.000000,1
576.200000,,,,,,,,,,,,,,28.141971,-82.324570,-12.990199,18.448602,90.181978,0.000000,1
576.300000,,,,,,,,,,,,,,28.141971,-82.324551,-12.955727,18.496675,90.164408,0.000000,1
576.400000,,,,,,,,,,,,,,28.141971,-82.324532,-12.921256,18.544748,90.146838,0.000000,1
576.500000,,,,,,,,,,,,,,28.141971,-82.324513,-12.886785,18.592822,90.129268,0.000000,1
576.600000,,,,,,,,,,,,,,28.141970,-82.324494,-12.852313,18.640895,90.111699,0.000000,1
576.700000,,,,,,,,,,,,,,28.141970,-82.324475,-12.817842,18.688969,90.094129,0.000000,1
576.800000,,,,,,,,,,,,,,28.141970,-82.324456,-12.783370,18.737042,90.076559,0.000000,1
576.900000,,,,,,,,,,,,,,28.141970,-82.324437,-12.748899,18.785116,90.058989,0.000000,1
577.000000,,,,,,,,,,,,,,28.141970,-82.324418,-12.714428,18.833189,90.041420,0.000000,1
577.100000,,,,,,,,,,,,,,28.141970,-82.324399,-12.679956,18.881263,90.023850,0.000000,1
577.200000,,,,,,,,,,,,,,28.141970,-82.324380,-12.650228,18.925436,90.008775,0.000000,1
577.300000,,,,,,,,,,,,,,28.141970,-82.324361,-12.672694,18.926695,90.021155,0.000000,1
577.400000,,,,,,,,,,,,,,28.141969,-82.324341,-12.695159,18.927954,90.033534,0.000000,1
577.500000,,,,,,,,,,,,,,28.141969,-82.324321,-12.717625,18.929212,90.045914,0.000000,1
577.600000,,,,,,,,,,,,,,28.141969,-82.324302,-12.740091,18.930471,90.058293,0.000000,1
577.700000,,,,,,,,,,,,,,28.141969,-82.324282,-12.762557,18.931730,90.070673,0.000000,1
577.800000,,,,,,,,,,,,,,28.141969,-82.324263,-12.785022,18.932989,90.083052,0.000000,1
577.900000,,,,,,,,,,,,,,28.141969,-82.324243,-12.807488,18.934248,90.095432,0.000000,1
578.000000,,,,,,,,,,,,,,28.141969,-82.324223,-12.829954,18.935507,90.107811,0.000000,1
578.100000,,,,,,,,,,,,,,28.141969,-82.324204,-12.852420,18.936765,90.120191,0.000000,1
578.200000,,,,,,,,,,,,,,28.141969,-82.324184,-12.875024,18.936494,90.129842,0.000000,1
578.300000,,,,,,,,,,,,,,28.141969,-82.324164,-12.899533,18.915225,90.102069,0.000000,1
578.400000,,,,,,,,,,,,,,28.141969,-82.324145,-12.924043,18.893957,90.074297,0.000000,1
578.500000,,,,,,,,,,,,,,28.141969,-82.324125,-12.948552,18.872689,90.046524,0.000000,1
578.600000,,,,,,,,,,,,,,28.141970,-82.324105,-12.973061,18.851421,90.018752,0.000000,1
578.700000,,,,,,,,,,,,,,28.141970,-82.324086,-12.997570,18.830153,89.990979,0.000000,1
578.800000,,,,,,,,,,,,,,28.141970,-82.324066,-13.022079,18.808885,89.963207,0.000000,1
578.900000,,,,,,,,,,,,,,28.141970,-82.324046,-13.046589,18.787617,89.935434,0.000000,1
579.000000,,,,,,,,,,,,,,28.141971,-82.324026,-13.071098,18.766349,89.907662,0.000000,1
579.100000,,,,,,,,,,,,,,28.141971,-82.324007,-13.095607,18.745081,89.879889,0.000000,1
579.200000,,,,,,,,,,,,,,28.141971,-82.323987,-13.113951,18.724297,89.858141,0.000000,1
579.300000,,,,,,,,,,,,,,28.141971,-82.323969,-13.069268,18.708456,89.897974,0.000000,1
579.400000,,,,,,,,,,,,,,28.141971,-82.323950,-13.024586,18.692616,89.937808,0.000000,1
579.500000,,,,,,,,,,,,,,28.141970,-82.323931,-12.979904,18.676776,89.977641,0.000000,1
579.600000,,,,,,,,,,,,,,28.141970,-82.323913,-12.935221,18.660936,90.017475,0.000000,1
579.700000,,,,,,,,,,,,,,28.141970,-82.323894,-12.890539,18.645095,90.057308,0.000000,1
579.800000,,,,,,,,,,,,,,28.141970,-82.323875,-12.845857,18.629255,90.097142,0.000000,1
579.900000,,,,,,,,,,,,,,28.141969,-82.323857,-12.801174,18.613415,90.136976,0.000000,1
580.000000,,,,,,,,,,,,,,28.141969,-82.323838,-12.756492,18.597575,90.176809,0.000000,1
580.100000,,,,,,,,,,,,,,28.141969,-82.323819,-12.711809,18.581735,90.216643,0.000000,1
580.200000,,,,,,,,,,,,,,28.141969,-82.323801,-12.669851,18.566396,90.251797,0.000000,1
580.300000,,,,,,,,,,,,,,28.141969,-82.323782,-12.666652,18.558191,90.220380,0.000000,1
580.400000,,,,,,,,,,,,,,28.141969,-82.323764,-12.663453,18.549986,90.188962,0.000000,1
580.500000,,,,,,,,,,,,,,28.141969,-82.323745,-12.660254,18.541780,90.157544,0.000000,1
580.600000,,,,,,,,,,,,,,28.141968,-82.323727,-12.657054,18.533575,90.126126,0.000000,1
580.700000,,,,,,,,,,,,,,28.141968,-82.323708,-12.653855,18.525370,90.094709,0.000000,1
580.800000,,,,,,,,,,,,,,28.141968,-82.323690,-12.650656,18.517165,90.063291,0.000000,1
580.900000,,,,,,,,,,,,,,28.141968,-82.323671,-12.647457,18.508960,90.031873,0.000000,1
581.000000,,,,,,,,,,,,,,28.141968,-82.323652,-12.644258,18.500755,90.000455,0.000000,1
581.100000,,,,,,,,,,,,,,28.141968,-82.323634,-12.641059,18.492550,89.969037,0.000000,1
581.200000,,,,,,,,,,,,,,28.141968,-82.323615,-12.638581,18.483965,89.939344,0.000000,1
581.300000,,,,,,,,,,,,,,28.141968,-82.323597,-12.645140,18.470624,89.931259,0.000000,1
581.400000,,,,,,,,,,,,,,28.141969,-82.323579,-12.651700,18.457283,89.923173,0.000000,1
581.500000,,,,,,,,,,,,,,28.141969,-82.323560,-12.658260,18.443942,89.915088,0.000000,1
581.600000,,,,,,,,,,,,,,28.141969,-82.323542,-12.664819,18.430601,89.907003,0.000000,1
581.700000,,,,,,,,,,,,,,28.141970,-82.323523,-12.671379,18.417260,89.898917,0.000000,1
581.800000,,,,,,,,,,,,,,28.141970,-82.323505,-12.677938,18.403919,89.890832,0.000000,1
581.900000,,,,,,,,,,,,,,28.141970,-82.323487,-12.684498,18.390579,89.882747,0.000000,1
582.000000,,,,,,,,,,,,,,28.141971,-82.323468,-12.691058,18.377238,89.874661,0.000000,1
582.100000,,,,,,,,,,,,,,28.141971,-82.323450,-12.697617,18.363897,89.866576,0.000000,1
582.200000,,,,,,,,,,,,,,28.141972,-82.323432,-12.705467,18.350338,89.859568,0.000000,1
582.300000,,,,,,,,,,,,,,28.141971,-82.323413,-12.764845,18.328100,89.895597,0.000000,1
582.400000,,,,,,,,,,,,,,28.141970,-82.323394,-12.824224,18.305862,89.931626,0.000000,1
582.500000,,,,,,,,,,,,,,28.141970,-82.323375,-12.883602,18.283624,89.967655,0.000000,1
582.600000,,,,,,,,,,,,,,28.141969,-82.323357,-12.942980,18.261386,90.003683,0.000000,1
582.700000,,,,,,,,,,,,,,28.141968,-82.323338,-13.002359,18.239147,90.039712,0.000000,1
582.800000,,,,,,,,,,,,,,28.141968,-82.323319,-13.061737,18.216909,90.075741,0.000000,1
582.900000,,,,,,,,,,,,,,28.141967,-82.323301,-13.121115,18.194671,90.111770,0.000000,1
583.000000,,,,,,,,,,,,,,28.141966,-82.323282,-13.180494,18.172433,90.147798,0.000000,1
583.100000,,,,,,,,,,,,,,28.141966,-82.323263,-13.239872,18.150195,90.183827,0.000000,1
583.200000,,,,,,,,,,,,,,28.141965,-82.323245,-13.292298,18.126220,90.214447,0.000000,1
583.300000,,,,,,,,,,,,,,28.141965,-82.323227,-13.275488,18.084959,90.191202,0.000000,1
583.400000,,,,,,,,,,,,,,28.141966,-82.323209,-13.258679,18.043697,90.167958,0.000000,1
583.500000,,,,,,,,,,,,,,28.141966,-82.323191,-13.241870,18.002435,90.144713,0.000000,1
583.600000,,,,,,,,,,,,,,28.141966,-82.323174,-13.225060,17.961173,90.121469,0.000000,1
583.700000,,,,,,,,,,,,,,28.141966,-82.323156,-13.208251,17.919911,90.098224,0.000000,1
583.800000,,,,,,,,,,,,,,28.141966,-82.323138,-13.191441,17.878649,90.074979,0.000000,1
583.900000,,,,,,,,,,,,,,28.141967,-82.323121,-13.174632,17.837387,90.051735,0.000000,1
584.000000,,,,,,,,,,,,,,28.141967,-82.323103,-13.157823,17.796125,90.028490,0.000000,1
584.100000,,,,,,,,,,,,,,28.141967,-82.323085,-13.141013,17.754863,90.005246,0.000000,1
584.200000,,,,,,,,,,,,,,28.141967,-82.323067,-13.122543,17.714482,89.983064,0.000000,1
584.300000,,,,,,,,,,,,,,28.141968,-82.323049,-13.084842,17.684300,89.973187,0.000000,1
584.400000,,,,,,,,,,,,,,28.141968,-82.323031,-13.047142,17.654118,89.963311,0.000000,1
584.500000,,,,,,,,,,,,,,28.141968,-82.323013,-13.009441,17.623936,89.953434,0.000000,1
584.600000,,,,,,,,,,,,,,28.141968,-82.322995,-12.971740,17.593754,89.943558,0.000000,1
584.700000,,,,,,,,,,,,,,28.141968,-82.322977,-12.934039,17.563572,89.933681,0.000000,1
584.800000,,,,,,,,,,,,,,28.141968,-82.322959,-12.896338,17.533390,89.923805,0.000000,1
584.900000,,,,,,,,,,,,,,28.141969,-82.322941,-12.858637,17.503208,89.913928,0.000000,1
585.000000,,,,,,,,,,,,,,28.141969,-82.322923,-12.820936,17.473026,89.904052,0.000000,1
585.100000,,,,,,,,,,,,,,28.141969,-82.322905,-12.783235,17.442844,89.894175,0.000000,1
585.200000,,,,,,,,,,,,,,28.141969,-82.322887,-12.749813,17.411464,89.884694,0.000000,1
585.300000,,,,,,,,,,,,,,28.141969,-82.322870,-12.761922,17.367337,89.879425,0.000000,1
585.400000,,,,,,,,,,,,,,28.141968,-82.322852,-12.774030,17.323210,89.874156,0.000000,1
585.500000,,,,,,,,,,,,,,28.141968,-82.322835,-12.786139,17.279083,89.868886,0.000000,1
585.600000,,,,,,,,,,,,,,28.141968,-82.322818,-12.798248,17.234956,89.863617,0.000000,1
585.700000,,,,,,,,,,,,,,28.141967,-82.322800,-12.810356,17.190830,89.858347,0.000000,1
585.800000,,,,,,,,,,,,,,28.141967,-82.322783,-12.822465,17.146703,89.853078,0.000000,1
585.900000,,,,,,,,,,,,,,28.141967,-82.322765,-12.834574,17.102576,89.847809,0.000000,1
586.000000,,,,,,,,,,,,,,28.141967,-82.322748,-12.846682,17.058449,89.842539,0.000000,1
586.100000,,,,,,,,,,,,,,28.141966,-82.322731,-12.858791,17.014322,89.837270,0.000000,1
586.200000,,,,,,,,,,,,,,28.141966,-82.322713,-12.865169,16.970163,89.831546,0.000000,1
586.300000,,,,,,,,,,,,,,28.141966,-82.322696,-12.811349,16.925656,89.821044,0.000000,1
586.400000,,,,,,,,,,,,,,28.141966,-82.322678,-12.757530,16.881150,89.810543,0.000000,1
586.500000,,,,,,,,,,,,,,28.141967,-82.322661,-12.703710,16.836644,89.800041,0.000000,1
586.600000,,,,,,,,,,,,,,28.141967,-82.322643,-12.649890,16.792138,89.789540,0.000000,1
586.700000,,,,,,,,,,,,,,28.141967,-82.322626,-12.596071,16.747632,89.779039,0.000000,1
586.800000,,,,,,,,,,,,,,28.141967,-82.322609,-12.542251,16.703126,89.768537,0.000000,1
586.900000,,,,,,,,,,,,,,28.141967,-82.322591,-12.488431,16.658620,89.758036,0.000000,1
587.000000,,,,,,,,,,,,,,28.141968,-82.322574,-12.434612,16.614113,89.747535,0.000000,1
587.100000,,,,,,,,,,,,,,28.141968,-82.322556,-12.380792,16.569607,89.737033,0.000000,1
587.200000,,,,,,,,,,,,,,28.141968,-82.322539,-12.328887,16.525807,89.735457,0.000000,1
587.300000,,,,,,,,,,,,,,28.141968,-82.322522,-12.289786,16.486729,89.793582,0.000000,1
587.400000,,,,,,,,,,,,,,28.141969,-82.322506,-12.250685,16.447652,89.851707,0.000000,1
587.500000,,,,,,,,,,,,,,28.141969,-82.322490,-12.211585,16.408574,89.909832,0.000000,1
587.600000,,,,,,,,,,,,,,28.141969,-82.322473,-12.172484,16.369496,89.967957,0.000000,1
587.700000,,,,,,,,,,,,,,28.141970,-82.322457,-12.133383,16.330419,90.026082,0.000000,1
587.800000,,,,,,,,,,,,,,28.141970,-82.322441,-12.094283,16.291341,90.084207,0.000000,1
587.900000,,,,,,,,,,,,,,28.141970,-82.322424,-12.055182,16.252263,90.142332,0.000000,1
588.000000,,,,,,,,,,,,,,28.141971,-82.322408,-12.016082,16.213186,90.200457,0.000000,1
588.100000,,,,,,,,,,,,,,28.141971,-82.322392,-11.976981,16.174108,90.258582,0.000000,1
588.200000,,,,,,,,,,,,,,28.141971,-82.322375,-11.941520,16.134588,90.309221,0.000000,1
588.300000,,,,,,,,,,,,,,28.141971,-82.322360,-11.927482,16.092467,90.315802,0.000000,1
588.400000,,,,,,,,,,,,,,28.141972,-82.322344,-11.913444,16.050347,90.322382,0.000000,1
588.500000,,,,,,,,,,,,,,28.141972,-82.322328,-11.899407,16.008226,90.328962,0.000000,1
588.600000,,,,,,,,,,,,,,28.141972,-82.322312,-11.885369,15.966105,90.335543,0.000000,1
588.700000,,,,,,,,,,,,,,28.141972,-82.322296,-11.871331,15.923984,90.342123,0.000000,1
588.800000,,,,,,,,,,,,,,28.141972,-82.322280,-11.857293,15.881864,90.348704,0.000000,1
588.900000,,,,,,,,,,,,,,28.141972,-82.322264,-11.843255,15.839743,90.355284,0.000000,1
589.000000,,,,,,,,,,,,,,28.141972,-82.322248,-11.829218,15.797622,90.361864,0.000000,1
589.100000,,,,,,,,,,,,,,28.141973,-82.322232,-11.815180,15.755501,90.368445,0.000000,1
589.200000,,,,,,,,,,,,,,28.141973,-82.322217,-11.799761,15.711416,90.375070,0.000000,1
589.300000,,,,,,,,,,,,,,28.141973,-82.322201,-11.771592,15.649190,90.382112,0.000000,1
589.400000,,,,,,,,,,,,,,28.141973,-82.322185,-11.743422,15.586964,90.389155,0.000000,1
589.500000,,,,,,,,,,,,,,28.141974,-82.322170,-11.715253,15.524739,90.396197,0.000000,1
589.600000,,,,,,,,,,,,,,28.141974,-82.322154,-11.687084,15.462513,90.403239,0.000000,1
589.700000,,,,,,,,,,,,,,28.141974,-82.322139,-11.658915,15.400288,90.410281,0.000000,1
589.800000,,,,,,,,,,,,,,28.141975,-82.322123,-11.630746,15.338062,90.417323,0.000000,1
589.900000,,,,,,,,,,,,,,28.141975,-82.322107,-11.602577,15.275837,90.424365,0.000000,1
590.000000,,,,,,,,,,,,,,28.141975,-82.322092,-11.574408,15.213611,90.431407,0.000000,1
590.100000,,,,,,,,,,,,,,28.141976,-82.322076,-11.546238,15.151386,90.438450,0.000000,1
590.200000,,,,,,,,,,,,,,28.141976,-82.322061,-11.527428,15.078333,90.448197,0.000000,1
590.300000,,,,,,,,,,,,,,28.141976,-82.322046,-11.586956,14.914645,90.480593,0.000000,1
590.400000,,,,,,,,,,,,,,28.141976,-82.322031,-11.646485,14.750958,90.512988,0.000000,1
590.500000,,,,,,,,,,,,,,28.141975,-82.322017,-11.706014,14.587270,90.545383,0.000000,1
590.600000,,,,,,,,,,,,,,28.141975,-82.322002,-11.765543,14.423583,90.577779,0.000000,1
590.700000,,,,,,,,,,,,,,28.141975,-82.321987,-11.825072,14.259895,90.610174,0.000000,1
590.800000,,,,,,,,,,,,,,28.141975,-82.321972,-11.884600,14.096208,90.642569,0.000000,1
590.900000,,,,,,,,,,,,,,28.141975,-82.321958,-11.944129,13.932521,90.674965,0.000000,1
591.000000,,,,,,,,,,,,,,28.141975,-82.321943,-12.003658,13.768833,90.707360,0.000000,1
591.100000,,,,,,,,,,,,,,28.141974,-82.321928,-12.063187,13.605146,90.739755,0.000000,1
591.200000,,,,,,,,,,,,,,28.141974,-82.321914,-12.120740,13.439851,90.767721,0.000000,1
591.300000,,,,,,,,,,,,,,28.141974,-82.321901,-12.157983,13.258032,90.750141,0.000000,1
591.400000,,,,,,,,,,,,,,28.141974,-82.321888,-12.195226,13.076212,90.732561,0.000000,1
591.500000,,,,,,,,,,,,,,28.141974,-82.321875,-12.232468,12.894393,90.714981,0.000000,1
591.600000,,,,,,,,,,,,,,28.141974,-82.321862,-12.269711,12.712573,90.697401,0.000000,1
591.700000,,,,,,,,,,,,,,28.141974,-82.321849,-12.306954,12.530754,90.679821,0.000000,1
591.800000,,,,,,,,,,,,,,28.141974,-82.321836,-12.344197,12.348934,90.662241,0.000000,1
591.900000,,,,,,,,,,,,,,28.141974,-82.321823,-12.381439,12.167115,90.644661,0.000000,1
592.000000,,,,,,,,,,,,,,28.141974,-82.321810,-12.418682,11.985295,90.627081,0.000000,1
592.100000,,,,,,,,,,,,,,28.141974,-82.321797,-12.455925,11.803476,90.609501,0.000000,1
592.200000,,,,,,,,,,,,,,28.141974,-82.321784,-12.483898,11.618674,90.603616,0.000000,1
592.300000,,,,,,,,,,,,,,28.141974,-82.321773,-12.430545,11.407700,90.700338,0.000000,1
592.400000,,,,,,,,,,,,,,28.141974,-82.321762,-12.377192,11.196727,90.797059,0.000000,1
592.500000,,,,,,,,,,,,,,28.141974,-82.321751,-12.323839,10.985754,90.893781,0.000000,1
592.600000,,,,,,,,,,,,,,28.141974,-82.321740,-12.270486,10.774780,90.990503,0.000000,1
592.700000,,,,,,,,,,,,,,28.141973,-82.321729,-12.217133,10.563807,91.087225,0.000000,1
592.800000,,,,,,,,,,,,,,28.141973,-82.321718,-12.163780,10.352834,91.183947,0.000000,1
592.900000,,,,,,,,,,,,,,28.141973,-82.321707,-12.110427,10.141860,91.280669,0.000000,1
593.000000,,,,,,,,,,,,,,28.141973,-82.321696,-12.057074,9.930887,91.377391,0.000000,1
593.100000,,,,,,,,,,,,,,28.141973,-82.321685,-12.003721,9.719914,91.474112,0.000000,1
593.200000,,,,,,,,,,,,,,28.141973,-82.321674,-11.952064,9.506098,91.643754,0.000000,1
593.300000,,,,,,,,,,,,,,28.141972,-82.321665,-11.916095,9.266000,92.487570,0.000000,1
593.400000,,,,,,,,,,,,,,28.141972,-82.321657,-11.880125,9.025903,93.331387,0.000000,1
593.500000,,,,,,,,,,,,,,28.141971,-82.321648,-11.844156,8.785805,94.175204,0.000000,1
593.600000,,,,,,,,,,,,,,28.141971,-82.321640,-11.808187,8.545708,95.019020,0.000000,1
593.700000,,,,,,,,,,,,,,28.141971,-82.321631,-11.772217,8.305610,95.862837,0.000000,1
593.800000,,,,,,,,,,,,,,28.141970,-82.321623,-11.736248,8.065513,96.706653,0.000000,1
593.900000,,,,,,,,,,,,,,28.141970,-82.321614,-11.700279,7.825415,97.550470,0.000000,1
594.000000,,,,,,,,,,,,,,28.141970,-82.321606,-11.664309,7.585318,98.394286,0.000000,1
594.100000,,,,,,,,,,,,,,28.141969,-82.321597,-11.628340,7.345220,99.238103,0.000000,1
594.200000,,,,,,,,,,,,,,28.141969,-82.321589,-11.597104,7.118005,100.247393,0.000000,1
594.300000,,,,,,,,,,,,,,28.141967,-82.321584,-11.609533,7.009628,102.783222,0.000000,1
594.400000,,,,,,,,,,,,,,28.141965,-82.321579,-11.621962,6.901252,105.319052,0.000000,1
594.500000,,,,,,,,,,,,,,28.141963,-82.321575,-11.634391,6.792875,107.854882,0.000000,1
594.600000,,,,,,,,,,,,,,28.141961,-82.321570,-11.646820,6.684499,110.390712,0.000000,1
594.700000,,,,,,,,,,,,,,28.141960,-82.321565,-11.659249,6.576122,112.926542,0.000000,1
594.800000,,,,,,,,,,,,,,28.141958,-82.321561,-11.671678,6.467746,115.462372,0.000000,1
594.900000,,,,,,,,,,,,,,28.141956,-82.321556,-11.684107,6.359369,117.998201,0.000000,1
595.000000,,,,,,,,,,,,,,28.141954,-82.321551,-11.696536,6.250993,120.534031,0.000000,1
595.100000,,,,,,,,,,,,,,28.141952,-82.321546,-11.708965,6.142616,123.069861,0.000000,1
595.200000,,,,,,,,,,,,,,28.141950,-82.321542,-11.722934,6.041869,125.411956,0.000000,1
595.300000,,,,,,,,,,,,,,28.141947,-82.321537,-11.750308,6.007588,126.066335,0.000000,1
595.400000,,,,,,,,,,,,,,28.141944,-82.321532,-11.777683,5.973307,126.720714,0.000000,1
595.500000,,,,,,,,,,,,,,28.141941,-82.321528,-11.805058,5.939026,127.375092,0.000000,1
595.600000,,,,,,,,,,,,,,28.141937,-82.321523,-11.832432,5.904745,128.029471,0.000000,1
595.700000,,,,,,,,,,,,,,28.141934,-82.321518,-11.859807,5.870463,128.683850,0.000000,1
595.800000,,,,,,,,,,,,,,28.141931,-82.321514,-11.887182,5.836182,129.338229,0.000000,1
595.900000,,,,,,,,,,,,,,28.141928,-82.321509,-11.914557,5.801901,129.992607,0.000000,1
596.000000,,,,,,,,,,,,,,28.141924,-82.321504,-11.941931,5.767620,130.646986,0.000000,1
596.100000,,,,,,,,,,,,,,28.141921,-82.321500,-11.969306,5.733339,131.301365,0.000000,1
596.200000,,,,,,,,,,,,,,28.141918,-82.321495,-11.996118,5.703657,132.259502,0.000000,1
596.300000,,,,,,,,,,,,,,28.141913,-82.321494,-12.017828,5.715664,135.970665,0.000000,1
596.400000,,,,,,,,,,,,,,28.141908,-82.321493,-12.039538,5.727670,139.681828,0.000000,1
596.500000,,,,,,,,,,,,,,28.141903,-82.321491,-12.061248,5.739677,143.392990,0.000000,1
596.600000,,,,,,,,,,,,,,28.141898,-82.321490,-12.082958,5.751684,147.104153,0.000000,1
596.700000,,,,,,,,,,,,,,28.141893,-82.321488,-12.104668,5.763690,150.815315,0.000000,1
596.800000,,,,,,,,,,,,,,28.141888,-82.321487,-12.126378,5.775697,154.526478,0.000000,1
596.900000,,,,,,,,,,,,,,28.141883,-82.321485,-12.148088,5.787703,158.237640,0.000000,1
597.000000,,,,,,,,,,,,,,28.141878,-82.321484,-12.169798,5.799710,161.948803,0.000000,1
597.100000,,,,,,,,,,,,,,28.141873,-82.321482,-12.191509,5.811716,165.659966,0.000000,1
597.200000,,,,,,,,,,,,,,28.141868,-82.321481,-12.209590,5.827963,169.205068,0.000000,1
597.300000,,,,,,,,,,,,,,28.141862,-82.321480,-12.172961,5.908132,170.246508,0.000000,1
597.400000,,,,,,,,,,,,,,28.141857,-82.321478,-12.136332,5.988301,171.287948,0.000000,1
597.500000,,,,,,,,,,,,,,28.141851,-82.321477,-12.099704,6.068470,172.329388,0.000000,1
597.600000,,,,,,,,,,,,,,28.141846,-82.321476,-12.063075,6.148638,173.370828,0.000000,1
597.700000,,,,,,,,,,,,,,28.141840,-82.321475,-12.026446,6.228807,174.412268,0.000000,1
597.800000,,,,,,,,,,,,,,28.141835,-82.321474,-11.989817,6.308976,175.453708,0.000000,1
597.900000,,,,,,,,,,,,,,28.141829,-82.321473,-11.953189,6.389145,176.495148,0.000000,1
598.000000,,,,,,,,,,,,,,28.141823,-82.321472,-11.916560,6.469314,177.536588,0.000000,1
598.100000,,,,,,,,,,,,,,28.141818,-82.321471,-11.879931,6.549483,178.578028,0.000000,1
598.200000,,,,,,,,,,,,,,28.141812,-82.321470,-11.843371,6.630715,179.579321,0.000000,1
598.300000,,,,,,,,,,,,,,28.141805,-82.321469,-11.807859,6.728214,179.966404,0.000000,1
598.400000,,,,,,,,,,,,,,28.141797,-82.321468,-11.772348,6.825712,180.353487,0.000000,1
598.500000,,,,,,,,,,,,,,28.141790,-82.321468,-11.736836,6.923211,180.740570,0.000000,1
598.600000,,,,,,,,,,,,,,28.141783,-82.321467,-11.701324,7.020709,181.127653,0.000000,1
598.700000,,,,,,,,,,,,,,28.141775,-82.321466,-11.665813,7.118208,181.514736,0.000000,1
598.800000,,,,,,,,,,,,,,28.141768,-82.321466,-11.630301,7.215706,181.901819,0.000000,1
598.900000,,,,,,,,,,,,,,28.141761,-82.321465,-11.594789,7.313205,182.288902,0.000000,1
599.000000,,,,,,,,,,,,,,28.141753,-82.321464,-11.559278,7.410703,182.675985,0.000000,1
599.100000,,,,,,,,,,,,,,28.141746,-82.321464,-11.528570,7.506959,183.048055,0.000000,1
599.200000,,,,,,,,,,,,,,28.141739,-82.321464,-11.551219,7.589408,183.253365,0.000000,1
599.300000,,,,,,,,,,,,,,28.141732,-82.321465,-11.573867,7.671858,183.458674,0.000000,1
599.400000,,,,,,,,,,,,,,28.141725,-82.321466,-11.596516,7.754308,183.663984,0.000000,1
599.500000,,,,,,,,,,,,,,28.141717,-82.321467,-11.619165,7.836758,183.869294,0.000000,1
599.600000,,,,,,,,,,,,,,28.141710,-82.321467,-11.641814,7.919207,184.074604,0.000000,1
599.700000,,,,,,,,,,,,,,28.141703,-82.321468,-11.664463,8.001657,184.279914,0.000000,1
599.800000,,,,,,,,,,,,,,28.141696,-82.321469,-11.687112,8.084107,184.485224,0.000000,1
599.900000,,,,,,,,,,,,,,28.141689,-82.321470,-11.709761,8.166557,184.690534,0.000000,1
600.000000,,,,,,,,,,,,,,28.141682,-82.321471,-11.732410,8.249007,184.895843,0.000000,1
600.100000,,,,,,,,,,,,,,28.141675,-82.321471,-11.754770,8.330138,185.138116,0.000000,1
600.200000,,,,,,,,,,,,,,28.141668,-82.321472,-11.774338,8.398513,185.738090,0.000000,1
600.300000,,,,,,,,,,,,,,28.141661,-82.321473,-11.793905,8.466888,186.338064,0.000000,1
600.400000,,,,,,,,,,,,,,28.141655,-82.321474,-11.813473,8.535263,186.938038,0.000000,1
600.500000,,,,,,,,,,,,,,28.141648,-82.321475,-11.833041,8.603637,187.538012,0.000000,1
600.600000,,,,,,,,,,,,,,28.141641,-82.321476,-11.852608,8.672012,188.137986,0.000000,1
600.700000,,,,,,,,,,,,,,28.141635,-82.321477,-11.872176,8.740387,188.737960,0.000000,1
600.800000,,,,,,,,,,,,,,28.141628,-82.321478,-11.891744,8.808762,189.337934,0.000000,1
600.900000,,,,,,,,,,,,,,28.141621,-82.321479,-11.911311,8.877137,189.937908,0.000000,1
601.000000,,,,,,,,,,,,,,28.141615,-82.321480,-11.930879,8.945512,190.537881,0.000000,1
601.100000,,,,,,,,,,,,,,28.141608,-82.321482,-11.950447,9.013886,191.137855,0.000000,1
601.200000,,,,,,,,,,,,,,28.141601,-82.321483,-11.977824,9.078031,191.772267,0.000000,1
601.300000,,,,,,,,,,,,,,28.141592,-82.321488,-12.140992,9.068613,193.005482,0.000000,1
601.400000,,,,,,,,,,,,,,28.141583,-82.321493,-12.304160,9.059196,194.238697,0.000000,1
601.500000,,,,,,,,,,,,,,28.141574,-82.321498,-12.467328,9.049778,195.471912,0.000000,1
601.600000,,,,,,,,,,,,,,28.141565,-82.321503,-12.630496,9.040361,196.705126,0.000000,1
601.700000,,,,,,,,,,,,,,28.141557,-82.321508,-12.793664,9.030943,197.938341,0.000000,1
601.800000,,,,,,,,,,,,,,28.141548,-82.321513,-12.956832,9.021526,199.171556,0.000000,1
601.900000,,,,,,,,,,,,,,28.141539,-82.321519,-13.120000,9.012109,200.404770,0.000000,1
602.000000,,,,,,,,,,,,,,28.141530,-82.321524,-13.283168,9.002691,201.637985,0.000000,1
602.100000,,,,,,,,,,,,,,28.141521,-82.321529,-13.433076,8.992294,202.877956,0.000000,1
602.200000,,,,,,,,,,,,,,28.141515,-82.321534,-13.460975,8.972880,204.180085,0.000000,1
602.300000,,,,,,,,,,,,,,28.141509,-82.321539,-13.488875,8.953466,205.482215,0.000000,1
602.400000,,,,,,,,,,,,,,28.141502,-82.321544,-13.516775,8.934051,206.784344,0.000000,1
602.500000,,,,,,,,,,,,,,28.141496,-82.321548,-13.544674,8.914637,208.086474,0.000000,1
602.600000,,,,,,,,,,,,,,28.141490,-82.321553,-13.572574,8.895223,209.388603,0.000000,1
602.700000,,,,,,,,,,,,,,28.141483,-82.321558,-13.600473,8.875809,210.690733,0.000000,1
602.800000,,,,,,,,,,,,,,28.141477,-82.321563,-13.628373,8.856395,211.992863,0.000000,1
602.900000,,,,,,,,,,,,,,28.141471,-82.321568,-13.656272,8.836981,213.294992,0.000000,1
603.000000,,,,,,,,,,,,,,28.141464,-82.321573,-13.684172,8.817567,214.597122,0.000000,1
603.100000,,,,,,,,,,,,,,28.141458,-82.321578,-13.712276,8.800681,215.830794,0.000000,1
603.200000,,,,,,,,,,,,,,28.141452,-82.321584,-13.742641,8.811768,216.306788,0.000000,1
603.300000,,,,,,,,,,,,,,28.141447,-82.321589,-13.773007,8.822855,216.782783,0.000000,1
603.400000,,,,,,,,,,,,,,28.141441,-82.321594,-13.803373,8.833943,217.258777,0.000000,1
603.500000,,,,,,,,,,,,,,28.141435,-82.321600,-13.833738,8.845030,217.734771,0.000000,1
603.600000,,,,,,,,,,,,,,28.141429,-82.321605,-13.864104,8.856118,218.210765,0.000000,1
603.700000,,,,,,,,,,,,,,28.141423,-82.321611,-13.894469,8.867205,218.686759,0.000000,1
603.800000,,,,,,,,,,,,,,28.141418,-82.321616,-13.924835,8.878293,219.162754,0.000000,1
603.900000,,,,,,,,,,,,,,28.141412,-82.321622,-13.955200,8.889380,219.638748,0.000000,1
604.000000,,,,,,,,,,,,,,28.141406,-82.321627,-13.985566,8.900468,220.114742,0.000000,1
604.100000,,,,,,,,,,,,,,28.141400,-82.321633,-14.016955,8.911503,220.570592,0.000000,1
604.200000,,,,,,,,,,,,,,28.141394,-82.321638,-14.076366,8.921123,220.475049,0.000000,1
604.300000,,,,,,,,,,,,,,28.141389,-82.321643,-14.135778,8.930742,220.379507,0.000000,1
604.400000,,,,,,,,,,,,,,28.141383,-82.321648,-14.195189,8.940362,220.283964,0.000000,1
604.500000,,,,,,,,,,,,,,28.141377,-82.321653,-14.254601,8.949981,220.188421,0.000000,1
604.600000,,,,,,,,,,,,,,28.141371,-82.321658,-14.314012,8.959601,220.092879,0.000000,1
604.700000,,,,,,,,,,,,,,28.141365,-82.321663,-14.373423,8.969220,219.997336,0.000000,1
604.800000,,,,,,,,,,,,,,28.141359,-82.321668,-14.432835,8.978840,219.901793,0.000000,1
604.900000,,,,,,,,,,,,,,28.141354,-82.321673,-14.492246,8.988459,219.806251,0.000000,1
605.000000,,,,,,,,,,,,,,28.141348,-82.321678,-14.551657,8.998078,219.710708,0.000000,1
605.100000,,,,,,,,,,,,,,28.141342,-82.321684,-14.611069,9.007698,219.615166,0.000000,1
605.200000,,,,,,,,,,,,,,28.141336,-82.321689,-14.672605,9.018274,219.487997,0.000000,1
605.300000,,,,,,,,,,,,,,28.141329,-82.321695,-14.756381,9.038865,219.029760,0.000000,1
605.400000,,,,,,,,,,,,,,28.141323,-82.321700,-14.840158,9.059456,218.571524,0.000000,1
605.500000,,,,,,,,,,,,,,28.141316,-82.321706,-14.923935,9.080047,218.113288,0.000000,1
605.600000,,,,,,,,,,,,,,28.141309,-82.321712,-15.007712,9.100638,217.655052,0.000000,1
605.700000,,,,,,,,,,,,,,28.141303,-82.321718,-15.091488,9.121229,217.196815,0.000000,1
605.800000,,,,,,,,,,,,,,28.141296,-82.321724,-15.175265,9.141820,216.738579,0.000000,1
605.900000,,,,,,,,,,,,,,28.141289,-82.321730,-15.259042,9.162411,216.280343,0.000000,1
606.000000,,,,,,,,,,,,,,28.141283,-82.321736,-15.342818,9.183002,215.822107,0.000000,1
606.100000,,,,,,,,,,,,,,28.141276,-82.321742,-15.426595,9.203593,215.363871,0.000000,1
606.200000,,,,,,,,,,,,,,28.141269,-82.321748,-15.508336,9.223231,214.881147,0.000000,1
606.300000,,,,,,,,,,,,,,28.141261,-82.321753,-15.551045,9.224599,213.928818,0.000000,1
606.400000,,,,,,,,,,,,,,28.141253,-82.321758,-15.593753,9.225966,212.976489,0.000000,1
606.500000,,,,,,,,,,,,,,28.141245,-82.321763,-15.636461,9.227333,212.024160,0.000000,1
606.600000,,,,,,,,,,,,,,28.141237,-82.321769,-15.679169,9.228700,211.071831,0.000000,1
606.700000,,,,,,,,,,,,,,28.141228,-82.321774,-15.721878,9.230067,210.119502,0.000000,1
606.800000,,,,,,,,,,,,,,28.141220,-82.321779,-15.764586,9.231434,209.167173,0.000000,1
606.900000,,,,,,,,,,,,,,28.141212,-82.321784,-15.807294,9.232801,208.214844,0.000000,1
607.000000,,,,,,,,,,,,,,28.141204,-82.321789,-15.850002,9.234169,207.262515,0.000000,1
607.100000,,,,,,,,,,,,,,28.141195,-82.321795,-15.893031,9.233630,206.315980,0.000000,1
607.200000,,,,,,,,,,,,,,28.141187,-82.321797,-15.941142,9.202907,205.461205,0.000000,1
607.300000,,,,,,,,,,,,,,28.141179,-82.321800,-15.989252,9.172185,204.606429,0.000000,1
607.400000,,,,,,,,,,,,,,28.141172,-82.321803,-16.037363,9.141463,203.751654,0.000000,1
607.500000,,,,,,,,,,,,,,28.141164,-82.321806,-16.085473,9.110740,202.896878,0.000000,1
607.600000,,,,,,,,,,,,,,28.141156,-82.321809,-16.133584,9.080018,202.042103,0.000000,1
607.700000,,,,,,,,,,,,,,28.141148,-82.321812,-16.181694,9.049295,201.187328,0.000000,1
607.800000,,,,,,,,,,,,,,28.141140,-82.321815,-16.229805,9.018573,200.332552,0.000000,1
607.900000,,,,,,,,,,,,,,28.141132,-82.321817,-16.277915,8.987850,199.477777,0.000000,1
608.000000,,,,,,,,,,,,,,28.141124,-82.321820,-16.326026,8.957128,198.623001,0.000000,1
608.100000,,,,,,,,,,,,,,28.141116,-82.321823,-16.369088,8.931346,197.717373,0.000000,1
608.200000,,,,,,,,,,,,,,28.141107,-82.321822,-16.338497,8.977644,196.069861,0.000000,1
608.300000,,,,,,,,,,,,,,28.141099,-82.321822,-16.307906,9.023942,194.422350,0.000000,1
608.400000,,,,,,,,,,,,,,28.141091,-82.321821,-16.277315,9.070240,192.774838,0.000000,1
608.500000,,,,,,,,,,,,,,28.141083,-82.321820,-16.246725,9.116538,191.127327,0.000000,1
608.600000,,,,,,,,,,,,,,28.141075,-82.321820,-16.216134,9.162836,189.479815,0.000000,1
608.700000,,,,,,,,,,,,,,28.141067,-82.321819,-16.185543,9.209134,187.832304,0.000000,1
608.800000,,,,,,,,,,,,,,28.141058,-82.321818,-16.154953,9.255432,186.184792,0.000000,1
608.900000,,,,,,,,,,,,,,28.141050,-82.321818,-16.124362,9.301730,184.537281,0.000000,1
609.000000,,,,,,,,,,,,,,28.141042,-82.321817,-16.093771,9.348028,182.889769,0.000000,1
609.100000,,,,,,,,,,,,,,28.141034,-82.321816,-16.063180,9.394326,181.242258,0.000000,1
609.200000,,,,,,,,,,,,,,28.141026,-82.321815,-16.032444,9.437120,179.648019,0.000000,1
609.300000,,,,,,,,,,,,,,28.141016,-82.321813,-16.000031,9.439566,178.667184,0.000000,1
609.400000,,,,,,,,,,,,,,28.141007,-82.321811,-15.967619,9.442011,177.686349,0.000000,1
609.500000,,,,,,,,,,,,,,28.140998,-82.321808,-15.935206,9.444457,176.705515,0.000000,1
609.600000,,,,,,,,,,,,,,28.140989,-82.321806,-15.902793,9.446902,175.724680,0.000000,1
609.700000,,,,,,,,,,,,,,28.140980,-82.321804,-15.870381,9.449348,174.743846,0.000000,1
609.800000,,,,,,,,,,,,,,28.140971,-82.321801,-15.837968,9.451793,173.763011,0.000000,1
609.900000,,,,,,,,,,,,,,28.140961,-82.321799,-15.805555,9.454239,172.782176,0.000000,1
610.000000,,,,,,,,,,,,,,28.140952,-82.321796,-15.773142,9.456684,171.801342,0.000000,1
610.100000,,,,,,,,,,,,,,28.140943,-82.321794,-15.740730,9.459129,170.820507,0.000000,1
610.200000,,,,,,,,,,,,,,28.140934,-82.321792,-15.709309,9.458571,169.850057,0.000000,1
610.300000,,,,,,,,,,,,,,28.140926,-82.321790,-15.690692,9.419249,169.013637,0.000000,1
610.400000,,,,,,,,,,,,,,28.140918,-82.321789,-15.672075,9.379926,168.177216,0.000000,1
610.500000,,,,,,,,,,,,,,28.140910,-82.321788,-15.653458,9.340603,167.340796,0.000000,1
610.600000,,,,,,,,,,,,,,28.140902,-82.321786,-15.634840,9.301281,166.504375,0.000000,1
610.700000,,,,,,,,,,,,,,28.140894,-82.321785,-15.616223,9.261958,165.667955,0.000000,1
610.800000,,,,,,,,,,,,,,28.140886,-82.321783,-15.597606,9.222635,164.831534,0.000000,1
610.900000,,,,,,,,,,,,,,28.140878,-82.321782,-15.578989,9.183313,163.995114,0.000000,1
611.000000,,,,,,,,,,,,,,28.140870,-82.321781,-15.560372,9.143990,163.158693,0.000000,1
611.100000,,,,,,,,,,,,,,28.140862,-82.321779,-15.541755,9.104667,162.322272,0.000000,1
611.200000,,,,,,,,,,,,,,28.140854,-82.321778,-15.521235,9.070546,161.448181,0.000000,1
611.300000,,,,,,,,,,,,,,28.140846,-82.321773,-15.472349,9.113958,160.012570,0.000000,1
611.400000,,,,,,,,,,,,,,28.140838,-82.321768,-15.423462,9.157369,158.576959,0.000000,1
611.500000,,,,,,,,,,,,,,28.140830,-82.321763,-15.374576,9.200781,157.141347,0.000000,1
611.600000,,,,,,,,,,,,,,28.140822,-82.321758,-15.325690,9.244192,155.705736,0.000000,1
611.700000,,,,,,,,,,,,,,28.140815,-82.321754,-15.276804,9.287604,154.270125,0.000000,1
611.800000,,,,,,,,,,,,,,28.140807,-82.321749,-15.227917,9.331016,152.834513,0.000000,1
611.900000,,,,,,,,,,,,,,28.140799,-82.321744,-15.179031,9.374427,151.398902,0.000000,1
612.000000,,,,,,,,,,,,,,28.140791,-82.321739,-15.130145,9.417839,149.963290,0.000000,1
612.100000,,,,,,,,,,,,,,28.140783,-82.321735,-15.081259,9.461251,148.527679,0.000000,1
612.200000,,,,,,,,,,,,,,28.140775,-82.321730,-15.037438,9.503219,147.118035,0.000000,1
612.300000,,,,,,,,,,,,,,28.140769,-82.321724,-15.094876,9.516346,146.227482,0.000000,1
612.400000,,,,,,,,,,,,,,28.140763,-82.321718,-15.152314,9.529472,145.336929,0.000000,1
612.500000,,,,,,,,,,,,,,28.140757,-82.321712,-15.209753,9.542598,144.446376,0.000000,1
612.600000,,,,,,,,,,,,,,28.140752,-82.321706,-15.267191,9.555724,143.555824,0.000000,1
612.700000,,,,,,,,,,,,,,28.140746,-82.321700,-15.324629,9.568851,142.665271,0.000000,1
612.800000,,,,,,,,,,,,,,28.140740,-82.321694,-15.382067,9.581977,141.774718,0.000000,1
612.900000,,,,,,,,,,,,,,28.140734,-82.321688,-15.439506,9.595103,140.884165,0.000000,1
613.000000,,,,,,,,,,,,,,28.140728,-82.321682,-15.496944,9.608230,139.993613,0.000000,1
613.100000,,,,,,,,,,,,,,28.140722,-82.321676,-15.554382,9.621356,139.103060,0.000000,1
613.200000,,,,,,,,,,,,,,28.140716,-82.321670,-15.603697,9.635195,138.232482,0.000000,1
613.300000,,,,,,,,,,,,,,28.140710,-82.321662,-15.471576,9.664954,137.808036,0.000000,1
613.400000,,,,,,,,,,,,,,28.140704,-82.321654,-15.339455,9.694713,137.383590,0.000000,1
613.500000,,,,,,,,,,,,,,28.140698,-82.321646,-15.207334,9.724472,136.959144,0.000000,1
613.600000,,,,,,,,,,,,,,28.140692,-82.321638,-15.075213,9.754231,136.534697,0.000000,1
613.700000,,,,,,,,,,,,,,28.140685,-82.321631,-14.943092,9.783990,136.110251,0.000000,1
613.800000,,,,,,,,,,,,,,28.140679,-82.321623,-14.810971,9.813749,135.685805,0.000000,1
613.900000,,,,,,,,,,,,,,28.140673,-82.321615,-14.678850,9.843508,135.261359,0.000000,1
614.000000,,,,,,,,,,,,,,28.140667,-82.321607,-14.546729,9.873267,134.836913,0.000000,1
614.100000,,,,,,,,,,,,,,28.140661,-82.321599,-14.414607,9.903026,134.412467,0.000000,1
614.200000,,,,,,,,,,,,,,28.140655,-82.321592,-14.301720,9.929991,134.021593,0.000000,1
614.300000,,,,,,,,,,,,,,28.140648,-82.321585,-14.418660,9.923566,134.031885,0.000000,1
614.400000,,,,,,,,,,,,,,28.140641,-82.321578,-14.535600,9.917142,134.042177,0.000000,1
614.500000,,,,,,,,,,,,,,28.140634,-82.321571,-14.652539,9.910718,134.052469,0.000000,1
614.600000,,,,,,,,,,,,,,28.140627,-82.321564,-14.769479,9.904293,134.062761,0.000000,1
614.700000,,,,,,,,,,,,,,28.140621,-82.321557,-14.886419,9.897869,134.073053,0.000000,1
614.800000,,,,,,,,,,,,,,28.140614,-82.321550,-15.003359,9.891445,134.083345,0.000000,1
614.900000,,,,,,,,,,,,,,28.140607,-82.321543,-15.120299,9.885020,134.093637,0.000000,1
615.000000,,,,,,,,,,,,,,28.140600,-82.321536,-15.237239,9.878596,134.103930,0.000000,1
615.100000,,,,,,,,,,,,,,28.140593,-82.321529,-15.354179,9.872172,134.114222,0.000000,1
615.200000,,,,,,,,,,,,,,28.140586,-82.321522,-15.462177,9.866189,134.147731,0.000000,1
615.300000,,,,,,,,,,,,,,28.140579,-82.321515,-15.372155,9.869978,134.695445,0.000000,1
615.400000,,,,,,,,,,,,,,28.140572,-82.321508,-15.282133,9.873767,135.243159,0.000000,1
615.500000,,,,,,,,,,,,,,28.140565,-82.321501,-15.192110,9.877556,135.790872,0.000000,1
615.600000,,,,,,,,,,,,,,28.140558,-82.321494,-15.102088,9.881345,136.338586,0.000000,1
615.700000,,,,,,,,,,,,,,28.140551,-82.321487,-15.012066,9.885135,136.886300,0.000000,1
615.800000,,,,,,,,,,,,,,28.140544,-82.321480,-14.922044,9.888924,137.434013,0.000000,1
615.900000,,,,,,,,,,,,,,28.140537,-82.321473,-14.832021,9.892713,137.981727,0.000000,1
616.000000,,,,,,,,,,,,,,28.140530,-82.321466,-14.741999,9.896502,138.529440,0.000000,1
616.100000,,,,,,,,,,,,,,28.140523,-82.321459,-14.651977,9.900291,139.077154,0.000000,1
616.200000,,,,,,,,,,,,,,28.140516,-82.321452,-14.566535,9.903092,139.608891,0.000000,1
616.300000,,,,,,,,,,,,,,28.140509,-82.321445,-14.556693,9.889580,139.876909,0.000000,1
616.400000,,,,,,,,,,,,,,28.140502,-82.321438,-14.546851,9.876069,140.144926,0.000000,1
616.500000,,,,,,,,,,,,,,28.140495,-82.321431,-14.537008,9.862557,140.412944,0.000000,1
616.600000,,,,,,,,,,,,,,28.140487,-82.321424,-14.527166,9.849045,140.680961,0.000000,1
616.700000,,,,,,,,,,,,,,28.140480,-82.321417,-14.517324,9.835533,140.948979,0.000000,1
616.800000,,,,,,,,,,,,,,28.140473,-82.321410,-14.507482,9.822022,141.216996,0.000000,1
616.900000,,,,,,,,,,,,,,28.140466,-82.321403,-14.497640,9.808510,141.485014,0.000000,1
617.000000,,,,,,,,,,,,,,28.140459,-82.321396,-14.487798,9.794998,141.753032,0.000000,1
617.100000,,,,,,,,,,,,,,28.140452,-82.321389,-14.477956,9.781486,142.021049,0.000000,1
617.200000,,,,,,,,,,,,,,28.140445,-82.321383,-14.466008,9.767981,142.297687,0.000000,1
617.300000,,,,,,,,,,,,,,28.140437,-82.321376,-14.416600,9.754594,142.727602,0.000000,1
617.400000,,,,,,,,,,,,,,28.140430,-82.321369,-14.367193,9.741206,143.157518,0.000000,1
617.500000,,,,,,,,,,,,,,28.140422,-82.321363,-14.317786,9.727819,143.587433,0.000000,1
617.600000,,,,,,,,,,,,,,28.140414,-82.321356,-14.268379,9.714431,144.017349,0.000000,1
617.700000,,,,,,,,,,,,,,28.140407,-82.321350,-14.218972,9.701044,144.447264,0.000000,1
617.800000,,,,,,,,,,,,,,28.140399,-82.321343,-14.169565,9.687656,144.877179,0.000000,1
617.900000,,,,,,,,,,,,,,28.140392,-82.321337,-14.120157,9.674269,145.307095,0.000000,1
618.000000,,,,,,,,,,,,,,28.140384,-82.321330,-14.070750,9.660881,145.737010,0.000000,1
618.100000,,,,,,,,,,,,,,28.140377,-82.321323,-14.021343,9.647494,146.166925,0.000000,1
618.200000,,,,,,,,,,,,,,28.140369,-82.321317,-13.973990,9.633578,146.591464,0.000000,1
618.300000,,,,,,,,,,,,,,28.140362,-82.321312,-13.986519,9.604279,146.859281,0.000000,1
618.400000,,,,,,,,,,,,,,28.140355,-82.321307,-13.999048,9.574979,147.127097,0.000000,1
618.500000,,,,,,,,,,,,,,28.140347,-82.321302,-14.011577,9.545679,147.394914,0.000000,1
618.600000,,,,,,,,,,,,,,28.140340,-82.321297,-14.024106,9.516380,147.662731,0.000000,1
618.700000,,,,,,,,,,,,,,28.140333,-82.321292,-14.036635,9.487080,147.930548,0.000000,1
618.800000,,,,,,,,,,,,,,28.140326,-82.321287,-14.049164,9.457780,148.198364,0.000000,1
618.900000,,,,,,,,,,,,,,28.140318,-82.321282,-14.061693,9.428481,148.466181,0.000000,1
619.000000,,,,,,,,,,,,,,28.140311,-82.321277,-14.074222,9.399181,148.733998,0.000000,1
619.100000,,,,,,,,,,,,,,28.140304,-82.321272,-14.086751,9.369881,149.001815,0.000000,1
619.200000,,,,,,,,,,,,,,28.140297,-82.321267,-14.099835,9.334251,149.259774,0.000000,1
619.300000,,,,,,,,,,,,,,28.140289,-82.321263,-14.118281,9.237474,149.422515,0.000000,1
619.400000,,,,,,,,,,,,,,28.140282,-82.321258,-14.136727,9.140697,149.585257,0.000000,1
619.500000,,,,,,,,,,,,,,28.140275,-82.321254,-14.155174,9.043920,149.747998,0.000000,1
619.600000,,,,,,,,,,,,,,28.140268,-82.321249,-14.173620,8.947143,149.910740,0.000000,1
619.700000,,,,,,,,,,,,,,28.140261,-82.321245,-14.192066,8.850365,150.073481,0.000000,1
619.800000,,,,,,,,,,,,,,28.140253,-82.321240,-14.210512,8.753588,150.236222,0.000000,1
619.900000,,,,,,,,,,,,,,28.140246,-82.321236,-14.228958,8.656811,150.398964,0.000000,1
620.000000,,,,,,,,,,,,,,28.140239,-82.321231,-14.247405,8.560034,150.561705,0.000000,1
620.100000,,,,,,,,,,,,,,28.140232,-82.321227,-14.265851,8.463257,150.724446,0.000000,1
620.200000,,,,,,,,,,,,,,28.140225,-82.321222,-14.289770,8.365743,150.883239,0.000000,1
620.300000,,,,,,,,,,,,,,28.140218,-82.321219,-14.357156,8.262380,151.010668,0.000000,1
620.400000,,,,,,,,,,,,,,28.140212,-82.321215,-14.424543,8.159016,151.138098,0.000000,1
620.500000,,,,,,,,,,,,,,28.140206,-82.321212,-14.491929,8.055653,151.265527,0.000000,1
620.600000,,,,,,,,,,,,,,28.140199,-82.321208,-14.559315,7.952290,151.392957,0.000000,1
620.700000,,,,,,,,,,,,,,28.140193,-82.321205,-14.626701,7.848927,151.520386,0.000000,1
620.800000,,,,,,,,,,,,,,28.140186,-82.321201,-14.694087,7.745564,151.647816,0.000000,1
620.900000,,,,,,,,,,,,,,28.140180,-82.321198,-14.761473,7.642200,151.775245,0.000000,1
621.000000,,,,,,,,,,,,,,28.140174,-82.321194,-14.828860,7.538837,151.902675,0.000000,1
621.100000,,,,,,,,,,,,,,28.140167,-82.321190,-14.896246,7.435474,152.030104,0.000000,1
621.200000,,,,,,,,,,,,,,28.140161,-82.321187,-14.958467,7.331481,152.147372,0.000000,1
621.300000,,,,,,,,,,,,,,28.140156,-82.321184,-14.960911,7.220200,152.147027,0.000000,1
621.400000,,,,,,,,,,,,,,28.140151,-82.321181,-14.963355,7.108920,152.146682,0.000000,1
621.500000,,,,,,,,,,,,,,28.140146,-82.321178,-14.965798,6.997639,152.146337,0.000000,1
621.600000,,,,,,,,,,,,,,28.140141,-82.321175,-14.968242,6.886358,152.145992,0.000000,1
621.700000,,,,,,,,,,,,,,28.140136,-82.321172,-14.970686,6.775077,152.145647,0.000000,1
621.800000,,,,,,,,,,,,,,28.140131,-82.321169,-14.973129,6.663796,152.145302,0.000000,1
621.900000,,,,,,,,,,,,,,28.140126,-82.321166,-14.975573,6.552515,152.144957,0.000000,1
622.000000,,,,,,,,,,,,,,28.140121,-82.321163,-14.978017,6.441234,152.144612,0.000000,1
622.100000,,,,,,,,,,,,,,28.140116,-82.321160,-14.980461,6.329953,152.144267,0.000000,1
622.200000,,,,,,,,,,,,,,28.140111,-82.321157,-14.981735,6.217459,152.158663,0.000000,1
622.300000,,,,,,,,,,,,,,28.140106,-82.321155,-14.955882,6.076796,152.515100,0.000000,1
622.400000,,,,,,,,,,,,,,28.140101,-82.321153,-14.930029,5.936133,152.871536,0.000000,1
622.500000,,,,,,,,,,,,,,28.140097,-82.321150,-14.904176,5.795470,153.227973,0.000000,1
622.600000,,,,,,,,,,,,,,28.140092,-82.321148,-14.878322,5.654807,153.584410,0.000000,1
622.700000,,,,,,,,,,,,,,28.140087,-82.321146,-14.852469,5.514144,153.940846,0.000000,1
622.800000,,,,,,,,,,,,,,28.140082,-82.321143,-14.826616,5.373481,154.297283,0.000000,1
622.900000,,,,,,,,,,,,,,28.140078,-82.321141,-14.800763,5.232818,154.653719,0.000000,1
623.000000,,,,,,,,,,,,,,28.140073,-82.321138,-14.774910,5.092155,155.010156,0.000000,1
623.100000,,,,,,,,,,,,,,28.140068,-82.321136,-14.749056,4.951492,155.366593,0.000000,1
623.200000,,,,,,,,,,,,,,28.140064,-82.321134,-14.721899,4.811229,155.688674,0.000000,1
623.300000,,,,,,,,,,,,,,28.140060,-82.321132,-14.673087,4.677606,155.440553,0.000000,1
623.400000,,,,,,,,,,,,,,28.140057,-82.321131,-14.624276,4.543982,155.192432,0.000000,1
623.500000,,,,,,,,,,,,,,28.140054,-82.321130,-14.575465,4.410359,154.944311,0.000000,1
623.600000,,,,,,,,,,,,,,28.140051,-82.321129,-14.526654,4.276735,154.696190,0.000000,1
623.700000,,,,,,,,,,,,,,28.140047,-82.321127,-14.477843,4.143112,154.448069,0.000000,1
623.800000,,,,,,,,,,,,,,28.140044,-82.321126,-14.429032,4.009489,154.199948,0.000000,1
623.900000,,,,,,,,,,,,,,28.140041,-82.321125,-14.380221,3.875865,153.951827,0.000000,1
624.000000,,,,,,,,,,,,,,28.140037,-82.321123,-14.331410,3.742242,153.703706,0.000000,1
624.100000,,,,,,,,,,,,,,28.140034,-82.321122,-14.282599,3.608618,153.455586,0.000000,1
624.200000,,,,,,,,,,,,,,28.140031,-82.321121,-14.241004,3.479644,153.227402,0.000000,1
624.300000,,,,,,,,,,,,,,28.140028,-82.321120,-14.277932,3.401254,153.216162,0.000000,1
624.400000,,,,,,,,,,,,,,28.140026,-82.321118,-14.314859,3.322863,153.204921,0.000000,1
624.500000,,,,,,,,,,,,,,28.140024,-82.321117,-14.351787,3.244473,153.193681,0.000000,1
624.600000,,,,,,,,,,,,,,28.140021,-82.321116,-14.388714,3.166083,153.182441,0.000000,1
624.700000,,,,,,,,,,,,,,28.140019,-82.321115,-14.425642,3.087693,153.171201,0.000000,1
624.800000,,,,,,,,,,,,,,28.140017,-82.321113,-14.462569,3.009303,153.159961,0.000000,1
624.900000,,,,,,,,,,,,,,28.140014,-82.321112,-14.499497,2.930913,153.148721,0.000000,1
625.000000,,,,,,,,,,,,,,28.140012,-82.321111,-14.536424,2.852523,153.137480,0.000000,1
625.100000,,,,,,,,,,,,,,28.140010,-82.321109,-14.573352,2.774133,153.126240,0.000000,1
625.200000,,,,,,,,,,,,,,28.140007,-82.321108,-14.608823,2.697069,153.116315,0.000000,1
625.300000,,,,,,,,,,,,,,28.140005,-82.321108,-14.615396,2.646299,153.132479,0.000000,1
625.400000,,,,,,,,,,,,,,28.140003,-82.321107,-14.621970,2.595528,153.148642,0.000000,1
625.500000,,,,,,,,,,,,,,28.140001,-82.321107,-14.628543,2.544758,153.164805,0.000000,1
625.600000,,,,,,,,,,,,,,28.139999,-82.321107,-14.635116,2.493988,153.180969,0.000000,1
625.700000,,,,,,,,,,,,,,28.139997,-82.321106,-14.641690,2.443218,153.197132,0.000000,1
625.800000,,,,,,,,,,,,,,28.139995,-82.321106,-14.648263,2.392448,153.213295,0.000000,1
625.900000,,,,,,,,,,,,,,28.139993,-82.321105,-14.654837,2.341677,153.229459,0.000000,1
626.000000,,,,,,,,,,,,,,28.139991,-82.321105,-14.661410,2.290907,153.245622,0.000000,1
626.100000,,,,,,,,,,,,,,28.139989,-82.321104,-14.667983,2.240137,153.261785,0.000000,1
626.200000,,,,,,,,,,,,,,28.139987,-82.321104,-14.672645,2.189603,153.261451,0.000000,1
626.300000,,,,,,,,,,,,,,28.139985,-82.321103,-14.649281,2.142537,153.019256,0.000000,1
626.400000,,,,,,,,,,,,,,28.139983,-82.321102,-14.625917,2.095471,152.777061,0.000000,1
626.500000,,,,,,,,,,,,,,28.139981,-82.321101,-14.602553,2.048405,152.534865,0.000000,1
626.600000,,,,,,,,,,,,,,28.139979,-82.321100,-14.579189,2.001338,152.292670,0.000000,1
626.700000,,,,,,,,,,,,,,28.139977,-82.321099,-14.555825,1.954272,152.050475,0.000000,1
626.800000,,,,,,,,,,,,,,28.139974,-82.321098,-14.532461,1.907206,151.808279,0.000000,1
626.900000,,,,,,,,,,,,,,28.139972,-82.321097,-14.509097,1.860140,151.566084,0.000000,1
627.000000,,,,,,,,,,,,,,28.139970,-82.321096,-14.485733,1.813074,151.323889,0.000000,1
627.100000,,,,,,,,,,,,,,28.139968,-82.321094,-14.462369,1.766007,151.081694,0.000000,1
627.200000,,,,,,,,,,,,,,28.139966,-82.321093,-14.441540,1.719951,150.852161,0.000000,1
627.300000,,,,,,,,,,,,,,28.139964,-82.321092,-14.453612,1.686996,150.786955,0.000000,1
627.400000,,,,,,,,,,,,,,28.139963,-82.321090,-14.465683,1.654041,150.721748,0.000000,1
627.500000,,,,,,,,,,,,,,28.139961,-82.321088,-14.477754,1.621087,150.656542,0.000000,1
627.600000,,,,,,,,,,,,,,28.139959,-82.321086,-14.489825,1.588132,150.591335,0.000000,1
627.700000,,,,,,,,,,,,,,28.139958,-82.321084,-14.501896,1.555177,150.526129,0.000000,1
627.800000,,,,,,,,,,,,,,28.139956,-82.321083,-14.513968,1.522223,150.460922,0.000000,1
627.900000,,,,,,,,,,,,,,28.139954,-82.321081,-14.526039,1.489268,150.395715,0.000000,1
628.000000,,,,,,,,,,,,,,28.139952,-82.321079,-14.538110,1.456313,150.330509,0.000000,1
628.100000,,,,,,,,,,,,,,28.139951,-82.321077,-14.550181,1.423359,150.265302,0.000000,1
628.200000,,,,,,,,,,,,,,28.139949,-82.321075,-14.563011,1.389393,150.230264,0.000000,1
628.300000,,,,,,,,,,,,,,28.139948,-82.321075,-14.588792,1.338176,150.710118,0.000000,1
628.400000,,,,,,,,,,,,,,28.139947,-82.321074,-14.614573,1.286959,151.189972,0.000000,1
628.500000,,,,,,,,,,,,,,28.139947,-82.321073,-14.640354,1.235742,151.669825,0.000000,1
628.600000,,,,,,,,,,,,,,28.139946,-82.321073,-14.666135,1.184525,152.149679,0.000000,1
628.700000,,,,,,,,,,,,,,28.139945,-82.321072,-14.691915,1.133308,152.629533,0.000000,1
628.800000,,,,,,,,,,,,,,28.139944,-82.321072,-14.717696,1.082091,153.109387,0.000000,1
628.900000,,,,,,,,,,,,,,28.139944,-82.321071,-14.743477,1.030874,153.589240,0.000000,1
629.000000,,,,,,,,,,,,,,28.139943,-82.321070,-14.769258,0.979657,154.069094,0.000000,1
629.100000,,,,,,,,,,,,,,28.139942,-82.321070,-14.795039,0.928440,154.548948,0.000000,1
629.200000,,,,,,,,,,,,,,28.139941,-82.321069,-14.820819,0.877223,155.028802,0.000000,1
629.300000,,,,,,,,,,,,,,28.139940,-82.321068,-14.807737,0.887496,155.462866,0.000000,1
629.400000,,,,,,,,,,,,,,28.139939,-82.321067,-14.794130,0.898600,155.896310,0.000000,1
629.500000,,,,,,,,,,,,,,28.139938,-82.321067,-14.780522,0.909704,156.329755,0.000000,1
629.600000,,,,,,,,,,,,,,28.139937,-82.321066,-14.766914,0.920809,156.763200,0.000000,1
629.700000,,,,,,,,,,,,,,28.139936,-82.321065,-14.753307,0.931913,157.196645,0.000000,1
629.800000,,,,,,,,,,,,,,28.139935,-82.321064,-14.739699,0.943017,157.630090,0.000000,1
629.900000,,,,,,,,,,,,,,28.139934,-82.321063,-14.726092,0.954121,158.063535,0.000000,1
630.000000,,,,,,,,,,,,,,28.139933,-82.321062,-14.712484,0.965226,158.496980,0.000000,1
630.100000,,,,,,,,,,,,,,28.139932,-82.321062,-14.698877,0.976330,158.930425,0.000000,1
630.200000,,,,,,,,,,,,,,28.139931,-82.321061,-14.687285,0.985214,159.343018,0.000000,1
630.300000,,,,,,,,,,,,,,28.139931,-82.321061,-14.715575,0.950173,159.343018,0.000000,1
630.400000,,,,,,,,,,,,,,28.139930,-82.321062,-14.743865,0.915132,159.343018,0.000000,1
630.500000,,,,,,,,,,,,,,28.139930,-82.321062,-14.772155,0.880092,159.343018,0.000000,1
630.600000,,,,,,,,,,,,,,28.139930,-82.321062,-14.800445,0.845051,159.343018,0.000000,1
630.700000,,,,,,,,,,,,,,28.139929,-82.321063,-14.828735,0.810010,159.343018,0.000000,1
630.800000,,,,,,,,,,,,,,28.139929,-82.321063,-14.857025,0.774969,159.343018,0.000000,1
630.900000,,,,,,,,,,,,,,28.139929,-82.321063,-14.885315,0.739928,159.343018,0.000000,1
631.000000,,,,,,,,,,,,,,28.139929,-82.321064,-14.913605,0.704887,159.343018,0.000000,1
631.100000,,,,,,,,,,,,,,28.139928,-82.321064,-14.941895,0.669846,159.343018,0.000000,1
631.200000,,,,,,,,,,,,,,28.139928,-82.321064,-14.968084,0.635938,159.343018,0.000000,1
631.300000,,,,,,,,,,,,,,28.139926,-82.321063,-14.949338,0.626261,159.343018,0.000000,1
631.400000,,,,,,,,,,,,,,28.139925,-82.321062,-14.930592,0.616583,159.343018,0.000000,1
631.500000,,,,,,,,,,,,,,28.139923,-82.321060,-14.911846,0.606905,159.343018,0.000000,1
631.600000,,,,,,,,,,,,,,28.139922,-82.321059,-14.893100,0.597227,159.343018,0.000000,1
631.700000,,,,,,,,,,,,,,28.139920,-82.321057,-14.874354,0.587549,159.343018,0.000000,1
631.800000,,,,,,,,,,,,,,28.139919,-82.321056,-14.855608,0.577871,159.343018,0.000000,1
631.900000,,,,,,,,,,,,,,28.139917,-82.321054,-14.836863,0.568193,159.343018,0.000000,1
632.000000,,,,,,,,,,,,,,28.139916,-82.321053,-14.818117,0.558515,159.343018,0.000000,1
632.100000,,,,,,,,,,,,,,28.139914,-82.321051,-14.801324,0.548779,159.343018,0.000000,1
632.200000,,,,,,,,,,,,,,28.139914,-82.321052,-14.839949,0.537388,159.343018,0.000000,1
632.300000,,,,,,,,,,,,,,28.139914,-82.321052,-14.878574,0.525996,159.343018,0.000000,1
632.400000,,,,,,,,,,,,,,28.139914,-82.321052,-14.917199,0.514605,159.343018,0.000000,1
632.500000,,,,,,,,,,,,,,28.139913,-82.321052,-14.955824,0.503214,159.343018,0.000000,1
632.600000,,,,,,,,,,,,,,28.139913,-82.321052,-14.994450,0.491822,159.343018,0.000000,1
632.700000,,,,,,,,,,,,,,28.139913,-82.321052,-15.033075,0.480431,159.343018,0.000000,1
632.800000,,,,,,,,,,,,,,28.139913,-82.321053,-15.071700,0.469040,159.343018,0.000000,1
632.900000,,,,,,,,,,,,,,28.139912,-82.321053,-15.110325,0.457648,159.343018,0.000000,1
633.000000,,,,,,,,,,,,,,28.139912,-82.321053,-15.148950,0.446257,159.343018,0.000000,1
633.100000,,,,,,,,,,,,,,28.139912,-82.321053,-15.187576,0.434866,159.343018,0.000000,1
633.200000,,,,,,,,,,,,,,28.139912,-82.321053,-15.226516,0.424103,159.343018,0.000000,1
633.300000,,,,,,,,,,,,,,28.139911,-82.321053,-15.273013,0.428430,159.343018,0.000000,1
633.400000,,,,,,,,,,,,,,28.139910,-82.321053,-15.319510,0.432758,159.343018,0.000000,1
633.500000,,,,,,,,,,,,,,28.139909,-82.321052,-15.366007,0.437085,159.343018,0.000000,1
633.600000,,,,,,,,,,,,,,28.139909,-82.321052,-15.412504,0.441413,159.343018,0.000000,1
633.700000,,,,,,,,,,,,,,28.139908,-82.321052,-15.459001,0.445740,159.343018,0.000000,1
633.800000,,,,,,,,,,,,,,28.139907,-82.321052,-15.505498,0.450068,159.343018,0.000000,1
633.900000,,,,,,,,,,,,,,28.139906,-82.321052,-15.551995,0.454395,159.343018,0.000000,1
634.000000,,,,,,,,,,,,,,28.139906,-82.321051,-15.598492,0.458723,159.343018,0.000000,1
634.100000,,,,,,,,,,,,,,28.139905,-82.321051,-15.644989,0.463051,159.343018,0.000000,1
634.200000,,,,,,,,,,,,,,28.139904,-82.321051,-15.688658,0.464804,159.343018,0.000000,1
634.300000,,,,,,,,,,,,,,28.139905,-82.321053,-15.693042,0.430797,159.343018,0.000000,1
634.400000,,,,,,,,,,,,,,28.139906,-82.321054,-15.697425,0.396789,159.343018,0.000000,1
634.500000,,,,,,,,,,,,,,28.139907,-82.321055,-15.701808,0.362782,159.343018,0.000000,1
634.600000,,,,,,,,,,,,,,28.139907,-82.321057,-15.706192,0.328775,159.343018,0.000000,1
634.700000,,,,,,,,,,,,,,28.139908,-82.321058,-15.710575,0.294768,159.343018,0.000000,1
634.800000,,,,,,,,,,,,,,28.139909,-82.321060,-15.714958,0.260761,159.343018,0.000000,1
634.900000,,,,,,,,,,,,,,28.139910,-82.321061,-15.719341,0.226753,159.343018,0.000000,1
635.000000,,,,,,,,,,,,,,28.139911,-82.321063,-15.723725,0.192746,159.343018,0.000000,1
635.100000,,,,,,,,,,,,,,28.139911,-82.321064,-15.728108,0.158739,159.343018,0.000000,1
635.200000,,,,,,,,,,,,,,28.139912,-82.321065,-15.735471,0.130357,159.343018,0.000000,1
635.300000,,,,,,,,,,,,,,28.139913,-82.321066,-15.757876,0.130382,159.343018,0.000000,1
635.400000,,,,,,,,,,,,,,28.139914,-82.321068,-15.780282,0.130406,159.343018,0.000000,1
635.500000,,,,,,,,,,,,,,28.139915,-82.321069,-15.802688,0.130431,159.343018,0.000000,1
635.600000,,,,,,,,,,,,,,28.139916,-82.321070,-15.825093,0.130455,159.343018,0.000000,1
635.700000,,,,,,,,,,,,,,28.139916,-82.321071,-15.847499,0.130479,159.343018,0.000000,1
635.800000,,,,,,,,,,,,,,28.139917,-82.321072,-15.869905,0.130504,159.343018,0.000000,1
635.900000,,,,,,,,,,,,,,28.139918,-82.321073,-15.892310,0.130528,159.343018,0.000000,1
636.000000,,,,,,,,,,,,,,28.139919,-82.321074,-15.914716,0.130553,159.343018,0.000000,1
636.100000,,,,,,,,,,,,,,28.139920,-82.321075,-15.937122,0.130577,159.343018,0.000000,1
636.200000,,,,,,,,,,,,,,28.139920,-82.321075,-15.969427,0.130371,159.343018,0.000000,1
636.300000,,,,,,,,,,,,,,28.139921,-82.321075,-16.067246,0.128639,159.343018,0.000000,1
636.400000,,,,,,,,,,,,,,28.139921,-82.321074,-16.165065,0.126906,159.343018,0.000000,1
636.500000,,,,,,,,,,,,,,28.139921,-82.321074,-16.262884,0.125174,159.343018,0.000000,1
636.600000,,,,,,,,,,,,,,28.139921,-82.321073,-16.360703,0.123442,159.343018,0.000000,1
636.700000,,,,,,,,,,,,,,28.139921,-82.321073,-16.458522,0.121709,159.343018,0.000000,1
636.800000,,,,,,,,,,,,,,28.139921,-82.321072,-16.556341,0.119977,159.343018,0.000000,1
636.900000,,,,,,,,,,,,,,28.139921,-82.321071,-16.654160,0.118245,159.343018,0.000000,1
637.000000,,,,,,,,,,,,,,28.139922,-82.321071,-16.751979,0.116513,159.343018,0.000000,1
637.100000,,,,,,,,,,,,,,28.139922,-82.321070,-16.849798,0.114780,159.343018,0.000000,1
637.200000,,,,,,,,,,,,,,28.139922,-82.321070,-16.940450,0.113172,159.343018,0.000000,1
637.300000,,,,,,,,,,,,,,28.139922,-82.321070,-16.949463,0.112975,159.343018,0.000000,1
637.400000,,,,,,,,,,,,,,28.139922,-82.321071,-16.958477,0.112777,159.343018,0.000000,1
637.500000,,,,,,,,,,,,,,28.139923,-82.321071,-16.967491,0.112580,159.343018,0.000000,1
637.600000,,,,,,,,,,,,,,28.139923,-82.321072,-16.976504,0.112383,159.343018,0.000000,1
637.700000,,,,,,,,,,,,,,28.139923,-82.321072,-16.985518,0.112186,159.343018,0.000000,1
637.800000,,,,,,,,,,,,,,28.139924,-82.321073,-16.994532,0.111989,159.343018,0.000000,1
637.900000,,,,,,,,,,,,,,28.139924,-82.321073,-17.003545,0.111791,159.343018,0.000000,1
638.000000,,,,,,,,,,,,,,28.139924,-82.321074,-17.012559,0.111594,159.343018,0.000000,1
638.100000,,,,,,,,,,,,,,28.139925,-82.321074,-17.021573,0.111397,159.343018,0.000000,1
638.200000,,,,,,,,,,,,,,28.139925,-82.321075,-17.032728,0.111218,159.343018,0.000000,1
638.300000,,,,,,,,,,,,,,28.139925,-82.321075,-17.105005,0.111550,159.343018,0.000000,1
638.400000,,,,,,,,,,,,,,28.139925,-82.321075,-17.177282,0.111882,159.343018,0.000000,1
638.500000,,,,,,,,,,,,,,28.139926,-82.321075,-17.249559,0.112214,159.343018,0.000000,1
638.600000,,,,,,,,,,,,,,28.139926,-82.321075,-17.321836,0.112546,159.343018,0.000000,1
638.700000,,,,,,,,,,,,,,28.139926,-82.321076,-17.394112,0.112878,159.343018,0.000000,1
638.800000,,,,,,,,,,,,,,28.139926,-82.321076,-17.466389,0.113209,159.343018,0.000000,1
638.900000,,,,,,,,,,,,,,28.139927,-82.321076,-17.538666,0.113541,159.343018,0.000000,1
639.000000,,,,,,,,,,,,,,28.139927,-82.321076,-17.610943,0.113873,159.343018,0.000000,1
639.100000,,,,,,,,,,,,,,28.139927,-82.321076,-17.683220,0.114205,159.343018,0.000000,1
639.200000,,,,,,,,,,,,,,28.139927,-82.321077,-17.747331,0.114422,159.343018,0.000000,1
639.300000,,,,,,,,,,,,,,28.139928,-82.321077,-17.726908,0.113448,159.343018,0.000000,1
639.400000,,,,,,,,,,,,,,28.139928,-82.321077,-17.706484,0.112473,159.343018,0.000000,1
639.500000,,,,,,,,,,,,,,28.139929,-82.321077,-17.686061,0.111499,159.343018,0.000000,1
639.600000,,,,,,,,,,,,,,28.139929,-82.321077,-17.665637,0.110524,159.343018,0.000000,1
639.700000,,,,,,,,,,,,,,28.139930,-82.321077,-17.645214,0.109549,159.343018,0.000000,1
639.800000,,,,,,,,,,,,,,28.139930,-82.321077,-17.624790,0.108575,159.343018,0.000000,1
639.900000,,,,,,,,,,,,,,28.139931,-82.321077,-17.604367,0.107600,159.343018,0.000000,1
640.000000,,,,,,,,,,,,,,28.139931,-82.321077,-17.583943,0.106626,159.343018,0.000000,1
640.100000,,,,,,,,,,,,,,28.139932,-82.321077,-17.563520,0.105651,159.343018,0.000000,1
640.200000,,,,,,,,,,,,,,28.139932,-82.321077,-17.546270,0.104808,159.343018,0.000000,1
640.300000,,,,,,,,,,,,,,28.139933,-82.321079,-17.560589,0.105272,159.343018,0.000000,1
640.400000,,,,,,,,,,,,,,28.139935,-82.321080,-17.574908,0.105736,159.343018,0.000000,1
640.500000,,,,,,,,,,,,,,28.139936,-82.321081,-17.589227,0.106199,159.343018,0.000000,1
640.600000,,,,,,,,,,,,,,28.139937,-82.321083,-17.603546,0.106663,159.343018,0.000000,1
640.700000,,,,,,,,,,,,,,28.139938,-82.321084,-17.617865,0.107127,159.343018,0.000000,1
640.800000,,,,,,,,,,,,,,28.139939,-82.321085,-17.632184,0.107591,159.343018,0.000000,1
640.900000,,,,,,,,,,,,,,28.139940,-82.321087,-17.646503,0.108055,159.343018,0.000000,1
641.000000,,,,,,,,,,,,,,28.139941,-82.321088,-17.660822,0.108519,159.343018,0.000000,1
641.100000,,,,,,,,,,,,,,28.139942,-82.321089,-17.675141,0.108983,159.343018,0.000000,1
641.200000,,,,,,,,,,,,,,28.139943,-82.321091,-17.686336,0.110091,159.343018,0.000000,1
641.300000,,,,,,,,,,,,,,28.139944,-82.321092,-17.654259,0.120122,159.343018,0.000000,1
641.400000,,,,,,,,,,,,,,28.139945,-82.321092,-17.622182,0.130154,159.343018,0.000000,1
641.500000,,,,,,,,,,,,,,28.139945,-82.321093,-17.590106,0.140185,159.343018,0.000000,1
641.600000,,,,,,,,,,,,,,28.139946,-82.321094,-17.558029,0.150217,159.343018,0.000000,1
641.700000,,,,,,,,,,,,,,28.139947,-82.321095,-17.525952,0.160249,159.343018,0.000000,1
641.800000,,,,,,,,,,,,,,28.139947,-82.321096,-17.493875,0.170280,159.343018,0.000000,1
641.900000,,,,,,,,,,,,,,28.139948,-82.321097,-17.461798,0.180312,159.343018,0.000000,1
642.000000,,,,,,,,,,,,,,28.139948,-82.321097,-17.429721,0.190343,159.343018,0.000000,1
642.100000,,,,,,,,,,,,,,28.139949,-82.321098,-17.397644,0.200375,159.343018,0.000000,1
642.200000,,,,,,,,,,,,,,28.139950,-82.321099,-17.365444,0.209768,159.343018,0.000000,1
642.300000,,,,,,,,,,,,,,28.139949,-82.321098,-17.331563,0.210452,159.343018,0.000000,1
642.400000,,,,,,,,,,,,,,28.139949,-82.321098,-17.297683,0.211137,159.343018,0.000000,1
642.500000,,,,,,,,,,,,,,28.139948,-82.321097,-17.263803,0.211822,159.343018,0.000000,1
642.600000,,,,,,,,,,,,,,28.139948,-82.321096,-17.229922,0.212506,159.343018,0.000000,1
642.700000,,,,,,,,,,,,,,28.139947,-82.321096,-17.196042,0.213191,159.343018,0.000000,1
642.800000,,,,,,,,,,,,,,28.139947,-82.321095,-17.162161,0.213875,159.343018,0.000000,1
642.900000,,,,,,,,,,,,,,28.139946,-82.321094,-17.128281,0.214560,159.343018,0.000000,1
643.000000,,,,,,,,,,,,,,28.139946,-82.321094,-17.094401,0.215245,159.343018,0.000000,1
643.100000,,,,,,,,,,,,,,28.139945,-82.321093,-17.060520,0.215929,159.343018,0.000000,1
643.200000,,,,,,,,,,,,,,28.139945,-82.321093,-17.037625,0.215740,159.343018,0.000000,1
643.300000,,,,,,,,,,,,,,28.139944,-82.321094,-17.138128,0.205730,159.343018,0.000000,1
643.400000,,,,,,,,,,,,,,28.139944,-82.321094,-17.238630,0.195720,159.343018,0.000000,1
643.500000,,,,,,,,,,,,,,28.139944,-82.321095,-17.339133,0.185710,159.343018,0.000000,1
643.600000,,,,,,,,,,,,,,28.139943,-82.321096,-17.439636,0.175699,159.343018,0.000000,1
643.700000,,,,,,,,,,,,,,28.139943,-82.321097,-17.540139,0.165689,159.343018,0.000000,1
643.800000,,,,,,,,,,,,,,28.139943,-82.321098,-17.640642,0.155679,159.343018,0.000000,1
643.900000,,,,,,,,,,,,,,28.139942,-82.321098,-17.741145,0.145669,159.343018,0.000000,1
644.000000,,,,,,,,,,,,,,28.139942,-82.321099,-17.841647,0.135659,159.343018,0.000000,1
644.100000,,,,,,,,,,,,,,28.139942,-82.321100,-17.942150,0.125649,159.343018,0.000000,1
644.200000,,,,,,,,,,,,,,28.139941,-82.321101,-18.037503,0.116251,159.343018,0.000000,1
644.300000,,,,,,,,,,,,,,28.139941,-82.321101,-18.066154,0.114777,159.343018,0.000000,1
644.400000,,,,,,,,,,,,,,28.139941,-82.321100,-18.094804,0.113304,159.343018,0.000000,1
644.500000,,,,,,,,,,,,,,28.139941,-82.321100,-18.123455,0.111831,159.343018,0.000000,1
644.600000,,,,,,,,,,,,,,28.139940,-82.321100,-18.152105,0.110358,159.343018,0.000000,1
644.700000,,,,,,,,,,,,,,28.139940,-82.321099,-18.180755,0.108884,159.343018,0.000000,1
644.800000,,,,,,,,,,,,,,28.139940,-82.321099,-18.209406,0.107411,159.343018,0.000000,1
644.900000,,,,,,,,,,,,,,28.139940,-82.321099,-18.238056,0.105938,159.343018,0.000000,1
645.000000,,,,,,,,,,,,,,28.139940,-82.321099,-18.266707,0.104464,159.343018,0.000000,1
645.100000,,,,,,,,,,,,,,28.139939,-82.321098,-18.295357,0.102991,159.343018,0.000000,1
645.200000,,,,,,,,,,,,,,28.139939,-82.321098,-18.323410,0.101583,159.343018,0.000000,1
645.300000,,,,,,,,,,,,,,28.139939,-82.321098,-18.339270,0.101510,159.343018,0.000000,1
645.400000,,,,,,,,,,,,,,28.139938,-82.321097,-18.355129,0.101436,159.343018,0.000000,1
645.500000,,,,,,,,,,,,,,28.139938,-82.321097,-18.370988,0.101362,159.343018,0.000000,1
645.600000,,,,,,,,,,,,,,28.139937,-82.321097,-18.386848,0.101289,159.343018,0.000000,1
645.700000,,,,,,,,,,,,,,28.139937,-82.321096,-18.402707,0.101215,159.343018,0.000000,1
645.800000,,,,,,,,,,,,,,28.139937,-82.321096,-18.418566,0.101142,159.343018,0.000000,1
645.900000,,,,,,,,,,,,,,28.139936,-82.321096,-18.434425,0.101068,159.343018,0.000000,1
646.000000,,,,,,,,,,,,,,28.139936,-82.321095,-18.450285,0.100994,159.343018,0.000000,1
646.100000,,,,,,,,,,,,,,28.139935,-82.321095,-18.466144,0.100921,159.343018,0.000000,1
646.200000,,,,,,,,,,,,,,28.139935,-82.321095,-18.477780,0.101050,159.343018,0.000000,1
646.300000,,,,,,,,,,,,,,28.139935,-82.321094,-18.433367,0.103875,159.343018,0.000000,1
646.400000,,,,,,,,,,,,,,28.139935,-82.321094,-18.388954,0.106700,159.343018,0.000000,1
646.500000,,,,,,,,,,,,,,28.139935,-82.321094,-18.344541,0.109525,159.343018,0.000000,1
646.600000,,,,,,,,,,,,,,28.139934,-82.321094,-18.300128,0.112349,159.343018,0.000000,1
646.700000,,,,,,,,,,,,,,28.139934,-82.321094,-18.255715,0.115174,159.343018,0.000000,1
646.800000,,,,,,,,,,,,,,28.139934,-82.321093,-18.211302,0.117999,159.343018,0.000000,1
646.900000,,,,,,,,,,,,,,28.139934,-82.321093,-18.166888,0.120824,159.343018,0.000000,1
647.000000,,,,,,,,,,,,,,28.139934,-82.321093,-18.122475,0.123649,159.343018,0.000000,1
647.100000,,,,,,,,,,,,,,28.139934,-82.321093,-18.078062,0.126474,159.343018,0.000000,1
647.200000,,,,,,,,,,,,,,28.139934,-82.321092,-18.036775,0.129285,159.343018,0.000000,1
647.300000,,,,,,,,,,,,,,28.139935,-82.321093,-18.050808,0.131851,159.343018,0.000000,1
647.400000,,,,,,,,,,,,,,28.139935,-82.321094,-18.064842,0.134417,159.343018,0.000000,1
647.500000,,,,,,,,,,,,,,28.139936,-82.321095,-18.078876,0.136984,159.343018,0.000000,1
647.600000,,,,,,,,,,,,,,28.139936,-82.321096,-18.092910,0.139550,159.343018,0.000000,1
647.700000,,,,,,,,,,,,,,28.139937,-82.321097,-18.106943,0.142117,159.343018,0.000000,1
647.800000,,,,,,,,,,,,,,28.139937,-82.321098,-18.120977,0.144683,159.343018,0.000000,1
647.900000,,,,,,,,,,,,,,28.139938,-82.321099,-18.135011,0.147250,159.343018,0.000000,1
648.000000,,,,,,,,,,,,,,28.139938,-82.321100,-18.149045,0.149816,159.343018,0.000000,1
648.100000,,,,,,,,,,,,,,28.139939,-82.321101,-18.163078,0.152383,159.343018,0.000000,1
648.200000,,,,,,,,,,,,,,28.139939,-82.321101,-18.167453,0.154720,159.343018,0.000000,1
648.300000,,,,,,,,,,,,,,28.139939,-82.321100,-17.989275,0.152727,159.343018,0.000000,1
648.400000,,,,,,,,,,,,,,28.139939,-82.321100,-17.811097,0.150734,159.343018,0.000000,1
648.500000,,,,,,,,,,,,,,28.139938,-82.321099,-17.632919,0.148740,159.343018,0.000000,1
648.600000,,,,,,,,,,,,,,28.139938,-82.321098,-17.454741,0.146747,159.343018,0.000000,1
648.700000,,,,,,,,,,,,,,28.139938,-82.321097,-17.276563,0.144754,159.343018,0.000000,1
648.800000,,,,,,,,,,,,,,28.139937,-82.321096,-17.098385,0.142761,159.343018,0.000000,1
648.900000,,,,,,,,,,,,,,28.139937,-82.321095,-16.920207,0.140768,159.343018,0.000000,1
649.000000,,,,,,,,,,,,,,28.139937,-82.321094,-16.742029,0.138775,159.343018,0.000000,1
649.100000,,,,,,,,,,,,,,28.139936,-82.321093,-16.563851,0.136782,159.343018,0.000000,1
649.200000,,,,,,,,,,,,,,28.139936,-82.321092,-16.389901,0.134654,159.343018,0.000000,1
649.300000,,,,,,,,,,,,,,28.139936,-82.321092,-16.251451,0.131397,159.343018,0.000000,1
649.400000,,,,,,,,,,,,,,28.139935,-82.321091,-16.113002,0.128141,159.343018,0.000000,1
649.500000,,,,,,,,,,,,,,28.139935,-82.321091,-15.974553,0.124884,159.343018,0.000000,1
649.600000,,,,,,,,,,,,,,28.139935,-82.321090,-15.836104,0.121627,159.343018,0.000000,1
649.700000,,,,,,,,,,,,,,28.139935,-82.321090,-15.697655,0.118371,159.343018,0.000000,1
649.800000,,,,,,,,,,,,,,28.139934,-82.321090,-15.559206,0.115114,159.343018,0.000000,1
649.900000,,,,,,,,,,,,,,28.139934,-82.321089,-15.420756,0.111857,159.343018,0.000000,1
650.000000,,,,,,,,,,,,,,28.139934,-82.321089,-15.282307,0.108601,159.343018,0.000000,1
650.100000,,,,,,,,,,,,,,28.139934,-82.321088,-15.143858,0.105344,159.343018,0.000000,1
650.200000,,,,,,,,,,,,,,28.139933,-82.321088,-15.019099,0.102321,159.343018,0.000000,1
650.300000,,,,,,,,,,,,,,28.139934,-82.321088,-15.058058,0.102089,159.343018,0.000000,1
650.400000,,,,,,,,,,,,,,28.139934,-82.321088,-15.097018,0.101858,159.343018,0.000000,1
650.500000,,,,,,,,,,,,,,28.139934,-82.321088,-15.135978,0.101627,159.343018,0.000000,1
650.600000,,,,,,,,,,,,,,28.139934,-82.321087,-15.174938,0.101395,159.343018,0.000000,1
650.700000,,,,,,,,,,,,,,28.139934,-82.321087,-15.213898,0.101164,159.343018,0.000000,1
650.800000,,,,,,,,,,,,,,28.139934,-82.321087,-15.252857,0.100933,159.343018,0.000000,1
650.900000,,,,,,,,,,,,,,28.139934,-82.321087,-15.291817,0.100702,159.343018,0.000000,1
651.000000,,,,,,,,,,,,,,28.139934,-82.321087,-15.330777,0.100470,159.343018,0.000000,1
651.100000,,,,,,,,,,,,,,28.139934,-82.321087,-15.369737,0.100239,159.343018,0.000000,1
651.200000,,,,,,,,,,,,,,28.139934,-82.321087,-15.407067,0.100051,159.343018,0.000000,1
651.300000,,,,,,,,,,,,,,28.139934,-82.321087,-15.417560,0.100572,159.343018,0.000000,1
651.400000,,,,,,,,,,,,,,28.139934,-82.321087,-15.428054,0.101093,159.343018,0.000000,1
651.500000,,,,,,,,,,,,,,28.139934,-82.321087,-15.438547,0.101613,159.343018,0.000000,1
651.600000,,,,,,,,,,,,,,28.139934,-82.321088,-15.449040,0.102134,159.343018,0.000000,1
651.700000,,,,,,,,,,,,,,28.139934,-82.321088,-15.459533,0.102655,159.343018,0.000000,1
651.800000,,,,,,,,,,,,,,28.139934,-82.321088,-15.470027,0.103176,159.343018,0.000000,1
651.900000,,,,,,,,,,,,,,28.139934,-82.321089,-15.480520,0.103697,159.343018,0.000000,1
652.000000,,,,,,,,,,,,,,28.139933,-82.321089,-15.491013,0.104218,159.343018,0.000000,1
652.100000,,,,,,,,,,,,,,28.139933,-82.321089,-15.501507,0.104739,159.343018,0.000000,1
652.200000,,,,,,,,,,,,,,28.139933,-82.321089,-15.511194,0.105222,159.343018,0.000000,1
652.300000,,,,,,,,,,,,,,28.139934,-82.321090,-15.501937,0.104810,159.343018,0.000000,1
652.400000,,,,,,,,,,,,,,28.139934,-82.321091,-15.492679,0.104398,159.343018,0.000000,1
652.500000,,,,,,,,,,,,,,28.139935,-82.321092,-15.483421,0.103986,159.343018,0.000000,1
652.600000,,,,,,,,,,,,,,28.139936,-82.321092,-15.474163,0.103574,159.343018,0.000000,1
652.700000,,,,,,,,,,,,,,28.139936,-82.321093,-15.464905,0.103162,159.343018,0.000000,1
652.800000,,,,,,,,,,,,,,28.139937,-82.321094,-15.455647,0.102750,159.343018,0.000000,1
652.900000,,,,,,,,,,,,,,28.139937,-82.321095,-15.446389,0.102338,159.343018,0.000000,1
653.000000,,,,,,,,,,,,,,28.139938,-82.321095,-15.437132,0.101926,159.343018,0.000000,1
653.100000,,,,,,,,,,,,,,28.139938,-82.321096,-15.427874,0.101514,159.343018,0.000000,1
653.200000,,,,,,,,,,,,,,28.139939,-82.321097,-15.420361,0.101226,159.343018,0.000000,1
653.300000,,,,,,,,,,,,,,28.139939,-82.321097,-15.427903,0.102010,159.343018,0.000000,1
653.400000,,,,,,,,,,,,,,28.139939,-82.321097,-15.435446,0.102793,159.343018,0.000000,1
653.500000,,,,,,,,,,,,,,28.139939,-82.321097,-15.442988,0.103577,159.343018,0.000000,1
653.600000,,,,,,,,,,,,,,28.139939,-82.321097,-15.450530,0.104360,159.343018,0.000000,1
653.700000,,,,,,,,,,,,,,28.139938,-82.321097,-15.458072,0.105144,159.343018,0.000000,1
653.800000,,,,,,,,,,,,,,28.139938,-82.321097,-15.465614,0.105928,159.343018,0.000000,1
653.900000,,,,,,,,,,,,,,28.139938,-82.321097,-15.473157,0.106711,159.343018,0.000000,1
654.000000,,,,,,,,,,,,,,28.139938,-82.321097,-15.480699,0.107495,159.343018,0.000000,1
654.100000,,,,,,,,,,,,,,28.139938,-82.321097,-15.488241,0.108279,159.343018,0.000000,1
654.200000,,,,,,,,,,,,,,28.139938,-82.321097,-15.500469,0.109104,159.343018,0.000000,1
654.300000,,,,,,,,,,,,,,28.139938,-82.321097,-15.570553,0.110440,159.343018,0.000000,1
654.400000,,,,,,,,,,,,,,28.139938,-82.321096,-15.640636,0.111777,159.343018,0.000000,1
654.500000,,,,,,,,,,,,,,28.139939,-82.321096,-15.710720,0.113114,159.343018,0.000000,1
654.600000,,,,,,,,,,,,,,28.139939,-82.321096,-15.780804,0.114450,159.343018,0.000000,1
654.700000,,,,,,,,,,,,,,28.139939,-82.321095,-15.850887,0.115787,159.343018,0.000000,1
654.800000,,,,,,,,,,,,,,28.139939,-82.321095,-15.920971,0.117124,159.343018,0.000000,1
654.900000,,,,,,,,,,,,,,28.139939,-82.321094,-15.991055,0.118460,159.343018,0.000000,1
655.000000,,,,,,,,,,,,,,28.139939,-82.321094,-16.061139,0.119797,159.343018,0.000000,1
655.100000,,,,,,,,,,,,,,28.139939,-82.321094,-16.131222,0.121134,159.343018,0.000000,1
655.200000,,,,,,,,,,,,,,28.139939,-82.321093,-16.195327,0.122247,159.343018,0.000000,1
655.300000,,,,,,,,,,,,,,28.139939,-82.321093,-16.182169,0.120474,159.343018,0.000000,1
655.400000,,,,,,,,,,,,,,28.139938,-82.321093,-16.169011,0.118700,159.343018,0.000000,1
655.500000,,,,,,,,,,,,,,28.139938,-82.321093,-16.155854,0.116927,159.343018,0.000000,1
655.600000,,,,,,,,,,,,,,28.139938,-82.321093,-16.142696,0.115153,159.343018,0.000000,1
655.700000,,,,,,,,,,,,,,28.139937,-82.321093,-16.129538,0.113380,159.343018,0.000000,1
655.800000,,,,,,,,,,,,,,28.139937,-82.321092,-16.116381,0.111607,159.343018,0.000000,1
655.900000,,,,,,,,,,,,,,28.139937,-82.321092,-16.103223,0.109833,159.343018,0.000000,1
656.000000,,,,,,,,,,,,,,28.139937,-82.321092,-16.090065,0.108060,159.343018,0.000000,1
656.100000,,,,,,,,,,,,,,28.139936,-82.321092,-16.076908,0.106286,159.343018,0.000000,1
656.200000,,,,,,,,,,,,,,28.139936,-82.321092,-16.065984,0.104572,159.343018,0.000000,1
656.300000,,,,,,,,,,,,,,28.139936,-82.321092,-16.127031,0.104771,159.343018,0.000000,1
656.400000,,,,,,,,,,,,,,28.139936,-82.321092,-16.188078,0.104969,159.343018,0.000000,1
656.500000,,,,,,,,,,,,,,28.139935,-82.321091,-16.249125,0.105168,159.343018,0.000000,1
656.600000,,,,,,,,,,,,,,28.139935,-82.321091,-16.310172,0.105367,159.343018,0.000000,1
656.700000,,,,,,,,,,,,,,28.139935,-82.321091,-16.371219,0.105565,159.343018,0.000000,1
656.800000,,,,,,,,,,,,,,28.139935,-82.321091,-16.432265,0.105764,159.343018,0.000000,1
656.900000,,,,,,,,,,,,,,28.139935,-82.321091,-16.493312,0.105962,159.343018,0.000000,1
657.000000,,,,,,,,,,,,,,28.139934,-82.321091,-16.554359,0.106161,159.343018,0.000000,1
657.100000,,,,,,,,,,,,,,28.139934,-82.321091,-16.615406,0.106359,159.343018,0.000000,1
657.200000,,,,,,,,,,,,,,28.139934,-82.321091,-16.679892,0.106832,159.343018,0.000000,1
657.300000,,,,,,,,,,,,,,28.139934,-82.321091,-16.800428,0.111763,159.343018,0.000000,1
657.400000,,,,,,,,,,,,,,28.139933,-82.321090,-16.920965,0.116694,159.343018,0.000000,1
657.500000,,,,,,,,,,,,,,28.139933,-82.321090,-17.041501,0.121625,159.343018,0.000000,1
657.600000,,,,,,,,,,,,,,28.139933,-82.321090,-17.162037,0.126556,159.343018,0.000000,1
657.700000,,,,,,,,,,,,,,28.139933,-82.321089,-17.282574,0.131487,159.343018,0.000000,1
657.800000,,,,,,,,,,,,,,28.139932,-82.321089,-17.403110,0.136418,159.343018,0.000000,1
657.900000,,,,,,,,,,,,,,28.139932,-82.321089,-17.523646,0.141349,159.343018,0.000000,1
658.000000,,,,,,,,,,,,,,28.139932,-82.321089,-17.644183,0.146280,159.343018,0.000000,1
658.100000,,,,,,,,,,,,,,28.139931,-82.321088,-17.764719,0.151211,159.343018,0.000000,1
658.200000,,,,,,,,,,,,,,28.139931,-82.321088,-17.877847,0.155537,159.343018,0.000000,1
658.300000,,,,,,,,,,,,,,28.139931,-82.321088,-17.900966,0.152520,159.343018,0.000000,1
658.400000,,,,,,,,,,,,,,28.139931,-82.321088,-17.924084,0.149502,159.343018,0.000000,1
658.500000,,,,,,,,,,,,,,28.139931,-82.321088,-17.947202,0.146484,159.343018,0.000000,1
658.600000,,,,,,,,,,,,,,28.139931,-82.321088,-17.970321,0.143466,159.343018,0.000000,1
658.700000,,,,,,,,,,,,,,28.139931,-82.321088,-17.993439,0.140448,159.343018,0.000000,1
658.800000,,,,,,,,,,,,,,28.139931,-82.321088,-18.016558,0.137431,159.343018,0.000000,1
658.900000,,,,,,,,,,,,,,28.139931,-82.321087,-18.039676,0.134413,159.343018,0.000000,1
659.000000,,,,,,,,,,,,,,28.139932,-82.321087,-18.062794,0.131395,159.343018,0.000000,1
659.100000,,,,,,,,,,,,,,28.139932,-82.321087,-18.085913,0.128377,159.343018,0.000000,1
659.200000,,,,,,,,,,,,,,28.139932,-82.321087,-18.110756,0.125456,159.343018,0.000000,1
659.300000,,,,,,,,,,,,,,28.139932,-82.321087,-18.202249,0.126257,159.343018,0.000000,1
659.400000,,,,,,,,,,,,,,28.139932,-82.321087,-18.293742,0.127059,159.343018,0.000000,1
659.500000,,,,,,,,,,,,,,28.139932,-82.321087,-18.385235,0.127860,159.343018,0.000000,1
659.600000,,,,,,,,,,,,,,28.139932,-82.321087,-18.476727,0.128661,159.343018,0.000000,1
659.700000,,,,,,,,,,,,,,28.139932,-82.321087,-18.568220,0.129463,159.343018,0.000000,1
659.800000,,,,,,,,,,,,,,28.139932,-82.321087,-18.659713,0.130264,159.343018,0.000000,1
659.900000,,,,,,,,,,,,,,28.139932,-82.321087,-18.751206,0.131066,159.343018,0.000000,1
660.000000,,,,,,,,,,,,,,28.139933,-82.321087,-18.842699,0.131867,159.343018,0.000000,1
660.100000,,,,,,,,,,,,,,28.139933,-82.321087,-18.934192,0.132668,159.343018,0.000000,1
660.200000,,,,,,,,,,,,,,28.139933,-82.321087,-19.016594,0.133187,159.343018,0.000000,1
660.300000,,,,,,,,,,,,,,28.139933,-82.321087,-18.975223,0.129853,159.343018,0.000000,1
660.400000,,,,,,,,,,,,,,28.139933,-82.321087,-18.933853,0.126519,159.343018,0.000000,1
660.500000,,,,,,,,,,,,,,28.139934,-82.321087,-18.892482,0.123186,159.343018,0.000000,1
660.600000,,,,,,,,,,,,,,28.139934,-82.321087,-18.851111,0.119852,159.343018,0.000000,1
660.700000,,,,,,,,,,,,,,28.139934,-82.321087,-18.809741,0.116518,159.343018,0.000000,1
660.800000,,,,,,,,,,,,,,28.139934,-82.321087,-18.768370,0.113184,159.343018,0.000000,1
660.900000,,,,,,,,,,,,,,28.139935,-82.321086,-18.727000,0.109850,159.343018,0.000000,1
661.000000,,,,,,,,,,,,,,28.139935,-82.321086,-18.685629,0.106516,159.343018,0.000000,1
661.100000,,,,,,,,,,,,,,28.139935,-82.321086,-18.644259,0.103183,159.343018,0.000000,1
661.200000,,,,,,,,,,,,,,28.139935,-82.321086,-18.598654,0.100109,159.343018,0.000000,1
661.300000,,,,,,,,,,,,,,28.139936,-82.321086,-18.464049,0.102516,159.343018,0.000000,1
661.400000,,,,,,,,,,,,,,28.139936,-82.321086,-18.329445,0.104923,159.343018,0.000000,1
661.500000,,,,,,,,,,,,,,28.139936,-82.321087,-18.194841,0.107329,159.343018,0.000000,1
661.600000,,,,,,,,,,,,,,28.139936,-82.321087,-18.060236,0.109736,159.343018,0.000000,1
661.700000,,,,,,,,,,,,,,28.139936,-82.321087,-17.925632,0.112142,159.343018,0.000000,1
661.800000,,,,,,,,,,,,,,28.139937,-82.321087,-17.791028,0.114549,159.343018,0.000000,1
661.900000,,,,,,,,,,,,,,28.139937,-82.321088,-17.656423,0.116956,159.343018,0.000000,1
662.000000,,,,,,,,,,,,,,28.139937,-82.321088,-17.521819,0.119362,159.343018,0.000000,1
662.100000,,,,,,,,,,,,,,28.139937,-82.321088,-17.387740,0.121705,159.343018,0.000000,1
662.200000,,,,,,,,,,,,,,28.139937,-82.321087,-17.259793,0.123299,159.343018,0.000000,1
662.300000,,,,,,,,,,,,,,28.139936,-82.321086,-17.131845,0.124894,159.343018,0.000000,1
662.400000,,,,,,,,,,,,,,28.139936,-82.321085,-17.003898,0.126489,159.343018,0.000000,1
662.500000,,,,,,,,,,,,,,28.139935,-82.321084,-16.875951,0.128083,159.343018,0.000000,1
662.600000,,,,,,,,,,,,,,28.139935,-82.321083,-16.748004,0.129678,159.343018,0.000000,1
662.700000,,,,,,,,,,,,,,28.139935,-82.321082,-16.620056,0.131272,159.343018,0.000000,1
662.800000,,,,,,,,,,,,,,28.139934,-82.321081,-16.492109,0.132867,159.343018,0.000000,1
662.900000,,,,,,,,,,,,,,28.139934,-82.321080,-16.364162,0.134462,159.343018,0.000000,1
663.000000,,,,,,,,,,,,,,28.139933,-82.321079,-16.236215,0.136056,159.343018,0.000000,1
663.100000,,,,,,,,,,,,,,28.139933,-82.321078,-16.120233,0.137344,159.343018,0.000000,1
663.200000,,,,,,,,,,,,,,28.139932,-82.321078,-16.135677,0.135256,159.343018,0.000000,1
663.300000,,,,,,,,,,,,,,28.139932,-82.321078,-16.151122,0.133169,159.343018,0.000000,1
663.400000,,,,,,,,,,,,,,28.139932,-82.321078,-16.166566,0.131082,159.343018,0.000000,1
663.500000,,,,,,,,,,,,,,28.139932,-82.321078,-16.182010,0.128994,159.343018,0.000000,1
663.600000,,,,,,,,,,,,,,28.139931,-82.321078,-16.197454,0.126907,159.343018,0.000000,1
663.700000,,,,,,,,,,,,,,28.139931,-82.321078,-16.212899,0.124820,159.343018,0.000000,1
663.800000,,,,,,,,,,,,,,28.139931,-82.321078,-16.228343,0.122732,159.343018,0.000000,1
663.900000,,,,,,,,,,,,,,28.139931,-82.321078,-16.243787,0.120645,159.343018,0.000000,1
664.000000,,,,,,,,,,,,,,28.139930,-82.321078,-16.259232,0.118558,159.343018,0.000000,1
664.100000,,,,,,,,,,,,,,28.139930,-82.321078,-16.275434,0.116538,159.343018,0.000000,1
664.200000,,,,,,,,,,,,,,28.139930,-82.321078,-16.302088,0.115452,159.343018,0.000000,1
664.300000,,,,,,,,,,,,,,28.139931,-82.321078,-16.328743,0.114366,159.343018,0.000000,1
664.400000,,,,,,,,,,,,,,28.139931,-82.321078,-16.355397,0.113279,159.343018,0.000000,1
664.500000,,,,,,,,,,,,,,28.139931,-82.321078,-16.382051,0.112193,159.343018,0.000000,1
664.600000,,,,,,,,,,,,,,28.139931,-82.321078,-16.408706,0.111107,159.343018,0.000000,1
664.700000,,,,,,,,,,,,,,28.139932,-82.321079,-16.435360,0.110021,159.343018,0.000000,1
664.800000,,,,,,,,,,,,,,28.139932,-82.321079,-16.462015,0.108935,159.343018,0.000000,1
664.900000,,,,,,,,,,,,,,28.139932,-82.321079,-16.488669,0.107849,159.343018,0.000000,1
665.000000,,,,,,,,,,,,,,28.139933,-82.321079,-16.515324,0.106763,159.343018,0.000000,1
665.100000,,,,,,,,,,,,,,28.139933,-82.321079,-16.546282,0.105749,159.343018,0.000000,1
665.200000,,,,,,,,,,,,,,28.139933,-82.321079,-16.622488,0.105494,159.343018,0.000000,1
665.300000,,,,,,,,,,,,,,28.139933,-82.321079,-16.698694,0.105240,159.343018,0.000000,1
665.400000,,,,,,,,,,,,,,28.139933,-82.321079,-16.774900,0.104986,159.343018,0.000000,1
665.500000,,,,,,,,,,,,,,28.139933,-82.321079,-16.851106,0.104731,159.343018,0.000000,1
665.600000,,,,,,,,,,,,,,28.139933,-82.321079,-16.927312,0.104477,159.343018,0.000000,1
665.700000,,,,,,,,,,,,,,28.139933,-82.321079,-17.003518,0.104223,159.343018,0.000000,1
665.800000,,,,,,,,,,,,,,28.139934,-82.321079,-17.079725,0.103968,159.343018,0.000000,1
665.900000,,,,,,,,,,,,,,28.139934,-82.321079,-17.155931,0.103714,159.343018,0.000000,1
666.000000,,,,,,,,,,,,,,28.139934,-82.321080,-17.232137,0.103460,159.343018,0.000000,1
666.100000,,,,,,,,,,,,,,28.139934,-82.321080,-17.308188,0.103237,159.343018,0.000000,1
666.200000,,,,,,,,,,,,,,28.139934,-82.321080,-17.382080,0.103450,159.343018,0.000000,1
666.300000,,,,,,,,,,,,,,28.139935,-82.321081,-17.455972,0.103664,159.343018,0.000000,1
666.400000,,,,,,,,,,,,,,28.139935,-82.321081,-17.529863,0.103878,159.343018,0.000000,1
666.500000,,,,,,,,,,,,,,28.139935,-82.321082,-17.603755,0.104092,159.343018,0.000000,1
666.600000,,,,,,,,,,,,,,28.139935,-82.321082,-17.677647,0.104306,159.343018,0.000000,1
666.700000,,,,,,,,,,,,,,28.139936,-82.321083,-17.751538,0.104519,159.343018,0.000000,1
666.800000,,,,,,,,,,,,,,28.139936,-82.321083,-17.825430,0.104733,159.343018,0.000000,1
666.900000,,,,,,,,,,,,,,28.139936,-82.321084,-17.899322,0.104947,159.343018,0.000000,1
667.000000,,,,,,,,,,,,,,28.139936,-82.321084,-17.973213,0.105161,159.343018,0.000000,1
667.100000,,,,,,,,,,,,,,28.139937,-82.321085,-18.025846,0.105616,159.343018,0.000000,1
667.200000,,,,,,,,,,,,,,28.139937,-82.321085,-17.850052,0.108669,159.343018,0.000000,1
667.300000,,,,,,,,,,,,,,28.139937,-82.321085,-17.674258,0.111721,159.343018,0.000000,1
667.400000,,,,,,,,,,,,,,28.139937,-82.321085,-17.498464,0.114773,159.343018,0.000000,1
667.500000,,,,,,,,,,,,,,28.139937,-82.321086,-17.322670,0.117825,159.343018,0.000000,1
667.600000,,,,,,,,,,,,,,28.139937,-82.321086,-17.146876,0.120878,159.343018,0.000000,1
667.700000,,,,,,,,,,,,,,28.139937,-82.321086,-16.971082,0.123930,159.343018,0.000000,1
667.800000,,,,,,,,,,,,,,28.139937,-82.321087,-16.795288,0.126982,159.343018,0.000000,1
667.900000,,,,,,,,,,,,,,28.139937,-82.321087,-16.619494,0.130034,159.343018,0.000000,1
668.000000,,,,,,,,,,,,,,28.139938,-82.321087,-16.443700,0.133086,159.343018,0.000000,1
668.100000,,,,,,,,,,,,,,28.139938,-82.321087,-16.271288,0.138926,159.343018,0.000000,1
668.200000,,,,,,,,,,,,,,28.139936,-82.321086,-16.135748,0.175157,159.343018,0.000000,1
668.300000,,,,,,,,,,,,,,28.139935,-82.321084,-16.000209,0.211388,159.343018,0.000000,1
668.400000,,,,,,,,,,,,,,28.139934,-82.321083,-15.864669,0.247620,159.343018,0.000000,1
668.500000,,,,,,,,,,,,,,28.139933,-82.321081,-15.729129,0.283851,159.343018,0.000000,1
668.600000,,,,,,,,,,,,,,28.139932,-82.321080,-15.593589,0.320082,159.343018,0.000000,1
668.700000,,,,,,,,,,,,,,28.139931,-82.321078,-15.458049,0.356313,159.343018,0.000000,1
668.800000,,,,,,,,,,,,,,28.139930,-82.321076,-15.322510,0.392544,159.343018,0.000000,1
668.900000,,,,,,,,,,,,,,28.139928,-82.321075,-15.186970,0.428776,159.343018,0.000000,1
669.000000,,,,,,,,,,,,,,28.139927,-82.321073,-15.051430,0.465007,159.343018,0.000000,1
669.100000,,,,,,,,,,,,,,28.139926,-82.321072,-14.923446,0.500358,159.343018,0.000000,1
669.200000,,,,,,,,,,,,,,28.139926,-82.321072,-14.915289,0.521750,159.343018,0.000000,1
669.300000,,,,,,,,,,,,,,28.139926,-82.321072,-14.907132,0.543142,159.343018,0.000000,1
669.400000,,,,,,,,,,,,,,28.139926,-82.321072,-14.898974,0.564534,159.343018,0.000000,1
669.500000,,,,,,,,,,,,,,28.139926,-82.321072,-14.890817,0.585927,159.343018,0.000000,1
669.600000,,,,,,,,,,,,,,28.139925,-82.321072,-14.882659,0.607319,159.343018,0.000000,1
669.700000,,,,,,,,,,,,,,28.139925,-82.321073,-14.874502,0.628711,159.343018,0.000000,1
669.800000,,,,,,,,,,,,,,28.139925,-82.321073,-14.866345,0.650104,159.343018,0.000000,1
669.900000,,,,,,,,,,,,,,28.139925,-82.321073,-14.858187,0.671496,159.343018,0.000000,1
670.000000,,,,,,,,,,,,,,28.139925,-82.321073,-14.850030,0.692888,159.343018,0.000000,1
670.100000,,,,,,,,,,,,,,28.139925,-82.321073,-14.843189,0.713422,159.321112,0.000000,1
670.200000,,,,,,,,,,,,,,28.139924,-82.321073,-14.861241,0.717718,158.884827,0.000000,1
670.300000,,,,,,,,,,,,,,28.139923,-82.321072,-14.879294,0.722015,158.448541,0.000000,1
670.400000,,,,,,,,,,,,,,28.139923,-82.321071,-14.897346,0.726311,158.012256,0.000000,1
670.500000,,,,,,,,,,,,,,28.139922,-82.321071,-14.915398,0.730607,157.575971,0.000000,1
670.600000,,,,,,,,,,,,,,28.139921,-82.321070,-14.933451,0.734904,157.139686,0.000000,1
670.700000,,,,,,,,,,,,,,28.139921,-82.321070,-14.951503,0.739200,156.703401,0.000000,1
670.800000,,,,,,,,,,,,,,28.139920,-82.321069,-14.969556,0.743496,156.267116,0.000000,1
670.900000,,,,,,,,,,,,,,28.139919,-82.321068,-14.987608,0.747793,155.830830,0.000000,1
671.000000,,,,,,,,,,,,,,28.139918,-82.321068,-15.005660,0.752089,155.394545,0.000000,1
671.100000,,,,,,,,,,,,,,28.139918,-82.321067,-15.027718,0.755179,154.998703,0.000000,1
671.200000,,,,,,,,,,,,,,28.139917,-82.321068,-15.088982,0.746462,154.998703,0.000000,1
671.300000,,,,,,,,,,,,,,28.139917,-82.321068,-15.150245,0.737746,154.998703,0.000000,1
671.400000,,,,,,,,,,,,,,28.139916,-82.321068,-15.211508,0.729029,154.998703,0.000000,1
671.500000,,,,,,,,,,,,,,28.139915,-82.321068,-15.272771,0.720313,154.998703,0.000000,1
671.600000,,,,,,,,,,,,,,28.139915,-82.321068,-15.334034,0.711596,154.998703,0.000000,1
671.700000,,,,,,,,,,,,,,28.139914,-82.321068,-15.395297,0.702879,154.998703,0.000000,1
671.800000,,,,,,,,,,,,,,28.139914,-82.321068,-15.456561,0.694163,154.998703,0.000000,1
671.900000,,,,,,,,,,,,,,28.139913,-82.321068,-15.517824,0.685446,154.998703,0.000000,1
672.000000,,,,,,,,,,,,,,28.139913,-82.321069,-15.579087,0.676730,154.998703,0.000000,1
672.100000,,,,,,,,,,,,,,28.139912,-82.321069,-15.643518,0.667141,154.998703,0.000000,1
672.200000,,,,,,,,,,,,,,28.139912,-82.321069,-15.755742,0.644392,154.998703,0.000000,1
672.300000,,,,,,,,,,,,,,28.139911,-82.321069,-15.867965,0.621642,154.998703,0.000000,1
672.400000,,,,,,,,,,,,,,28.139911,-82.321069,-15.980189,0.598893,154.998703,0.000000,1
672.500000,,,,,,,,,,,,,,28.139910,-82.321070,-16.092412,0.576144,154.998703,0.000000,1
672.600000,,,,,,,,,,,,,,28.139910,-82.321070,-16.204636,0.553395,154.998703,0.000000,1
672.700000,,,,,,,,,,,,,,28.139909,-82.321070,-16.316859,0.530646,154.998703,0.000000,1
672.800000,,,,,,,,,,,,,,28.139909,-82.321070,-16.429083,0.507897,154.998703,0.000000,1
672.900000,,,,,,,,,,,,,,28.139908,-82.321070,-16.541307,0.485147,154.998703,0.000000,1
673.000000,,,,,,,,,,,,,,28.139908,-82.321071,-16.653530,0.462398,154.998703,0.000000,1
673.100000,,,,,,,,,,,,,,28.139907,-82.321071,-16.751257,0.441617,154.998703,0.000000,1
673.200000,,,,,,,,,,,,,,28.139906,-82.321070,-16.665969,0.445677,154.998703,0.000000,1
673.300000,,,,,,,,,,,,,,28.139905,-82.321068,-16.580682,0.449737,154.998703,0.000000,1
673.400000,,,,,,,,,,,,,,28.139904,-82.321067,-16.495394,0.453798,154.998703,0.000000,1
673.500000,,,,,,,,,,,,,,28.139904,-82.321066,-16.410106,0.457858,154.998703,0.000000,1
673.600000,,,,,,,,,,,,,,28.139903,-82.321064,-16.324819,0.461918,154.998703,0.000000,1
673.700000,,,,,,,,,,,,,,28.139902,-82.321063,-16.239531,0.465978,154.998703,0.000000,1
673.800000,,,,,,,,,,,,,,28.139901,-82.321062,-16.154243,0.470039,154.998703,0.000000,1
673.900000,,,,,,,,,,,,,,28.139900,-82.321061,-16.068955,0.474099,154.998703,0.000000,1
674.000000,,,,,,,,,,,,,,28.139899,-82.321059,-15.983668,0.478159,154.998703,0.000000,1
674.100000,,,,,,,,,,,,,,28.139898,-82.321058,-15.904119,0.480869,154.998703,0.000000,1
674.200000,,,,,,,,,,,,,,28.139898,-82.321058,-15.892305,0.467635,154.998703,0.000000,1
674.300000,,,,,,,,,,,,,,28.139897,-82.321058,-15.880491,0.454401,154.998703,0.000000,1
674.400000,,,,,,,,,,,,,,28.139897,-82.321058,-15.868677,0.441167,154.998703,0.000000,1
674.500000,,,,,,,,,,,,,,28.139897,-82.321057,-15.856863,0.427933,154.998703,0.000000,1
674.600000,,,,,,,,,,,,,,28.139897,-82.321057,-15.845049,0.414699,154.998703,0.000000,1
674.700000,,,,,,,,,,,,,,28.139896,-82.321057,-15.833236,0.401465,154.998703,0.000000,1
674.800000,,,,,,,,,,,,,,28.139896,-82.321057,-15.821422,0.388231,154.998703,0.000000,1
674.900000,,,,,,,,,,,,,,28.139896,-82.321056,-15.809608,0.374998,154.998703,0.000000,1
675.000000,,,,,,,,,,,,,,28.139895,-82.321056,-15.797794,0.361764,154.998703,0.000000,1
675.100000,,,,,,,,,,,,,,28.139895,-82.321056,-15.792098,0.347709,154.998703,0.000000,1
675.200000,,,,,,,,,,,,,,28.139895,-82.321057,-15.865135,0.323098,154.998703,0.000000,1
675.300000,,,,,,,,,,,,,,28.139896,-82.321058,-15.938171,0.298487,154.998703,0.000000,1
675.400000,,,,,,,,,,,,,,28.139896,-82.321059,-16.011208,0.273875,154.998703,0.000000,1
675.500000,,,,,,,,,,,,,,28.139896,-82.321059,-16.084244,0.249264,154.998703,0.000000,1
675.600000,,,,,,,,,,,,,,28.139897,-82.321060,-16.157280,0.224653,154.998703,0.000000,1
675.700000,,,,,,,,,,,,,,28.139897,-82.321061,-16.230317,0.200041,154.998703,0.000000,1
675.800000,,,,,,,,,,,,,,28.139897,-82.321062,-16.303353,0.175430,154.998703,0.000000,1
675.900000,,,,,,,,,,,,,,28.139898,-82.321063,-16.376390,0.150819,154.998703,0.000000,1
676.000000,,,,,,,,,,,,,,28.139898,-82.321063,-16.449426,0.126207,154.998703,0.000000,1
676.100000,,,,,,,,,,,,,,28.139898,-82.321064,-16.518923,0.104254,154.998703,0.000000,1
676.200000,,,,,,,,,,,,,,28.139898,-82.321063,-16.539689,0.118894,154.998703,0.000000,1
676.300000,,,,,,,,,,,,,,28.139897,-82.321062,-16.560454,0.133533,154.998703,0.000000,1
676.400000,,,,,,,,,,,,,,28.139896,-82.321061,-16.581220,0.148173,154.998703,0.000000,1
676.500000,,,,,,,,,,,,,,28.139895,-82.321059,-16.601985,0.162813,154.998703,0.000000,1
676.600000,,,,,,,,,,,,,,28.139894,-82.321058,-16.622751,0.177453,154.998703,0.000000,1
676.700000,,,,,,,,,,,,,,28.139894,-82.321057,-16.643516,0.192092,154.998703,0.000000,1
676.800000,,,,,,,,,,,,,,28.139893,-82.321056,-16.664282,0.206732,154.998703,0.000000,1
676.900000,,,,,,,,,,,,,,28.139892,-82.321055,-16.685047,0.221372,154.998703,0.000000,1
677.000000,,,,,,,,,,,,,,28.139891,-82.321054,-16.705813,0.236011,154.998703,0.000000,1
677.100000,,,,,,,,,,,,,,28.139891,-82.321052,-16.735478,0.248964,154.998703,0.000000,1
677.200000,,,,,,,,,,,,,,28.139890,-82.321053,-16.876277,0.240846,154.998703,0.000000,1
677.300000,,,,,,,,,,,,,,28.139890,-82.321053,-17.017077,0.232728,154.998703,0.000000,1
677.400000,,,,,,,,,,,,,,28.139890,-82.321053,-17.157877,0.224610,154.998703,0.000000,1
677.500000,,,,,,,,,,,,,,28.139890,-82.321053,-17.298677,0.216492,154.998703,0.000000,1
677.600000,,,,,,,,,,,,,,28.139890,-82.321053,-17.439477,0.208374,154.998703,0.000000,1
677.700000,,,,,,,,,,,,,,28.139890,-82.321054,-17.580277,0.200256,154.998703,0.000000,1
677.800000,,,,,,,,,,,,,,28.139890,-82.321054,-17.721077,0.192138,154.998703,0.000000,1
677.900000,,,,,,,,,,,,,,28.139889,-82.321054,-17.861876,0.184020,154.998703,0.000000,1
678.000000,,,,,,,,,,,,,,28.139889,-82.321054,-18.002676,0.175902,154.998703,0.000000,1
678.100000,,,,,,,,,,,,,,28.139889,-82.321055,-18.135947,0.167919,154.998703,0.000000,1
678.200000,,,,,,,,,,,,,,28.139889,-82.321055,-18.193831,0.161283,154.998703,0.000000,1
678.300000,,,,,,,,,,,,,,28.139890,-82.321055,-18.251715,0.154648,154.998703,0.000000,1
678.400000,,,,,,,,,,,,,,28.139890,-82.321056,-18.309599,0.148012,154.998703,0.000000,1
678.500000,,,,,,,,,,,,,,28.139890,-82.321056,-18.367483,0.141376,154.998703,0.000000,1
678.600000,,,,,,,,,,,,,,28.139891,-82.321056,-18.425367,0.134741,154.998703,0.000000,1
678.700000,,,,,,,,,,,,,,28.139891,-82.321057,-18.483250,0.128105,154.998703,0.000000,1
678.800000,,,,,,,,,,,,,,28.139891,-82.321057,-18.541134,0.121470,154.998703,0.000000,1
678.900000,,,,,,,,,,,,,,28.139891,-82.321057,-18.599018,0.114834,154.998703,0.000000,1
679.000000,,,,,,,,,,,,,,28.139892,-82.321057,-18.656902,0.108198,154.998703,0.000000,1
679.100000,,,,,,,,,,,,,,28.139892,-82.321058,-18.694269,0.102317,154.998703,0.000000,1
679.200000,,,,,,,,,,,,,,28.139892,-82.321057,-18.463177,0.106314,154.998703,0.000000,1
679.300000,,,,,,,,,,,,,,28.139892,-82.321056,-18.232085,0.110311,154.998703,0.000000,1
679.400000,,,,,,,,,,,,,,28.139892,-82.321054,-18.000993,0.114307,154.998703,0.000000,1
679.500000,,,,,,,,,,,,,,28.139892,-82.321053,-17.769901,0.118304,154.998703,0.000000,1
679.600000,,,,,,,,,,,,,,28.139892,-82.321052,-17.538809,0.122300,154.998703,0.000000,1
679.700000,,,,,,,,,,,,,,28.139892,-82.321051,-17.307718,0.126297,154.998703,0.000000,1
679.800000,,,,,,,,,,,,,,28.139892,-82.321050,-17.076626,0.130293,154.998703,0.000000,1
679.900000,,,,,,,,,,,,,,28.139892,-82.321049,-16.845534,0.134290,154.998703,0.000000,1
680.000000,,,,,,,,,,,,,,28.139892,-82.321048,-16.614442,0.138287,154.998703,0.000000,1
680.100000,,,,,,,,,,,,,,28.139892,-82.321047,-16.389203,0.142116,154.998703,0.000000,1
680.200000,,,,,,,,,,,,,,28.139892,-82.321046,-16.340834,0.140887,154.998703,0.000000,1
680.300000,,,,,,,,,,,,,,28.139892,-82.321046,-16.292465,0.139658,154.998703,0.000000,1
680.400000,,,,,,,,,,,,,,28.139892,-82.321045,-16.244096,0.138428,154.998703,0.000000,1
680.500000,,,,,,,,,,,,,,28.139892,-82.321045,-16.195728,0.137199,154.998703,0.000000,1
680.600000,,,,,,,,,,,,,,28.139892,-82.321044,-16.147359,0.135970,154.998703,0.000000,1
680.700000,,,,,,,,,,,,,,28.139893,-82.321044,-16.098990,0.134741,154.998703,0.000000,1
680.800000,,,,,,,,,,,,,,28.139893,-82.321043,-16.050621,0.133512,154.998703,0.000000,1
680.900000,,,,,,,,,,,,,,28.139893,-82.321043,-16.002252,0.132283,154.998703,0.000000,1
681.000000,,,,,,,,,,,,,,28.139893,-82.321042,-15.953883,0.131054,154.998703,0.000000,1
681.100000,,,,,,,,,,,,,,28.139893,-82.321042,-15.903473,0.129903,154.998703,0.000000,1
681.200000,,,,,,,,,,,,,,28.139893,-82.321042,-15.812740,0.130301,154.998703,0.000000,1
681.300000,,,,,,,,,,,,,,28.139893,-82.321042,-15.722007,0.130699,154.998703,0.000000,1
681.400000,,,,,,,,,,,,,,28.139893,-82.321042,-15.631273,0.131097,154.998703,0.000000,1
681.500000,,,,,,,,,,,,,,28.139893,-82.321042,-15.540540,0.131495,154.998703,0.000000,1
681.600000,,,,,,,,,,,,,,28.139894,-82.321043,-15.449806,0.131893,154.998703,0.000000,1
681.700000,,,,,,,,,,,,,,28.139894,-82.321043,-15.359073,0.132291,154.998703,0.000000,1
681.800000,,,,,,,,,,,,,,28.139894,-82.321043,-15.268339,0.132689,154.998703,0.000000,1
681.900000,,,,,,,,,,,,,,28.139894,-82.321043,-15.177606,0.133087,154.998703,0.000000,1
682.000000,,,,,,,,,,,,,,28.139894,-82.321043,-15.086873,0.133484,154.998703,0.000000,1
682.100000,,,,,,,,,,,,,,28.139894,-82.321043,-14.993423,0.133877,154.998703,0.000000,1
682.200000,,,,,,,,,,,,,,28.139894,-82.321043,-14.868277,0.134206,154.998703,0.000000,1
682.300000,,,,,,,,,,,,,,28.139893,-82.321043,-14.743131,0.134535,154.998703,0.000000,1
682.400000,,,,,,,,,,,,,,28.139893,-82.321042,-14.617984,0.134865,154.998703,0.000000,1
682.500000,,,,,,,,,,,,,,28.139893,-82.321042,-14.492838,0.135194,154.998703,0.000000,1
682.600000,,,,,,,,,,,,,,28.139893,-82.321041,-14.367691,0.135523,154.998703,0.000000,1
682.700000,,,,,,,,,,,,,,28.139892,-82.321041,-14.242545,0.135852,154.998703,0.000000,1
682.800000,,,,,,,,,,,,,,28.139892,-82.321041,-14.117399,0.136181,154.998703,0.000000,1
682.900000,,,,,,,,,,,,,,28.139892,-82.321040,-13.992252,0.136510,154.998703,0.000000,1
683.000000,,,,,,,,,,,,,,28.139892,-82.321040,-13.867106,0.136840,154.998703,0.000000,1
683.100000,,,,,,,,,,,,,,28.139891,-82.321039,-13.757020,0.136867,154.998703,0.000000,1
683.200000,,,,,,,,,,,,,,28.139891,-82.321040,-13.824346,0.133339,154.998703,0.000000,1
683.300000,,,,,,,,,,,,,,28.139891,-82.321040,-13.891673,0.129812,154.998703,0.000000,1
683.400000,,,,,,,,,,,,,,28.139891,-82.321040,-13.958999,0.126284,154.998703,0.000000,1
683.500000,,,,,,,,,,,,,,28.139891,-82.321041,-14.026325,0.122756,154.998703,0.000000,1
683.600000,,,,,,,,,,,,,,28.139891,-82.321041,-14.093652,0.119229,154.998703,0.000000,1
683.700000,,,,,,,,,,,,,,28.139891,-82.321041,-14.160978,0.115701,154.998703,0.000000,1
683.800000,,,,,,,,,,,,,,28.139891,-82.321042,-14.228304,0.112174,154.998703,0.000000,1
683.900000,,,,,,,,,,,,,,28.139891,-82.321042,-14.295631,0.108646,154.998703,0.000000,1
684.000000,,,,,,,,,,,,,,28.139891,-82.321042,-14.362957,0.105118,154.998703,0.000000,1
684.100000,,,,,,,,,,,,,,28.139891,-82.321043,-14.426616,0.101872,154.998703,0.000000,1
684.200000,,,,,,,,,,,,,,28.139891,-82.321043,-14.450121,0.101701,154.998703,0.000000,1
684.300000,,,,,,,,,,,,,,28.139892,-82.321044,-14.473626,0.101531,154.998703,0.000000,1
684.400000,,,,,,,,,,,,,,28.139892,-82.321044,-14.497132,0.101361,154.998703,0.000000,1
684.500000,,,,,,,,,,,,,,28.139892,-82.321045,-14.520637,0.101191,154.998703,0.000000,1
684.600000,,,,,,,,,,,,,,28.139893,-82.321045,-14.544142,0.101021,154.998703,0.000000,1
684.700000,,,,,,,,,,,,,,28.139893,-82.321046,-14.567647,0.100851,154.998703,0.000000,1
684.800000,,,,,,,,,,,,,,28.139894,-82.321046,-14.591152,0.100681,154.998703,0.000000,1
684.900000,,,,,,,,,,,,,,28.139894,-82.321047,-14.614657,0.100511,154.998703,0.000000,1
685.000000,,,,,,,,,,,,,,28.139894,-82.321048,-14.638162,0.100341,154.998703,0.000000,1
685.100000,,,,,,,,,,,,,,28.139895,-82.321048,-14.659262,0.100177,154.998703,0.000000,1
685.200000,,,,,,,,,,,,,,28.139894,-82.321047,-14.628448,0.100163,154.998703,0.000000,1
685.300000,,,,,,,,,,,,,,28.139894,-82.321047,-14.597634,0.100149,154.998703,0.000000,1
685.400000,,,,,,,,,,,,,,28.139894,-82.321046,-14.566820,0.100135,154.998703,0.000000,1
685.500000,,,,,,,,,,,,,,28.139894,-82.321046,-14.536007,0.100121,154.998703,0.000000,1
685.600000,,,,,,,,,,,,,,28.139894,-82.321045,-14.505193,0.100107,154.998703,0.000000,1
685.700000,,,,,,,,,,,,,,28.139894,-82.321045,-14.474379,0.100092,154.998703,0.000000,1
685.800000,,,,,,,,,,,,,,28.139894,-82.321044,-14.443565,0.100078,154.998703,0.000000,1
685.900000,,,,,,,,,,,,,,28.139894,-82.321044,-14.412751,0.100064,154.998703,0.000000,1
686.000000,,,,,,,,,,,,,,28.139894,-82.321043,-14.381938,0.100050,154.998703,0.000000,1
686.100000,,,,,,,,,,,,,,28.139894,-82.321043,-14.335906,0.100454,154.998703,0.000000,1
686.200000,,,,,,,,,,,,,,28.139894,-82.321042,-14.087038,0.106430,154.998703,0.000000,1
686.300000,,,,,,,,,,,,,,28.139894,-82.321042,-13.838170,0.112406,154.998703,0.000000,1
686.400000,,,,,,,,,,,,,,28.139894,-82.321041,-13.589302,0.118382,154.998703,0.000000,1
686.500000,,,,,,,,,,,,,,28.139894,-82.321041,-13.340434,0.124358,154.998703,0.000000,1
686.600000,,,,,,,,,,,,,,28.139894,-82.321040,-13.091566,0.130334,154.998703,0.000000,1
686.700000,,,,,,,,,,,,,,28.139894,-82.321040,-12.842698,0.136310,154.998703,0.000000,1
686.800000,,,,,,,,,,,,,,28.139894,-82.321040,-12.593830,0.142286,154.998703,0.000000,1
686.900000,,,,,,,,,,,,,,28.139894,-82.321039,-12.344962,0.148262,154.998703,0.000000,1
687.000000,,,,,,,,,,,,,,28.139894,-82.321039,-12.096094,0.154238,154.998703,0.000000,1
687.100000,,,,,,,,,,,,,,28.139895,-82.321038,-11.877582,0.159123,154.998703,0.000000,1
687.200000,,,,,,,,,,,,,,28.139895,-82.321038,-11.925333,0.154435,154.998703,0.000000,1
687.300000,,,,,,,,,,,,,,28.139895,-82.321039,-11.973084,0.149746,154.998703,0.000000,1
687.400000,,,,,,,,,,,,,,28.139895,-82.321039,-12.020835,0.145058,154.998703,0.000000,1
687.500000,,,,,,,,,,,,,,28.139895,-82.321039,-12.068586,0.140370,154.998703,0.000000,1
687.600000,,,,,,,,,,,,,,28.139896,-82.321039,-12.116337,0.135681,154.998703,0.000000,1
687.700000,,,,,,,,,,,,,,28.139896,-82.321040,-12.164088,0.130993,154.998703,0.000000,1
687.800000,,,,,,,,,,,,,,28.139896,-82.321040,-12.211839,0.126304,154.998703,0.000000,1
687.900000,,,,,,,,,,,,,,28.139896,-82.321040,-12.259591,0.121616,154.998703,0.000000,1
688.000000,,,,,,,,,,,,,,28.139897,-82.321040,-12.307342,0.116928,154.998703,0.000000,1
688.100000,,,,,,,,,,,,,,28.139897,-82.321041,-12.351055,0.112582,154.998703,0.000000,1
688.200000,,,,,,,,,,,,,,28.139897,-82.321041,-12.342250,0.112691,154.998703,0.000000,1
688.300000,,,,,,,,,,,,,,28.139897,-82.321040,-12.333445,0.112800,154.998703,0.000000,1
688.400000,,,,,,,,,,,,,,28.139898,-82.321040,-12.324640,0.112910,154.998703,0.000000,1
688.500000,,,,,,,,,,,,,,28.139898,-82.321040,-12.315834,0.113019,154.998703,0.000000,1
688.600000,,,,,,,,,,,,,,28.139899,-82.321040,-12.307029,0.113129,154.998703,0.000000,1
688.700000,,,,,,,,,,,,,,28.139899,-82.321040,-12.298224,0.113238,154.998703,0.000000,1
688.800000,,,,,,,,,,,,,,28.139899,-82.321040,-12.289419,0.113347,154.998703,0.000000,1
688.900000,,,,,,,,,,,,,,28.139900,-82.321040,-12.280614,0.113457,154.998703,0.000000,1
689.000000,,,,,,,,,,,,,,28.139900,-82.321040,-12.271809,0.113566,154.998703,0.000000,1
689.100000,,,,,,,,,,,,,,28.139900,-82.321040,-12.263716,0.116105,154.998703,0.000000,1
689.200000,,,,,,,,,,,,,,28.139900,-82.321040,-12.270256,0.168521,154.998703,0.000000,1
689.300000,,,,,,,,,,,,,,28.139900,-82.321039,-12.276796,0.220937,154.998703,0.000000,1
689.400000,,,,,,,,,,,,,,28.139900,-82.321039,-12.283336,0.273353,154.998703,0.000000,1
689.500000,,,,,,,,,,,,,,28.139900,-82.321039,-12.289876,0.325769,154.998703,0.000000,1
689.600000,,,,,,,,,,,,,,28.139900,-82.321039,-12.296416,0.378185,154.998703,0.000000,1
689.700000,,,,,,,,,,,,,,28.139900,-82.321039,-12.302956,0.430601,154.998703,0.000000,1
689.800000,,,,,,,,,,,,,,28.139900,-82.321039,-12.309496,0.483017,154.998703,0.000000,1
689.900000,,,,,,,,,,,,,,28.139900,-82.321039,-12.316036,0.535433,154.998703,0.000000,1
690.000000,,,,,,,,,,,,,,28.139900,-82.321039,-12.322576,0.587849,154.998703,0.000000,1
690.100000,,,,,,,,,,,,,,28.139900,-82.321039,-12.336100,0.635294,154.998703,0.000000,1
690.200000,,,,,,,,,,,,,,28.139900,-82.321039,-12.452298,0.609664,154.998703,0.000000,1
690.300000,,,,,,,,,,,,,,28.139899,-82.321039,-12.568496,0.584033,154.998703,0.000000,1
690.400000,,,,,,,,,,,,,,28.139899,-82.321039,-12.684695,0.558402,154.998703,0.000000,1
690.500000,,,,,,,,,,,,,,28.139899,-82.321039,-12.800893,0.532771,154.998703,0.000000,1
690.600000,,,,,,,,,,,,,,28.139898,-82.321039,-12.917091,0.507141,154.998703,0.000000,1
690.700000,,,,,,,,,,,,,,28.139898,-82.321039,-13.033289,0.481510,154.998703,0.000000,1
690.800000,,,,,,,,,,,,,,28.139898,-82.321040,-13.149488,0.455879,154.998703,0.000000,1
690.900000,,,,,,,,,,,,,,28.139897,-82.321040,-13.265686,0.430248,154.998703,0.000000,1
691.000000,,,,,,,,,,,,,,28.139897,-82.321040,-13.381884,0.404618,154.998703,0.000000,1
691.100000,,,,,,,,,,,,,,28.139896,-82.321040,-13.491576,0.382362,154.998703,0.000000,1
691.200000,,,,,,,,,,,,,,28.139896,-82.321039,-13.514797,0.404964,154.998703,0.000000,1
691.300000,,,,,,,,,,,,,,28.139895,-82.321039,-13.538019,0.427565,154.998703,0.000000,1
691.400000,,,,,,,,,,,,,,28.139894,-82.321039,-13.561240,0.450167,154.998703,0.000000,1
691.500000,,,,,,,,,,,,,,28.139894,-82.321038,-13.584461,0.472769,154.998703,0.000000,1
691.600000,,,,,,,,,,,,,,28.139893,-82.321038,-13.607682,0.495370,154.998703,0.000000,1
691.700000,,,,,,,,,,,,,,28.139892,-82.321038,-13.630904,0.517972,154.998703,0.000000,1
691.800000,,,,,,,,,,,,,,28.139892,-82.321037,-13.654125,0.540574,154.998703,0.000000,1
691.900000,,,,,,,,,,,,,,28.139891,-82.321037,-13.677346,0.563175,154.998703,0.000000,1
692.000000,,,,,,,,,,,,,,28.139890,-82.321037,-13.700567,0.585777,154.998703,0.000000,1
692.100000,,,,,,,,,,,,,,28.139890,-82.321036,-13.722419,0.611562,155.031307,0.000000,1
692.200000,,,,,,,,,,,,,,28.139889,-82.321036,-13.723726,0.685079,155.552747,0.000000,1
692.300000,,,,,,,,,,,,,,28.139888,-82.321036,-13.725034,0.758596,156.074187,0.000000,1
692.400000,,,,,,,,,,,,,,28.139887,-82.321037,-13.726342,0.832113,156.595628,0.000000,1
692.500000,,,,,,,,,,,,,,28.139887,-82.321037,-13.727650,0.905630,157.117068,0.000000,1
692.600000,,,,,,,,,,,,,,28.139886,-82.321037,-13.728957,0.979147,157.638508,0.000000,1
692.700000,,,,,,,,,,,,,,28.139885,-82.321037,-13.730265,1.052664,158.159948,0.000000,1
692.800000,,,,,,,,,,,,,,28.139884,-82.321037,-13.731573,1.126181,158.681388,0.000000,1
692.900000,,,,,,,,,,,,,,28.139883,-82.321037,-13.732881,1.199698,159.202828,0.000000,1
693.000000,,,,,,,,,,,,,,28.139883,-82.321037,-13.734189,1.273215,159.724268,0.000000,1
693.100000,,,,,,,,,,,,,,28.139882,-82.321037,-13.736744,1.344128,160.214905,0.000000,1
693.200000,,,,,,,,,,,,,,28.139881,-82.321037,-13.773045,1.344637,159.872637,0.000000,1
693.300000,,,,,,,,,,,,,,28.139880,-82.321037,-13.809345,1.345147,159.530369,0.000000,1
693.400000,,,,,,,,,,,,,,28.139879,-82.321037,-13.845646,1.345656,159.188101,0.000000,1
693.500000,,,,,,,,,,,,,,28.139878,-82.321037,-13.881946,1.346165,158.845833,0.000000,1
693.600000,,,,,,,,,,,,,,28.139878,-82.321037,-13.918247,1.346674,158.503565,0.000000,1
693.700000,,,,,,,,,,,,,,28.139877,-82.321037,-13.954547,1.347184,158.161296,0.000000,1
693.800000,,,,,,,,,,,,,,28.139876,-82.321037,-13.990847,1.347693,157.819028,0.000000,1
693.900000,,,,,,,,,,,,,,28.139875,-82.321037,-14.027148,1.348202,157.476760,0.000000,1
694.000000,,,,,,,,,,,,,,28.139874,-82.321037,-14.063448,1.348711,157.134492,0.000000,1
694.100000,,,,,,,,,,,,,,28.139873,-82.321037,-14.099487,1.350942,156.799241,0.000000,1
694.200000,,,,,,,,,,,,,,28.139872,-82.321036,-14.132170,1.375209,156.553852,0.000000,1
694.300000,,,,,,,,,,,,,,28.139871,-82.321036,-14.164854,1.399476,156.308462,0.000000,1
694.400000,,,,,,,,,,,,,,28.139869,-82.321035,-14.197537,1.423743,156.063073,0.000000,1
694.500000,,,,,,,,,,,,,,28.139868,-82.321034,-14.230221,1.448010,155.817683,0.000000,1
694.600000,,,,,,,,,,,,,,28.139867,-82.321033,-14.262904,1.472277,155.572294,0.000000,1
694.700000,,,,,,,,,,,,,,28.139866,-82.321032,-14.295587,1.496544,155.326904,0.000000,1
694.800000,,,,,,,,,,,,,,28.139864,-82.321031,-14.328271,1.520811,155.081515,0.000000,1
694.900000,,,,,,,,,,,,,,28.139863,-82.321030,-14.360954,1.545078,154.836125,0.000000,1
695.000000,,,,,,,,,,,,,,28.139862,-82.321030,-14.393638,1.569345,154.590736,0.000000,1
695.100000,,,,,,,,,,,,,,28.139861,-82.321029,-14.417918,1.591125,154.342834,0.000000,1
695.200000,,,,,,,,,,,,,,28.139860,-82.321028,-14.337265,1.581849,154.063561,0.000000,1
695.300000,,,,,,,,,,,,,,28.139860,-82.321028,-14.256611,1.572573,153.784289,0.000000,1
695.400000,,,,,,,,,,,,,,28.139859,-82.321027,-14.175958,1.563296,153.505016,0.000000,1
695.500000,,,,,,,,,,,,,,28.139858,-82.321027,-14.095305,1.554020,153.225743,0.000000,1
695.600000,,,,,,,,,,,,,,28.139858,-82.321026,-14.014652,1.544744,152.946471,0.000000,1
695.700000,,,,,,,,,,,,,,28.139857,-82.321026,-13.933999,1.535468,152.667198,0.000000,1
695.800000,,,,,,,,,,,,,,28.139856,-82.321025,-13.853346,1.526191,152.387925,0.000000,1
695.900000,,,,,,,,,,,,,,28.139856,-82.321025,-13.772693,1.516915,152.108652,0.000000,1
696.000000,,,,,,,,,,,,,,28.139855,-82.321024,-13.692040,1.507639,151.829380,0.000000,1
696.100000,,,,,,,,,,,,,,28.139854,-82.321024,-13.611387,1.498362,151.550107,0.000000,1
696.200000,,,,,,,,,,,,,,28.139853,-82.321024,-13.577656,1.428520,153.157459,0.000000,1
696.300000,,,,,,,,,,,,,,28.139852,-82.321023,-13.544715,1.357658,154.796551,0.000000,1
696.400000,,,,,,,,,,,,,,28.139851,-82.321023,-13.511774,1.286796,156.435643,0.000000,1
696.500000,,,,,,,,,,,,,,28.139850,-82.321023,-13.478833,1.215934,158.074734,0.000000,1
696.600000,,,,,,,,,,,,,,28.139849,-82.321023,-13.445892,1.145072,159.713826,0.000000,1
696.700000,,,,,,,,,,,,,,28.139848,-82.321023,-13.412951,1.074211,161.352918,0.000000,1
696.800000,,,,,,,,,,,,,,28.139847,-82.321023,-13.380010,1.003349,162.992010,0.000000,1
696.900000,,,,,,,,,,,,,,28.139846,-82.321023,-13.347069,0.932487,164.631102,0.000000,1
697.000000,,,,,,,,,,,,,,28.139845,-82.321022,-13.314128,0.861625,166.270193,0.000000,1
697.100000,,,,,,,,,,,,,,28.139843,-82.321022,-13.281187,0.790764,167.909285,0.000000,1
697.200000,,,,,,,,,,,,,,28.139843,-82.321023,-13.257251,0.774740,167.934647,0.000000,1
697.300000,,,,,,,,,,,,,,28.139843,-82.321025,-13.233456,0.759579,167.934647,0.000000,1
697.400000,,,,,,,,,,,,,,28.139842,-82.321026,-13.209661,0.744417,167.934647,0.000000,1
697.500000,,,,,,,,,,,,,,28.139842,-82.321027,-13.185866,0.729256,167.934647,0.000000,1
697.600000,,,,,,,,,,,,,,28.139841,-82.321028,-13.162071,0.714095,167.934647,0.000000,1
697.700000,,,,,,,,,,,,,,28.139841,-82.321029,-13.138276,0.698933,167.934647,0.000000,1
697.800000,,,,,,,,,,,,,,28.139840,-82.321030,-13.114480,0.683772,167.934647,0.000000,1
697.900000,,,,,,,,,,,,,,28.139840,-82.321032,-13.090685,0.668610,167.934647,0.000000,1
698.000000,,,,,,,,,,,,,,28.139840,-82.321033,-13.066890,0.653449,167.934647,0.000000,1
698.100000,,,,,,,,,,,,,,28.139839,-82.321034,-13.038330,0.639250,167.934647,0.000000,1
698.200000,,,,,,,,,,,,,,28.139839,-82.321034,-12.891875,0.648858,167.934647,0.000000,1
698.300000,,,,,,,,,,,,,,28.139839,-82.321035,-12.745420,0.658467,167.934647,0.000000,1
698.400000,,,,,,,,,,,,,,28.139838,-82.321035,-12.598965,0.668076,167.934647,0.000000,1
698.500000,,,,,,,,,,,,,,28.139838,-82.321036,-12.452510,0.677685,167.934647,0.000000,1
698.600000,,,,,,,,,,,,,,28.139838,-82.321036,-12.306055,0.687293,167.934647,0.000000,1
698.700000,,,,,,,,,,,,,,28.139837,-82.321036,-12.159600,0.696902,167.934647,0.000000,1
698.800000,,,,,,,,,,,,,,28.139837,-82.321037,-12.013145,0.706511,167.934647,0.000000,1
698.900000,,,,,,,,,,,,,,28.139837,-82.321037,-11.866691,0.716119,167.934647,0.000000,1
699.000000,,,,,,,,,,,,,,28.139836,-82.321038,-11.720236,0.725728,167.934647,0.000000,1
699.100000,,,,,,,,,,,,,,28.139836,-82.321038,-11.575378,0.734142,167.934647,0.000000,1
699.200000,,,,,,,,,,,,,,28.139835,-82.321038,-11.454175,0.724855,167.934647,0.000000,1
699.300000,,,,,,,,,,,,,,28.139835,-82.321037,-11.332973,0.715569,167.934647,0.000000,1
699.400000,,,,,,,,,,,,,,28.139834,-82.321036,-11.211770,0.706282,167.934647,0.000000,1
699.500000,,,,,,,,,,,,,,28.139834,-82.321036,-11.090568,0.696995,167.934647,0.000000,1
699.600000,,,,,,,,,,,,,,28.139833,-82.321035,-10.969365,0.687709,167.934647,0.000000,1
699.700000,,,,,,,,,,,,,,28.139832,-82.321035,-10.848162,0.678422,167.934647,0.000000,1
699.800000,,,,,,,,,,,,,,28.139832,-82.321034,-10.726960,0.669136,167.934647,0.000000,1
699.900000,,,,,,,,,,,,,,28.139831,-82.321034,-10.605757,0.659849,167.934647,0.000000,1
700.000000,,,,,,,,,,,,,,28.139831,-82.321033,-10.484555,0.650563,167.934647,0.000000,1
700.100000,,,,,,,,,,,,,,28.139830,-82.321032,-10.382531,0.644690,167.702990,0.000000,1
700.200000,,,,,,,,,,,,,,28.139830,-82.321030,-10.545961,0.686072,164.265073,0.000000,1
700.300000,,,,,,,,,,,,,,28.139830,-82.321028,-10.709390,0.727454,160.827155,0.000000,1
700.400000,,,,,,,,,,,,,,28.139830,-82.321026,-10.872820,0.768836,157.389238,0.000000,1
700.500000,,,,,,,,,,,,,,28.139830,-82.321024,-11.036249,0.810218,153.951321,0.000000,1
700.600000,,,,,,,,,,,,,,28.139829,-82.321022,-11.199679,0.851600,150.513403,0.000000,1
700.700000,,,,,,,,,,,,,,28.139829,-82.321020,-11.363108,0.892982,147.075486,0.000000,1
700.800000,,,,,,,,,,,,,,28.139829,-82.321017,-11.526538,0.934364,143.637569,0.000000,1
700.900000,,,,,,,,,,,,,,28.139829,-82.321015,-11.689967,0.975746,140.199651,0.000000,1
701.000000,,,,,,,,,,,,,,28.139829,-82.321013,-11.853396,1.017128,136.761734,0.000000,1
701.100000,,,,,,,,,,,,,,28.139829,-82.321011,-12.015107,1.059060,133.386048,0.000000,1
701.200000,,,,,,,,,,,,,,28.139826,-82.321011,-12.005897,1.155717,136.198194,0.000000,1
701.300000,,,,,,,,,,,,,,28.139823,-82.321011,-11.996687,1.252374,139.010341,0.000000,1
701.400000,,,,,,,,,,,,,,28.139821,-82.321011,-11.987477,1.349031,141.822488,0.000000,1
701.500000,,,,,,,,,,,,,,28.139818,-82.321010,-11.978267,1.445687,144.634635,0.000000,1
701.600000,,,,,,,,,,,,,,28.139815,-82.321010,-11.969057,1.542344,147.446781,0.000000,1
701.700000,,,,,,,,,,,,,,28.139812,-82.321010,-11.959847,1.639001,150.258928,0.000000,1
701.800000,,,,,,,,,,,,,,28.139810,-82.321010,-11.950636,1.735658,153.071075,0.000000,1
701.900000,,,,,,,,,,,,,,28.139807,-82.321010,-11.941426,1.832314,155.883222,0.000000,1
702.000000,,,,,,,,,,,,,,28.139804,-82.321010,-11.932216,1.928971,158.695368,0.000000,1
702.100000,,,,,,,,,,,,,,28.139801,-82.321010,-11.917147,2.026667,161.431799,0.000000,1
702.200000,,,,,,,,,,,,,,28.139797,-82.321009,-11.703535,2.159587,161.602358,0.000000,1
702.300000,,,,,,,,,,,,,,28.139792,-82.321009,-11.489923,2.292507,161.772917,0.000000,1
702.400000,,,,,,,,,,,,,,28.139788,-82.321009,-11.276311,2.425426,161.943476,0.000000,1
702.500000,,,,,,,,,,,,,,28.139783,-82.321008,-11.062699,2.558346,162.114035,0.000000,1
702.600000,,,,,,,,,,,,,,28.139778,-82.321008,-10.849087,2.691265,162.284594,0.000000,1
702.700000,,,,,,,,,,,,,,28.139774,-82.321008,-10.635475,2.824185,162.455153,0.000000,1
702.800000,,,,,,,,,,,,,,28.139769,-82.321007,-10.421863,2.957105,162.625712,0.000000,1
702.900000,,,,,,,,,,,,,,28.139765,-82.321007,-10.208250,3.090024,162.796271,0.000000,1
703.000000,,,,,,,,,,,,,,28.139760,-82.321007,-9.994638,3.222944,162.966830,0.000000,1
703.100000,,,,,,,,,,,,,,28.139756,-82.321006,-9.787455,3.355081,163.134884,0.000000,1
703.200000,,,,,,,,,,,,,,28.139753,-82.321005,-9.894737,3.448925,163.180389,0.000000,1
703.300000,,,,,,,,,,,,,,28.139750,-82.321003,-10.002019,3.542770,163.225894,0.000000,1
703.400000,,,,,,,,,,,,,,28.139747,-82.321002,-10.109300,3.636615,163.271398,0.000000,1
703.500000,,,,,,,,,,,,,,28.139744,-82.321000,-10.216582,3.730460,163.316903,0.000000,1
703.600000,,,,,,,,,,,,,,28.139741,-82.320999,-10.323863,3.824304,163.362408,0.000000,1
703.700000,,,,,,,,,,,,,,28.139738,-82.320997,-10.431145,3.918149,163.407913,0.000000,1
703.800000,,,,,,,,,,,,,,28.139735,-82.320996,-10.538426,4.011994,163.453418,0.000000,1
703.900000,,,,,,,,,,,,,,28.139732,-82.320994,-10.645708,4.105839,163.498922,0.000000,1
704.000000,,,,,,,,,,,,,,28.139729,-82.320993,-10.752990,4.199683,163.544427,0.000000,1
704.100000,,,,,,,,,,,,,,28.139726,-82.320991,-10.844009,4.297807,163.568997,0.000000,1
704.200000,,,,,,,,,,,,,,28.139722,-82.320989,-10.672240,4.465077,163.255271,0.000000,1
704.300000,,,,,,,,,,,,,,28.139717,-82.320988,-10.500471,4.632347,162.941544,0.000000,1
704.400000,,,,,,,,,,,,,,28.139713,-82.320986,-10.328701,4.799617,162.627818,0.000000,1
704.500000,,,,,,,,,,,,,,28.139709,-82.320984,-10.156932,4.966887,162.314092,0.000000,1
704.600000,,,,,,,,,,,,,,28.139705,-82.320983,-9.985163,5.134158,162.000365,0.000000,1
704.700000,,,,,,,,,,,,,,28.139700,-82.320981,-9.813394,5.301428,161.686639,0.000000,1
704.800000,,,,,,,,,,,,,,28.139696,-82.320979,-9.641625,5.468698,161.372912,0.000000,1
704.900000,,,,,,,,,,,,,,28.139692,-82.320977,-9.469856,5.635968,161.059186,0.000000,1
705.000000,,,,,,,,,,,,,,28.139687,-82.320976,-9.298086,5.803238,160.745459,0.000000,1
705.100000,,,,,,,,,,,,,,28.139683,-82.320974,-9.138398,5.966802,160.451275,0.000000,1
705.200000,,,,,,,,,,,,,,28.139678,-82.320972,-9.178032,6.069223,160.479517,0.000000,1
705.300000,,,,,,,,,,,,,,28.139673,-82.320970,-9.217666,6.171644,160.507759,0.000000,1
705.400000,,,,,,,,,,,,,,28.139669,-82.320968,-9.257301,6.274066,160.536001,0.000000,1
705.500000,,,,,,,,,,,,,,28.139664,-82.320966,-9.296935,6.376487,160.564242,0.000000,1
705.600000,,,,,,,,,,,,,,28.139659,-82.320963,-9.336569,6.478908,160.592484,0.000000,1
705.700000,,,,,,,,,,,,,,28.139654,-82.320961,-9.376203,6.581330,160.620726,0.000000,1
705.800000,,,,,,,,,,,,,,28.139649,-82.320959,-9.415837,6.683751,160.648968,0.000000,1
705.900000,,,,,,,,,,,,,,28.139644,-82.320957,-9.455471,6.786172,160.677210,0.000000,1
706.000000,,,,,,,,,,,,,,28.139639,-82.320955,-9.495105,6.888593,160.705451,0.000000,1
706.100000,,,,,,,,,,,,,,28.139635,-82.320953,-9.527876,6.990369,160.732849,0.000000,1
706.200000,,,,,,,,,,,,,,28.139628,-82.320950,-9.456392,7.082335,160.747420,0.000000,1
706.300000,,,,,,,,,,,,,,28.139621,-82.320948,-9.384908,7.174302,160.761990,0.000000,1
706.400000,,,,,,,,,,,,,,28.139614,-82.320946,-9.313424,7.266268,160.776561,0.000000,1
706.500000,,,,,,,,,,,,,,28.139608,-82.320943,-9.241941,7.358235,160.791132,0.000000,1
706.600000,,,,,,,,,,,,,,28.139601,-82.320941,-9.170457,7.450201,160.805702,0.000000,1
706.700000,,,,,,,,,,,,,,28.139594,-82.320938,-9.098973,7.542167,160.820273,0.000000,1
706.800000,,,,,,,,,,,,,,28.139588,-82.320936,-9.027489,7.634134,160.834843,0.000000,1
706.900000,,,,,,,,,,,,,,28.139581,-82.320934,-8.956005,7.726100,160.849414,0.000000,1
707.000000,,,,,,,,,,,,,,28.139574,-82.320931,-8.884521,7.818067,160.863985,0.000000,1
707.100000,,,,,,,,,,,,,,28.139568,-82.320929,-8.812634,7.910808,160.864977,0.000000,1
707.200000,,,,,,,,,,,,,,28.139560,-82.320925,-8.730130,8.023908,160.509211,0.000000,1
707.300000,,,,,,,,,,,,,,28.139553,-82.320922,-8.647626,8.137009,160.153444,0.000000,1
707.400000,,,,,,,,,,,,,,28.139546,-82.320918,-8.565122,8.250109,159.797678,0.000000,1
707.500000,,,,,,,,,,,,,,28.139539,-82.320915,-8.482619,8.363210,159.441911,0.000000,1
707.600000,,,,,,,,,,,,,,28.139531,-82.320911,-8.400115,8.476311,159.086145,0.000000,1
707.700000,,,,,,,,,,,,,,28.139524,-82.320908,-8.317611,8.589411,158.730378,0.000000,1
707.800000,,,,,,,,,,,,,,28.139517,-82.320904,-8.235107,8.702512,158.374612,0.000000,1
707.900000,,,,,,,,,,,,,,28.139509,-82.320901,-8.152604,8.815612,158.018845,0.000000,1
708.000000,,,,,,,,,,,,,,28.139502,-82.320897,-8.070100,8.928713,157.663079,0.000000,1
708.100000,,,,,,,,,,,,,,28.139495,-82.320894,-7.992720,9.042294,157.314302,0.000000,1
708.200000,,,,,,,,,,,,,,28.139487,-82.320889,-8.016137,9.165329,157.103016,0.000000,1
708.300000,,,,,,,,,,,,,,28.139479,-82.320885,-8.039553,9.288365,156.891729,0.000000,1
708.400000,,,,,,,,,,,,,,28.139472,-82.320881,-8.062970,9.411400,156.680442,0.000000,1
708.500000,,,,,,,,,,,,,,28.139464,-82.320877,-8.086386,9.534435,156.469156,0.000000,1
708.600000,,,,,,,,,,,,,,28.139456,-82.320873,-8.109802,9.657470,156.257869,0.000000,1
708.700000,,,,,,,,,,,,,,28.139449,-82.320869,-8.133219,9.780506,156.046583,0.000000,1
708.800000,,,,,,,,,,,,,,28.139441,-82.320865,-8.156635,9.903541,155.835296,0.000000,1
708.900000,,,,,,,,,,,,,,28.139433,-82.320861,-8.180052,10.026576,155.624009,0.000000,1
709.000000,,,,,,,,,,,,,,28.139426,-82.320857,-8.203468,10.149612,155.412723,0.000000,1
709.100000,,,,,,,,,,,,,,28.139418,-82.320852,-8.233366,10.270748,155.162568,0.000000,1
709.200000,,,,,,,,,,,,,,28.139409,-82.320846,-8.352911,10.365614,154.374849,0.000000,1
709.300000,,,,,,,,,,,,,,28.139400,-82.320840,-8.472455,10.460480,153.587130,0.000000,1
709.400000,,,,,,,,,,,,,,28.139392,-82.320833,-8.592000,10.555346,152.799411,0.000000,1
709.500000,,,,,,,,,,,,,,28.139383,-82.320827,-8.711544,10.650212,152.011692,0.000000,1
709.600000,,,,,,,,,,,,,,28.139374,-82.320821,-8.831089,10.745078,151.223973,0.000000,1
709.700000,,,,,,,,,,,,,,28.139365,-82.320815,-8.950633,10.839944,150.436254,0.000000,1
709.800000,,,,,,,,,,,,,,28.139357,-82.320808,-9.070177,10.934810,149.648535,0.000000,1
709.900000,,,,,,,,,,,,,,28.139348,-82.320802,-9.189722,11.029676,148.860816,0.000000,1
710.000000,,,,,,,,,,,,,,28.139339,-82.320796,-9.309266,11.124542,148.073097,0.000000,1
710.100000,,,,,,,,,,,,,,28.139330,-82.320790,-9.428394,11.219229,147.287491,0.000000,1
710.200000,,,,,,,,,,,,,,28.139322,-82.320783,-9.400956,11.250781,147.244358,0.000000,1
710.300000,,,,,,,,,,,,,,28.139314,-82.320777,-9.373518,11.282333,147.201225,0.000000,1
710.400000,,,,,,,,,,,,,,28.139305,-82.320771,-9.346079,11.313884,147.158092,0.000000,1
710.500000,,,,,,,,,,,,,,28.139297,-82.320765,-9.318641,11.345436,147.114959,0.000000,1
710.600000,,,,,,,,,,,,,,28.139288,-82.320759,-9.291203,11.376988,147.071826,0.000000,1
710.700000,,,,,,,,,,,,,,28.139280,-82.320753,-9.263765,11.408540,147.028693,0.000000,1
710.800000,,,,,,,,,,,,,,28.139271,-82.320747,-9.236327,11.440092,146.985560,0.000000,1
710.900000,,,,,,,,,,,,,,28.139263,-82.320740,-9.208889,11.471644,146.942427,0.000000,1
711.000000,,,,,,,,,,,,,,28.139254,-82.320734,-9.181451,11.503196,146.899295,0.000000,1
711.100000,,,,,,,,,,,,,,28.139246,-82.320728,-9.157174,11.535652,146.839856,0.000000,1
711.200000,,,,,,,,,,,,,,28.139238,-82.320721,-9.201473,11.587704,146.426754,0.000000,1
711.300000,,,,,,,,,,,,,,28.139229,-82.320713,-9.245771,11.639757,146.013653,0.000000,1
711.400000,,,,,,,,,,,,,,28.139221,-82.320705,-9.290070,11.691809,145.600552,0.000000,1
711.500000,,,,,,,,,,,,,,28.139213,-82.320698,-9.334369,11.743862,145.187450,0.000000,1
711.600000,,,,,,,,,,,,,,28.139204,-82.320690,-9.378667,11.795914,144.774349,0.000000,1
711.700000,,,,,,,,,,,,,,28.139196,-82.320683,-9.422966,11.847967,144.361247,0.000000,1
711.800000,,,,,,,,,,,,,,28.139188,-82.320675,-9.467264,11.900019,143.948146,0.000000,1
711.900000,,,,,,,,,,,,,,28.139179,-82.320668,-9.511563,11.952071,143.535045,0.000000,1
712.000000,,,,,,,,,,,,,,28.139171,-82.320660,-9.555861,12.004124,143.121943,0.000000,1
712.100000,,,,,,,,,,,,,,28.139162,-82.320653,-9.598205,12.055374,142.723467,0.000000,1
712.200000,,,,,,,,,,,,,,28.139152,-82.320644,-9.602870,12.091161,142.606871,0.000000,1
712.300000,,,,,,,,,,,,,,28.139142,-82.320635,-9.607534,12.126947,142.490275,0.000000,1
712.400000,,,,,,,,,,,,,,28.139132,-82.320626,-9.612199,12.162734,142.373679,0.000000,1
712.500000,,,,,,,,,,,,,,28.139122,-82.320617,-9.616863,12.198521,142.257083,0.000000,1
712.600000,,,,,,,,,,,,,,28.139112,-82.320608,-9.621528,12.234307,142.140486,0.000000,1
712.700000,,,,,,,,,,,,,,28.139102,-82.320599,-9.626193,12.270094,142.023890,0.000000,1
712.800000,,,,,,,,,,,,,,28.139091,-82.320590,-9.630857,12.305881,141.907294,0.000000,1
712.900000,,,,,,,,,,,,,,28.139081,-82.320581,-9.635522,12.341667,141.790698,0.000000,1
713.000000,,,,,,,,,,,,,,28.139071,-82.320572,-9.640187,12.377454,141.674102,0.000000,1
713.100000,,,,,,,,,,,,,,28.139061,-82.320563,-9.645512,12.412284,141.561295,0.000000,1
713.200000,,,,,,,,,,,,,,28.139052,-82.320556,-9.667391,12.423150,141.543422,0.000000,1
713.300000,,,,,,,,,,,,,,28.139044,-82.320549,-9.689270,12.434015,141.525548,0.000000,1
713.400000,,,,,,,,,,,,,,28.139035,-82.320543,-9.711148,12.444881,141.507674,0.000000,1
713.500000,,,,,,,,,,,,,,28.139026,-82.320536,-9.733027,12.455746,141.489801,0.000000,1
713.600000,,,,,,,,,,,,,,28.139018,-82.320529,-9.754906,12.466612,141.471927,0.000000,1
713.700000,,,,,,,,,,,,,,28.139009,-82.320522,-9.776785,12.477477,141.454053,0.000000,1
713.800000,,,,,,,,,,,,,,28.139001,-82.320515,-9.798664,12.488343,141.436180,0.000000,1
713.900000,,,,,,,,,,,,,,28.138992,-82.320509,-9.820543,12.499208,141.418306,0.000000,1
714.000000,,,,,,,,,,,,,,28.138983,-82.320502,-9.842421,12.510074,141.400432,0.000000,1
714.100000,,,,,,,,,,,,,,28.138975,-82.320495,-9.864491,12.520728,141.376949,0.000000,1
714.200000,,,,,,,,,,,,,,28.138966,-82.320486,-9.891168,12.526273,141.218166,0.000000,1
714.300000,,,,,,,,,,,,,,28.138958,-82.320476,-9.917845,12.531818,141.059383,0.000000,1
714.400000,,,,,,,,,,,,,,28.138949,-82.320467,-9.944522,12.537363,140.900600,0.000000,1
714.500000,,,,,,,,,,,,,,28.138941,-82.320458,-9.971199,12.542909,140.741817,0.000000,1
714.600000,,,,,,,,,,,,,,28.138932,-82.320448,-9.997876,12.548454,140.583034,0.000000,1
714.700000,,,,,,,,,,,,,,28.138924,-82.320439,-10.024554,12.553999,140.424251,0.000000,1
714.800000,,,,,,,,,,,,,,28.138915,-82.320430,-10.051231,12.559544,140.265468,0.000000,1
714.900000,,,,,,,,,,,,,,28.138907,-82.320420,-10.077908,12.565090,140.106684,0.000000,1
715.000000,,,,,,,,,,,,,,28.138898,-82.320411,-10.104585,12.570635,139.947901,0.000000,1
715.100000,,,,,,,,,,,,,,28.138890,-82.320402,-10.130274,12.577709,139.787656,0.000000,1
715.200000,,,,,,,,,,,,,,28.138881,-82.320392,-10.140002,12.609498,139.603778,0.000000,1
715.300000,,,,,,,,,,,,,,28.138873,-82.320383,-10.149730,12.641287,139.419899,0.000000,1
715.400000,,,,,,,,,,,,,,28.138864,-82.320374,-10.159458,12.673076,139.236021,0.000000,1
715.500000,,,,,,,,,,,,,,28.138856,-82.320365,-10.169186,12.704866,139.052143,0.000000,1
715.600000,,,,,,,,,,,,,,28.138847,-82.320356,-10.178914,12.736655,138.868264,0.000000,1
715.700000,,,,,,,,,,,,,,28.138839,-82.320347,-10.188642,12.768444,138.684386,0.000000,1
715.800000,,,,,,,,,,,,,,28.138830,-82.320338,-10.198370,12.800233,138.500508,0.000000,1
715.900000,,,,,,,,,,,,,,28.138822,-82.320329,-10.208098,12.832022,138.316629,0.000000,1
716.000000,,,,,,,,,,,,,,28.138813,-82.320320,-10.217826,12.863811,138.132751,0.000000,1
716.100000,,,,,,,,,,,,,,28.138805,-82.320311,-10.227731,12.892326,137.946139,0.000000,1
716.200000,,,,,,,,,,,,,,28.138797,-82.320303,-10.242611,12.828740,137.682637,0.000000,1
716.300000,,,,,,,,,,,,,,28.138790,-82.320296,-10.257491,12.765155,137.419135,0.000000,1
716.400000,,,,,,,,,,,,,,28.138783,-82.320289,-10.272371,12.701570,137.155632,0.000000,1
716.500000,,,,,,,,,,,,,,28.138776,-82.320281,-10.287251,12.637985,136.892130,0.000000,1
716.600000,,,,,,,,,,,,,,28.138768,-82.320274,-10.302130,12.574400,136.628627,0.000000,1
716.700000,,,,,,,,,,,,,,28.138761,-82.320266,-10.317010,12.510815,136.365125,0.000000,1
716.800000,,,,,,,,,,,,,,28.138754,-82.320259,-10.331890,12.447230,136.101623,0.000000,1
716.900000,,,,,,,,,,,,,,28.138746,-82.320252,-10.346770,12.383645,135.838120,0.000000,1
717.000000,,,,,,,,,,,,,,28.138739,-82.320244,-10.361650,12.320059,135.574618,0.000000,1
717.100000,,,,,,,,,,,,,,28.138732,-82.320237,-10.388248,12.262146,135.317112,0.000000,1
717.200000,,,,,,,,,,,,,,28.138726,-82.320230,-10.583858,12.286027,135.146093,0.000000,1
717.300000,,,,,,,,,,,,,,28.138720,-82.320224,-10.779468,12.309908,134.975074,0.000000,1
717.400000,,,,,,,,,,,,,,28.138714,-82.320217,-10.975078,12.333789,134.804055,0.000000,1
717.500000,,,,,,,,,,,,,,28.138708,-82.320210,-11.170688,12.357671,134.633036,0.000000,1
717.600000,,,,,,,,,,,,,,28.138702,-82.320204,-11.366297,12.381552,134.462017,0.000000,1
717.700000,,,,,,,,,,,,,,28.138696,-82.320197,-11.561907,12.405433,134.290998,0.000000,1
717.800000,,,,,,,,,,,,,,28.138690,-82.320190,-11.757517,12.429314,134.119979,0.000000,1
717.900000,,,,,,,,,,,,,,28.138684,-82.320184,-11.953127,12.453195,133.948961,0.000000,1
718.000000,,,,,,,,,,,,,,28.138678,-82.320177,-12.148737,12.477077,133.777942,0.000000,1
718.100000,,,,,,,,,,,,,,28.138672,-82.320170,-12.340813,12.499678,133.605876,0.000000,1
718.200000,,,,,,,,,,,,,,28.138664,-82.320161,-12.395851,12.472648,133.393226,0.000000,1
718.300000,,,,,,,,,,,,,,28.138656,-82.320152,-12.450888,12.445617,133.180576,0.000000,1
718.400000,,,,,,,,,,,,,,28.138648,-82.320143,-12.505925,12.418587,132.967926,0.000000,1
718.500000,,,,,,,,,,,,,,28.138640,-82.320134,-12.560962,12.391556,132.755276,0.000000,1
718.600000,,,,,,,,,,,,,,28.138633,-82.320124,-12.616000,12.364525,132.542627,0.000000,1
718.700000,,,,,,,,,,,,,,28.138625,-82.320115,-12.671037,12.337495,132.329977,0.000000,1
718.800000,,,,,,,,,,,,,,28.138617,-82.320106,-12.726074,12.310464,132.117327,0.000000,1
718.900000,,,,,,,,,,,,,,28.138609,-82.320097,-12.781112,12.283434,131.904677,0.000000,1
719.000000,,,,,,,,,,,,,,28.138601,-82.320088,-12.836149,12.256403,131.692027,0.000000,1
719.100000,,,,,,,,,,,,,,28.138594,-82.320079,-12.892199,12.229685,131.477857,0.000000,1
719.200000,,,,,,,,,,,,,,28.138587,-82.320069,-12.990190,12.215907,131.200758,0.000000,1
719.300000,,,,,,,,,,,,,,28.138580,-82.320059,-13.088181,12.202129,130.923658,0.000000,1
719.400000,,,,,,,,,,,,,,28.138573,-82.320049,-13.186172,12.188350,130.646559,0.000000,1
719.500000,,,,,,,,,,,,,,28.138566,-82.320040,-13.284164,12.174572,130.369459,0.000000,1
719.600000,,,,,,,,,,,,,,28.138559,-82.320030,-13.382155,12.160794,130.092359,0.000000,1
719.700000,,,,,,,,,,,,,,28.138552,-82.320020,-13.480146,12.147015,129.815260,0.000000,1
719.800000,,,,,,,,,,,,,,28.138545,-82.320010,-13.578137,12.133237,129.538160,0.000000,1
719.900000,,,,,,,,,,,,,,28.138539,-82.320000,-13.676128,12.119459,129.261061,0.000000,1
720.000000,,,,,,,,,,,,,,28.138532,-82.319991,-13.774119,12.105681,128.983961,0.000000,1
720.100000,,,,,,,,,,,,,,28.138525,-82.319981,-13.878902,12.088082,128.713943,0.000000,1
720.200000,,,,,,,,,,,,,,28.138519,-82.319973,-14.089111,12.011178,128.553845,0.000000,1
720.300000,,,,,,,,,,,,,,28.138514,-82.319965,-14.299320,11.934274,128.393746,0.000000,1
720.400000,,,,,,,,,,,,,,28.138508,-82.319957,-14.509528,11.857370,128.233648,0.000000,1
720.500000,,,,,,,,,,,,,,28.138503,-82.319949,-14.719737,11.780466,128.073549,0.000000,1
720.600000,,,,,,,,,,,,,,28.138498,-82.319941,-14.929946,11.703562,127.913451,0.000000,1
720.700000,,,,,,,,,,,,,,28.138492,-82.319933,-15.140155,11.626658,127.753352,0.000000,1
720.800000,,,,,,,,,,,,,,28.138487,-82.319925,-15.350363,11.549754,127.593254,0.000000,1
720.900000,,,,,,,,,,,,,,28.138481,-82.319917,-15.560572,11.472850,127.433156,0.000000,1
721.000000,,,,,,,,,,,,,,28.138476,-82.319909,-15.770781,11.395946,127.273057,0.000000,1
721.100000,,,,,,,,,,,,,,28.138470,-82.319901,-15.965204,11.314767,127.103266,0.000000,1
721.200000,,,,,,,,,,,,,,28.138465,-82.319891,-15.943329,11.175023,126.800653,0.000000,1
721.300000,,,,,,,,,,,,,,28.138459,-82.319881,-15.921453,11.035278,126.498040,0.000000,1
721.400000,,,,,,,,,,,,,,28.138454,-82.319871,-15.899578,10.895533,126.195427,0.000000,1
721.500000,,,,,,,,,,,,,,28.138448,-82.319861,-15.877703,10.755788,125.892815,0.000000,1
721.600000,,,,,,,,,,,,,,28.138443,-82.319851,-15.855827,10.616043,125.590202,0.000000,1
721.700000,,,,,,,,,,,,,,28.138437,-82.319841,-15.833952,10.476299,125.287589,0.000000,1
721.800000,,,,,,,,,,,,,,28.138432,-82.319831,-15.812077,10.336554,124.984977,0.000000,1
721.900000,,,,,,,,,,,,,,28.138426,-82.319821,-15.790201,10.196809,124.682364,0.000000,1
722.000000,,,,,,,,,,,,,,28.138421,-82.319811,-15.768326,10.057064,124.379751,0.000000,1
722.100000,,,,,,,,,,,,,,28.138415,-82.319801,-15.746451,9.917320,124.077138,0.000000,1
722.200000,,,,,,,,,,,,,,28.138411,-82.319794,-15.667659,9.809136,124.137926,0.000000,1
722.300000,,,,,,,,,,,,,,28.138406,-82.319787,-15.588127,9.701362,124.203435,0.000000,1
722.400000,,,,,,,,,,,,,,28.138402,-82.319781,-15.508596,9.593588,124.268944,0.000000,1
722.500000,,,,,,,,,,,,,,28.138397,-82.319774,-15.429065,9.485814,124.334453,0.000000,1
722.600000,,,,,,,,,,,,,,28.138393,-82.319767,-15.349533,9.378040,124.399962,0.000000,1
722.700000,,,,,,,,,,,,,,28.138388,-82.319760,-15.270002,9.270266,124.465471,0.000000,1
722.800000,,,,,,,,,,,,,,28.138384,-82.319753,-15.190471,9.162493,124.530980,0.000000,1
722.900000,,,,,,,,,,,,,,28.138379,-82.319746,-15.110939,9.054719,124.596489,0.000000,1
723.000000,,,,,,,,,,,,,,28.138375,-82.319740,-15.031408,8.946945,124.661998,0.000000,1
723.100000,,,,,,,,,,,,,,28.138370,-82.319733,-14.951877,8.839171,124.727507,0.000000,1
723.200000,,,,,,,,,,,,,,28.138366,-82.319726,-14.875616,8.729272,124.810758,0.000000,1
723.300000,,,,,,,,,,,,,,28.138361,-82.319720,-14.868065,8.574739,125.266703,0.000000,1
723.400000,,,,,,,,,,,,,,28.138357,-82.319713,-14.860514,8.420206,125.722648,0.000000,1
723.500000,,,,,,,,,,,,,,28.138352,-82.319707,-14.852964,8.265673,126.178594,0.000000,1
723.600000,,,,,,,,,,,,,,28.138347,-82.319700,-14.845413,8.111140,126.634539,0.000000,1
723.700000,,,,,,,,,,,,,,28.138343,-82.319694,-14.837862,7.956607,127.090484,0.000000,1
723.800000,,,,,,,,,,,,,,28.138338,-82.319687,-14.830311,7.802074,127.546429,0.000000,1
723.900000,,,,,,,,,,,,,,28.138333,-82.319681,-14.822760,7.647541,128.002374,0.000000,1
724.000000,,,,,,,,,,,,,,28.138329,-82.319674,-14.815209,7.493007,128.458319,0.000000,1
724.100000,,,,,,,,,,,,,,28.138324,-82.319668,-14.807658,7.338474,128.914264,0.000000,1
724.200000,,,,,,,,,,,,,,28.138320,-82.319662,-14.798255,7.185551,129.447224,0.000000,1
724.300000,,,,,,,,,,,,,,28.138316,-82.319657,-14.758728,7.058815,131.232583,0.000000,1
724.400000,,,,,,,,,,,,,,28.138312,-82.319652,-14.719200,6.932078,133.017941,0.000000,1
724.500000,,,,,,,,,,,,,,28.138309,-82.319647,-14.679673,6.805342,134.803299,0.000000,1
724.600000,,,,,,,,,,,,,,28.138305,-82.319643,-14.640146,6.678605,136.588658,0.000000,1
724.700000,,,,,,,,,,,,,,28.138301,-82.319638,-14.600618,6.551869,138.374016,0.000000,1
724.800000,,,,,,,,,,,,,,28.138298,-82.319633,-14.561091,6.425132,140.159375,0.000000,1
724.900000,,,,,,,,,,,,,,28.138294,-82.319628,-14.521564,6.298395,141.944733,0.000000,1
725.000000,,,,,,,,,,,,,,28.138290,-82.319624,-14.482036,6.171659,143.730092,0.000000,1
725.100000,,,,,,,,,,,,,,28.138287,-82.319619,-14.442509,6.044922,145.515450,0.000000,1
725.200000,,,,,,,,,,,,,,28.138283,-82.319614,-14.402982,5.918186,147.300808,0.000000,1
725.300000,,,,,,,,,,,,,,28.138278,-82.319612,-14.355712,5.824708,150.178841,0.000000,1
725.400000,,,,,,,,,,,,,,28.138273,-82.319611,-14.308355,5.731612,153.069401,0.000000,1
725.500000,,,,,,,,,,,,,,28.138268,-82.319609,-14.260997,5.638517,155.959961,0.000000,1
725.600000,,,,,,,,,,,,,,28.138263,-82.319607,-14.213639,5.545421,158.850521,0.000000,1
725.700000,,,,,,,,,,,,,,28.138257,-82.319606,-14.166281,5.452325,161.741082,0.000000,1
725.800000,,,,,,,,,,,,,,28.138252,-82.319604,-14.118923,5.359229,164.631642,0.000000,1
725.900000,,,,,,,,,,,,,,28.138247,-82.319603,-14.071565,5.266133,167.522202,0.000000,1
726.000000,,,,,,,,,,,,,,28.138242,-82.319601,-14.024207,5.173037,170.412762,0.000000,1
726.100000,,,,,,,,,,,,,,28.138237,-82.319599,-13.976849,5.079941,173.303322,0.000000,1
726.200000,,,,,,,,,,,,,,28.138232,-82.319598,-13.929491,4.986845,176.193882,0.000000,1
726.300000,,,,,,,,,,,,,,28.138228,-82.319598,-13.919798,4.955541,178.622756,0.000000,1
726.400000,,,,,,,,,,,,,,28.138224,-82.319599,-13.910240,4.924456,181.049985,0.000000,1
726.500000,,,,,,,,,,,,,,28.138220,-82.319600,-13.900681,4.893372,183.477214,0.000000,1
726.600000,,,,,,,,,,,,,,28.138215,-82.319601,-13.891122,4.862288,185.904443,0.000000,1
726.700000,,,,,,,,,,,,,,28.138211,-82.319601,-13.881563,4.831204,188.331672,0.000000,1
726.800000,,,,,,,,,,,,,,28.138207,-82.319602,-13.872004,4.800119,190.758901,0.000000,1
726.900000,,,,,,,,,,,,,,28.138203,-82.319603,-13.862446,4.769035,193.186130,0.000000,1
727.000000,,,,,,,,,,,,,,28.138199,-82.319604,-13.852887,4.737951,195.613359,0.000000,1
727.100000,,,,,,,,,,,,,,28.138195,-82.319604,-13.843328,4.706867,198.040588,0.000000,1
727.200000,,,,,,,,,,,,,,28.138190,-82.319605,-13.832260,4.677451,200.423353,0.000000,1
727.300000,,,,,,,,,,,,,,28.138186,-82.319607,-13.755612,4.720542,200.874267,0.000000,1
727.400000,,,,,,,,,,,,,,28.138182,-82.319608,-13.678964,4.763632,201.325181,0.000000,1
727.500000,,,,,,,,,,,,,,28.138178,-82.319610,-13.602316,4.806722,201.776094,0.000000,1
727.600000,,,,,,,,,,,,,,28.138174,-82.319611,-13.525668,4.849813,202.227008,0.000000,1
727.700000,,,,,,,,,,,,,,28.138170,-82.319613,-13.449020,4.892903,202.677922,0.000000,1
727.800000,,,,,,,,,,,,,,28.138166,-82.319614,-13.372371,4.935993,203.128836,0.000000,1
727.900000,,,,,,,,,,,,,,28.138162,-82.319615,-13.295723,4.979084,203.579749,0.000000,1
728.000000,,,,,,,,,,,,,,28.138158,-82.319617,-13.219075,5.022174,204.030663,0.000000,1
728.100000,,,,,,,,,,,,,,28.138154,-82.319618,-13.142427,5.065264,204.481577,0.000000,1
728.200000,,,,,,,,,,,,,,28.138150,-82.319620,-13.067153,5.109625,204.929923,0.000000,1
728.300000,,,,,,,,,,,,,,28.138145,-82.319623,-13.084116,5.239236,205.205899,0.000000,1
728.400000,,,,,,,,,,,,,,28.138140,-82.319626,-13.101078,5.368847,205.481875,0.000000,1
728.500000,,,,,,,,,,,,,,28.138136,-82.319628,-13.118041,5.498458,205.757851,0.000000,1
728.600000,,,,,,,,,,,,,,28.138131,-82.319631,-13.135004,5.628070,206.033827,0.000000,1
728.700000,,,,,,,,,,,,,,28.138126,-82.319634,-13.151966,5.757681,206.309803,0.000000,1
728.800000,,,,,,,,,,,,,,28.138122,-82.319637,-13.168929,5.887292,206.585779,0.000000,1
728.900000,,,,,,,,,,,,,,28.138117,-82.319639,-13.185892,6.016904,206.861755,0.000000,1
729.000000,,,,,,,,,,,,,,28.138112,-82.319642,-13.202854,6.146515,207.137731,0.000000,1
729.100000,,,,,,,,,,,,,,28.138108,-82.319645,-13.219817,6.276126,207.413707,0.000000,1
729.200000,,,,,,,,,,,,,,28.138103,-82.319648,-13.237547,6.404539,207.695839,0.000000,1
729.300000,,,,,,,,,,,,,,28.138098,-82.319652,-13.276204,6.500290,208.145775,0.000000,1
729.400000,,,,,,,,,,,,,,28.138092,-82.319656,-13.314861,6.596042,208.595711,0.000000,1
729.500000,,,,,,,,,,,,,,28.138087,-82.319661,-13.353518,6.691793,209.045647,0.000000,1
729.600000,,,,,,,,,,,,,,28.138082,-82.319665,-13.392175,6.787544,209.495584,0.000000,1
729.700000,,,,,,,,,,,,,,28.138076,-82.319669,-13.430832,6.883295,209.945520,0.000000,1
729.800000,,,,,,,,,,,,,,28.138071,-82.319674,-13.469489,6.979047,210.395456,0.000000,1
729.900000,,,,,,,,,,,,,,28.138066,-82.319678,-13.508146,7.074798,210.845392,0.000000,1
730.000000,,,,,,,,,,,,,,28.138060,-82.319682,-13.546803,7.170549,211.295329,0.000000,1
730.100000,,,,,,,,,,,,,,28.138055,-82.319686,-13.585460,7.266300,211.745265,0.000000,1
730.200000,,,,,,,,,,,,,,28.138050,-82.319691,-13.624579,7.361924,212.192710,0.000000,1
730.300000,,,,,,,,,,,,,,28.138044,-82.319696,-13.742040,7.435841,212.217302,0.000000,1
730.400000,,,,,,,,,,,,,,28.138039,-82.319702,-13.859501,7.509758,212.241895,0.000000,1
730.500000,,,,,,,,,,,,,,28.138033,-82.319708,-13.976963,7.583675,212.266487,0.000000,1
730.600000,,,,,,,,,,,,,,28.138028,-82.319714,-14.094424,7.657592,212.291080,0.000000,1
730.700000,,,,,,,,,,,,,,28.138022,-82.319720,-14.211885,7.731510,212.315672,0.000000,1
730.800000,,,,,,,,,,,,,,28.138017,-82.319725,-14.329347,7.805427,212.340265,0.000000,1
730.900000,,,,,,,,,,,,,,28.138011,-82.319731,-14.446808,7.879344,212.364857,0.000000,1
731.000000,,,,,,,,,,,,,,28.138006,-82.319737,-14.564269,7.953261,212.389450,0.000000,1
731.100000,,,,,,,,,,,,,,28.138001,-82.319743,-14.681731,8.027178,212.414042,0.000000,1
731.200000,,,,,,,,,,,,,,28.137995,-82.319748,-14.797444,8.100839,212.430074,0.000000,1
731.300000,,,,,,,,,,,,,,28.137988,-82.319752,-14.845102,8.164512,212.112738,0.000000,1
731.400000,,,,,,,,,,,,,,28.137981,-82.319755,-14.892759,8.228185,211.795402,0.000000,1
731.500000,,,,,,,,,,,,,,28.137974,-82.319759,-14.940416,8.291859,211.478066,0.000000,1
731.600000,,,,,,,,,,,,,,28.137967,-82.319762,-14.988074,8.355532,211.160730,0.000000,1
731.700000,,,,,,,,,,,,,,28.137960,-82.319766,-15.035731,8.419205,210.843395,0.000000,1
731.800000,,,,,,,,,,,,,,28.137953,-82.319770,-15.083388,8.482878,210.526059,0.000000,1
731.900000,,,,,,,,,,,,,,28.137946,-82.319773,-15.131046,8.546551,210.208723,0.000000,1
732.000000,,,,,,,,,,,,,,28.137939,-82.319777,-15.178703,8.610224,209.891387,0.000000,1
732.100000,,,,,,,,,,,,,,28.137932,-82.319780,-15.226360,8.673897,209.574051,0.000000,1
732.200000,,,,,,,,,,,,,,28.137925,-82.319784,-15.272620,8.737347,209.256928,0.000000,1
732.300000,,,,,,,,,,,,,,28.137915,-82.319787,-15.249033,8.789637,208.950455,0.000000,1
732.400000,,,,,,,,,,,,,,28.137906,-82.319790,-15.225445,8.841928,208.643981,0.000000,1
732.500000,,,,,,,,,,,,,,28.137896,-82.319793,-15.201857,8.894218,208.337508,0.000000,1
732.600000,,,,,,,,,,,,,,28.137887,-82.319795,-15.178270,8.946508,208.031034,0.000000,1
732.700000,,,,,,,,,,,,,,28.137878,-82.319798,-15.154682,8.998798,207.724561,0.000000,1
732.800000,,,,,,,,,,,,,,28.137868,-82.319801,-15.131095,9.051088,207.418087,0.000000,1
732.900000,,,,,,,,,,,,,,28.137859,-82.319804,-15.107507,9.103379,207.111614,0.000000,1
733.000000,,,,,,,,,,,,,,28.137849,-82.319807,-15.083920,9.155669,206.805140,0.000000,1
733.100000,,,,,,,,,,,,,,28.137840,-82.319810,-15.062837,9.207564,206.503295,0.000000,1
733.200000,,,,,,,,,,,,,,28.137832,-82.319814,-15.121934,9.246820,206.349619,0.000000,1
733.300000,,,,,,,,,,,,,,28.137824,-82.319818,-15.181032,9.286075,206.195943,0.000000,1
733.400000,,,,,,,,,,,,,,28.137816,-82.319822,-15.240129,9.325330,206.042268,0.000000,1
733.500000,,,,,,,,,,,,,,28.137808,-82.319826,-15.299226,9.364586,205.888592,0.000000,1
733.600000,,,,,,,,,,,,,,28.137799,-82.319829,-15.358324,9.403841,205.734916,0.000000,1
733.700000,,,,,,,,,,,,,,28.137791,-82.319833,-15.417421,9.443097,205.581240,0.000000,1
733.800000,,,,,,,,,,,,,,28.137783,-82.319837,-15.476519,9.482352,205.427564,0.000000,1
733.900000,,,,,,,,,,,,,,28.137775,-82.319841,-15.535616,9.521608,205.273888,0.000000,1
734.000000,,,,,,,,,,,,,,28.137767,-82.319845,-15.594713,9.560863,205.120213,0.000000,1
734.100000,,,,,,,,,,,,,,28.137759,-82.319848,-15.652149,9.602321,204.969468,0.000000,1
734.200000,,,,,,,,,,,,,,28.137749,-82.319851,-15.686423,9.674490,204.859593,0.000000,1
734.300000,,,,,,,,,,,,,,28.137740,-82.319853,-15.720697,9.746659,204.749718,0.000000,1
734.400000,,,,,,,,,,,,,,28.137731,-82.319855,-15.754970,9.818827,204.639842,0.000000,1
734.500000,,,,,,,,,,,,,,28.137721,-82.319858,-15.789244,9.890996,204.529967,0.000000,1
734.600000,,,,,,,,,,,,,,28.137712,-82.319860,-15.823518,9.963165,204.420092,0.000000,1
734.700000,,,,,,,,,,,,,,28.137703,-82.319862,-15.857791,10.035333,204.310217,0.000000,1
734.800000,,,,,,,,,,,,,,28.137693,-82.319865,-15.892065,10.107502,204.200341,0.000000,1
734.900000,,,,,,,,,,,,,,28.137684,-82.319867,-15.926339,10.179670,204.090466,0.000000,1
735.000000,,,,,,,,,,,,,,28.137675,-82.319869,-15.960612,10.251839,203.980591,0.000000,1
735.100000,,,,,,,,,,,,,,28.137666,-82.319872,-15.992052,10.321338,203.898235,0.000000,1
735.200000,,,,,,,,,,,,,,28.137658,-82.319877,-15.970390,10.340804,204.331575,0.000000,1
735.300000,,,,,,,,,,,,,,28.137650,-82.319882,-15.948728,10.360269,204.764914,0.000000,1
735.400000,,,,,,,,,,,,,,28.137642,-82.319887,-15.927065,10.379735,205.198253,0.000000,1
735.500000,,,,,,,,,,,,,,28.137634,-82.319892,-15.905403,10.399201,205.631593,0.000000,1
735.600000,,,,,,,,,,,,,,28.137626,-82.319897,-15.883741,10.418667,206.064932,0.000000,1
735.700000,,,,,,,,,,,,,,28.137618,-82.319902,-15.862078,10.438133,206.498271,0.000000,1
735.800000,,,,,,,,,,,,,,28.137610,-82.319907,-15.840416,10.457598,206.931611,0.000000,1
735.900000,,,,,,,,,,,,,,28.137602,-82.319912,-15.818753,10.477064,207.364950,0.000000,1
736.000000,,,,,,,,,,,,,,28.137595,-82.319917,-15.797091,10.496530,207.798290,0.000000,1
736.100000,,,,,,,,,,,,,,28.137587,-82.319922,-15.772365,10.514226,208.227785,0.000000,1
736.200000,,,,,,,,,,,,,,28.137579,-82.319928,-15.684240,10.495288,208.577729,0.000000,1
736.300000,,,,,,,,,,,,,,28.137571,-82.319934,-15.596114,10.476350,208.927673,0.000000,1
736.400000,,,,,,,,,,,,,,28.137564,-82.319940,-15.507989,10.457412,209.277618,0.000000,1
736.500000,,,,,,,,,,,,,,28.137556,-82.319946,-15.419864,10.438475,209.627562,0.000000,1
736.600000,,,,,,,,,,,,,,28.137548,-82.319952,-15.331738,10.419537,209.977506,0.000000,1
736.700000,,,,,,,,,,,,,,28.137540,-82.319958,-15.243613,10.400599,210.327450,0.000000,1
736.800000,,,,,,,,,,,,,,28.137533,-82.319964,-15.155488,10.381661,210.677395,0.000000,1
736.900000,,,,,,,,,,,,,,28.137525,-82.319971,-15.067362,10.362724,211.027339,0.000000,1
737.000000,,,,,,,,,,,,,,28.137517,-82.319977,-14.979237,10.343786,211.377283,0.000000,1
737.100000,,,,,,,,,,,,,,28.137509,-82.319983,-14.891712,10.323892,211.719777,0.000000,1
737.200000,,,,,,,,,,,,,,28.137501,-82.319988,-14.816347,10.284611,211.911295,0.000000,1
737.300000,,,,,,,,,,,,,,28.137493,-82.319993,-14.740983,10.245330,212.102813,0.000000,1
737.400000,,,,,,,,,,,,,,28.137485,-82.319998,-14.665619,10.206049,212.294331,0.000000,1
737.500000,,,,,,,,,,,,,,28.137477,-82.320003,-14.590255,10.166768,212.485849,0.000000,1
737.600000,,,,,,,,,,,,,,28.137468,-82.320008,-14.514891,10.127487,212.677366,0.000000,1
737.700000,,,,,,,,,,,,,,28.137460,-82.320013,-14.439526,10.088206,212.868884,0.000000,1
737.800000,,,,,,,,,,,,,,28.137452,-82.320019,-14.364162,10.048925,213.060402,0.000000,1
737.900000,,,,,,,,,,,,,,28.137444,-82.320024,-14.288798,10.009644,213.251920,0.000000,1
738.000000,,,,,,,,,,,,,,28.137436,-82.320029,-14.213434,9.970363,213.443438,0.000000,1
738.100000,,,,,,,,,,,,,,28.137428,-82.320034,-14.136032,9.930570,213.647415,0.000000,1
738.200000,,,,,,,,,,,,,,28.137421,-82.320040,-14.009065,9.878334,214.154525,0.000000,1
738.300000,,,,,,,,,,,,,,28.137415,-82.320046,-13.882097,9.826099,214.661634,0.000000,1
738.400000,,,,,,,,,,,,,,28.137408,-82.320051,-13.755130,9.773863,215.168744,0.000000,1
738.500000,,,,,,,,,,,,,,28.137402,-82.320057,-13.628162,9.721627,215.675853,0.000000,1
738.600000,,,,,,,,,,,,,,28.137395,-82.320063,-13.501195,9.669391,216.182962,0.000000,1
738.700000,,,,,,,,,,,,,,28.137389,-82.320068,-13.374227,9.617155,216.690072,0.000000,1
738.800000,,,,,,,,,,,,,,28.137382,-82.320074,-13.247260,9.564920,217.197181,0.000000,1
738.900000,,,,,,,,,,,,,,28.137376,-82.320080,-13.120293,9.512684,217.704291,0.000000,1
739.000000,,,,,,,,,,,,,,28.137369,-82.320086,-12.993325,9.460448,218.211400,0.000000,1
739.100000,,,,,,,,,,,,,,28.137363,-82.320091,-12.866358,9.408212,218.718510,0.000000,1
739.200000,,,,,,,,,,,,,,28.137356,-82.320097,-12.742504,9.358459,219.224717,0.000000,1
739.300000,,,,,,,,,,,,,,28.137349,-82.320103,-12.711711,9.382880,219.703979,0.000000,1
739.400000,,,,,,,,,,,,,,28.137342,-82.320110,-12.680917,9.407302,220.183241,0.000000,1
739.500000,,,,,,,,,,,,,,28.137336,-82.320116,-12.650123,9.431724,220.662503,0.000000,1
739.600000,,,,,,,,,,,,,,28.137329,-82.320122,-12.619329,9.456145,221.141765,0.000000,1
739.700000,,,,,,,,,,,,,,28.137322,-82.320129,-12.588535,9.480567,221.621027,0.000000,1
739.800000,,,,,,,,,,,,,,28.137315,-82.320135,-12.557741,9.504988,222.100289,0.000000,1
739.900000,,,,,,,,,,,,,,28.137308,-82.320141,-12.526947,9.529410,222.579551,0.000000,1
740.000000,,,,,,,,,,,,,,28.137302,-82.320148,-12.496153,9.553831,223.058813,0.000000,1
740.100000,,,,,,,,,,,,,,28.137295,-82.320154,-12.465359,9.578253,223.538075,0.000000,1
740.200000,,,,,,,,,,,,,,28.137288,-82.320160,-12.434940,9.602448,224.011768,0.000000,1
740.300000,,,,,,,,,,,,,,28.137282,-82.320167,-12.419592,9.617520,224.261865,0.000000,1
740.400000,,,,,,,,,,,,,,28.137276,-82.320174,-12.404244,9.632593,224.511962,0.000000,1
740.500000,,,,,,,,,,,,,,28.137270,-82.320181,-12.388895,9.647665,224.762059,0.000000,1
740.600000,,,,,,,,,,,,,,28.137264,-82.320188,-12.373547,9.662738,225.012156,0.000000,1
740.700000,,,,,,,,,,,,,,28.137259,-82.320195,-12.358198,9.677810,225.262253,0.000000,1
740.800000,,,,,,,,,,,,,,28.137253,-82.320202,-12.342850,9.692883,225.512350,0.000000,1
740.900000,,,,,,,,,,,,,,28.137247,-82.320209,-12.327502,9.707956,225.762447,0.000000,1
741.000000,,,,,,,,,,,,,,28.137241,-82.320216,-12.312153,9.723028,226.012544,0.000000,1
741.100000,,,,,,,,,,,,,,28.137235,-82.320223,-12.296805,9.738101,226.262641,0.000000,1
741.200000,,,,,,,,,,,,,,28.137229,-82.320230,-12.282386,9.753287,226.510760,0.000000,1
741.300000,,,,,,,,,,,,,,28.137223,-82.320238,-12.319247,9.774743,226.649737,0.000000,1
741.400000,,,,,,,,,,,,,,28.137217,-82.320246,-12.356107,9.796199,226.788714,0.000000,1
741.500000,,,,,,,,,,,,,,28.137211,-82.320254,-12.392968,9.817655,226.927692,0.000000,1
741.600000,,,,,,,,,,,,,,28.137206,-82.320262,-12.429828,9.839111,227.066669,0.000000,1
741.700000,,,,,,,,,,,,,,28.137200,-82.320270,-12.466689,9.860567,227.205646,0.000000,1
741.800000,,,,,,,,,,,,,,28.137194,-82.320278,-12.503550,9.882023,227.344623,0.000000,1
741.900000,,,,,,,,,,,,,,28.137188,-82.320287,-12.540410,9.903480,227.483601,0.000000,1
742.000000,,,,,,,,,,,,,,28.137182,-82.320295,-12.577271,9.924936,227.622578,0.000000,1
742.100000,,,,,,,,,,,,,,28.137176,-82.320303,-12.614132,9.946392,227.761555,0.000000,1
742.200000,,,,,,,,,,,,,,28.137170,-82.320311,-12.651965,9.968209,227.907264,0.000000,1
742.300000,,,,,,,,,,,,,,28.137164,-82.320318,-12.719358,10.000980,228.257461,0.000000,1
742.400000,,,,,,,,,,,,,,28.137158,-82.320325,-12.786750,10.033751,228.607659,0.000000,1
742.500000,,,,,,,,,,,,,,28.137151,-82.320332,-12.854142,10.066522,228.957856,0.000000,1
742.600000,,,,,,,,,,,,,,28.137145,-82.320339,-12.921535,10.099293,229.308053,0.000000,1
742.700000,,,,,,,,,,,,,,28.137139,-82.320346,-12.988927,10.132064,229.658250,0.000000,1
742.800000,,,,,,,,,,,,,,28.137132,-82.320354,-13.056320,10.164835,230.008447,0.000000,1
742.900000,,,,,,,,,,,,,,28.137126,-82.320361,-13.123712,10.197606,230.358645,0.000000,1
743.000000,,,,,,,,,,,,,,28.137120,-82.320368,-13.191104,10.230377,230.708842,0.000000,1
743.100000,,,,,,,,,,,,,,28.137113,-82.320375,-13.258497,10.263148,231.059039,0.000000,1
743.200000,,,,,,,,,,,,,,28.137107,-82.320382,-13.324386,10.295117,231.406403,0.000000,1
743.300000,,,,,,,,,,,,,,28.137102,-82.320390,-13.343374,10.302035,231.665362,0.000000,1
743.400000,,,,,,,,,,,,,,28.137096,-82.320398,-13.362363,10.308954,231.924321,0.000000,1
743.500000,,,,,,,,,,,,,,28.137091,-82.320407,-13.381351,10.315872,232.183280,0.000000,1
743.600000,,,,,,,,,,,,,,28.137086,-82.320415,-13.400339,10.322791,232.442239,0.000000,1
743.700000,,,,,,,,,,,,,,28.137081,-82.320423,-13.419328,10.329709,232.701198,0.000000,1
743.800000,,,,,,,,,,,,,,28.137075,-82.320431,-13.438316,10.336628,232.960157,0.000000,1
743.900000,,,,,,,,,,,,,,28.137070,-82.320439,-13.457304,10.343546,233.219116,0.000000,1
744.000000,,,,,,,,,,,,,,28.137065,-82.320448,-13.476293,10.350464,233.478074,0.000000,1
744.100000,,,,,,,,,,,,,,28.137059,-82.320456,-13.495281,10.357383,233.737033,0.000000,1
744.200000,,,,,,,,,,,,,,28.137054,-82.320464,-13.522842,10.363316,234.003254,0.000000,1
744.300000,,,,,,,,,,,,,,28.137050,-82.320472,-13.703052,10.351701,234.398785,0.000000,1
744.400000,,,,,,,,,,,,,,28.137045,-82.320480,-13.883262,10.340085,234.794317,0.000000,1
744.500000,,,,,,,,,,,,,,28.137040,-82.320488,-14.063472,10.328470,235.189848,0.000000,1
744.600000,,,,,,,,,,,,,,28.137036,-82.320496,-14.243682,10.316854,235.585379,0.000000,1
744.700000,,,,,,,,,,,,,,28.137031,-82.320504,-14.423892,10.305239,235.980911,0.000000,1
744.800000,,,,,,,,,,,,,,28.137026,-82.320512,-14.604102,10.293623,236.376442,0.000000,1
744.900000,,,,,,,,,,,,,,28.137022,-82.320520,-14.784312,10.282008,236.771973,0.000000,1
745.000000,,,,,,,,,,,,,,28.137017,-82.320528,-14.964522,10.270392,237.167505,0.000000,1
745.100000,,,,,,,,,,,,,,28.137013,-82.320536,-15.144733,10.258777,237.563036,0.000000,1
745.200000,,,,,,,,,,,,,,28.137008,-82.320544,-15.324943,10.247162,237.958567,0.000000,1
745.300000,,,,,,,,,,,,,,28.137003,-82.320555,-15.274209,10.309679,238.571783,0.000000,1
745.400000,,,,,,,,,,,,,,28.136999,-82.320565,-15.216487,10.374439,239.191587,0.000000,1
745.500000,,,,,,,,,,,,,,28.136994,-82.320575,-15.158765,10.439199,239.811390,0.000000,1
745.600000,,,,,,,,,,,,,,28.136990,-82.320586,-15.101043,10.503960,240.431193,0.000000,1
745.700000,,,,,,,,,,,,,,28.136985,-82.320596,-15.043322,10.568720,241.050996,0.000000,1
745.800000,,,,,,,,,,,,,,28.136981,-82.320607,-14.985600,10.633480,241.670799,0.000000,1
745.900000,,,,,,,,,,,,,,28.136976,-82.320617,-14.927878,10.698241,242.290602,0.000000,1
746.000000,,,,,,,,,,,,,,28.136972,-82.320627,-14.870156,10.763001,242.910406,0.000000,1
746.100000,,,,,,,,,,,,,,28.136967,-82.320638,-14.812434,10.827761,243.530209,0.000000,1
746.200000,,,,,,,,,,,,,,28.136963,-82.320648,-14.754712,10.892521,244.150012,0.000000,1
746.300000,,,,,,,,,,,,,,28.136959,-82.320660,-14.746601,10.911788,244.617592,0.000000,1
746.400000,,,,,,,,,,,,,,28.136954,-82.320672,-14.740485,10.929225,245.079052,0.000000,1
746.500000,,,,,,,,,,,,,,28.136950,-82.320684,-14.734369,10.946662,245.540512,0.000000,1
746.600000,,,,,,,,,,,,,,28.136946,-82.320696,-14.728252,10.964099,246.001972,0.000000,1
746.700000,,,,,,,,,,,,,,28.136942,-82.320708,-14.722136,10.981536,246.463432,0.000000,1
746.800000,,,,,,,,,,,,,,28.136938,-82.320720,-14.716020,10.998974,246.924893,0.000000,1
746.900000,,,,,,,,,,,,,,28.136934,-82.320733,-14.709903,11.016411,247.386353,0.000000,1
747.000000,,,,,,,,,,,,,,28.136929,-82.320745,-14.703787,11.033848,247.847813,0.000000,1
747.100000,,,,,,,,,,,,,,28.136925,-82.320757,-14.691034,11.051062,248.305497,0.000000,1
747.200000,,,,,,,,,,,,,,28.136922,-82.320767,-14.563025,11.064396,248.697592,0.000000,1
747.300000,,,,,,,,,,,,,,28.136919,-82.320778,-14.435016,11.077731,249.089688,0.000000,1
747.400000,,,,,,,,,,,,,,28.136916,-82.320789,-14.307007,11.091066,249.481783,0.000000,1
747.500000,,,,,,,,,,,,,,28.136912,-82.320799,-14.178997,11.104400,249.873879,0.000000,1
747.600000,,,,,,,,,,,,,,28.136909,-82.320810,-14.050988,11.117735,250.265975,0.000000,1
747.700000,,,,,,,,,,,,,,28.136906,-82.320821,-13.922979,11.131069,250.658070,0.000000,1
747.800000,,,,,,,,,,,,,,28.136903,-82.320831,-13.794970,11.144404,251.050166,0.000000,1
747.900000,,,,,,,,,,,,,,28.136900,-82.320842,-13.666960,11.157738,251.442261,0.000000,1
748.000000,,,,,,,,,,,,,,28.136896,-82.320853,-13.538951,11.171073,251.834357,0.000000,1
748.100000,,,,,,,,,,,,,,28.136893,-82.320863,-13.416154,11.182994,252.212727,0.000000,1
748.200000,,,,,,,,,,,,,,28.136890,-82.320874,-13.376152,11.172459,252.373051,0.000000,1
748.300000,,,,,,,,,,,,,,28.136888,-82.320885,-13.336149,11.161925,252.533376,0.000000,1
748.400000,,,,,,,,,,,,,,28.136885,-82.320896,-13.296147,11.151390,252.693701,0.000000,1
748.500000,,,,,,,,,,,,,,28.136882,-82.320907,-13.256145,11.140855,252.854026,0.000000,1
748.600000,,,,,,,,,,,,,,28.136879,-82.320918,-13.216143,11.130321,253.014351,0.000000,1
748.700000,,,,,,,,,,,,,,28.136877,-82.320929,-13.176140,11.119786,253.174675,0.000000,1
748.800000,,,,,,,,,,,,,,28.136874,-82.320940,-13.136138,11.109252,253.335000,0.000000,1
748.900000,,,,,,,,,,,,,,28.136871,-82.320951,-13.096136,11.098717,253.495325,0.000000,1
749.000000,,,,,,,,,,,,,,28.136868,-82.320962,-13.056134,11.088182,253.655650,0.000000,1
749.100000,,,,,,,,,,,,,,28.136866,-82.320973,-13.018626,11.076325,253.794364,0.000000,1
749.200000,,,,,,,,,,,,,,28.136862,-82.320983,-13.021064,11.043298,253.587097,0.000000,1
749.300000,,,,,,,,,,,,,,28.136859,-82.320993,-13.023501,11.010271,253.379830,0.000000,1
749.400000,,,,,,,,,,,,,,28.136856,-82.321003,-13.025938,10.977245,253.172563,0.000000,1
749.500000,,,,,,,,,,,,,,28.136852,-82.321013,-13.028376,10.944218,252.965296,0.000000,1
749.600000,,,,,,,,,,,,,,28.136849,-82.321023,-13.030813,10.911191,252.758030,0.000000,1
749.700000,,,,,,,,,,,,,,28.136846,-82.321032,-13.033250,10.878164,252.550763,0.000000,1
749.800000,,,,,,,,,,,,,,28.136842,-82.321042,-13.035687,10.845137,252.343496,0.000000,1
749.900000,,,,,,,,,,,,,,28.136839,-82.321052,-13.038125,10.812110,252.136229,0.000000,1
750.000000,,,,,,,,,,,,,,28.136836,-82.321062,-13.040562,10.779083,251.928962,0.000000,1
750.100000,,,,,,,,,,,,,,28.136833,-82.321072,-13.042341,10.746833,251.725124,0.000000,1
750.200000,,,,,,,,,,,,,,28.136829,-82.321086,-12.915193,10.866789,252.193117,0.000000,1
750.300000,,,,,,,,,,,,,,28.136826,-82.321100,-12.788044,10.986746,252.661110,0.000000,1
750.400000,,,,,,,,,,,,,,28.136822,-82.321114,-12.660895,11.106703,253.129102,0.000000,1
750.500000,,,,,,,,,,,,,,28.136819,-82.321128,-12.533746,11.226660,253.597095,0.000000,1
750.600000,,,,,,,,,,,,,,28.136816,-82.321142,-12.406597,11.346616,254.065088,0.000000,1
750.700000,,,,,,,,,,,,,,28.136812,-82.321156,-12.279449,11.466573,254.533081,0.000000,1
750.800000,,,,,,,,,,,,,,28.136809,-82.321170,-12.152300,11.586530,255.001073,0.000000,1
750.900000,,,,,,,,,,,,,,28.136805,-82.321184,-12.025151,11.706487,255.469066,0.000000,1
751.000000,,,,,,,,,,,,,,28.136802,-82.321198,-11.898002,11.826443,255.937059,0.000000,1
751.100000,,,,,,,,,,,,,,28.136799,-82.321212,-11.770854,11.946400,256.405052,0.000000,1
751.200000,,,,,,,,,,,,,,28.136796,-82.321224,-11.770688,12.016112,256.331779,0.000000,1
751.300000,,,,,,,,,,,,,,28.136792,-82.321237,-11.773734,12.084553,256.244817,0.000000,1
751.400000,,,,,,,,,,,,,,28.136789,-82.321249,-11.776780,12.152994,256.157855,0.000000,1
751.500000,,,,,,,,,,,,,,28.136786,-82.321262,-11.779826,12.221436,256.070893,0.000000,1
751.600000,,,,,,,,,,,,,,28.136783,-82.321275,-11.782872,12.289877,255.983931,0.000000,1
751.700000,,,,,,,,,,,,,,28.136780,-82.321287,-11.785918,12.358318,255.896969,0.000000,1
751.800000,,,,,,,,,,,,,,28.136777,-82.321300,-11.788964,12.426759,255.810007,0.000000,1
751.900000,,,,,,,,,,,,,,28.136774,-82.321312,-11.792009,12.495200,255.723045,0.000000,1
752.000000,,,,,,,,,,,,,,28.136771,-82.321325,-11.795055,12.563641,255.636084,0.000000,1
752.100000,,,,,,,,,,,,,,28.136767,-82.321338,-11.798101,12.632083,255.549122,0.000000,1
752.200000,,,,,,,,,,,,,,28.136765,-82.321349,-11.763522,12.597113,255.740902,0.000000,1
752.300000,,,,,,,,,,,,,,28.136763,-82.321361,-11.728881,12.561976,255.933134,0.000000,1
752.400000,,,,,,,,,,,,,,28.136761,-82.321373,-11.694241,12.526838,256.125367,0.000000,1
752.500000,,,,,,,,,,,,,,28.136758,-82.321385,-11.659600,12.491701,256.317599,0.000000,1
752.600000,,,,,,,,,,,,,,28.136756,-82.321397,-11.624960,12.456563,256.509832,0.000000,1
752.700000,,,,,,,,,,,,,,28.136754,-82.321408,-11.590319,12.421426,256.702064,0.000000,1
752.800000,,,,,,,,,,,,,,28.136752,-82.321420,-11.555679,12.386288,256.894297,0.000000,1
752.900000,,,,,,,,,,,,,,28.136749,-82.321432,-11.521038,12.351151,257.086529,0.000000,1
753.000000,,,,,,,,,,,,,,28.136747,-82.321444,-11.486397,12.316013,257.278762,0.000000,1
753.100000,,,,,,,,,,,,,,28.136745,-82.321456,-11.451757,12.280876,257.470994,0.000000,1
753.200000,,,,,,,,,,,,,,28.136742,-82.321467,-11.417116,12.245738,257.663227,0.000000,1
753.300000,,,,,,,,,,,,,,28.136741,-82.321481,-11.591760,12.272016,257.725646,0.000000,1
753.400000,,,,,,,,,,,,,,28.136740,-82.321495,-11.767721,12.298679,257.787249,0.000000,1
753.500000,,,,,,,,,,,,,,28.136739,-82.321509,-11.943682,12.325343,257.848852,0.000000,1
753.600000,,,,,,,,,,,,,,28.136738,-82.321523,-12.119643,12.352006,257.910455,0.000000,1
753.700000,,,,,,,,,,,,,,28.136737,-82.321536,-12.295604,12.378670,257.972058,0.000000,1
753.800000,,,,,,,,,,,,,,28.136735,-82.321550,-12.471565,12.405334,258.033661,0.000000,1
753.900000,,,,,,,,,,,,,,28.136734,-82.321564,-12.647526,12.431997,258.095264,0.000000,1
754.000000,,,,,,,,,,,,,,28.136733,-82.321578,-12.823487,12.458661,258.156867,0.000000,1
754.100000,,,,,,,,,,,,,,28.136732,-82.321592,-12.999448,12.485324,258.218470,0.000000,1
754.200000,,,,,,,,,,,,,,28.136731,-82.321605,-13.175409,12.511988,258.280072,0.000000,1
754.300000,,,,,,,,,,,,,,28.136729,-82.321618,-13.236289,12.511174,258.379633,0.000000,1
754.400000,,,,,,,,,,,,,,28.136728,-82.321630,-13.296621,12.510229,258.479374,0.000000,1
754.500000,,,,,,,,,,,,,,28.136727,-82.321643,-13.356952,12.509284,258.579115,0.000000,1
754.600000,,,,,,,,,,,,,,28.136726,-82.321655,-13.417283,12.508339,258.678856,0.000000,1
754.700000,,,,,,,,,,,,,,28.136725,-82.321668,-13.477614,12.507394,258.778597,0.000000,1
754.800000,,,,,,,,,,,,,,28.136723,-82.321680,-13.537945,12.506449,258.878339,0.000000,1
754.900000,,,,,,,,,,,,,,28.136722,-82.321692,-13.598277,12.505503,258.978080,0.000000,1
755.000000,,,,,,,,,,,,,,28.136721,-82.321705,-13.658608,12.504558,259.077821,0.000000,1
755.100000,,,,,,,,,,,,,,28.136720,-82.321717,-13.718939,12.503613,259.177562,0.000000,1
755.200000,,,,,,,,,,,,,,28.136719,-82.321730,-13.779173,12.502355,259.274434,0.000000,1
755.300000,,,,,,,,,,,,,,28.136716,-82.321742,-13.833886,12.483338,259.208688,0.000000,1
755.400000,,,,,,,,,,,,,,28.136714,-82.321753,-13.888600,12.464321,259.142943,0.000000,1
755.500000,,,,,,,,,,,,,,28.136712,-82.321765,-13.943313,12.445304,259.077197,0.000000,1
755.600000,,,,,,,,,,,,,,28.136710,-82.321777,-13.998026,12.426286,259.011452,0.000000,1
755.700000,,,,,,,,,,,,,,28.136708,-82.321789,-14.052740,12.407269,258.945706,0.000000,1
755.800000,,,,,,,,,,,,,,28.136705,-82.321801,-14.107453,12.388252,258.879961,0.000000,1
755.900000,,,,,,,,,,,,,,28.136703,-82.321813,-14.162166,12.369235,258.814215,0.000000,1
756.000000,,,,,,,,,,,,,,28.136701,-82.321825,-14.216880,12.350218,258.748470,0.000000,1
756.100000,,,,,,,,,,,,,,28.136699,-82.321836,-14.271593,12.331201,258.682725,0.000000,1
756.200000,,,,,,,,,,,,,,28.136697,-82.321848,-14.326378,12.311976,258.617289,0.000000,1
756.300000,,,,,,,,,,,,,,28.136695,-82.321860,-14.387844,12.273374,258.580828,0.000000,1
756.400000,,,,,,,,,,,,,,28.136694,-82.321871,-14.449310,12.234771,258.544366,0.000000,1
756.500000,,,,,,,,,,,,,,28.136692,-82.321883,-14.510776,12.196168,258.507905,0.000000,1
756.600000,,,,,,,,,,,,,,28.136691,-82.321895,-14.572242,12.157565,258.471443,0.000000,1
756.700000,,,,,,,,,,,,,,28.136689,-82.321906,-14.633708,12.118962,258.434982,0.000000,1
756.800000,,,,,,,,,,,,,,28.136688,-82.321918,-14.695174,12.080359,258.398520,0.000000,1
756.900000,,,,,,,,,,,,,,28.136686,-82.321929,-14.756640,12.041757,258.362059,0.000000,1
757.000000,,,,,,,,,,,,,,28.136685,-82.321941,-14.818106,12.003154,258.325597,0.000000,1
757.100000,,,,,,,,,,,,,,28.136684,-82.321952,-14.879572,11.964551,258.289136,0.000000,1
757.200000,,,,,,,,,,,,,,28.136682,-82.321964,-14.941038,11.925948,258.252674,0.000000,1
757.300000,,,,,,,,,,,,,,28.136679,-82.321977,-14.927445,11.869873,258.213108,0.000000,1
757.400000,,,,,,,,,,,,,,28.136676,-82.321990,-14.913751,11.813774,258.173538,0.000000,1
757.500000,,,,,,,,,,,,,,28.136673,-82.322003,-14.900057,11.757675,258.133968,0.000000,1
757.600000,,,,,,,,,,,,,,28.136670,-82.322016,-14.886363,11.701575,258.094398,0.000000,1
757.700000,,,,,,,,,,,,,,28.136667,-82.322029,-14.872669,11.645476,258.054828,0.000000,1
757.800000,,,,,,,,,,,,,,28.136664,-82.322042,-14.858974,11.589377,258.015258,0.000000,1
757.900000,,,,,,,,,,,,,,28.136661,-82.322055,-14.845280,11.533278,257.975688,0.000000,1
758.000000,,,,,,,,,,,,,,28.136658,-82.322068,-14.831586,11.477179,257.936118,0.000000,1
758.100000,,,,,,,,,,,,,,28.136655,-82.322081,-14.817892,11.421080,257.896548,0.000000,1
758.200000,,,,,,,,,,,,,,28.136651,-82.322094,-14.804197,11.364981,257.856978,0.000000,1
758.300000,,,,,,,,,,,,,,28.136649,-82.322104,-14.833256,11.214414,257.568816,0.000000,1
758.400000,,,,,,,,,,,,,,28.136647,-82.322113,-14.863692,11.060804,257.272648,0.000000,1
758.500000,,,,,,,,,,,,,,28.136645,-82.322123,-14.894128,10.907194,256.976480,0.000000,1
758.600000,,,,,,,,,,,,,,28.136642,-82.322132,-14.924564,10.753585,256.680312,0.000000,1
758.700000,,,,,,,,,,,,,,28.136640,-82.322142,-14.954999,10.599975,256.384144,0.000000,1
758.800000,,,,,,,,,,,,,,28.136638,-82.322151,-14.985435,10.446365,256.087976,0.000000,1
758.900000,,,,,,,,,,,,,,28.136636,-82.322161,-15.015871,10.292756,255.791808,0.000000,1
759.000000,,,,,,,,,,,,,,28.136633,-82.322170,-15.046307,10.139146,255.495640,0.000000,1
759.100000,,,,,,,,,,,,,,28.136631,-82.322180,-15.076743,9.985536,255.199472,0.000000,1
759.200000,,,,,,,,,,,,,,28.136629,-82.322189,-15.107178,9.831926,254.903304,0.000000,1
759.300000,,,,,,,,,,,,,,28.136626,-82.322197,-15.081938,9.708306,254.796712,0.000000,1
759.400000,,,,,,,,,,,,,,28.136623,-82.322205,-15.056432,9.584828,254.691022,0.000000,1
759.500000,,,,,,,,,,,,,,28.136620,-82.322213,-15.030926,9.461351,254.585332,0.000000,1
759.600000,,,,,,,,,,,,,,28.136617,-82.322221,-15.005420,9.337873,254.479642,0.000000,1
759.700000,,,,,,,,,,,,,,28.136614,-82.322229,-14.979914,9.214396,254.373951,0.000000,1
759.800000,,,,,,,,,,,,,,28.136611,-82.322237,-14.954408,9.090918,254.268261,0.000000,1
759.900000,,,,,,,,,,,,,,28.136607,-82.322245,-14.928902,8.967440,254.162571,0.000000,1
760.000000,,,,,,,,,,,,,,28.136604,-82.322253,-14.903396,8.843963,254.056881,0.000000,1
760.100000,,,,,,,,,,,,,,28.136601,-82.322261,-14.877891,8.720485,253.951191,0.000000,1
760.200000,,,,,,,,,,,,,,28.136598,-82.322269,-14.853382,8.597063,253.844434,0.000000,1
760.300000,,,,,,,,,,,,,,28.136596,-82.322275,-14.962673,8.481009,253.594598,0.000000,1
760.400000,,,,,,,,,,,,,,28.136594,-82.322281,-15.071964,8.364955,253.344761,0.000000,1
760.500000,,,,,,,,,,,,,,28.136592,-82.322287,-15.181255,8.248901,253.094925,0.000000,1
760.600000,,,,,,,,,,,,,,28.136590,-82.322293,-15.290546,8.132847,252.845088,0.000000,1
760.700000,,,,,,,,,,,,,,28.136588,-82.322298,-15.399837,8.016794,252.595252,0.000000,1
760.800000,,,,,,,,,,,,,,28.136586,-82.322304,-15.509129,7.900740,252.345416,0.000000,1
760.900000,,,,,,,,,,,,,,28.136583,-82.322310,-15.618420,7.784686,252.095579,0.000000,1
761.000000,,,,,,,,,,,,,,28.136581,-82.322316,-15.727711,7.668632,251.845743,0.000000,1
761.100000,,,,,,,,,,,,,,28.136579,-82.322322,-15.837002,7.552578,251.595906,0.000000,1
761.200000,,,,,,,,,,,,,,28.136577,-82.322328,-15.946293,7.436524,251.346070,0.000000,1
761.300000,,,,,,,,,,,,,,28.136575,-82.322333,-16.009555,7.289663,251.028331,0.000000,1
761.400000,,,,,,,,,,,,,,28.136573,-82.322339,-16.072221,7.142404,250.709714,0.000000,1
761.500000,,,,,,,,,,,,,,28.136571,-82.322345,-16.134888,6.995144,250.391097,0.000000,1
761.600000,,,,,,,,,,,,,,28.136568,-82.322350,-16.197554,6.847885,250.072480,0.000000,1
761.700000,,,,,,,,,,,,,,28.136566,-82.322356,-16.260221,6.700625,249.753863,0.000000,1
761.800000,,,,,,,,,,,,,,28.136564,-82.322362,-16.322887,6.553366,249.435246,0.000000,1
761.900000,,,,,,,,,,,,,,28.136562,-82.322368,-16.385554,6.406106,249.116629,0.000000,1
762.000000,,,,,,,,,,,,,,28.136560,-82.322373,-16.448220,6.258847,248.798012,0.000000,1
762.100000,,,,,,,,,,,,,,28.136558,-82.322379,-16.510887,6.111587,248.479395,0.000000,1
762.200000,,,,,,,,,,,,,,28.136556,-82.322385,-16.571513,5.963742,248.163870,0.000000,1
762.300000,,,,,,,,,,,,,,28.136554,-82.322389,-16.512522,5.781544,248.029602,0.000000,1
762.400000,,,,,,,,,,,,,,28.136553,-82.322394,-16.453531,5.599345,247.895334,0.000000,1
762.500000,,,,,,,,,,,,,,28.136552,-82.322399,-16.394540,5.417147,247.761066,0.000000,1
762.600000,,,,,,,,,,,,,,28.136551,-82.322403,-16.335549,5.234949,247.626797,0.000000,1
762.700000,,,,,,,,,,,,,,28.136549,-82.322408,-16.276558,5.052750,247.492529,0.000000,1
762.800000,,,,,,,,,,,,,,28.136548,-82.322413,-16.217567,4.870552,247.358261,0.000000,1
762.900000,,,,,,,,,,,,,,28.136547,-82.322417,-16.158576,4.688354,247.223992,0.000000,1
763.000000,,,,,,,,,,,,,,28.136546,-82.322422,-16.099585,4.506155,247.089724,0.000000,1
763.100000,,,,,,,,,,,,,,28.136544,-82.322427,-16.040595,4.323957,246.955456,0.000000,1
763.200000,,,,,,,,,,,,,,28.136543,-82.322431,-15.985988,4.144900,246.842501,0.000000,1
763.300000,,,,,,,,,,,,,,28.136542,-82.322435,-16.037031,4.041528,247.243086,0.000000,1
763.400000,,,,,,,,,,,,,,28.136541,-82.322439,-16.088073,3.938155,247.643671,0.000000,1
763.500000,,,,,,,,,,,,,,28.136540,-82.322443,-16.139115,3.834783,248.044255,0.000000,1
763.600000,,,,,,,,,,,,,,28.136539,-82.322447,-16.190158,3.731411,248.444840,0.000000,1
763.700000,,,,,,,,,,,,,,28.136538,-82.322450,-16.241200,3.628038,248.845424,0.000000,1
763.800000,,,,,,,,,,,,,,28.136537,-82.322454,-16.292242,3.524666,249.246009,0.000000,1
763.900000,,,,,,,,,,,,,,28.136536,-82.322458,-16.343285,3.421293,249.646594,0.000000,1
764.000000,,,,,,,,,,,,,,28.136535,-82.322462,-16.394327,3.317921,250.047178,0.000000,1
764.100000,,,,,,,,,,,,,,28.136534,-82.322466,-16.445369,3.214549,250.447763,0.000000,1
764.200000,,,,,,,,,,,,,,28.136533,-82.322469,-16.489412,3.110903,250.840064,0.000000,1
764.300000,,,,,,,,,,,,,,28.136532,-82.322472,-16.307351,2.998437,250.964792,0.000000,1
764.400000,,,,,,,,,,,,,,28.136532,-82.322475,-16.125289,2.885970,251.089519,0.000000,1
764.500000,,,,,,,,,,,,,,28.136531,-82.322477,-15.943228,2.773504,251.214246,0.000000,1
764.600000,,,,,,,,,,,,,,28.136531,-82.322480,-15.761167,2.661038,251.338974,0.000000,1
764.700000,,,,,,,,,,,,,,28.136530,-82.322482,-15.579106,2.548571,251.463701,0.000000,1
764.800000,,,,,,,,,,,,,,28.136530,-82.322485,-15.397045,2.436105,251.588429,0.000000,1
764.900000,,,,,,,,,,,,,,28.136529,-82.322487,-15.214983,2.323638,251.713156,0.000000,1
765.000000,,,,,,,,,,,,,,28.136529,-82.322490,-15.032922,2.211172,251.837883,0.000000,1
765.100000,,,,,,,,,,,,,,28.136528,-82.322492,-14.858684,2.103620,251.907064,0.000000,1
765.200000,,,,,,,,,,,,,,28.136527,-82.322495,-14.813664,2.077247,251.058822,0.000000,1
765.300000,,,,,,,,,,,,,,28.136526,-82.322497,-14.768643,2.050873,250.210579,0.000000,1
765.400000,,,,,,,,,,,,,,28.136525,-82.322499,-14.723622,2.024500,249.362337,0.000000,1
765.500000,,,,,,,,,,,,,,28.136525,-82.322501,-14.678602,1.998126,248.514095,0.000000,1
765.600000,,,,,,,,,,,,,,28.136524,-82.322503,-14.633581,1.971752,247.665852,0.000000,1
765.700000,,,,,,,,,,,,,,28.136523,-82.322505,-14.588560,1.945379,246.817610,0.000000,1
765.800000,,,,,,,,,,,,,,28.136522,-82.322508,-14.543540,1.919005,245.969368,0.000000,1
765.900000,,,,,,,,,,,,,,28.136521,-82.322510,-14.498519,1.892632,245.121125,0.000000,1
766.000000,,,,,,,,,,,,,,28.136520,-82.322512,-14.453498,1.866258,244.272883,0.000000,1
766.100000,,,,,,,,,,,,,,28.136519,-82.322514,-14.409831,1.844251,243.439018,0.000000,1
766.200000,,,,,,,,,,,,,,28.136518,-82.322517,-14.401721,1.936926,242.982792,0.000000,1
766.300000,,,,,,,,,,,,,,28.136518,-82.322519,-14.393610,2.029602,242.526565,0.000000,1
766.400000,,,,,,,,,,,,,,28.136517,-82.322522,-14.385500,2.122277,242.070339,0.000000,1
766.500000,,,,,,,,,,,,,,28.136516,-82.322525,-14.377389,2.214953,241.614113,0.000000,1
766.600000,,,,,,,,,,,,,,28.136515,-82.322527,-14.369279,2.307628,241.157887,0.000000,1
766.700000,,,,,,,,,,,,,,28.136514,-82.322530,-14.361168,2.400304,240.701661,0.000000,1
766.800000,,,,,,,,,,,,,,28.136513,-82.322533,-14.353058,2.492979,240.245434,0.000000,1
766.900000,,,,,,,,,,,,,,28.136512,-82.322535,-14.344947,2.585655,239.789208,0.000000,1
767.000000,,,,,,,,,,,,,,28.136511,-82.322538,-14.336837,2.678330,239.332982,0.000000,1
767.100000,,,,,,,,,,,,,,28.136510,-82.322541,-14.328376,2.771275,238.878884,0.000000,1
767.200000,,,,,,,,,,,,,,28.136509,-82.322544,-14.241567,2.924609,238.901223,0.000000,1
767.300000,,,,,,,,,,,,,,28.136507,-82.322547,-14.154758,3.077943,238.923562,0.000000,1
767.400000,,,,,,,,,,,,,,28.136506,-82.322550,-14.067949,3.231277,238.945901,0.000000,1
767.500000,,,,,,,,,,,,,,28.136505,-82.322554,-13.981139,3.384611,238.968240,0.000000,1
767.600000,,,,,,,,,,,,,,28.136503,-82.322557,-13.894330,3.537945,238.990580,0.000000,1
767.700000,,,,,,,,,,,,,,28.136502,-82.322560,-13.807521,3.691280,239.012919,0.000000,1
767.800000,,,,,,,,,,,,,,28.136501,-82.322564,-13.720712,3.844614,239.035258,0.000000,1
767.900000,,,,,,,,,,,,,,28.136499,-82.322567,-13.633903,3.997948,239.057597,0.000000,1
768.000000,,,,,,,,,,,,,,28.136498,-82.322570,-13.547093,4.151282,239.079936,0.000000,1
768.100000,,,,,,,,,,,,,,28.136497,-82.322573,-13.460284,4.304616,239.102276,0.000000,1
768.200000,,,,,,,,,,,,,,28.136495,-82.322577,-13.373475,4.457950,239.124615,0.000000,1
768.300000,,,,,,,,,,,,,,28.136493,-82.322581,-13.323701,4.541889,238.906044,0.000000,1
768.400000,,,,,,,,,,,,,,28.136491,-82.322586,-13.274734,4.624316,238.682221,0.000000,1
768.500000,,,,,,,,,,,,,,28.136489,-82.322591,-13.225767,4.706743,238.458398,0.000000,1
768.600000,,,,,,,,,,,,,,28.136487,-82.322596,-13.176799,4.789170,238.234574,0.000000,1
768.700000,,,,,,,,,,,,,,28.136485,-82.322601,-13.127832,4.871597,238.010751,0.000000,1
768.800000,,,,,,,,,,,,,,28.136483,-82.322605,-13.078865,4.954024,237.786928,0.000000,1
768.900000,,,,,,,,,,,,,,28.136481,-82.322610,-13.029898,5.036451,237.563105,0.000000,1
769.000000,,,,,,,,,,,,,,28.136479,-82.322615,-12.980931,5.118878,237.339282,0.000000,1
769.100000,,,,,,,,,,,,,,28.136477,-82.322620,-12.931964,5.201304,237.115459,0.000000,1
769.200000,,,,,,,,,,,,,,28.136475,-82.322624,-12.882997,5.283731,236.891636,0.000000,1
769.300000,,,,,,,,,,,,,,28.136472,-82.322631,-12.858950,5.520273,236.593123,0.000000,1
769.400000,,,,,,,,,,,,,,28.136468,-82.322638,-12.835723,5.761885,236.292152,0.000000,1
769.500000,,,,,,,,,,,,,,28.136464,-82.322646,-12.812495,6.003497,235.991182,0.000000,1
769.600000,,,,,,,,,,,,,,28.136461,-82.322653,-12.789268,6.245110,235.690211,0.000000,1
769.700000,,,,,,,,,,,,,,28.136457,-82.322660,-12.766041,6.486722,235.389240,0.000000,1
769.800000,,,,,,,,,,,,,,28.136454,-82.322667,-12.742814,6.728334,235.088270,0.000000,1
769.900000,,,,,,,,,,,,,,28.136450,-82.322674,-12.719586,6.969946,234.787299,0.000000,1
770.000000,,,,,,,,,,,,,,28.136446,-82.322681,-12.696359,7.211559,234.486328,0.000000,1
770.100000,,,,,,,,,,,,,,28.136443,-82.322688,-12.673132,7.453171,234.185358,0.000000,1
770.200000,,,,,,,,,,,,,,28.136439,-82.322695,-12.649905,7.694783,233.884387,0.000000,1
770.300000,,,,,,,,,,,,,,28.136434,-82.322700,-12.676360,7.779529,233.430688,0.000000,1
770.400000,,,,,,,,,,,,,,28.136429,-82.322705,-12.704921,7.857625,232.970515,0.000000,1
770.500000,,,,,,,,,,,,,,28.136423,-82.322710,-12.733482,7.935721,232.510342,0.000000,1
770.600000,,,,,,,,,,,,,,28.136418,-82.322716,-12.762043,8.013816,232.050168,0.000000,1
770.700000,,,,,,,,,,,,,,28.136413,-82.322721,-12.790604,8.091912,231.589995,0.000000,1
770.800000,,,,,,,,,,,,,,28.136408,-82.322726,-12.819166,8.170008,231.129822,0.000000,1
770.900000,,,,,,,,,,,,,,28.136402,-82.322731,-12.847727,8.248104,230.669648,0.000000,1
771.000000,,,,,,,,,,,,,,28.136397,-82.322736,-12.876288,8.326199,230.209475,0.000000,1
771.100000,,,,,,,,,,,,,,28.136392,-82.322741,-12.904849,8.404295,229.749302,0.000000,1
771.200000,,,,,,,,,,,,,,28.136387,-82.322747,-12.933925,8.482470,229.284417,0.000000,1
771.300000,,,,,,,,,,,,,,28.136381,-82.322753,-12.983409,8.563755,228.632942,0.000000,1
771.400000,,,,,,,,,,,,,,28.136376,-82.322759,-13.032893,8.645041,227.981467,0.000000,1
771.500000,,,,,,,,,,,,,,28.136370,-82.322765,-13.082376,8.726327,227.329992,0.000000,1
771.600000,,,,,,,,,,,,,,28.136365,-82.322771,-13.131860,8.807613,226.678517,0.000000,1
771.700000,,,,,,,,,,,,,,28.136359,-82.322778,-13.181343,8.888899,226.027042,0.000000,1
771.800000,,,,,,,,,,,,,,28.136353,-82.322784,-13.230827,8.970185,225.375567,0.000000,1
771.900000,,,,,,,,,,,,,,28.136348,-82.322790,-13.280310,9.051471,224.724092,0.000000,1
772.000000,,,,,,,,,,,,,,28.136342,-82.322796,-13.329794,9.132756,224.072617,0.000000,1
772.100000,,,,,,,,,,,,,,28.136337,-82.322802,-13.379277,9.214042,223.421142,0.000000,1
772.200000,,,,,,,,,,,,,,28.136331,-82.322809,-13.426465,9.295173,222.781535,0.000000,1
772.300000,,,,,,,,,,,,,,28.136325,-82.322816,-13.304906,9.364859,223.014236,0.000000,1
772.400000,,,,,,,,,,,,,,28.136319,-82.322824,-13.183346,9.434545,223.246936,0.000000,1
772.500000,,,,,,,,,,,,,,28.136314,-82.322831,-13.061787,9.504231,223.479637,0.000000,1
772.600000,,,,,,,,,,,,,,28.136308,-82.322839,-12.940227,9.573918,223.712338,0.000000,1
772.700000,,,,,,,,,,,,,,28.136302,-82.322847,-12.818668,9.643604,223.945038,0.000000,1
772.800000,,,,,,,,,,,,,,28.136296,-82.322854,-12.697108,9.713290,224.177739,0.000000,1
772.900000,,,,,,,,,,,,,,28.136290,-82.322862,-12.575549,9.782977,224.410439,0.000000,1
773.000000,,,,,,,,,,,,,,28.136284,-82.322869,-12.453989,9.852663,224.643140,0.000000,1
773.100000,,,,,,,,,,,,,,28.136279,-82.322877,-12.332430,9.922349,224.875840,0.000000,1
773.200000,,,,,,,,,,,,,,28.136273,-82.322884,-12.210870,9.992036,225.108541,0.000000,1
773.300000,,,,,,,,,,,,,,28.136266,-82.322891,-12.254275,10.124854,224.772837,0.000000,1
773.400000,,,,,,,,,,,,,,28.136259,-82.322897,-12.299303,10.258294,224.431538,0.000000,1
773.500000,,,,,,,,,,,,,,28.136251,-82.322903,-12.344331,10.391734,224.090239,0.000000,1
773.600000,,,,,,,,,,,,,,28.136244,-82.322909,-12.389359,10.525174,223.748940,0.000000,1
773.700000,,,,,,,,,,,,,,28.136237,-82.322916,-12.434387,10.658613,223.407641,0.000000,1
773.800000,,,,,,,,,,,,,,28.136230,-82.322922,-12.479415,10.792053,223.066342,0.000000,1
773.900000,,,,,,,,,,,,,,28.136223,-82.322928,-12.524443,10.925493,222.725043,0.000000,1
774.000000,,,,,,,,,,,,,,28.136216,-82.322934,-12.569472,11.058933,222.383744,0.000000,1
774.100000,,,,,,,,,,,,,,28.136209,-82.322940,-12.614500,11.192373,222.042445,0.000000,1
774.200000,,,,,,,,,,,,,,28.136202,-82.322947,-12.659528,11.325813,221.701146,0.000000,1
774.300000,,,,,,,,,,,,,,28.136194,-82.322953,-12.675959,11.277261,221.350939,0.000000,1
774.400000,,,,,,,,,,,,,,28.136187,-82.322960,-12.691593,11.223640,221.000485,0.000000,1
774.500000,,,,,,,,,,,,,,28.136179,-82.322966,-12.707226,11.170018,220.650030,0.000000,1
774.600000,,,,,,,,,,,,,,28.136172,-82.322973,-12.722860,11.116397,220.299575,0.000000,1
774.700000,,,,,,,,,,,,,,28.136164,-82.322979,-12.738494,11.062775,219.949121,0.000000,1
774.800000,,,,,,,,,,,,,,28.136157,-82.322986,-12.754128,11.009153,219.598666,0.000000,1
774.900000,,,,,,,,,,,,,,28.136149,-82.322992,-12.769762,10.955532,219.248212,0.000000,1
775.000000,,,,,,,,,,,,,,28.136142,-82.322999,-12.785396,10.901910,218.897757,0.000000,1
775.100000,,,,,,,,,,,,,,28.136134,-82.323005,-12.801030,10.848288,218.547302,0.000000,1
775.200000,,,,,,,,,,,,,,28.136127,-82.323012,-12.816664,10.794667,218.196848,0.000000,1
775.300000,,,,,,,,,,,,,,28.136120,-82.323021,-12.832613,10.880428,218.296363,0.000000,1
775.400000,,,,,,,,,,,,,,28.136113,-82.323029,-12.848579,10.973642,218.419936,0.000000,1
775.500000,,,,,,,,,,,,,,28.136106,-82.323038,-12.864545,11.066856,218.543509,0.000000,1
775.600000,,,,,,,,,,,,,,28.136100,-82.323046,-12.880512,11.160070,218.667081,0.000000,1
775.700000,,,,,,,,,,,,,,28.136093,-82.323055,-12.896478,11.253283,218.790654,0.000000,1
775.800000,,,,,,,,,,,,,,28.136086,-82.323064,-12.912444,11.346497,218.914227,0.000000,1
775.900000,,,,,,,,,,,,,,28.136079,-82.323072,-12.928410,11.439711,219.037800,0.000000,1
776.000000,,,,,,,,,,,,,,28.136072,-82.323081,-12.944376,11.532924,219.161372,0.000000,1
776.100000,,,,,,,,,,,,,,28.136065,-82.323089,-12.960343,11.626138,219.284945,0.000000,1
776.200000,,,,,,,,,,,,,,28.136058,-82.323098,-12.976309,11.719352,219.408518,0.000000,1
776.300000,,,,,,,,,,,,,,28.136049,-82.323103,-13.014688,11.717324,218.202990,0.000000,1
776.400000,,,,,,,,,,,,,,28.136040,-82.323108,-13.053453,11.713653,216.974527,0.000000,1
776.500000,,,,,,,,,,,,,,28.136031,-82.323113,-13.092219,11.709982,215.746063,0.000000,1
776.600000,,,,,,,,,,,,,,28.136021,-82.323118,-13.130984,11.706311,214.517600,0.000000,1
776.700000,,,,,,,,,,,,,,28.136012,-82.323123,-13.169750,11.702640,213.289137,0.000000,1
776.800000,,,,,,,,,,,,,,28.136003,-82.323128,-13.208515,11.698969,212.060674,0.000000,1
776.900000,,,,,,,,,,,,,,28.135993,-82.323133,-13.247281,11.695298,210.832210,0.000000,1
777.000000,,,,,,,,,,,,,,28.135984,-82.323138,-13.286047,11.691628,209.603747,0.000000,1
777.100000,,,,,,,,,,,,,,28.135975,-82.323143,-13.324812,11.687957,208.375284,0.000000,1
777.200000,,,,,,,,,,,,,,28.135965,-82.323148,-13.363578,11.684286,207.146821,0.000000,1
777.300000,,,,,,,,,,,,,,28.135956,-82.323154,-13.447355,11.712183,207.035369,0.000000,1
777.400000,,,,,,,,,,,,,,28.135946,-82.323159,-13.532264,11.740874,206.952008,0.000000,1
777.500000,,,,,,,,,,,,,,28.135936,-82.323164,-13.617173,11.769565,206.868648,0.000000,1
777.600000,,,,,,,,,,,,,,28.135926,-82.323169,-13.702082,11.798256,206.785287,0.000000,1
777.700000,,,,,,,,,,,,,,28.135916,-82.323174,-13.786991,11.826948,206.701927,0.000000,1
777.800000,,,,,,,,,,,,,,28.135907,-82.323179,-13.871900,11.855639,206.618567,0.000000,1
777.900000,,,,,,,,,,,,,,28.135897,-82.323184,-13.956809,11.884330,206.535206,0.000000,1
778.000000,,,,,,,,,,,,,,28.135887,-82.323189,-14.041718,11.913021,206.451846,0.000000,1
778.100000,,,,,,,,,,,,,,28.135877,-82.323195,-14.126628,11.941712,206.368485,0.000000,1
778.200000,,,,,,,,,,,,,,28.135867,-82.323200,-14.207325,11.971527,206.262127,0.000000,1
778.300000,,,,,,,,,,,,,,28.135857,-82.323206,-14.182687,12.029432,205.580620,0.000000,1
778.400000,,,,,,,,,,,,,,28.135846,-82.323213,-14.158049,12.087337,204.899114,0.000000,1
778.500000,,,,,,,,,,,,,,28.135835,-82.323219,-14.133411,12.145243,204.217607,0.000000,1
778.600000,,,,,,,,,,,,,,28.135825,-82.323226,-14.108773,12.203148,203.536100,0.000000,1
778.700000,,,,,,,,,,,,,,28.135814,-82.323232,-14.084135,12.261053,202.854594,0.000000,1
778.800000,,,,,,,,,,,,,,28.135804,-82.323239,-14.059497,12.318959,202.173087,0.000000,1
778.900000,,,,,,,,,,,,,,28.135793,-82.323245,-14.034859,12.376864,201.491580,0.000000,1
779.000000,,,,,,,,,,,,,,28.135783,-82.323251,-14.010221,12.434769,200.810074,0.000000,1
779.100000,,,,,,,,,,,,,,28.135772,-82.323258,-13.985583,12.492675,200.128567,0.000000,1
779.200000,,,,,,,,,,,,,,28.135761,-82.323264,-13.960945,12.550580,199.447061,0.000000,1
779.300000,,,,,,,,,,,,,,28.135751,-82.323267,-14.241539,12.509418,199.031789,0.000000,1
779.400000,,,,,,,,,,,,,,28.135741,-82.323269,-14.523207,12.467906,198.617454,0.000000,1
779.500000,,,,,,,,,,,,,,28.135731,-82.323271,-14.804875,12.426395,198.203119,0.000000,1
779.600000,,,,,,,,,,,,,,28.135721,-82.323273,-15.086542,12.384884,197.788783,0.000000,1
779.700000,,,,,,,,,,,,,,28.135710,-82.323275,-15.368210,12.343373,197.374448,0.000000,1
779.800000,,,,,,,,,,,,,,28.135700,-82.323277,-15.649878,12.301862,196.960113,0.000000,1
779.900000,,,,,,,,,,,,,,28.135690,-82.323279,-15.931546,12.260351,196.545778,0.000000,1
780.000000,,,,,,,,,,,,,,28.135680,-82.323281,-16.213214,12.218839,196.131443,0.000000,1
780.100000,,,,,,,,,,,,,,28.135669,-82.323283,-16.494882,12.177328,195.717108,0.000000,1
780.200000,,,,,,,,,,,,,,28.135659,-82.323285,-16.762103,12.138643,195.287456,0.000000,1
780.300000,,,,,,,,,,,,,,28.135647,-82.323289,-16.756710,12.153284,194.568773,0.000000,1
780.400000,,,,,,,,,,,,,,28.135636,-82.323293,-16.751316,12.167925,193.850089,0.000000,1
780.500000,,,,,,,,,,,,,,28.135624,-82.323297,-16.745922,12.182566,193.131406,0.000000,1
780.600000,,,,,,,,,,,,,,28.135612,-82.323300,-16.740529,12.197208,192.412722,0.000000,1
780.700000,,,,,,,,,,,,,,28.135601,-82.323304,-16.735135,12.211849,191.694039,0.000000,1
780.800000,,,,,,,,,,,,,,28.135589,-82.323308,-16.729741,12.226490,190.975355,0.000000,1
780.900000,,,,,,,,,,,,,,28.135577,-82.323312,-16.724347,12.241131,190.256672,0.000000,1
781.000000,,,,,,,,,,,,,,28.135565,-82.323315,-16.718954,12.255772,189.537988,0.000000,1
781.100000,,,,,,,,,,,,,,28.135554,-82.323319,-16.713560,12.270413,188.819305,0.000000,1
781.200000,,,,,,,,,,,,,,28.135542,-82.323323,-16.721130,12.286133,188.115502,0.000000,1
781.300000,,,,,,,,,,,,,,28.135530,-82.323324,-16.921685,12.317906,187.633232,0.000000,1
781.400000,,,,,,,,,,,,,,28.135518,-82.323326,-17.122241,12.349679,187.150963,0.000000,1
781.500000,,,,,,,,,,,,,,28.135506,-82.323327,-17.322797,12.381453,186.668693,0.000000,1
781.600000,,,,,,,,,,,,,,28.135495,-82.323329,-17.523353,12.413226,186.186423,0.000000,1
781.700000,,,,,,,,,,,,,,28.135483,-82.323330,-17.723908,12.444999,185.704153,0.000000,1
781.800000,,,,,,,,,,,,,,28.135471,-82.323332,-17.924464,12.476772,185.221883,0.000000,1
781.900000,,,,,,,,,,,,,,28.135459,-82.323333,-18.125020,12.508545,184.739613,0.000000,1
782.000000,,,,,,,,,,,,,,28.135447,-82.323335,-18.325575,12.540318,184.257344,0.000000,1
782.100000,,,,,,,,,,,,,,28.135436,-82.323336,-18.526131,12.572092,183.775074,0.000000,1
782.200000,,,,,,,,,,,,,,28.135424,-82.323338,-18.725796,12.604055,183.294476,0.000000,1
782.300000,,,,,,,,,,,,,,28.135412,-82.323338,-18.764326,12.670373,183.116256,0.000000,1
782.400000,,,,,,,,,,,,,,28.135400,-82.323338,-18.802857,12.736692,182.938036,0.000000,1
782.500000,,,,,,,,,,,,,,28.135387,-82.323338,-18.841388,12.803011,182.759815,0.000000,1
782.600000,,,,,,,,,,,,,,28.135375,-82.323338,-18.879918,12.869329,182.581595,0.000000,1
782.700000,,,,,,,,,,,,,,28.135363,-82.323338,-18.918449,12.935648,182.403375,0.000000,1
782.800000,,,,,,,,,,,,,,28.135351,-82.323339,-18.956979,13.001966,182.225155,0.000000,1
782.900000,,,,,,,,,,,,,,28.135339,-82.323339,-18.995510,13.068285,182.046935,0.000000,1
783.000000,,,,,,,,,,,,,,28.135327,-82.323339,-19.034040,13.134604,181.868715,0.000000,1
783.100000,,,,,,,,,,,,,,28.135315,-82.323339,-19.072571,13.200922,181.690494,0.000000,1
783.200000,,,,,,,,,,,,,,28.135302,-82.323339,-19.111101,13.267241,181.512274,0.000000,1
783.300000,,,,,,,,,,,,,,28.135289,-82.323337,-19.016012,13.221781,181.053967,0.000000,1
783.400000,,,,,,,,,,,,,,28.135276,-82.323336,-18.920031,13.175575,180.593791,0.000000,1
783.500000,,,,,,,,,,,,,,28.135263,-82.323334,-18.824050,13.129370,180.133615,0.000000,1
783.600000,,,,,,,,,,,,,,28.135249,-82.323332,-18.728069,13.083164,179.673439,0.000000,1
783.700000,,,,,,,,,,,,,,28.135236,-82.323330,-18.632088,13.036959,179.213263,0.000000,1
783.800000,,,,,,,,,,,,,,28.135223,-82.323328,-18.536107,12.990753,178.753087,0.000000,1
783.900000,,,,,,,,,,,,,,28.135209,-82.323327,-18.440126,12.944548,178.292911,0.000000,1
784.000000,,,,,,,,,,,,,,28.135196,-82.323325,-18.344145,12.898342,177.832735,0.000000,1
784.100000,,,,,,,,,,,,,,28.135183,-82.323323,-18.248164,12.852137,177.372559,0.000000,1
784.200000,,,,,,,,,,,,,,28.135169,-82.323321,-18.152183,12.805931,176.912383,0.000000,1
784.300000,,,,,,,,,,,,,,28.135157,-82.323322,-18.247469,12.813601,177.086002,0.000000,1
784.400000,,,,,,,,,,,,,,28.135144,-82.323323,-18.345514,12.822048,177.268766,0.000000,1
784.500000,,,,,,,,,,,,,,28.135132,-82.323324,-18.443560,12.830495,177.451530,0.000000,1
784.600000,,,,,,,,,,,,,,28.135119,-82.323324,-18.541605,12.838942,177.634294,0.000000,1
784.700000,,,,,,,,,,,,,,28.135107,-82.323325,-18.639651,12.847389,177.817058,0.000000,1
784.800000,,,,,,,,,,,,,,28.135094,-82.323326,-18.737696,12.855835,177.999822,0.000000,1
784.900000,,,,,,,,,,,,,,28.135082,-82.323327,-18.835742,12.864282,178.182586,0.000000,1
785.000000,,,,,,,,,,,,,,28.135069,-82.323328,-18.933787,12.872729,178.365350,0.000000,1
785.100000,,,,,,,,,,,,,,28.135056,-82.323328,-19.031832,12.881176,178.548114,0.000000,1
785.200000,,,,,,,,,,,,,,28.135044,-82.323329,-19.129878,12.889623,178.730878,0.000000,1
785.300000,,,,,,,,,,,,,,28.135032,-82.323329,-19.156779,12.884920,178.490653,0.000000,1
785.400000,,,,,,,,,,,,,,28.135020,-82.323328,-19.183044,12.880100,178.246645,0.000000,1
785.500000,,,,,,,,,,,,,,28.135008,-82.323328,-19.209308,12.875280,178.002637,0.000000,1
785.600000,,,,,,,,,,,,,,28.134996,-82.323327,-19.235573,12.870459,177.758629,0.000000,1
785.700000,,,,,,,,,,,,,,28.134984,-82.323327,-19.261838,12.865639,177.514622,0.000000,1
785.800000,,,,,,,,,,,,,,28.134972,-82.323326,-19.288103,12.860819,177.270614,0.000000,1
785.900000,,,,,,,,,,,,,,28.134960,-82.323326,-19.314367,12.855998,177.026606,0.000000,1
786.000000,,,,,,,,,,,,,,28.134948,-82.323325,-19.340632,12.851178,176.782598,0.000000,1
786.100000,,,,,,,,,,,,,,28.134936,-82.323325,-19.366897,12.846357,176.538590,0.000000,1
786.200000,,,,,,,,,,,,,,28.134924,-82.323324,-19.395839,12.841845,176.301772,0.000000,1
786.300000,,,,,,,,,,,,,,28.134914,-82.323325,-19.540302,12.850634,176.375159,0.000000,1
786.400000,,,,,,,,,,,,,,28.134903,-82.323325,-19.684764,12.859424,176.448547,0.000000,1
786.500000,,,,,,,,,,,,,,28.134893,-82.323326,-19.829227,12.868213,176.521934,0.000000,1
786.600000,,,,,,,,,,,,,,28.134882,-82.323326,-19.973689,12.877002,176.595321,0.000000,1
786.700000,,,,,,,,,,,,,,28.134872,-82.323327,-20.118152,12.885791,176.668708,0.000000,1
786.800000,,,,,,,,,,,,,,28.134861,-82.323327,-20.262614,12.894580,176.742096,0.000000,1
786.900000,,,,,,,,,,,,,,28.134851,-82.323328,-20.407077,12.903370,176.815483,0.000000,1
787.000000,,,,,,,,,,,,,,28.134840,-82.323328,-20.551539,12.912159,176.888870,0.000000,1
787.100000,,,,,,,,,,,,,,28.134830,-82.323329,-20.696002,12.920948,176.962257,0.000000,1
787.200000,,,,,,,,,,,,,,28.134819,-82.323329,-20.839599,12.929805,177.040692,0.000000,1
787.300000,,,,,,,,,,,,,,28.134807,-82.323330,-20.803288,12.952732,178.169231,0.000000,1
787.400000,,,,,,,,,,,,,,28.134796,-82.323331,-20.766977,12.975660,179.297770,0.000000,1
787.500000,,,,,,,,,,,,,,28.134784,-82.323333,-20.730666,12.998587,180.426309,0.000000,1
787.600000,,,,,,,,,,,,,,28.134772,-82.323334,-20.694354,13.021514,181.554848,0.000000,1
787.700000,,,,,,,,,,,,,,28.134761,-82.323335,-20.658043,13.044442,182.683387,0.000000,1
787.800000,,,,,,,,,,,,,,28.134749,-82.323336,-20.621732,13.067369,183.811926,0.000000,1
787.900000,,,,,,,,,,,,,,28.134737,-82.323337,-20.585420,13.090296,184.940465,0.000000,1
788.000000,,,,,,,,,,,,,,28.134725,-82.323338,-20.549109,13.113224,186.069004,0.000000,1
788.100000,,,,,,,,,,,,,,28.134714,-82.323340,-20.512798,13.136151,187.197543,0.000000,1
788.200000,,,,,,,,,,,,,,28.134702,-82.323341,-20.476275,13.157814,188.307082,0.000000,1
788.300000,,,,,,,,,,,,,,28.134690,-82.323342,-20.427774,13.107982,188.342164,0.000000,1
788.400000,,,,,,,,,,,,,,28.134678,-82.323343,-20.379273,13.058151,188.377245,0.000000,1
788.500000,,,,,,,,,,,,,,28.134666,-82.323343,-20.330772,13.008319,188.412326,0.000000,1
788.600000,,,,,,,,,,,,,,28.134654,-82.323344,-20.282272,12.958487,188.447407,0.000000,1
788.700000,,,,,,,,,,,,,,28.134642,-82.323345,-20.233771,12.908655,188.482489,0.000000,1
788.800000,,,,,,,,,,,,,,28.134630,-82.323346,-20.185270,12.858824,188.517570,0.000000,1
788.900000,,,,,,,,,,,,,,28.134618,-82.323347,-20.136769,12.808992,188.552651,0.000000,1
789.000000,,,,,,,,,,,,,,28.134606,-82.323348,-20.088268,12.759160,188.587733,0.000000,1
789.100000,,,,,,,,,,,,,,28.134594,-82.323349,-20.039768,12.709328,188.622814,0.000000,1
789.200000,,,,,,,,,,,,,,28.134581,-82.323350,-19.991267,12.659497,188.657895,0.000000,1
789.300000,,,,,,,,,,,,,,28.134570,-82.323352,-19.999048,12.588116,189.083936,0.000000,1
789.400000,,,,,,,,,,,,,,28.134559,-82.323355,-20.011356,12.515003,189.541427,0.000000,1
789.500000,,,,,,,,,,,,,,28.134547,-82.323357,-20.023664,12.441889,189.998918,0.000000,1
789.600000,,,,,,,,,,,,,,28.134536,-82.323360,-20.035973,12.368775,190.456409,0.000000,1
789.700000,,,,,,,,,,,,,,28.134525,-82.323362,-20.048281,12.295662,190.913900,0.000000,1
789.800000,,,,,,,,,,,,,,28.134513,-82.323365,-20.060589,12.222548,191.371391,0.000000,1
789.900000,,,,,,,,,,,,,,28.134502,-82.323367,-20.072898,12.149434,191.828883,0.000000,1
790.000000,,,,,,,,,,,,,,28.134491,-82.323370,-20.085206,12.076321,192.286374,0.000000,1
790.100000,,,,,,,,,,,,,,28.134479,-82.323372,-20.097515,12.003207,192.743865,0.000000,1
790.200000,,,,,,,,,,,,,,28.134468,-82.323375,-20.109823,11.930093,193.201356,0.000000,1
790.300000,,,,,,,,,,,,,,28.134457,-82.323377,-20.118523,11.968817,193.142411,0.000000,1
790.400000,,,,,,,,,,,,,,28.134446,-82.323379,-20.127174,12.009073,193.076395,0.000000,1
790.500000,,,,,,,,,,,,,,28.134435,-82.323381,-20.135824,12.049328,193.010379,0.000000,1
790.600000,,,,,,,,,,,,,,28.134424,-82.323384,-20.144475,12.089583,192.944364,0.000000,1
790.700000,,,,,,,,,,,,,,28.134413,-82.323386,-20.153126,12.129838,192.878348,0.000000,1
790.800000,,,,,,,,,,,,,,28.134402,-82.323388,-20.161777,12.170094,192.812333,0.000000,1
790.900000,,,,,,,,,,,,,,28.134391,-82.323390,-20.170427,12.210349,192.746317,0.000000,1
791.000000,,,,,,,,,,,,,,28.134381,-82.323392,-20.179078,12.250604,192.680301,0.000000,1
791.100000,,,,,,,,,,,,,,28.134370,-82.323395,-20.187729,12.290859,192.614286,0.000000,1
791.200000,,,,,,,,,,,,,,28.134359,-82.323397,-20.196379,12.331115,192.548270,0.000000,1
791.300000,,,,,,,,,,,,,,28.134349,-82.323400,-20.282924,12.314059,192.828255,0.000000,1
791.400000,,,,,,,,,,,,,,28.134339,-82.323404,-20.376484,12.291843,193.139397,0.000000,1
791.500000,,,,,,,,,,,,,,28.134329,-82.323408,-20.470043,12.269626,193.450540,0.000000,1
791.600000,,,,,,,,,,,,,,28.134319,-82.323412,-20.563602,12.247410,193.761683,0.000000,1
791.700000,,,,,,,,,,,,,,28.134309,-82.323415,-20.657162,12.225194,194.072825,0.000000,1
791.800000,,,,,,,,,,,,,,28.134299,-82.323419,-20.750721,12.202977,194.383968,0.000000,1
791.900000,,,,,,,,,,,,,,28.134289,-82.323423,-20.844281,12.180761,194.695111,0.000000,1
792.000000,,,,,,,,,,,,,,28.134279,-82.323427,-20.937840,12.158544,195.006253,0.000000,1
792.100000,,,,,,,,,,,,,,28.134269,-82.323430,-21.031400,12.136328,195.317396,0.000000,1
792.200000,,,,,,,,,,,,,,28.134259,-82.323434,-21.124959,12.114111,195.628539,0.000000,1
792.300000,,,,,,,,,,,,,,28.134250,-82.323437,-21.167399,12.115137,195.689667,0.000000,1
792.400000,,,,,,,,,,,,,,28.134240,-82.323440,-21.207163,12.117380,195.737711,0.000000,1
792.500000,,,,,,,,,,,,,,28.134230,-82.323443,-21.246927,12.119622,195.785755,0.000000,1
792.600000,,,,,,,,,,,,,,28.134220,-82.323446,-21.286692,12.121864,195.833799,0.000000,1
792.700000,,,,,,,,,,,,,,28.134210,-82.323448,-21.326456,12.124107,195.881843,0.000000,1
792.800000,,,,,,,,,,,,,,28.134201,-82.323451,-21.366220,12.126349,195.929887,0.000000,1
792.900000,,,,,,,,,,,,,,28.134191,-82.323454,-21.405985,12.128591,195.977931,0.000000,1
793.000000,,,,,,,,,,,,,,28.134181,-82.323457,-21.445749,12.130834,196.025975,0.000000,1
793.100000,,,,,,,,,,,,,,28.134171,-82.323460,-21.485513,12.133076,196.074019,0.000000,1
793.200000,,,,,,,,,,,,,,28.134161,-82.323463,-21.525277,12.135318,196.122063,0.000000,1
793.300000,,,,,,,,,,,,,,28.134151,-82.323469,-21.450129,12.119396,197.165299,0.000000,1
793.400000,,,,,,,,,,,,,,28.134141,-82.323475,-21.369091,12.102543,198.259536,0.000000,1
793.500000,,,,,,,,,,,,,,28.134131,-82.323480,-21.288054,12.085690,199.353774,0.000000,1
793.600000,,,,,,,,,,,,,,28.134120,-82.323486,-21.207016,12.068836,200.448011,0.000000,1
793.700000,,,,,,,,,,,,,,28.134110,-82.323492,-21.125978,12.051983,201.542249,0.000000,1
793.800000,,,,,,,,,,,,,,28.134100,-82.323498,-21.044941,12.035130,202.636486,0.000000,1
793.900000,,,,,,,,,,,,,,28.134089,-82.323504,-20.963903,12.018277,203.730724,0.000000,1
794.000000,,,,,,,,,,,,,,28.134079,-82.323510,-20.882865,12.001424,204.824961,0.000000,1
794.100000,,,,,,,,,,,,,,28.134069,-82.323515,-20.801828,11.984571,205.919199,0.000000,1
794.200000,,,,,,,,,,,,,,28.134058,-82.323521,-20.720790,11.967717,207.013436,0.000000,1
794.300000,,,,,,,,,,,,,,28.134050,-82.323529,-20.683279,12.034050,207.351134,0.000000,1
794.400000,,,,,,,,,,,,,,28.134042,-82.323537,-20.647829,12.104323,207.652993,0.000000,1
794.500000,,,,,,,,,,,,,,28.134033,-82.323545,-20.612380,12.174596,207.954852,0.000000,1
794.600000,,,,,,,,,,,,,,28.134025,-82.323553,-20.576931,12.244869,208.256711,0.000000,1
794.700000,,,,,,,,,,,,,,28.134017,-82.323561,-20.541481,12.315142,208.558570,0.000000,1
794.800000,,,,,,,,,,,,,,28.134009,-82.323568,-20.506032,12.385415,208.860429,0.000000,1
794.900000,,,,,,,,,,,,,,28.134000,-82.323576,-20.470582,12.455688,209.162288,0.000000,1
795.000000,,,,,,,,,,,,,,28.133992,-82.323584,-20.435133,12.525961,209.464147,0.000000,1
795.100000,,,,,,,,,,,,,,28.133984,-82.323592,-20.399683,12.596234,209.766006,0.000000,1
795.200000,,,,,,,,,,,,,,28.133976,-82.323600,-20.364234,12.666507,210.067865,0.000000,1
795.300000,,,,,,,,,,,,,,28.133967,-82.323607,-20.429907,12.596328,210.314596,0.000000,1
795.400000,,,,,,,,,,,,,,28.133958,-82.323613,-20.495654,12.526046,210.561287,0.000000,1
795.500000,,,,,,,,,,,,,,28.133949,-82.323620,-20.561401,12.455764,210.807977,0.000000,1
795.600000,,,,,,,,,,,,,,28.133940,-82.323627,-20.627149,12.385483,211.054668,0.000000,1
795.700000,,,,,,,,,,,,,,28.133931,-82.323634,-20.692896,12.315201,211.301359,0.000000,1
795.800000,,,,,,,,,,,,,,28.133922,-82.323640,-20.758643,12.244920,211.548050,0.000000,1
795.900000,,,,,,,,,,,,,,28.133913,-82.323647,-20.824390,12.174638,211.794740,0.000000,1
796.000000,,,,,,,,,,,,,,28.133904,-82.323654,-20.890137,12.104356,212.041431,0.000000,1
796.100000,,,,,,,,,,,,,,28.133895,-82.323661,-20.955884,12.034075,212.288122,0.000000,1
796.200000,,,,,,,,,,,,,,28.133886,-82.323668,-21.019348,11.966877,212.521405,0.000000,1
796.300000,,,,,,,,,,,,,,28.133875,-82.323673,-20.980982,12.037271,212.156611,0.000000,1
796.400000,,,,,,,,,,,,,,28.133864,-82.323679,-20.942616,12.107665,211.791817,0.000000,1
796.500000,,,,,,,,,,,,,,28.133853,-82.323685,-20.904250,12.178059,211.427023,0.000000,1
796.600000,,,,,,,,,,,,,,28.133842,-82.323690,-20.865885,12.248453,211.062230,0.000000,1
796.700000,,,,,,,,,,,,,,28.133831,-82.323696,-20.827519,12.318846,210.697436,0.000000,1
796.800000,,,,,,,,,,,,,,28.133820,-82.323702,-20.789153,12.389240,210.332642,0.000000,1
796.900000,,,,,,,,,,,,,,28.133809,-82.323707,-20.750787,12.459634,209.967848,0.000000,1
797.000000,,,,,,,,,,,,,,28.133798,-82.323713,-20.712421,12.530028,209.603054,0.000000,1
797.100000,,,,,,,,,,,,,,28.133787,-82.323719,-20.674055,12.600422,209.238260,0.000000,1
797.200000,,,,,,,,,,,,,,28.133777,-82.323724,-20.639370,12.666808,208.871014,0.000000,1
797.300000,,,,,,,,,,,,,,28.133767,-82.323731,-20.677744,12.653652,208.455091,0.000000,1
797.400000,,,,,,,,,,,,,,28.133757,-82.323738,-20.716118,12.640495,208.039168,0.000000,1
797.500000,,,,,,,,,,,,,,28.133747,-82.323744,-20.754492,12.627338,207.623245,0.000000,1
797.600000,,,,,,,,,,,,,,28.133737,-82.323751,-20.792866,12.614181,207.207322,0.000000,1
797.700000,,,,,,,,,,,,,,28.133727,-82.323758,-20.831240,12.601024,206.791399,0.000000,1
797.800000,,,,,,,,,,,,,,28.133717,-82.323765,-20.869614,12.587867,206.375476,0.000000,1
797.900000,,,,,,,,,,,,,,28.133707,-82.323771,-20.907988,12.574711,205.959553,0.000000,1
798.000000,,,,,,,,,,,,,,28.133697,-82.323778,-20.946362,12.561554,205.543630,0.000000,1
798.100000,,,,,,,,,,,,,,28.133687,-82.323785,-20.984736,12.548397,205.127707,0.000000,1
798.200000,,,,,,,,,,,,,,28.133677,-82.323791,-21.022730,12.535239,204.714406,0.000000,1
798.300000,,,,,,,,,,,,,,28.133667,-82.323796,-21.011162,12.521950,204.642843,0.000000,1
798.400000,,,,,,,,,,,,,,28.133657,-82.323801,-20.999595,12.508660,204.571280,0.000000,1
798.500000,,,,,,,,,,,,,,28.133647,-82.323806,-20.988028,12.495371,204.499717,0.000000,1
798.600000,,,,,,,,,,,,,,28.133637,-82.323811,-20.976460,12.482081,204.428154,0.000000,1
798.700000,,,,,,,,,,,,,,28.133627,-82.323816,-20.964893,12.468792,204.356591,0.000000,1
798.800000,,,,,,,,,,,,,,28.133617,-82.323821,-20.953325,12.455503,204.285028,0.000000,1
798.900000,,,,,,,,,,,,,,28.133607,-82.323826,-20.941758,12.442213,204.213465,0.000000,1
799.000000,,,,,,,,,,,,,,28.133597,-82.323831,-20.930191,12.428924,204.141902,0.000000,1
799.100000,,,,,,,,,,,,,,28.133587,-82.323836,-20.918623,12.415634,204.070339,0.000000,1
799.200000,,,,,,,,,,,,,,28.133577,-82.323841,-20.907056,12.402345,203.998776,0.000000,1
799.300000,,,,,,,,,,,,,,28.133565,-82.323846,-20.769540,12.464429,203.372131,0.000000,1
799.400000,,,,,,,,,,,,,,28.133554,-82.323850,-20.630838,12.527224,202.740257,0.000000,1
799.500000,,,,,,,,,,,,,,28.133543,-82.323855,-20.492135,12.590019,202.108382,0.000000,1
799.600000,,,,,,,,,,,,,,28.133531,-82.323859,-20.353432,12.652814,201.476508,0.000000,1
799.700000,,,,,,,,,,,,,,28.133520,-82.323864,-20.214730,12.715609,200.844633,0.000000,1
799.800000,,,,,,,,,,,,,,28.133509,-82.323868,-20.076027,12.778404,200.212758,0.000000,1
799.900000,,,,,,,,,,,,,,28.133497,-82.323873,-19.937324,12.841199,199.580884,0.000000,1
800.000000,,,,,,,,,,,,,,28.133486,-82.323877,-19.798622,12.903994,198.949009,0.000000,1
800.100000,,,,,,,,,,,,,,28.133475,-82.323882,-19.659919,12.966789,198.317134,0.000000,1
800.200000,,,,,,,,,,,,,,28.133463,-82.323886,-19.521216,13.029584,197.685260,0.000000,1
800.300000,,,,,,,,,,,,,,28.133453,-82.323890,-19.563025,12.952904,196.874847,0.000000,1
800.400000,,,,,,,,,,,,,,28.133442,-82.323894,-19.605839,12.875448,196.063441,0.000000,1
800.500000,,,,,,,,,,,,,,28.133432,-82.323898,-19.648652,12.797993,195.252035,0.000000,1
800.600000,,,,,,,,,,,,,,28.133421,-82.323902,-19.691466,12.720537,194.440629,0.000000,1
800.700000,,,,,,,,,,,,,,28.133411,-82.323905,-19.734279,12.643081,193.629223,0.000000,1
800.800000,,,,,,,,,,,,,,28.133400,-82.323909,-19.777093,12.565626,192.817817,0.000000,1
800.900000,,,,,,,,,,,,,,28.133390,-82.323913,-19.819906,12.488170,192.006411,0.000000,1
801.000000,,,,,,,,,,,,,,28.133380,-82.323917,-19.862720,12.410714,191.195005,0.000000,1
801.100000,,,,,,,,,,,,,,28.133369,-82.323921,-19.905533,12.333259,190.383599,0.000000,1
801.200000,,,,,,,,,,,,,,28.133359,-82.323925,-19.943608,12.256801,189.590835,0.000000,1
801.300000,,,,,,,,,,,,,,28.133348,-82.323927,-19.775319,12.223812,189.609832,0.000000,1
801.400000,,,,,,,,,,,,,,28.133337,-82.323929,-19.607030,12.190823,189.628830,0.000000,1
801.500000,,,,,,,,,,,,,,28.133327,-82.323932,-19.438741,12.157833,189.647828,0.000000,1
801.600000,,,,,,,,,,,,,,28.133316,-82.323934,-19.270453,12.124844,189.666825,0.000000,1
801.700000,,,,,,,,,,,,,,28.133305,-82.323937,-19.102164,12.091855,189.685823,0.000000,1
801.800000,,,,,,,,,,,,,,28.133295,-82.323939,-18.933875,12.058866,189.704820,0.000000,1
801.900000,,,,,,,,,,,,,,28.133284,-82.323942,-18.765586,12.025876,189.723818,0.000000,1
802.000000,,,,,,,,,,,,,,28.133273,-82.323944,-18.597298,11.992887,189.742815,0.000000,1
802.100000,,,,,,,,,,,,,,28.133263,-82.323947,-18.429009,11.959898,189.761813,0.000000,1
802.200000,,,,,,,,,,,,,,28.133252,-82.323949,-18.260720,11.926909,189.780811,0.000000,1
802.300000,,,,,,,,,,,,,,28.133240,-82.323952,-18.254600,11.872673,190.150410,0.000000,1
802.400000,,,,,,,,,,,,,,28.133229,-82.323955,-18.256090,11.817441,190.536460,0.000000,1
802.500000,,,,,,,,,,,,,,28.133217,-82.323957,-18.257579,11.762209,190.922510,0.000000,1
802.600000,,,,,,,,,,,,,,28.133205,-82.323960,-18.259069,11.706977,191.308560,0.000000,1
802.700000,,,,,,,,,,,,,,28.133193,-82.323962,-18.260558,11.651744,191.694611,0.000000,1
802.800000,,,,,,,,,,,,,,28.133182,-82.323965,-18.262047,11.596512,192.080661,0.000000,1
802.900000,,,,,,,,,,,,,,28.133170,-82.323968,-18.263537,11.541280,192.466711,0.000000,1
803.000000,,,,,,,,,,,,,,28.133158,-82.323970,-18.265026,11.486048,192.852761,0.000000,1
803.100000,,,,,,,,,,,,,,28.133146,-82.323973,-18.265854,11.430816,193.243822,0.000000,1
803.200000,,,,,,,,,,,,,,28.133137,-82.323977,-18.244822,11.375594,193.800329,0.000000,1
803.300000,,,,,,,,,,,,,,28.133127,-82.323980,-18.223791,11.320373,194.356835,0.000000,1
803.400000,,,,,,,,,,,,,,28.133117,-82.323984,-18.202759,11.265152,194.913342,0.000000,1
803.500000,,,,,,,,,,,,,,28.133108,-82.323988,-18.181728,11.209931,195.469849,0.000000,1
803.600000,,,,,,,,,,,,,,28.133098,-82.323991,-18.160697,11.154709,196.026356,0.000000,1
803.700000,,,,,,,,,,,,,,28.133088,-82.323995,-18.139665,11.099488,196.582863,0.000000,1
803.800000,,,,,,,,,,,,,,28.133078,-82.323998,-18.118634,11.044267,197.139370,0.000000,1
803.900000,,,,,,,,,,,,,,28.133069,-82.324002,-18.097602,10.989045,197.695877,0.000000,1
804.000000,,,,,,,,,,,,,,28.133059,-82.324005,-18.076571,10.933824,198.252384,0.000000,1
804.100000,,,,,,,,,,,,,,28.133049,-82.324009,-18.055106,10.878172,198.832741,0.000000,1
804.200000,,,,,,,,,,,,,,28.133042,-82.324014,-18.016055,10.805030,200.380593,0.000000,1
804.300000,,,,,,,,,,,,,,28.133034,-82.324019,-17.977005,10.731889,201.928444,0.000000,1
804.400000,,,,,,,,,,,,,,28.133027,-82.324024,-17.937954,10.658747,203.476295,0.000000,1
804.500000,,,,,,,,,,,,,,28.133020,-82.324029,-17.898903,10.585606,205.024147,0.000000,1
804.600000,,,,,,,,,,,,,,28.133012,-82.324034,-17.859852,10.512464,206.571998,0.000000,1
804.700000,,,,,,,,,,,,,,28.133005,-82.324040,-17.820802,10.439323,208.119849,0.000000,1
804.800000,,,,,,,,,,,,,,28.132997,-82.324045,-17.781751,10.366181,209.667701,0.000000,1
804.900000,,,,,,,,,,,,,,28.132990,-82.324050,-17.742700,10.293040,211.215552,0.000000,1
805.000000,,,,,,,,,,,,,,28.132982,-82.324055,-17.703650,10.219898,212.763403,0.000000,1
805.100000,,,,,,,,,,,,,,28.132975,-82.324060,-17.665844,10.147305,214.286998,0.000000,1
805.200000,,,,,,,,,,,,,,28.132968,-82.324065,-17.702238,10.107413,214.364420,0.000000,1
805.300000,,,,,,,,,,,,,,28.132961,-82.324070,-17.738633,10.067521,214.441843,0.000000,1
805.400000,,,,,,,,,,,,,,28.132955,-82.324076,-17.775027,10.027628,214.519265,0.000000,1
805.500000,,,,,,,,,,,,,,28.132948,-82.324081,-17.811422,9.987736,214.596688,0.000000,1
805.600000,,,,,,,,,,,,,,28.132941,-82.324086,-17.847816,9.947844,214.674110,0.000000,1
805.700000,,,,,,,,,,,,,,28.132934,-82.324091,-17.884211,9.907951,214.751532,0.000000,1
805.800000,,,,,,,,,,,,,,28.132928,-82.324097,-17.920605,9.868059,214.828955,0.000000,1
805.900000,,,,,,,,,,,,,,28.132921,-82.324102,-17.957000,9.828166,214.906377,0.000000,1
806.000000,,,,,,,,,,,,,,28.132914,-82.324107,-17.993394,9.788274,214.983800,0.000000,1
806.100000,,,,,,,,,,,,,,28.132907,-82.324112,-18.029789,9.748382,215.061222,0.000000,1
806.200000,,,,,,,,,,,,,,28.132901,-82.324118,-18.066183,9.708489,215.138644,0.000000,1
806.300000,,,,,,,,,,,,,,28.132894,-82.324124,-17.944628,9.658906,215.467028,0.000000,1
806.400000,,,,,,,,,,,,,,28.132888,-82.324130,-17.822641,9.609297,215.796096,0.000000,1
806.500000,,,,,,,,,,,,,,28.132882,-82.324136,-17.700655,9.559688,216.125164,0.000000,1
806.600000,,,,,,,,,,,,,,28.132875,-82.324143,-17.578668,9.510079,216.454232,0.000000,1
806.700000,,,,,,,,,,,,,,28.132869,-82.324149,-17.456682,9.460470,216.783300,0.000000,1
806.800000,,,,,,,,,,,,,,28.132863,-82.324155,-17.334696,9.410860,217.112368,0.000000,1
806.900000,,,,,,,,,,,,,,28.132856,-82.324161,-17.212709,9.361251,217.441435,0.000000,1
807.000000,,,,,,,,,,,,,,28.132850,-82.324167,-17.090723,9.311642,217.770503,0.000000,1
807.100000,,,,,,,,,,,,,,28.132844,-82.324174,-16.968736,9.262033,218.099571,0.000000,1
807.200000,,,,,,,,,,,,,,28.132837,-82.324180,-16.846750,9.212423,218.428639,0.000000,1
807.300000,,,,,,,,,,,,,,28.132829,-82.324185,-16.809840,9.138923,217.550805,0.000000,1
807.400000,,,,,,,,,,,,,,28.132821,-82.324190,-16.778845,9.063762,216.589073,0.000000,1
807.500000,,,,,,,,,,,,,,28.132812,-82.324194,-16.747849,8.988600,215.627341,0.000000,1
807.600000,,,,,,,,,,,,,,28.132804,-82.324199,-16.716853,8.913439,214.665609,0.000000,1
807.700000,,,,,,,,,,,,,,28.132796,-82.324204,-16.685857,8.838278,213.703877,0.000000,1
807.800000,,,,,,,,,,,,,,28.132787,-82.324209,-16.654861,8.763117,212.742145,0.000000,1
807.900000,,,,,,,,,,,,,,28.132779,-82.324213,-16.623866,8.687956,211.780413,0.000000,1
808.000000,,,,,,,,,,,,,,28.132771,-82.324218,-16.592870,8.612794,210.818681,0.000000,1
808.100000,,,,,,,,,,,,,,28.132762,-82.324223,-16.562163,8.537123,209.870255,0.000000,1
808.200000,,,,,,,,,,,,,,28.132757,-82.324227,-16.544302,8.438725,209.514024,0.000000,1
808.300000,,,,,,,,,,,,,,28.132752,-82.324231,-16.526440,8.340327,209.157794,0.000000,1
808.400000,,,,,,,,,,,,,,28.132746,-82.324235,-16.508579,8.241930,208.801564,0.000000,1
808.500000,,,,,,,,,,,,,,28.132741,-82.324238,-16.490718,8.143532,208.445334,0.000000,1
808.600000,,,,,,,,,,,,,,28.132736,-82.324242,-16.472857,8.045135,208.089104,0.000000,1
808.700000,,,,,,,,,,,,,,28.132731,-82.324246,-16.454996,7.946737,207.732874,0.000000,1
808.800000,,,,,,,,,,,,,,28.132725,-82.324250,-16.437134,7.848340,207.376644,0.000000,1
808.900000,,,,,,,,,,,,,,28.132720,-82.324254,-16.419273,7.749942,207.020414,0.000000,1
809.000000,,,,,,,,,,,,,,28.132715,-82.324258,-16.401412,7.651545,206.664184,0.000000,1
809.100000,,,,,,,,,,,,,,28.132710,-82.324262,-16.383567,7.552866,206.296975,0.000000,1
809.200000,,,,,,,,,,,,,,28.132705,-82.324261,-16.370301,7.374327,202.813316,0.000000,1
809.300000,,,,,,,,,,,,,,28.132701,-82.324260,-16.357036,7.195789,199.329658,0.000000,1
809.400000,,,,,,,,,,,,,,28.132697,-82.324259,-16.343770,7.017251,195.845999,0.000000,1
809.500000,,,,,,,,,,,,,,28.132692,-82.324258,-16.330505,6.838712,192.362340,0.000000,1
809.600000,,,,,,,,,,,,,,28.132688,-82.324257,-16.317239,6.660174,188.878682,0.000000,1
809.700000,,,,,,,,,,,,,,28.132684,-82.324256,-16.303974,6.481635,185.395023,0.000000,1
809.800000,,,,,,,,,,,,,,28.132680,-82.324255,-16.290708,6.303097,181.911364,0.000000,1
809.900000,,,,,,,,,,,,,,28.132675,-82.324254,-16.277443,6.124559,178.427705,0.000000,1
810.000000,,,,,,,,,,,,,,28.132671,-82.324253,-16.264177,5.946020,174.944047,0.000000,1
810.100000,,,,,,,,,,,,,,28.132667,-82.324252,-16.250912,5.767482,171.460388,0.000000,1
810.200000,,,,,,,,,,,,,,28.132662,-82.324252,-16.133518,5.540442,169.834587,0.000000,1
810.300000,,,,,,,,,,,,,,28.132658,-82.324253,-16.015884,5.313291,168.213068,0.000000,1
810.400000,,,,,,,,,,,,,,28.132653,-82.324253,-15.898250,5.086140,166.591549,0.000000,1
810.500000,,,,,,,,,,,,,,28.132649,-82.324253,-15.780616,4.858989,164.970031,0.000000,1
810.600000,,,,,,,,,,,,,,28.132645,-82.324253,-15.662982,4.631838,163.348512,0.000000,1
810.700000,,,,,,,,,,,,,,28.132640,-82.324253,-15.545348,4.404687,161.726993,0.000000,1
810.800000,,,,,,,,,,,,,,28.132636,-82.324254,-15.427714,4.177536,160.105474,0.000000,1
810.900000,,,,,,,,,,,,,,28.132631,-82.324254,-15.310080,3.950385,158.483955,0.000000,1
811.000000,,,,,,,,,,,,,,28.132627,-82.324254,-15.192446,3.723234,156.862436,0.000000,1
811.100000,,,,,,,,,,,,,,28.132622,-82.324254,-15.074812,3.496083,155.240918,0.000000,1
811.200000,,,,,,,,,,,,,,28.132619,-82.324253,-15.121645,3.330998,153.914897,0.000000,1
811.300000,,,,,,,,,,,,,,28.132615,-82.324251,-15.169312,3.166228,152.590374,0.000000,1
811.400000,,,,,,,,,,,,,,28.132612,-82.324249,-15.216979,3.001457,151.265851,0.000000,1
811.500000,,,,,,,,,,,,,,28.132608,-82.324247,-15.264645,2.836687,149.941328,0.000000,1
811.600000,,,,,,,,,,,,,,28.132605,-82.324246,-15.312312,2.671917,148.616805,0.000000,1
811.700000,,,,,,,,,,,,,,28.132601,-82.324244,-15.359979,2.507147,147.292282,0.000000,1
811.800000,,,,,,,,,,,,,,28.132597,-82.324242,-15.407645,2.342377,145.967759,0.000000,1
811.900000,,,,,,,,,,,,,,28.132594,-82.324240,-15.455312,2.177606,144.643236,0.000000,1
812.000000,,,,,,,,,,,,,,28.132590,-82.324239,-15.502979,2.012836,143.318713,0.000000,1
812.100000,,,,,,,,,,,,,,28.132587,-82.324237,-15.550645,1.848066,141.994190,0.000000,1
812.200000,,,,,,,,,,,,,,28.132585,-82.324236,-15.578935,1.764407,141.415616,0.000000,1
812.300000,,,,,,,,,,,,,,28.132584,-82.324235,-15.597252,1.722494,141.220963,0.000000,1
812.400000,,,,,,,,,,,,,,28.132583,-82.324234,-15.615568,1.680581,141.026309,0.000000,1
812.500000,,,,,,,,,,,,,,28.132583,-82.324233,-15.633885,1.638669,140.831656,0.000000,1
812.600000,,,,,,,,,,,,,,28.132582,-82.324233,-15.652202,1.596756,140.637002,0.000000,1
812.700000,,,,,,,,,,,,,,28.132581,-82.324232,-15.670518,1.554843,140.442348,0.000000,1
812.800000,,,,,,,,,,,,,,28.132580,-82.324231,-15.688835,1.512930,140.247695,0.000000,1
812.900000,,,,,,,,,,,,,,28.132579,-82.324230,-15.707152,1.471017,140.053041,0.000000,1
813.000000,,,,,,,,,,,,,,28.132578,-82.324230,-15.725469,1.429104,139.858387,0.000000,1
813.100000,,,,,,,,,,,,,,28.132577,-82.324229,-15.743785,1.387192,139.663734,0.000000,1
813.200000,,,,,,,,,,,,,,28.132577,-82.324228,-15.762105,1.345225,139.469696,0.000000,1
813.300000,,,,,,,,,,,,,,28.132576,-82.324227,-15.781480,1.286218,139.469696,0.000000,1
813.400000,,,,,,,,,,,,,,28.132576,-82.324226,-15.800855,1.227211,139.469696,0.000000,1
813.500000,,,,,,,,,,,,,,28.132575,-82.324225,-15.820230,1.168204,139.469696,0.000000,1
813.600000,,,,,,,,,,,,,,28.132574,-82.324224,-15.839605,1.109197,139.469696,0.000000,1
813.700000,,,,,,,,,,,,,,28.132574,-82.324223,-15.858980,1.050191,139.469696,0.000000,1
813.800000,,,,,,,,,,,,,,28.132573,-82.324222,-15.878355,0.991184,139.469696,0.000000,1
813.900000,,,,,,,,,,,,,,28.132573,-82.324221,-15.897729,0.932177,139.469696,0.000000,1
814.000000,,,,,,,,,,,,,,28.132572,-82.324220,-15.917104,0.873170,139.469696,0.000000,1
814.100000,,,,,,,,,,,,,,28.132572,-82.324219,-15.936479,0.814163,139.469696,0.000000,1
814.200000,,,,,,,,,,,,,,28.132571,-82.324218,-15.955854,0.755157,139.469696,0.000000,1
814.300000,,,,,,,,,,,,,,28.132570,-82.324218,-15.863491,0.699346,139.469696,0.000000,1
814.400000,,,,,,,,,,,,,,28.132569,-82.324217,-15.767900,0.643628,139.469696,0.000000,1
814.500000,,,,,,,,,,,,,,28.132567,-82.324217,-15.672309,0.587910,139.469696,0.000000,1
814.600000,,,,,,,,,,,,,,28.132566,-82.324217,-15.576718,0.532191,139.469696,0.000000,1
814.700000,,,,,,,,,,,,,,28.132565,-82.324216,-15.481127,0.476473,139.469696,0.000000,1
814.800000,,,,,,,,,,,,,,28.132563,-82.324216,-15.385536,0.420755,139.469696,0.000000,1
814.900000,,,,,,,,,,,,,,28.132562,-82.324215,-15.289945,0.365037,139.469696,0.000000,1
815.000000,,,,,,,,,,,,,,28.132561,-82.324215,-15.194354,0.309319,139.469696,0.000000,1
815.100000,,,,,,,,,,,,,,28.132559,-82.324214,-15.098764,0.253600,139.469696,0.000000,1
815.200000,,,,,,,,,,,,,,28.132558,-82.324214,-15.004054,0.198144,139.469696,0.000000,1
815.300000,,,,,,,,,,,,,,28.132558,-82.324214,-15.081994,0.194008,139.469696,0.000000,1
815.400000,,,,,,,,,,,,,,28.132558,-82.324214,-15.159933,0.189873,139.469696,0.000000,1
815.500000,,,,,,,,,,,,,,28.132559,-82.324214,-15.237873,0.185737,139.469696,0.000000,1
815.600000,,,,,,,,,,,,,,28.132559,-82.324214,-15.315812,0.181601,139.469696,0.000000,1
815.700000,,,,,,,,,,,,,,28.132559,-82.324215,-15.393752,0.177465,139.469696,0.000000,1
815.800000,,,,,,,,,,,,,,28.132559,-82.324215,-15.471691,0.173330,139.469696,0.000000,1
815.900000,,,,,,,,,,,,,,28.132559,-82.324215,-15.549631,0.169194,139.469696,0.000000,1
816.000000,,,,,,,,,,,,,,28.132560,-82.324215,-15.627570,0.165058,139.469696,0.000000,1
816.100000,,,,,,,,,,,,,,28.132560,-82.324215,-15.705223,0.161293,139.469696,0.000000,1
816.200000,,,,,,,,,,,,,,28.132559,-82.324212,-15.755480,0.192922,139.469696,0.000000,1
816.300000,,,,,,,,,,,,,,28.132558,-82.324209,-15.805737,0.224551,139.469696,0.000000,1
816.400000,,,,,,,,,,,,,,28.132557,-82.324206,-15.855993,0.256180,139.469696,0.000000,1
816.500000,,,,,,,,,,,,,,28.132556,-82.324203,-15.906250,0.287809,139.469696,0.000000,1
816.600000,,,,,,,,,,,,,,28.132555,-82.324200,-15.956507,0.319437,139.469696,0.000000,1
816.700000,,,,,,,,,,,,,,28.132554,-82.324198,-16.006764,0.351066,139.469696,0.000000,1
816.800000,,,,,,,,,,,,,,28.132553,-82.324195,-16.057020,0.382695,139.469696,0.000000,1
816.900000,,,,,,,,,,,,,,28.132552,-82.324192,-16.107277,0.414324,139.469696,0.000000,1
817.000000,,,,,,,,,,,,,,28.132551,-82.324189,-16.157534,0.445953,139.469696,0.000000,1
817.100000,,,,,,,,,,,,,,28.132550,-82.324186,-16.206307,0.476791,139.469696,0.000000,1
817.200000,,,,,,,,,,,,,,28.132550,-82.324186,-16.181971,0.468672,139.469696,0.000000,1
817.300000,,,,,,,,,,,,,,28.132550,-82.324186,-16.157636,0.460553,139.469696,0.000000,1
817.400000,,,,,,,,,,,,,,28.132550,-82.324185,-16.133301,0.452434,139.469696,0.000000,1
817.500000,,,,,,,,,,,,,,28.132549,-82.324185,-16.108966,0.444315,139.469696,0.000000,1
817.600000,,,,,,,,,,,,,,28.132549,-82.324185,-16.084630,0.436196,139.469696,0.000000,1
817.700000,,,,,,,,,,,,,,28.132549,-82.324185,-16.060295,0.428077,139.469696,0.000000,1
817.800000,,,,,,,,,,,,,,28.132549,-82.324185,-16.035960,0.419958,139.469696,0.000000,1
817.900000,,,,,,,,,,,,,,28.132549,-82.324185,-16.011625,0.411839,139.469696,0.000000,1
818.000000,,,,,,,,,,,,,,28.132548,-82.324184,-15.987289,0.403720,139.469696,0.000000,1
818.100000,,,,,,,,,,,,,,28.132548,-82.324184,-15.959465,0.395358,139.469696,0.000000,1
818.200000,,,,,,,,,,,,,,28.132548,-82.324184,-15.840361,0.380637,139.469696,0.000000,1
818.300000,,,,,,,,,,,,,,28.132548,-82.324184,-15.721258,0.365916,139.469696,0.000000,1
818.400000,,,,,,,,,,,,,,28.132548,-82.324185,-15.602154,0.351195,139.469696,0.000000,1
818.500000,,,,,,,,,,,,,,28.132548,-82.324185,-15.483051,0.336473,139.469696,0.000000,1
818.600000,,,,,,,,,,,,,,28.132548,-82.324185,-15.363947,0.321752,139.469696,0.000000,1
818.700000,,,,,,,,,,,,,,28.132548,-82.324185,-15.244844,0.307031,139.469696,0.000000,1
818.800000,,,,,,,,,,,,,,28.132548,-82.324185,-15.125740,0.292310,139.469696,0.000000,1
818.900000,,,,,,,,,,,,,,28.132548,-82.324185,-15.006637,0.277589,139.469696,0.000000,1
819.000000,,,,,,,,,,,,,,28.132549,-82.324185,-14.887534,0.262867,139.469696,0.000000,1
819.100000,,,,,,,,,,,,,,28.132549,-82.324185,-14.770898,0.248170,139.469696,0.000000,1
819.200000,,,,,,,,,,,,,,28.132549,-82.324186,-14.779765,0.234685,139.469696,0.000000,1
819.300000,,,,,,,,,,,,,,28.132549,-82.324186,-14.788632,0.221199,139.469696,0.000000,1
819.400000,,,,,,,,,,,,,,28.132549,-82.324186,-14.797499,0.207713,139.469696,0.000000,1
819.500000,,,,,,,,,,,,,,28.132549,-82.324186,-14.806366,0.194228,139.469696,0.000000,1
819.600000,,,,,,,,,,,,,,28.132550,-82.324187,-14.815233,0.180742,139.469696,0.000000,1
819.700000,,,,,,,,,,,,,,28.132550,-82.324187,-14.824099,0.167257,139.469696,0.000000,1
819.800000,,,,,,,,,,,,,,28.132550,-82.324187,-14.832966,0.153771,139.469696,0.000000,1
819.900000,,,,,,,,,,,,,,28.132550,-82.324187,-14.841833,0.140286,139.469696,0.000000,1
820.000000,,,,,,,,,,,,,,28.132550,-82.324188,-14.850700,0.126800,139.469696,0.000000,1
820.100000,,,,,,,,,,,,,,28.132551,-82.324188,-14.859567,0.113315,139.469696,0.000000,1
820.200000,,,,,,,,,,,,,,28.132551,-82.324188,-14.869178,0.102347,139.459561,0.000000,1
820.300000,,,,,,,,,,,,,,28.132550,-82.324187,-14.911828,0.203106,138.999695,0.000000,1
820.400000,,,,,,,,,,,,,,28.132550,-82.324187,-14.954478,0.303864,138.539829,0.000000,1
820.500000,,,,,,,,,,,,,,28.132549,-82.324186,-14.997127,0.404623,138.079963,0.000000,1
820.600000,,,,,,,,,,,,,,28.132549,-82.324185,-15.039777,0.505382,137.620097,0.000000,1
820.700000,,,,,,,,,,,,,,28.132548,-82.324184,-15.082426,0.606140,137.160231,0.000000,1
820.800000,,,,,,,,,,,,,,28.132548,-82.324183,-15.125076,0.706899,136.700365,0.000000,1
820.900000,,,,,,,,,,,,,,28.132548,-82.324182,-15.167726,0.807658,136.240499,0.000000,1
821.000000,,,,,,,,,,,,,,28.132547,-82.324181,-15.210375,0.908416,135.780633,0.000000,1
821.100000,,,,,,,,,,,,,,28.132547,-82.324181,-15.253025,1.009175,135.320767,0.000000,1
821.200000,,,,,,,,,,,,,,28.132546,-82.324180,-15.295345,1.107689,134.913205,0.000000,1
821.300000,,,,,,,,,,,,,,28.132545,-82.324179,-15.326143,1.127607,136.336657,0.000000,1
821.400000,,,,,,,,,,,,,,28.132544,-82.324178,-15.356941,1.147526,137.760109,0.000000,1
821.500000,,,,,,,,,,,,,,28.132542,-82.324176,-15.387738,1.167444,139.183561,0.000000,1
821.600000,,,,,,,,,,,,,,28.132541,-82.324175,-15.418536,1.187363,140.607013,0.000000,1
821.700000,,,,,,,,,,,,,,28.132540,-82.324174,-15.449334,1.207281,142.030465,0.000000,1
821.800000,,,,,,,,,,,,,,28.132538,-82.324173,-15.480132,1.227200,143.453917,0.000000,1
821.900000,,,,,,,,,,,,,,28.132537,-82.324172,-15.510929,1.247118,144.877369,0.000000,1
822.000000,,,,,,,,,,,,,,28.132536,-82.324171,-15.541727,1.267037,146.300821,0.000000,1
822.100000,,,,,,,,,,,,,,28.132535,-82.324170,-15.572525,1.286955,147.724273,0.000000,1
822.200000,,,,,,,,,,,,,,28.132533,-82.324169,-15.603323,1.306874,149.147725,0.000000,1
822.300000,,,,,,,,,,,,,,28.132532,-82.324169,-15.685729,1.318383,149.431498,0.000000,1
822.400000,,,,,,,,,,,,,,28.132531,-82.324169,-15.769675,1.329642,149.681280,0.000000,1
822.500000,,,,,,,,,,,,,,28.132531,-82.324169,-15.853621,1.340901,149.931063,0.000000,1
822.600000,,,,,,,,,,,,,,28.132530,-82.324169,-15.937567,1.352160,150.180845,0.000000,1
822.700000,,,,,,,,,,,,,,28.132529,-82.324170,-16.021513,1.363419,150.430628,0.000000,1
822.800000,,,,,,,,,,,,,,28.132528,-82.324170,-16.105458,1.374678,150.680410,0.000000,1
822.900000,,,,,,,,,,,,,,28.132527,-82.324170,-16.189404,1.385937,150.930192,0.000000,1
823.000000,,,,,,,,,,,,,,28.132526,-82.324170,-16.273350,1.397196,151.179975,0.000000,1
823.100000,,,,,,,,,,,,,,28.132525,-82.324170,-16.357296,1.408455,151.429757,0.000000,1
823.200000,,,,,,,,,,,,,,28.132524,-82.324170,-16.440071,1.419593,151.681565,0.000000,1
823.300000,,,,,,,,,,,,,,28.132524,-82.324169,-16.431134,1.421271,152.092090,0.000000,1
823.400000,,,,,,,,,,,,,,28.132524,-82.324168,-16.422197,1.422949,152.502616,0.000000,1
823.500000,,,,,,,,,,,,,,28.132525,-82.324167,-16.413260,1.424627,152.913141,0.000000,1
823.600000,,,,,,,,,,,,,,28.132525,-82.324166,-16.404323,1.426305,153.323666,0.000000,1
823.700000,,,,,,,,,,,,,,28.132525,-82.324165,-16.395386,1.427984,153.734191,0.000000,1
823.800000,,,,,,,,,,,,,,28.132525,-82.324164,-16.386448,1.429662,154.144717,0.000000,1
823.900000,,,,,,,,,,,,,,28.132525,-82.324163,-16.377511,1.431340,154.555242,0.000000,1
824.000000,,,,,,,,,,,,,,28.132525,-82.324162,-16.368574,1.433018,154.965767,0.000000,1
824.100000,,,,,,,,,,,,,,28.132525,-82.324161,-16.359637,1.434696,155.376293,0.000000,1
824.200000,,,,,,,,,,,,,,28.132525,-82.324160,-16.350700,1.436374,155.786818,0.000000,1
824.300000,,,,,,,,,,,,,,28.132525,-82.324161,-16.281765,1.426435,156.716175,0.000000,1
824.400000,,,,,,,,,,,,,,28.132525,-82.324161,-16.211989,1.416334,157.652808,0.000000,1
824.500000,,,,,,,,,,,,,,28.132524,-82.324162,-16.142213,1.406233,158.589441,0.000000,1
824.600000,,,,,,,,,,,,,,28.132524,-82.324163,-16.072437,1.396132,159.526074,0.000000,1
824.700000,,,,,,,,,,,,,,28.132524,-82.324163,-16.002661,1.386030,160.462707,0.000000,1
824.800000,,,,,,,,,,,,,,28.132524,-82.324164,-15.932885,1.375929,161.399340,0.000000,1
824.900000,,,,,,,,,,,,,,28.132523,-82.324165,-15.863109,1.365828,162.335973,0.000000,1
825.000000,,,,,,,,,,,,,,28.132523,-82.324166,-15.793332,1.355727,163.272606,0.000000,1
825.100000,,,,,,,,,,,,,,28.132523,-82.324166,-15.723556,1.345625,164.209239,0.000000,1
825.200000,,,,,,,,,,,,,,28.132522,-82.324167,-15.653780,1.335524,165.145872,0.000000,1
825.300000,,,,,,,,,,,,,,28.132521,-82.324167,-15.685723,1.335542,165.141402,0.000000,1
825.400000,,,,,,,,,,,,,,28.132520,-82.324166,-15.719970,1.335790,165.115607,0.000000,1
825.500000,,,,,,,,,,,,,,28.132519,-82.324165,-15.754218,1.336037,165.089812,0.000000,1
825.600000,,,,,,,,,,,,,,28.132518,-82.324165,-15.788465,1.336284,165.064017,0.000000,1
825.700000,,,,,,,,,,,,,,28.132517,-82.324164,-15.822713,1.336532,165.038221,0.000000,1
825.800000,,,,,,,,,,,,,,28.132516,-82.324164,-15.856960,1.336779,165.012426,0.000000,1
825.900000,,,,,,,,,,,,,,28.132515,-82.324163,-15.891208,1.337026,164.986631,0.000000,1
826.000000,,,,,,,,,,,,,,28.132514,-82.324163,-15.925455,1.337274,164.960836,0.000000,1
826.100000,,,,,,,,,,,,,,28.132513,-82.324162,-15.959702,1.337521,164.935040,0.000000,1
826.200000,,,,,,,,,,,,,,28.132512,-82.324161,-15.993950,1.337768,164.909245,0.000000,1
826.300000,,,,,,,,,,,,,,28.132509,-82.324161,-15.842764,1.343347,164.636386,0.000000,1
826.400000,,,,,,,,,,,,,,28.132507,-82.324160,-15.681725,1.349209,164.350399,0.000000,1
826.500000,,,,,,,,,,,,,,28.132505,-82.324160,-15.520686,1.355072,164.064411,0.000000,1
826.600000,,,,,,,,,,,,,,28.132502,-82.324159,-15.359647,1.360934,163.778424,0.000000,1
826.700000,,,,,,,,,,,,,,28.132500,-82.324159,-15.198608,1.366796,163.492437,0.000000,1
826.800000,,,,,,,,,,,,,,28.132498,-82.324158,-15.037569,1.372658,163.206449,0.000000,1
826.900000,,,,,,,,,,,,,,28.132496,-82.324158,-14.876530,1.378520,162.920462,0.000000,1
827.000000,,,,,,,,,,,,,,28.132493,-82.324157,-14.715491,1.384382,162.634474,0.000000,1
827.100000,,,,,,,,,,,,,,28.132491,-82.324157,-14.554452,1.390245,162.348487,0.000000,1
827.200000,,,,,,,,,,,,,,28.132489,-82.324156,-14.393413,1.396107,162.062499,0.000000,1
827.300000,,,,,,,,,,,,,,28.132488,-82.324154,-14.306874,1.295288,162.061066,0.000000,1
827.400000,,,,,,,,,,,,,,28.132487,-82.324152,-14.220711,1.193931,162.061066,0.000000,1
827.500000,,,,,,,,,,,,,,28.132486,-82.324150,-14.134548,1.092574,162.061066,0.000000,1
827.600000,,,,,,,,,,,,,,28.132485,-82.324148,-14.048384,0.991218,162.061066,0.000000,1
827.700000,,,,,,,,,,,,,,28.132484,-82.324146,-13.962221,0.889861,162.061066,0.000000,1
827.800000,,,,,,,,,,,,,,28.132483,-82.324145,-13.876058,0.788505,162.061066,0.000000,1
827.900000,,,,,,,,,,,,,,28.132482,-82.324143,-13.789894,0.687148,162.061066,0.000000,1
828.000000,,,,,,,,,,,,,,28.132481,-82.324141,-13.703731,0.585791,162.061066,0.000000,1
828.100000,,,,,,,,,,,,,,28.132480,-82.324139,-13.617568,0.484435,162.061066,0.000000,1
828.200000,,,,,,,,,,,,,,28.132479,-82.324137,-13.531442,0.384402,162.061066,0.000000,1
828.300000,,,,,,,,,,,,,,28.132480,-82.324138,-13.447419,0.357572,162.061066,0.000000,1
828.400000,,,,,,,,,,,,,,28.132480,-82.324139,-13.363397,0.330742,162.061066,0.000000,1
828.500000,,,,,,,,,,,,,,28.132481,-82.324140,-13.279374,0.303912,162.061066,0.000000,1
828.600000,,,,,,,,,,,,,,28.132481,-82.324141,-13.195351,0.277082,162.061066,0.000000,1
828.700000,,,,,,,,,,,,,,28.132481,-82.324142,-13.111328,0.250252,162.061066,0.000000,1
828.800000,,,,,,,,,,,,,,28.132482,-82.324143,-13.027305,0.223422,162.061066,0.000000,1
828.900000,,,,,,,,,,,,,,28.132482,-82.324144,-12.943283,0.196592,162.061066,0.000000,1
829.000000,,,,,,,,,,,,,,28.132483,-82.324145,-12.859260,0.169762,162.061066,0.000000,1
829.100000,,,,,,,,,,,,,,28.132483,-82.324146,-12.775237,0.142932,162.061066,0.000000,1
829.200000,,,,,,,,,,,,,,28.132484,-82.324147,-12.693975,0.118303,162.061066,0.000000,1
829.300000,,,,,,,,,,,,,,28.132484,-82.324147,-12.643169,0.117968,162.061066,0.000000,1
829.400000,,,,,,,,,,,,,,28.132484,-82.324146,-12.592363,0.117633,162.061066,0.000000,1
829.500000,,,,,,,,,,,,,,28.132484,-82.324146,-12.541557,0.117297,162.061066,0.000000,1
829.600000,,,,,,,,,,,,,,28.132484,-82.324146,-12.490752,0.116962,162.061066,0.000000,1
829.700000,,,,,,,,,,,,,,28.132483,-82.324145,-12.439946,0.116626,162.061066,0.000000,1
829.800000,,,,,,,,,,,,,,28.132483,-82.324145,-12.389140,0.116291,162.061066,0.000000,1
829.900000,,,,,,,,,,,,,,28.132483,-82.324145,-12.338334,0.115955,162.061066,0.000000,1
830.000000,,,,,,,,,,,,,,28.132483,-82.324145,-12.287528,0.115620,162.061066,0.000000,1
830.100000,,,,,,,,,,,,,,28.132483,-82.324144,-12.236722,0.115284,162.061066,0.000000,1
830.200000,,,,,,,,,,,,,,28.132483,-82.324144,-12.192083,0.114901,162.061066,0.000000,1
830.300000,,,,,,,,,,,,,,28.132483,-82.324145,-12.241540,0.113780,162.061066,0.000000,1
830.400000,,,,,,,,,,,,,,28.132482,-82.324145,-12.290997,0.112660,162.061066,0.000000,1
830.500000,,,,,,,,,,,,,,28.132482,-82.324146,-12.340454,0.111540,162.061066,0.000000,1
830.600000,,,,,,,,,,,,,,28.132482,-82.324146,-12.389912,0.110420,162.061066,0.000000,1
830.700000,,,,,,,,,,,,,,28.132482,-82.324147,-12.439369,0.109300,162.061066,0.000000,1
830.800000,,,,,,,,,,,,,,28.132481,-82.324147,-12.488826,0.108180,162.061066,0.000000,1
830.900000,,,,,,,,,,,,,,28.132481,-82.324148,-12.538283,0.107060,162.061066,0.000000,1
831.000000,,,,,,,,,,,,,,28.132481,-82.324149,-12.587740,0.105940,162.061066,0.000000,1
831.100000,,,,,,,,,,,,,,28.132481,-82.324149,-12.637198,0.104820,162.061066,0.000000,1
831.200000,,,,,,,,,,,,,,28.132480,-82.324150,-12.686655,0.103700,162.061066,0.000000,1
831.300000,,,,,,,,,,,,,,28.132480,-82.324150,-12.558334,0.139813,162.061066,0.000000,1
831.400000,,,,,,,,,,,,,,28.132481,-82.324151,-12.429137,0.176110,162.061066,0.000000,1
831.500000,,,,,,,,,,,,,,28.132481,-82.324151,-12.299941,0.212406,162.061066,0.000000,1
831.600000,,,,,,,,,,,,,,28.132481,-82.324151,-12.170744,0.248703,162.061066,0.000000,1
831.700000,,,,,,,,,,,,,,28.132481,-82.324152,-12.041548,0.285000,162.061066,0.000000,1
831.800000,,,,,,,,,,,,,,28.132482,-82.324152,-11.912351,0.321296,162.061066,0.000000,1
831.900000,,,,,,,,,,,,,,28.132482,-82.324152,-11.783155,0.357593,162.061066,0.000000,1
832.000000,,,,,,,,,,,,,,28.132482,-82.324153,-11.653958,0.393890,162.061066,0.000000,1
832.100000,,,,,,,,,,,,,,28.132482,-82.324153,-11.524762,0.430186,162.061066,0.000000,1
832.200000,,,,,,,,,,,,,,28.132482,-82.324154,-11.395964,0.466234,162.061066,0.000000,1
832.300000,,,,,,,,,,,,,,28.132483,-82.324154,-11.365937,0.440725,162.061066,0.000000,1
832.400000,,,,,,,,,,,,,,28.132483,-82.324154,-11.335911,0.415215,162.061066,0.000000,1
832.500000,,,,,,,,,,,,,,28.132483,-82.324154,-11.305884,0.389706,162.061066,0.000000,1
832.600000,,,,,,,,,,,,,,28.132484,-82.324154,-11.275858,0.364197,162.061066,0.000000,1
832.700000,,,,,,,,,,,,,,28.132484,-82.324154,-11.245831,0.338687,162.061066,0.000000,1
832.800000,,,,,,,,,,,,,,28.132485,-82.324154,-11.215805,0.313178,162.061066,0.000000,1
832.900000,,,,,,,,,,,,,,28.132485,-82.324154,-11.185778,0.287668,162.061066,0.000000,1
833.000000,,,,,,,,,,,,,,28.132485,-82.324154,-11.155752,0.262159,162.061066,0.000000,1
833.100000,,,,,,,,,,,,,,28.132486,-82.324154,-11.125725,0.236649,162.061066,0.000000,1
833.200000,,,,,,,,,,,,,,28.132486,-82.324154,-11.095724,0.211150,162.061066,0.000000,1
833.300000,,,,,,,,,,,,,,28.132486,-82.324154,-11.104432,0.201881,162.061066,0.000000,1
833.400000,,,,,,,,,,,,,,28.132486,-82.324154,-11.113141,0.192613,162.061066,0.000000,1
833.500000,,,,,,,,,,,,,,28.132486,-82.324154,-11.121849,0.183344,162.061066,0.000000,1
833.600000,,,,,,,,,,,,,,28.132486,-82.324154,-11.130557,0.174075,162.061066,0.000000,1
833.700000,,,,,,,,,,,,,,28.132486,-82.324154,-11.139265,0.164806,162.061066,0.000000,1
833.800000,,,,,,,,,,,,,,28.132486,-82.324154,-11.147974,0.155537,162.061066,0.000000,1
833.900000,,,,,,,,,,,,,,28.132486,-82.324154,-11.156682,0.146268,162.061066,0.000000,1
834.000000,,,,,,,,,,,,,,28.132485,-82.324154,-11.165390,0.136999,162.061066,0.000000,1
834.100000,,,,,,,,,,,,,,28.132485,-82.324154,-11.174098,0.127730,162.061066,0.000000,1
834.200000,,,,,,,,,,,,,,28.132485,-82.324154,-11.182788,0.118585,162.061066,0.000000,1
834.300000,,,,,,,,,,,,,,28.132485,-82.324154,-11.190404,0.116747,162.061066,0.000000,1
834.400000,,,,,,,,,,,,,,28.132486,-82.324154,-11.198020,0.114908,162.061066,0.000000,1
834.500000,,,,,,,,,,,,,,28.132486,-82.324155,-11.205636,0.113069,162.061066,0.000000,1
834.600000,,,,,,,,,,,,,,28.132486,-82.324155,-11.213252,0.111230,162.061066,0.000000,1
834.700000,,,,,,,,,,,,,,28.132486,-82.324155,-11.220868,0.109392,162.061066,0.000000,1
834.800000,,,,,,,,,,,,,,28.132486,-82.324155,-11.228484,0.107553,162.061066,0.000000,1
834.900000,,,,,,,,,,,,,,28.132486,-82.324155,-11.236100,0.105714,162.061066,0.000000,1
835.000000,,,,,,,,,,,,,,28.132487,-82.324155,-11.243715,0.103875,162.061066,0.000000,1
835.100000,,,,,,,,,,,,,,28.132487,-82.324155,-11.251331,0.102037,162.061066,0.000000,1
835.200000,,,,,,,,,,,,,,28.132487,-82.324155,-11.258803,0.100526,162.061066,0.000000,1
835.300000,,,,,,,,,,,,,,28.132487,-82.324155,-11.258764,0.116047,162.061066,0.000000,1
835.400000,,,,,,,,,,,,,,28.132487,-82.324155,-11.258725,0.131568,162.061066,0.000000,1
835.500000,,,,,,,,,,,,,,28.132488,-82.324155,-11.258686,0.147089,162.061066,0.000000,1
835.600000,,,,,,,,,,,,,,28.132488,-82.324156,-11.258647,0.162611,162.061066,0.000000,1
835.700000,,,,,,,,,,,,,,28.132488,-82.324156,-11.258609,0.178132,162.061066,0.000000,1
835.800000,,,,,,,,,,,,,,28.132488,-82.324156,-11.258570,0.193653,162.061066,0.000000,1
835.900000,,,,,,,,,,,,,,28.132488,-82.324156,-11.258531,0.209174,162.061066,0.000000,1
836.000000,,,,,,,,,,,,,,28.132489,-82.324156,-11.258492,0.224695,162.061066,0.000000,1
836.100000,,,,,,,,,,,,,,28.132489,-82.324156,-11.258453,0.240217,162.061066,0.000000,1
836.200000,,,,,,,,,,,,,,28.132489,-82.324156,-11.258415,0.255738,162.061066,0.000000,1
836.300000,,,,,,,,,,,,,,28.132489,-82.324156,-11.282502,0.266873,162.061066,0.000000,1
836.400000,,,,,,,,,,,,,,28.132489,-82.324156,-11.306778,0.277973,162.061066,0.000000,1
836.500000,,,,,,,,,,,,,,28.132488,-82.324156,-11.331053,0.289074,162.061066,0.000000,1
836.600000,,,,,,,,,,,,,,28.132488,-82.324156,-11.355329,0.300175,162.061066,0.000000,1
836.700000,,,,,,,,,,,,,,28.132488,-82.324156,-11.379604,0.311276,162.061066,0.000000,1
836.800000,,,,,,,,,,,,,,28.132488,-82.324156,-11.403880,0.322376,162.061066,0.000000,1
836.900000,,,,,,,,,,,,,,28.132487,-82.324155,-11.428155,0.333477,162.061066,0.000000,1
837.000000,,,,,,,,,,,,,,28.132487,-82.324155,-11.452431,0.344578,162.061066,0.000000,1
837.100000,,,,,,,,,,,,,,28.132487,-82.324155,-11.476707,0.355678,162.061066,0.000000,1
837.200000,,,,,,,,,,,,,,28.132487,-82.324155,-11.500982,0.366779,162.061066,0.000000,1
837.300000,,,,,,,,,,,,,,28.132487,-82.324155,-11.418160,0.356474,162.061066,0.000000,1
837.400000,,,,,,,,,,,,,,28.132487,-82.324155,-11.330954,0.345293,162.061066,0.000000,1
837.500000,,,,,,,,,,,,,,28.132488,-82.324154,-11.243748,0.334112,162.061066,0.000000,1
837.600000,,,,,,,,,,,,,,28.132488,-82.324154,-11.156541,0.322931,162.061066,0.000000,1
837.700000,,,,,,,,,,,,,,28.132488,-82.324154,-11.069335,0.311750,162.061066,0.000000,1
837.800000,,,,,,,,,,,,,,28.132488,-82.324154,-10.982128,0.300569,162.061066,0.000000,1
837.900000,,,,,,,,,,,,,,28.132489,-82.324153,-10.894922,0.289388,162.061066,0.000000,1
838.000000,,,,,,,,,,,,,,28.132489,-82.324153,-10.807716,0.278206,162.061066,0.000000,1
838.100000,,,,,,,,,,,,,,28.132489,-82.324153,-10.720509,0.267025,162.061066,0.000000,1
838.200000,,,,,,,,,,,,,,28.132490,-82.324153,-10.634991,0.255802,162.061066,0.000000,1
838.300000,,,,,,,,,,,,,,28.132490,-82.324153,-10.686104,0.241188,162.061066,0.000000,1
838.400000,,,,,,,,,,,,,,28.132491,-82.324153,-10.737218,0.226575,162.061066,0.000000,1
838.500000,,,,,,,,,,,,,,28.132491,-82.324153,-10.788331,0.211961,162.061066,0.000000,1
838.600000,,,,,,,,,,,,,,28.132491,-82.324153,-10.839445,0.197347,162.061066,0.000000,1
838.700000,,,,,,,,,,,,,,28.132492,-82.324153,-10.890558,0.182733,162.061066,0.000000,1
838.800000,,,,,,,,,,,,,,28.132492,-82.324153,-10.941672,0.168119,162.061066,0.000000,1
838.900000,,,,,,,,,,,,,,28.132493,-82.324153,-10.992785,0.153505,162.061066,0.000000,1
839.000000,,,,,,,,,,,,,,28.132493,-82.324153,-11.043899,0.138891,162.061066,0.000000,1
839.100000,,,,,,,,,,,,,,28.132494,-82.324153,-11.095012,0.124277,162.061066,0.000000,1
839.200000,,,,,,,,,,,,,,28.132494,-82.324153,-11.146126,0.109663,162.061066,0.000000,1
839.300000,,,,,,,,,,,,,,28.132494,-82.324153,-11.169892,0.129446,162.061066,0.000000,1
839.400000,,,,,,,,,,,,,,28.132494,-82.324153,-11.193282,0.149700,162.061066,0.000000,1
839.500000,,,,,,,,,,,,,,28.132494,-82.324153,-11.216673,0.169955,162.061066,0.000000,1
839.600000,,,,,,,,,,,,,,28.132494,-82.324153,-11.240064,0.190210,162.061066,0.000000,1
839.700000,,,,,,,,,,,,,,28.132495,-82.324153,-11.263454,0.210465,162.061066,0.000000,1
839.800000,,,,,,,,,,,,,,28.132495,-82.324153,-11.286845,0.230719,162.061066,0.000000,1
839.900000,,,,,,,,,,,,,,28.132495,-82.324153,-11.310235,0.250974,162.061066,0.000000,1
840.000000,,,,,,,,,,,,,,28.132495,-82.324153,-11.333626,0.271229,162.061066,0.000000,1
840.100000,,,,,,,,,,,,,,28.132495,-82.324154,-11.357016,0.291484,162.061066,0.000000,1
840.200000,,,,,,,,,,,,,,28.132495,-82.324154,-11.380864,0.311583,162.061066,0.000000,1
840.300000,,,,,,,,,,,,,,28.132495,-82.324154,-11.462782,0.311910,162.061066,0.000000,1
840.400000,,,,,,,,,,,,,,28.132495,-82.324155,-11.544701,0.312236,162.061066,0.000000,1
840.500000,,,,,,,,,,,,,,28.132496,-82.324155,-11.626619,0.312563,162.061066,0.000000,1
840.600000,,,,,,,,,,,,,,28.132496,-82.324156,-11.708537,0.312890,162.061066,0.000000,1
840.700000,,,,,,,,,,,,,,28.132496,-82.324156,-11.790456,0.313217,162.061066,0.000000,1
840.800000,,,,,,,,,,,,,,28.132496,-82.324157,-11.872374,0.313544,162.061066,0.000000,1
840.900000,,,,,,,,,,,,,,28.132496,-82.324157,-11.954293,0.313871,162.061066,0.000000,1
841.000000,,,,,,,,,,,,,,28.132496,-82.324158,-12.036211,0.314198,162.061066,0.000000,1
841.100000,,,,,,,,,,,,,,28.132496,-82.324158,-12.118129,0.314525,162.061066,0.000000,1
841.200000,,,,,,,,,,,,,,28.132496,-82.324159,-12.200048,0.314851,162.061066,0.000000,1
841.300000,,,,,,,,,,,,,,28.132496,-82.324159,-12.279745,0.297898,162.061066,0.000000,1
841.400000,,,,,,,,,,,,,,28.132496,-82.324160,-12.359407,0.280672,162.061066,0.000000,1
841.500000,,,,,,,,,,,,,,28.132496,-82.324160,-12.439069,0.263446,162.061066,0.000000,1
841.600000,,,,,,,,,,,,,,28.132496,-82.324160,-12.518731,0.246220,162.061066,0.000000,1
841.700000,,,,,,,,,,,,,,28.132496,-82.324161,-12.598393,0.228994,162.061066,0.000000,1
841.800000,,,,,,,,,,,,,,28.132496,-82.324161,-12.678054,0.211768,162.061066,0.000000,1
841.900000,,,,,,,,,,,,,,28.132496,-82.324162,-12.757716,0.194542,162.061066,0.000000,1
842.000000,,,,,,,,,,,,,,28.132496,-82.324162,-12.837378,0.177316,162.061066,0.000000,1
842.100000,,,,,,,,,,,,,,28.132496,-82.324162,-12.916501,0.160201,162.061066,0.000000,1
842.200000,,,,,,,,,,,,,,28.132496,-82.324162,-12.900235,0.162612,162.061066,0.000000,1
842.300000,,,,,,,,,,,,,,28.132497,-82.324162,-12.883968,0.165024,162.061066,0.000000,1
842.400000,,,,,,,,,,,,,,28.132497,-82.324162,-12.867702,0.167435,162.061066,0.000000,1
842.500000,,,,,,,,,,,,,,28.132497,-82.324161,-12.851435,0.169847,162.061066,0.000000,1
842.600000,,,,,,,,,,,,,,28.132498,-82.324161,-12.835169,0.172258,162.061066,0.000000,1
842.700000,,,,,,,,,,,,,,28.132498,-82.324161,-12.818902,0.174669,162.061066,0.000000,1
842.800000,,,,,,,,,,,,,,28.132498,-82.324160,-12.802636,0.177081,162.061066,0.000000,1
842.900000,,,,,,,,,,,,,,28.132498,-82.324160,-12.786369,0.179492,162.061066,0.000000,1
843.000000,,,,,,,,,,,,,,28.132499,-82.324160,-12.770103,0.181904,162.061066,0.000000,1
843.100000,,,,,,,,,,,,,,28.132499,-82.324160,-12.755540,0.184345,162.061066,0.000000,1
843.200000,,,,,,,,,,,,,,28.132499,-82.324159,-12.790645,0.187653,162.061066,0.000000,1
843.300000,,,,,,,,,,,,,,28.132499,-82.324159,-12.825750,0.190961,162.061066,0.000000,1
843.400000,,,,,,,,,,,,,,28.132498,-82.324158,-12.860856,0.194269,162.061066,0.000000,1
843.500000,,,,,,,,,,,,,,28.132498,-82.324158,-12.895961,0.197578,162.061066,0.000000,1
843.600000,,,,,,,,,,,,,,28.132498,-82.324157,-12.931066,0.200886,162.061066,0.000000,1
843.700000,,,,,,,,,,,,,,28.132498,-82.324157,-12.966172,0.204194,162.061066,0.000000,1
843.800000,,,,,,,,,,,,,,28.132498,-82.324156,-13.001277,0.207502,162.061066,0.000000,1
843.900000,,,,,,,,,,,,,,28.132498,-82.324156,-13.036383,0.210810,162.061066,0.000000,1
844.000000,,,,,,,,,,,,,,28.132497,-82.324156,-13.071488,0.214119,162.061066,0.000000,1
844.100000,,,,,,,,,,,,,,28.132497,-82.324155,-13.106593,0.217427,162.061066,0.000000,1
844.200000,,,,,,,,,,,,,,28.132497,-82.324155,-13.025136,0.215623,162.061066,0.000000,1
844.300000,,,,,,,,,,,,,,28.132497,-82.324155,-12.941934,0.213743,162.061066,0.000000,1
844.400000,,,,,,,,,,,,,,28.132497,-82.324155,-12.858732,0.211863,162.061066,0.000000,1
844.500000,,,,,,,,,,,,,,28.132496,-82.324154,-12.775530,0.209983,162.061066,0.000000,1
844.600000,,,,,,,,,,,,,,28.132496,-82.324154,-12.692327,0.208102,162.061066,0.000000,1
844.700000,,,,,,,,,,,,,,28.132496,-82.324154,-12.609125,0.206222,162.061066,0.000000,1
844.800000,,,,,,,,,,,,,,28.132496,-82.324154,-12.525923,0.204342,162.061066,0.000000,1
844.900000,,,,,,,,,,,,,,28.132496,-82.324153,-12.442721,0.202462,162.061066,0.000000,1
845.000000,,,,,,,,,,,,,,28.132495,-82.324153,-12.359519,0.200582,162.061066,0.000000,1
845.100000,,,,,,,,,,,,,,28.132495,-82.324153,-12.278594,0.199107,162.061066,0.000000,1
845.200000,,,,,,,,,,,,,,28.132495,-82.324153,-12.326656,0.220629,162.061066,0.000000,1
845.300000,,,,,,,,,,,,,,28.132495,-82.324152,-12.374718,0.242150,162.061066,0.000000,1
845.400000,,,,,,,,,,,,,,28.132495,-82.324152,-12.422780,0.263672,162.061066,0.000000,1
845.500000,,,,,,,,,,,,,,28.132495,-82.324151,-12.470841,0.285193,162.061066,0.000000,1
845.600000,,,,,,,,,,,,,,28.132495,-82.324151,-12.518903,0.306715,162.061066,0.000000,1
845.700000,,,,,,,,,,,,,,28.132495,-82.324150,-12.566965,0.328236,162.061066,0.000000,1
845.800000,,,,,,,,,,,,,,28.132494,-82.324150,-12.615027,0.349757,162.061066,0.000000,1
845.900000,,,,,,,,,,,,,,28.132494,-82.324149,-12.663089,0.371279,162.061066,0.000000,1
846.000000,,,,,,,,,,,,,,28.132494,-82.324149,-12.711150,0.392800,162.061066,0.000000,1
846.100000,,,,,,,,,,,,,,28.132494,-82.324148,-12.759331,0.414382,162.062118,0.000000,1
846.200000,,,,,,,,,,,,,,28.132494,-82.324149,-12.911354,0.488934,162.981576,0.000000,1
846.300000,,,,,,,,,,,,,,28.132493,-82.324149,-13.063376,0.563486,163.901034,0.000000,1
846.400000,,,,,,,,,,,,,,28.132493,-82.324149,-13.215399,0.638037,164.820492,0.000000,1
846.500000,,,,,,,,,,,,,,28.132492,-82.324149,-13.367422,0.712589,165.739950,0.000000,1
846.600000,,,,,,,,,,,,,,28.132492,-82.324149,-13.519444,0.787141,166.659407,0.000000,1
846.700000,,,,,,,,,,,,,,28.132492,-82.324150,-13.671467,0.861693,167.578865,0.000000,1
846.800000,,,,,,,,,,,,,,28.132491,-82.324150,-13.823490,0.936244,168.498323,0.000000,1
846.900000,,,,,,,,,,,,,,28.132491,-82.324150,-13.975512,1.010796,169.417781,0.000000,1
847.000000,,,,,,,,,,,,,,28.132490,-82.324150,-14.127535,1.085348,170.337239,0.000000,1
847.100000,,,,,,,,,,,,,,28.132490,-82.324150,-14.279557,1.159899,171.256697,0.000000,1
847.200000,,,,,,,,,,,,,,28.132489,-82.324150,-14.436863,1.226706,169.724473,0.000000,1
847.300000,,,,,,,,,,,,,,28.132488,-82.324150,-14.594201,1.293464,168.177179,0.000000,1
847.400000,,,,,,,,,,,,,,28.132486,-82.324150,-14.751539,1.360223,166.629885,0.000000,1
847.500000,,,,,,,,,,,,,,28.132485,-82.324150,-14.908877,1.426982,165.082591,0.000000,1
847.600000,,,,,,,,,,,,,,28.132484,-82.324150,-15.066216,1.493740,163.535297,0.000000,1
847.700000,,,,,,,,,,,,,,28.132483,-82.324150,-15.223554,1.560499,161.988003,0.000000,1
847.800000,,,,,,,,,,,,,,28.132482,-82.324150,-15.380892,1.627258,160.440709,0.000000,1
847.900000,,,,,,,,,,,,,,28.132481,-82.324150,-15.538230,1.694016,158.893415,0.000000,1
848.000000,,,,,,,,,,,,,,28.132479,-82.324150,-15.695568,1.760775,157.346121,0.000000,1
848.100000,,,,,,,,,,,,,,28.132478,-82.324150,-15.852906,1.827534,155.798827,0.000000,1
848.200000,,,,,,,,,,,,,,28.132476,-82.324150,-15.784144,1.922909,157.885086,0.000000,1
848.300000,,,,,,,,,,,,,,28.132474,-82.324149,-15.706808,2.019370,160.109137,0.000000,1
848.400000,,,,,,,,,,,,,,28.132471,-82.324149,-15.629471,2.115830,162.333188,0.000000,1
848.500000,,,,,,,,,,,,,,28.132469,-82.324148,-15.552135,2.212291,164.557238,0.000000,1
848.600000,,,,,,,,,,,,,,28.132466,-82.324148,-15.474798,2.308751,166.781289,0.000000,1
848.700000,,,,,,,,,,,,,,28.132464,-82.324148,-15.397462,2.405212,169.005339,0.000000,1
848.800000,,,,,,,,,,,,,,28.132462,-82.324147,-15.320125,2.501672,171.229390,0.000000,1
848.900000,,,,,,,,,,,,,,28.132459,-82.324147,-15.242788,2.598133,173.453441,0.000000,1
849.000000,,,,,,,,,,,,,,28.132457,-82.324146,-15.165452,2.694593,175.677491,0.000000,1
849.100000,,,,,,,,,,,,,,28.132454,-82.324146,-15.089590,2.791436,177.876131,0.000000,1
849.200000,,,,,,,,,,,,,,28.132451,-82.324144,-15.158167,2.925699,177.584781,0.000000,1
849.300000,,,,,,,,,,,,,,28.132448,-82.324143,-15.226745,3.059962,177.293431,0.000000,1
849.400000,,,,,,,,,,,,,,28.132445,-82.324141,-15.295322,3.194225,177.002081,0.000000,1
849.500000,,,,,,,,,,,,,,28.132442,-82.324140,-15.363900,3.328487,176.710732,0.000000,1
849.600000,,,,,,,,,,,,,,28.132438,-82.324138,-15.432477,3.462750,176.419382,0.000000,1
849.700000,,,,,,,,,,,,,,28.132435,-82.324137,-15.501055,3.597013,176.128032,0.000000,1
849.800000,,,,,,,,,,,,,,28.132432,-82.324135,-15.569632,3.731276,175.836682,0.000000,1
849.900000,,,,,,,,,,,,,,28.132429,-82.324134,-15.638210,3.865539,175.545332,0.000000,1
850.000000,,,,,,,,,,,,,,28.132426,-82.324132,-15.706787,3.999802,175.253983,0.000000,1
850.100000,,,,,,,,,,,,,,28.132422,-82.324130,-15.775365,4.134065,174.962633,0.000000,1
850.200000,,,,,,,,,,,,,,28.132418,-82.324131,-15.927901,4.160159,175.233171,0.000000,1
850.300000,,,,,,,,,,,,,,28.132415,-82.324132,-16.082381,4.183747,175.516720,0.000000,1
850.400000,,,,,,,,,,,,,,28.132411,-82.324132,-16.236862,4.207336,175.800269,0.000000,1
850.500000,,,,,,,,,,,,,,28.132407,-82.324133,-16.391342,4.230925,176.083818,0.000000,1
850.600000,,,,,,,,,,,,,,28.132403,-82.324134,-16.545823,4.254514,176.367367,0.000000,1
850.700000,,,,,,,,,,,,,,28.132399,-82.324134,-16.700303,4.278103,176.650916,0.000000,1
850.800000,,,,,,,,,,,,,,28.132395,-82.324135,-16.854784,4.301692,176.934464,0.000000,1
850.900000,,,,,,,,,,,,,,28.132391,-82.324135,-17.009264,4.325281,177.218013,0.000000,1
851.000000,,,,,,,,,,,,,,28.132387,-82.324136,-17.163744,4.348869,177.501562,0.000000,1
851.100000,,,,,,,,,,,,,,28.132383,-82.324137,-17.318225,4.372458,177.785111,0.000000,1
851.200000,,,,,,,,,,,,,,28.132379,-82.324136,-17.282442,4.375252,177.886145,0.000000,1
851.300000,,,,,,,,,,,,,,28.132375,-82.324136,-17.244065,4.377762,177.984691,0.000000,1
851.400000,,,,,,,,,,,,,,28.132371,-82.324135,-17.205688,4.380273,178.083237,0.000000,1
851.500000,,,,,,,,,,,,,,28.132367,-82.324135,-17.167311,4.382783,178.181782,0.000000,1
851.600000,,,,,,,,,,,,,,28.132364,-82.324135,-17.128934,4.385294,178.280328,0.000000,1
851.700000,,,,,,,,,,,,,,28.132360,-82.324134,-17.090557,4.387804,178.378874,0.000000,1
851.800000,,,,,,,,,,,,,,28.132356,-82.324134,-17.052180,4.390314,178.477419,0.000000,1
851.900000,,,,,,,,,,,,,,28.132352,-82.324133,-17.013803,4.392825,178.575965,0.000000,1
852.000000,,,,,,,,,,,,,,28.132348,-82.324133,-16.975426,4.395335,178.674511,0.000000,1
852.100000,,,,,,,,,,,,,,28.132344,-82.324133,-16.937049,4.397845,178.773056,0.000000,1
852.200000,,,,,,,,,,,,,,28.132340,-82.324132,-16.921196,4.434562,178.860396,0.000000,1
852.300000,,,,,,,,,,,,,,28.132336,-82.324132,-16.906986,4.473774,178.946918,0.000000,1
852.400000,,,,,,,,,,,,,,28.132332,-82.324132,-16.892776,4.512986,179.033440,0.000000,1
852.500000,,,,,,,,,,,,,,28.132327,-82.324132,-16.878566,4.552197,179.119963,0.000000,1
852.600000,,,,,,,,,,,,,,28.132323,-82.324132,-16.864356,4.591409,179.206485,0.000000,1
852.700000,,,,,,,,,,,,,,28.132319,-82.324132,-16.850146,4.630620,179.293007,0.000000,1
852.800000,,,,,,,,,,,,,,28.132315,-82.324132,-16.835936,4.669832,179.379529,0.000000,1
852.900000,,,,,,,,,,,,,,28.132310,-82.324132,-16.821726,4.709044,179.466051,0.000000,1
853.000000,,,,,,,,,,,,,,28.132306,-82.324132,-16.807516,4.748255,179.552574,0.000000,1
853.100000,,,,,,,,,,,,,,28.132302,-82.324132,-16.793306,4.787467,179.639096,0.000000,1
853.200000,,,,,,,,,,,,,,28.132297,-82.324132,-16.744169,4.858867,179.996627,0.000000,1
853.300000,,,,,,,,,,,,,,28.132292,-82.324132,-16.692607,4.932502,180.372980,0.000000,1
853.400000,,,,,,,,,,,,,,28.132287,-82.324132,-16.641045,5.006138,180.749332,0.000000,1
853.500000,,,,,,,,,,,,,,28.132282,-82.324133,-16.589482,5.079773,181.125685,0.000000,1
853.600000,,,,,,,,,,,,,,28.132277,-82.324133,-16.537920,5.153409,181.502037,0.000000,1
853.700000,,,,,,,,,,,,,,28.132272,-82.324133,-16.486358,5.227044,181.878390,0.000000,1
853.800000,,,,,,,,,,,,,,28.132267,-82.324133,-16.434795,5.300680,182.254742,0.000000,1
853.900000,,,,,,,,,,,,,,28.132262,-82.324133,-16.383233,5.374315,182.631095,0.000000,1
854.000000,,,,,,,,,,,,,,28.132257,-82.324133,-16.331671,5.447951,183.007447,0.000000,1
854.100000,,,,,,,,,,,,,,28.132252,-82.324133,-16.280108,5.521586,183.383800,0.000000,1
854.200000,,,,,,,,,,,,,,28.132246,-82.324135,-16.198833,5.567450,183.289474,0.000000,1
854.300000,,,,,,,,,,,,,,28.132239,-82.324136,-16.116916,5.612715,183.184986,0.000000,1
854.400000,,,,,,,,,,,,,,28.132232,-82.324138,-16.034999,5.657979,183.080498,0.000000,1
854.500000,,,,,,,,,,,,,,28.132225,-82.324140,-15.953082,5.703244,182.976009,0.000000,1
854.600000,,,,,,,,,,,,,,28.132218,-82.324141,-15.871165,5.748508,182.871521,0.000000,1
854.700000,,,,,,,,,,,,,,28.132212,-82.324143,-15.789248,5.793773,182.767033,0.000000,1
854.800000,,,,,,,,,,,,,,28.132205,-82.324144,-15.707331,5.839037,182.662544,0.000000,1
854.900000,,,,,,,,,,,,,,28.132198,-82.324146,-15.625414,5.884302,182.558056,0.000000,1
855.000000,,,,,,,,,,,,,,28.132191,-82.324147,-15.543497,5.929566,182.453568,0.000000,1
855.100000,,,,,,,,,,,,,,28.132184,-82.324149,-15.462119,5.974873,182.345304,0.000000,1
855.200000,,,,,,,,,,,,,,28.132180,-82.324149,-15.428357,6.023894,181.903969,0.000000,1
855.300000,,,,,,,,,,,,,,28.132175,-82.324149,-15.394594,6.072915,181.462633,0.000000,1
855.400000,,,,,,,,,,,,,,28.132170,-82.324149,-15.360831,6.121936,181.021298,0.000000,1
855.500000,,,,,,,,,,,,,,28.132165,-82.324149,-15.327068,6.170956,180.579962,0.000000,1
855.600000,,,,,,,,,,,,,,28.132160,-82.324150,-15.293305,6.219977,180.138627,0.000000,1
855.700000,,,,,,,,,,,,,,28.132155,-82.324150,-15.259543,6.268998,179.697291,0.000000,1
855.800000,,,,,,,,,,,,,,28.132150,-82.324150,-15.225780,6.318019,179.255956,0.000000,1
855.900000,,,,,,,,,,,,,,28.132146,-82.324150,-15.192017,6.367040,178.814620,0.000000,1
856.000000,,,,,,,,,,,,,,28.132141,-82.324150,-15.158254,6.416060,178.373284,0.000000,1
856.100000,,,,,,,,,,,,,,28.132136,-82.324150,-15.124491,6.465081,177.931949,0.000000,1
856.200000,,,,,,,,,,,,,,28.132129,-82.324150,-14.852385,6.525087,177.189869,0.000000,1
856.300000,,,,,,,,,,,,,,28.132122,-82.324150,-14.573959,6.585383,176.439813,0.000000,1
856.400000,,,,,,,,,,,,,,28.132115,-82.324149,-14.295532,6.645680,175.689757,0.000000,1
856.500000,,,,,,,,,,,,,,28.132108,-82.324149,-14.017105,6.705976,174.939702,0.000000,1
856.600000,,,,,,,,,,,,,,28.132101,-82.324149,-13.738679,6.766273,174.189646,0.000000,1
856.700000,,,,,,,,,,,,,,28.132093,-82.324148,-13.460252,6.826570,173.439590,0.000000,1
856.800000,,,,,,,,,,,,,,28.132086,-82.324148,-13.181826,6.886866,172.689535,0.000000,1
856.900000,,,,,,,,,,,,,,28.132079,-82.324148,-12.903399,6.947163,171.939479,0.000000,1
857.000000,,,,,,,,,,,,,,28.132072,-82.324147,-12.624972,7.007459,171.189424,0.000000,1
857.100000,,,,,,,,,,,,,,28.132065,-82.324147,-12.346546,7.067756,170.439368,0.000000,1
857.200000,,,,,,,,,,,,,,28.132059,-82.324146,-12.432128,7.096790,170.098399,0.000000,1
857.300000,,,,,,,,,,,,,,28.132052,-82.324145,-12.520167,7.125613,169.760191,0.000000,1
857.400000,,,,,,,,,,,,,,28.132046,-82.324144,-12.608206,7.154436,169.421982,0.000000,1
857.500000,,,,,,,,,,,,,,28.132039,-82.324143,-12.696244,7.183259,169.083774,0.000000,1
857.600000,,,,,,,,,,,,,,28.132032,-82.324142,-12.784283,7.212082,168.745565,0.000000,1
857.700000,,,,,,,,,,,,,,28.132026,-82.324141,-12.872321,7.240905,168.407357,0.000000,1
857.800000,,,,,,,,,,,,,,28.132019,-82.324140,-12.960360,7.269728,168.069148,0.000000,1
857.900000,,,,,,,,,,,,,,28.132013,-82.324139,-13.048398,7.298551,167.730940,0.000000,1
858.000000,,,,,,,,,,,,,,28.132006,-82.324138,-13.136437,7.327375,167.392731,0.000000,1
858.100000,,,,,,,,,,,,,,28.131999,-82.324137,-13.224507,7.356857,167.064862,0.000000,1
858.200000,,,,,,,,,,,,,,28.131993,-82.324135,-13.313547,7.406564,167.054126,0.000000,1
858.300000,,,,,,,,,,,,,,28.131986,-82.324134,-13.402588,7.456270,167.043390,0.000000,1
858.400000,,,,,,,,,,,,,,28.131979,-82.324132,-13.491628,7.505977,167.032654,0.000000,1
858.500000,,,,,,,,,,,,,,28.131972,-82.324130,-13.580668,7.555684,167.021918,0.000000,1
858.600000,,,,,,,,,,,,,,28.131965,-82.324128,-13.669708,7.605391,167.011182,0.000000,1
858.700000,,,,,,,,,,,,,,28.131958,-82.324126,-13.758748,7.655097,167.000446,0.000000,1
858.800000,,,,,,,,,,,,,,28.131951,-82.324124,-13.847788,7.704804,166.989710,0.000000,1
858.900000,,,,,,,,,,,,,,28.131945,-82.324122,-13.936829,7.754511,166.978974,0.000000,1
859.000000,,,,,,,,,,,,,,28.131938,-82.324121,-14.025869,7.804217,166.968238,0.000000,1
859.100000,,,,,,,,,,,,,,28.131931,-82.324119,-14.114909,7.853924,166.957502,0.000000,1
859.200000,,,,,,,,,,,,,,28.131924,-82.324117,-14.051432,7.849022,167.650674,0.000000,1
859.300000,,,,,,,,,,,,,,28.131917,-82.324116,-13.981203,7.841702,168.375009,0.000000,1
859.400000,,,,,,,,,,,,,,28.131909,-82.324114,-13.910974,7.834383,169.099345,0.000000,1
859.500000,,,,,,,,,,,,,,28.131902,-82.324112,-13.840744,7.827063,169.823680,0.000000,1
859.600000,,,,,,,,,,,,,,28.131895,-82.324111,-13.770515,7.819744,170.548015,0.000000,1
859.700000,,,,,,,,,,,,,,28.131888,-82.324109,-13.700286,7.812424,171.272350,0.000000,1
859.800000,,,,,,,,,,,,,,28.131881,-82.324108,-13.630057,7.805104,171.996686,0.000000,1
859.900000,,,,,,,,,,,,,,28.131873,-82.324106,-13.559828,7.797785,172.721021,0.000000,1
860.000000,,,,,,,,,,,,,,28.131866,-82.324104,-13.489598,7.790465,173.445356,0.000000,1
860.100000,,,,,,,,,,,,,,28.131859,-82.324103,-13.419369,7.783145,174.169691,0.000000,1
860.200000,,,,,,,,,,,,,,28.131852,-82.324102,-13.388699,7.800534,175.007162,0.000000,1
860.300000,,,,,,,,,,,,,,28.131844,-82.324102,-13.359950,7.819123,175.850129,0.000000,1
860.400000,,,,,,,,,,,,,,28.131837,-82.324102,-13.331201,7.837712,176.693095,0.000000,1
860.500000,,,,,,,,,,,,,,28.131830,-82.324102,-13.302452,7.856301,177.536062,0.000000,1
860.600000,,,,,,,,,,,,,,28.131822,-82.324101,-13.273703,7.874890,178.379029,0.000000,1
860.700000,,,,,,,,,,,,,,28.131815,-82.324101,-13.244954,7.893478,179.221995,0.000000,1
860.800000,,,,,,,,,,,,,,28.131808,-82.324101,-13.216205,7.912067,180.064962,0.000000,1
860.900000,,,,,,,,,,,,,,28.131800,-82.324100,-13.187456,7.930656,180.907929,0.000000,1
861.000000,,,,,,,,,,,,,,28.131793,-82.324100,-13.158706,7.949245,181.750895,0.000000,1
861.100000,,,,,,,,,,,,,,28.131786,-82.324100,-13.130154,7.967754,182.591135,0.000000,1
861.200000,,,,,,,,,,,,,,28.131778,-82.324100,-13.140963,7.970331,182.885023,0.000000,1
861.300000,,,,,,,,,,,,,,28.131770,-82.324101,-13.151773,7.972907,183.178911,0.000000,1
861.400000,,,,,,,,,,,,,,28.131763,-82.324102,-13.162583,7.975483,183.472800,0.000000,1
861.500000,,,,,,,,,,,,,,28.131755,-82.324102,-13.173392,7.978059,183.766688,0.000000,1
861.600000,,,,,,,,,,,,,,28.131747,-82.324103,-13.184202,7.980635,184.060576,0.000000,1
861.700000,,,,,,,,,,,,,,28.131740,-82.324104,-13.195011,7.983212,184.354464,0.000000,1
861.800000,,,,,,,,,,,,,,28.131732,-82.324104,-13.205821,7.985788,184.648352,0.000000,1
861.900000,,,,,,,,,,,,,,28.131724,-82.324105,-13.216630,7.988364,184.942240,0.000000,1
862.000000,,,,,,,,,,,,,,28.131717,-82.324106,-13.227440,7.990940,185.236128,0.000000,1
862.100000,,,,,,,,,,,,,,28.131709,-82.324106,-13.238745,7.994261,185.524636,0.000000,1
862.200000,,,,,,,,,,,,,,28.131702,-82.324107,-13.276751,8.037688,185.523425,0.000000,1
862.300000,,,,,,,,,,,,,,28.131694,-82.324108,-13.314758,8.081114,185.522215,0.000000,1
862.400000,,,,,,,,,,,,,,28.131687,-82.324108,-13.352764,8.124540,185.521004,0.000000,1
862.500000,,,,,,,,,,,,,,28.131679,-82.324109,-13.390770,8.167966,185.519793,0.000000,1
862.600000,,,,,,,,,,,,,,28.131672,-82.324110,-13.428776,8.211392,185.518582,0.000000,1
862.700000,,,,,,,,,,,,,,28.131665,-82.324111,-13.466782,8.254818,185.517371,0.000000,1
862.800000,,,,,,,,,,,,,,28.131657,-82.324111,-13.504789,8.298244,185.516161,0.000000,1
862.900000,,,,,,,,,,,,,,28.131650,-82.324112,-13.542795,8.341671,185.514950,0.000000,1
863.000000,,,,,,,,,,,,,,28.131642,-82.324113,-13.580801,8.385097,185.513739,0.000000,1
863.100000,,,,,,,,,,,,,,28.131635,-82.324113,-13.618807,8.428523,185.512528,0.000000,1
863.200000,,,,,,,,,,,,,,28.131628,-82.324114,-13.579496,8.477051,185.557576,0.000000,1
863.300000,,,,,,,,,,,,,,28.131620,-82.324115,-13.537093,8.525783,185.604473,0.000000,1
863.400000,,,,,,,,,,,,,,28.131613,-82.324116,-13.494689,8.574515,185.651371,0.000000,1
863.500000,,,,,,,,,,,,,,28.131605,-82.324117,-13.452286,8.623246,185.698268,0.000000,1
863.600000,,,,,,,,,,,,,,28.131598,-82.324118,-13.409882,8.671978,185.745166,0.000000,1
863.700000,,,,,,,,,,,,,,28.131591,-82.324119,-13.367479,8.720710,185.792063,0.000000,1
863.800000,,,,,,,,,,,,,,28.131583,-82.324120,-13.325075,8.769442,185.838961,0.000000,1
863.900000,,,,,,,,,,,,,,28.131576,-82.324121,-13.282672,8.818174,185.885858,0.000000,1
864.000000,,,,,,,,,,,,,,28.131568,-82.324122,-13.240268,8.866906,185.932756,0.000000,1
864.100000,,,,,,,,,,,,,,28.131561,-82.324123,-13.197865,8.915638,185.979653,0.000000,1
864.200000,,,,,,,,,,,,,,28.131552,-82.324124,-13.092257,8.991444,185.937396,0.000000,1
864.300000,,,,,,,,,,,,,,28.131544,-82.324125,-12.982520,9.069019,185.889315,0.000000,1
864.400000,,,,,,,,,,,,,,28.131535,-82.324125,-12.872783,9.146594,185.841234,0.000000,1
864.500000,,,,,,,,,,,,,,28.131526,-82.324126,-12.763047,9.224169,185.793153,0.000000,1
864.600000,,,,,,,,,,,,,,28.131518,-82.324127,-12.653310,9.301744,185.745072,0.000000,1
864.700000,,,,,,,,,,,,,,28.131509,-82.324128,-12.543573,9.379319,185.696991,0.000000,1
864.800000,,,,,,,,,,,,,,28.131500,-82.324129,-12.433837,9.456894,185.648910,0.000000,1
864.900000,,,,,,,,,,,,,,28.131492,-82.324129,-12.324100,9.534469,185.600829,0.000000,1
865.000000,,,,,,,,,,,,,,28.131483,-82.324130,-12.214363,9.612044,185.552748,0.000000,1
865.100000,,,,,,,,,,,,,,28.131474,-82.324131,-12.104627,9.689619,185.504667,0.000000,1
865.200000,,,,,,,,,,,,,,28.131465,-82.324132,-12.099791,9.705958,185.448144,0.000000,1
865.300000,,,,,,,,,,,,,,28.131456,-82.324132,-12.095519,9.721967,185.391575,0.000000,1
865.400000,,,,,,,,,,,,,,28.131447,-82.324133,-12.091248,9.737976,185.335006,0.000000,1
865.500000,,,,,,,,,,,,,,28.131437,-82.324134,-12.086976,9.753985,185.278437,0.000000,1
865.600000,,,,,,,,,,,,,,28.131428,-82.324134,-12.082705,9.769995,185.221868,0.000000,1
865.700000,,,,,,,,,,,,,,28.131419,-82.324135,-12.078433,9.786004,185.165300,0.000000,1
865.800000,,,,,,,,,,,,,,28.131410,-82.324135,-12.074162,9.802013,185.108731,0.000000,1
865.900000,,,,,,,,,,,,,,28.131401,-82.324136,-12.069890,9.818023,185.052162,0.000000,1
866.000000,,,,,,,,,,,,,,28.131392,-82.324137,-12.065619,9.834032,184.995593,0.000000,1
866.100000,,,,,,,,,,,,,,28.131382,-82.324137,-12.061529,9.850010,184.939611,0.000000,1
866.200000,,,,,,,,,,,,,,28.131373,-82.324138,-12.075396,9.862868,184.941639,0.000000,1
866.300000,,,,,,,,,,,,,,28.131364,-82.324138,-12.089263,9.875726,184.943667,0.000000,1
866.400000,,,,,,,,,,,,,,28.131355,-82.324139,-12.103130,9.888584,184.945695,0.000000,1
866.500000,,,,,,,,,,,,,,28.131346,-82.324139,-12.116997,9.901443,184.947723,0.000000,1
866.600000,,,,,,,,,,,,,,28.131337,-82.324139,-12.130864,9.914301,184.949751,0.000000,1
866.700000,,,,,,,,,,,,,,28.131328,-82.324140,-12.144731,9.927159,184.951779,0.000000,1
866.800000,,,,,,,,,,,,,,28.131318,-82.324140,-12.158598,9.940017,184.953807,0.000000,1
866.900000,,,,,,,,,,,,,,28.131309,-82.324141,-12.172465,9.952875,184.955835,0.000000,1
867.000000,,,,,,,,,,,,,,28.131300,-82.324141,-12.186332,9.965734,184.957863,0.000000,1
867.100000,,,,,,,,,,,,,,28.131291,-82.324142,-12.200199,9.978592,184.959891,0.000000,1
867.200000,,,,,,,,,,,,,,28.131282,-82.324142,-12.190805,9.962076,184.992418,0.000000,1
867.300000,,,,,,,,,,,,,,28.131273,-82.324143,-12.180582,9.944512,185.026033,0.000000,1
867.400000,,,,,,,,,,,,,,28.131264,-82.324144,-12.170359,9.926949,185.059648,0.000000,1
867.500000,,,,,,,,,,,,,,28.131255,-82.324145,-12.160136,9.909386,185.093262,0.000000,1
867.600000,,,,,,,,,,,,,,28.131246,-82.324145,-12.149913,9.891822,185.126877,0.000000,1
867.700000,,,,,,,,,,,,,,28.131237,-82.324146,-12.139689,9.874259,185.160492,0.000000,1
867.800000,,,,,,,,,,,,,,28.131228,-82.324147,-12.129466,9.856695,185.194106,0.000000,1
867.900000,,,,,,,,,,,,,,28.131219,-82.324148,-12.119243,9.839132,185.227721,0.000000,1
868.000000,,,,,,,,,,,,,,28.131210,-82.324148,-12.109020,9.821569,185.261336,0.000000,1
868.100000,,,,,,,,,,,,,,28.131201,-82.324149,-12.098797,9.804005,185.294950,0.000000,1
868.200000,,,,,,,,,,,,,,28.131192,-82.324150,-12.139040,9.788771,185.381485,0.000000,1
868.300000,,,,,,,,,,,,,,28.131182,-82.324150,-12.181113,9.773621,185.469939,0.000000,1
868.400000,,,,,,,,,,,,,,28.131173,-82.324151,-12.223187,9.758471,185.558392,0.000000,1
868.500000,,,,,,,,,,,,,,28.131164,-82.324151,-12.265260,9.743320,185.646846,0.000000,1
868.600000,,,,,,,,,,,,,,28.131154,-82.324152,-12.307334,9.728170,185.735300,0.000000,1
868.700000,,,,,,,,,,,,,,28.131145,-82.324152,-12.349407,9.713020,185.823754,0.000000,1
868.800000,,,,,,,,,,,,,,28.131136,-82.324153,-12.391481,9.697870,185.912208,0.000000,1
868.900000,,,,,,,,,,,,,,28.131126,-82.324154,-12.433555,9.682720,186.000662,0.000000,1
869.000000,,,,,,,,,,,,,,28.131117,-82.324154,-12.475628,9.667570,186.089116,0.000000,1
869.100000,,,,,,,,,,,,,,28.131108,-82.324155,-12.517702,9.652420,186.177570,0.000000,1
869.200000,,,,,,,,,,,,,,28.131099,-82.324156,-12.515473,9.636228,185.976807,0.000000,1
869.300000,,,,,,,,,,,,,,28.131090,-82.324157,-12.512595,9.620022,185.771804,0.000000,1
869.400000,,,,,,,,,,,,,,28.131081,-82.324158,-12.509717,9.603815,185.566800,0.000000,1
869.500000,,,,,,,,,,,,,,28.131072,-82.324159,-12.506839,9.587609,185.361797,0.000000,1
869.600000,,,,,,,,,,,,,,28.131064,-82.324161,-12.503961,9.571402,185.156793,0.000000,1
869.700000,,,,,,,,,,,,,,28.131055,-82.324162,-12.501083,9.555196,184.951790,0.000000,1
869.800000,,,,,,,,,,,,,,28.131046,-82.324163,-12.498205,9.538989,184.746787,0.000000,1
869.900000,,,,,,,,,,,,,,28.131037,-82.324164,-12.495327,9.522782,184.541783,0.000000,1
870.000000,,,,,,,,,,,,,,28.131029,-82.324165,-12.492449,9.506576,184.336780,0.000000,1
870.100000,,,,,,,,,,,,,,28.131020,-82.324167,-12.489825,9.490156,184.132874,0.000000,1
870.200000,,,,,,,,,,,,,,28.131011,-82.324167,-12.535881,9.432889,184.138838,0.000000,1
870.300000,,,,,,,,,,,,,,28.131003,-82.324167,-12.581937,9.375623,184.144803,0.000000,1
870.400000,,,,,,,,,,,,,,28.130995,-82.324167,-12.627993,9.318357,184.150767,0.000000,1
870.500000,,,,,,,,,,,,,,28.130986,-82.324168,-12.674049,9.261090,184.156732,0.000000,1
870.600000,,,,,,,,,,,,,,28.130978,-82.324168,-12.720105,9.203824,184.162696,0.000000,1
870.700000,,,,,,,,,,,,,,28.130969,-82.324168,-12.766161,9.146557,184.168660,0.000000,1
870.800000,,,,,,,,,,,,,,28.130961,-82.324168,-12.812217,9.089291,184.174625,0.000000,1
870.900000,,,,,,,,,,,,,,28.130953,-82.324169,-12.858273,9.032025,184.180589,0.000000,1
871.000000,,,,,,,,,,,,,,28.130944,-82.324169,-12.904329,8.974758,184.186553,0.000000,1
871.100000,,,,,,,,,,,,,,28.130936,-82.324169,-12.950385,8.917492,184.192518,0.000000,1
871.200000,,,,,,,,,,,,,,28.130929,-82.324169,-12.929279,8.828213,184.005112,0.000000,1
871.300000,,,,,,,,,,,,,,28.130922,-82.324170,-12.904521,8.737194,183.807191,0.000000,1
871.400000,,,,,,,,,,,,,,28.130915,-82.324170,-12.879762,8.646175,183.609270,0.000000,1
871.500000,,,,,,,,,,,,,,28.130908,-82.324170,-12.855004,8.555156,183.411349,0.000000,1
871.600000,,,,,,,,,,,,,,28.130901,-82.324171,-12.830246,8.464136,183.213428,0.000000,1
871.700000,,,,,,,,,,,,,,28.130894,-82.324171,-12.805487,8.373117,183.015507,0.000000,1
871.800000,,,,,,,,,,,,,,28.130887,-82.324171,-12.780729,8.282098,182.817586,0.000000,1
871.900000,,,,,,,,,,,,,,28.130880,-82.324172,-12.755971,8.191078,182.619665,0.000000,1
872.000000,,,,,,,,,,,,,,28.130873,-82.324172,-12.731212,8.100059,182.421744,0.000000,1
872.100000,,,,,,,,,,,,,,28.130866,-82.324172,-12.706454,8.009040,182.223823,0.000000,1
872.200000,,,,,,,,,,,,,,28.130859,-82.324173,-12.681695,7.918020,182.025902,0.000000,1
872.300000,,,,,,,,,,,,,,28.130853,-82.324173,-12.723621,7.795597,181.679554,0.000000,1
872.400000,,,,,,,,,,,,,,28.130847,-82.324173,-12.767210,7.672391,181.329505,0.000000,1
872.500000,,,,,,,,,,,,,,28.130840,-82.324173,-12.810798,7.549185,180.979457,0.000000,1
872.600000,,,,,,,,,,,,,,28.130834,-82.324173,-12.854387,7.425979,180.629408,0.000000,1
872.700000,,,,,,,,,,,,,,28.130827,-82.324173,-12.897975,7.302772,180.279359,0.000000,1
872.800000,,,,,,,,,,,,,,28.130821,-82.324173,-12.941563,7.179566,179.929311,0.000000,1
872.900000,,,,,,,,,,,,,,28.130814,-82.324173,-12.985152,7.056360,179.579262,0.000000,1
873.000000,,,,,,,,,,,,,,28.130808,-82.324173,-13.028740,6.933154,179.229214,0.000000,1
873.100000,,,,,,,,,,,,,,28.130801,-82.324174,-13.072329,6.809948,178.879165,0.000000,1
873.200000,,,,,,,,,,,,,,28.130795,-82.324174,-13.115917,6.686742,178.529116,0.000000,1
873.300000,,,,,,,,,,,,,,28.130790,-82.324174,-13.117930,6.543599,178.489968,0.000000,1
873.400000,,,,,,,,,,,,,,28.130784,-82.324174,-13.117386,6.399231,178.469941,0.000000,1
873.500000,,,,,,,,,,,,,,28.130779,-82.324174,-13.116842,6.254862,178.449914,0.000000,1
873.600000,,,,,,,,,,,,,,28.130774,-82.324174,-13.116298,6.110494,178.429888,0.000000,1
873.700000,,,,,,,,,,,,,,28.130769,-82.324175,-13.115754,5.966125,178.409861,0.000000,1
873.800000,,,,,,,,,,,,,,28.130764,-82.324175,-13.115210,5.821757,178.389834,0.000000,1
873.900000,,,,,,,,,,,,,,28.130759,-82.324175,-13.114666,5.677388,178.369807,0.000000,1
874.000000,,,,,,,,,,,,,,28.130754,-82.324175,-13.114122,5.533020,178.349780,0.000000,1
874.100000,,,,,,,,,,,,,,28.130749,-82.324176,-13.113578,5.388651,178.329753,0.000000,1
874.200000,,,,,,,,,,,,,,28.130744,-82.324176,-13.113034,5.244283,178.309726,0.000000,1
874.300000,,,,,,,,,,,,,,28.130739,-82.324176,-13.110853,5.207922,178.331608,0.000000,1
874.400000,,,,,,,,,,,,,,28.130734,-82.324175,-13.108575,5.177941,178.355966,0.000000,1
874.500000,,,,,,,,,,,,,,28.130730,-82.324175,-13.106297,5.147961,178.380324,0.000000,1
874.600000,,,,,,,,,,,,,,28.130725,-82.324175,-13.104019,5.117980,178.404681,0.000000,1
874.700000,,,,,,,,,,,,,,28.130720,-82.324175,-13.101741,5.087999,178.429039,0.000000,1
874.800000,,,,,,,,,,,,,,28.130716,-82.324175,-13.099463,5.058018,178.453397,0.000000,1
874.900000,,,,,,,,,,,,,,28.130711,-82.324174,-13.097186,5.028037,178.477755,0.000000,1
875.000000,,,,,,,,,,,,,,28.130706,-82.324174,-13.094908,4.998057,178.502112,0.000000,1
875.100000,,,,,,,,,,,,,,28.130701,-82.324174,-13.092630,4.968076,178.526470,0.000000,1
875.200000,,,,,,,,,,,,,,28.130697,-82.324174,-13.090352,4.938095,178.550828,0.000000,1
875.300000,,,,,,,,,,,,,,28.130693,-82.324174,-13.109703,4.918991,178.505176,0.000000,1
875.400000,,,,,,,,,,,,,,28.130689,-82.324174,-13.129610,4.900165,178.457728,0.000000,1
875.500000,,,,,,,,,,,,,,28.130684,-82.324174,-13.149517,4.881340,178.410279,0.000000,1
875.600000,,,,,,,,,,,,,,28.130680,-82.324174,-13.169424,4.862515,178.362830,0.000000,1
875.700000,,,,,,,,,,,,,,28.130676,-82.324174,-13.189331,4.843690,178.315381,0.000000,1
875.800000,,,,,,,,,,,,,,28.130672,-82.324174,-13.209238,4.824865,178.267933,0.000000,1
875.900000,,,,,,,,,,,,,,28.130668,-82.324174,-13.229144,4.806039,178.220484,0.000000,1
876.000000,,,,,,,,,,,,,,28.130664,-82.324174,-13.249051,4.787214,178.173035,0.000000,1
876.100000,,,,,,,,,,,,,,28.130660,-82.324174,-13.268958,4.768389,178.125587,0.000000,1
876.200000,,,,,,,,,,,,,,28.130656,-82.324174,-13.288865,4.749564,178.078138,0.000000,1
876.300000,,,,,,,,,,,,,,28.130651,-82.324174,-13.235464,4.708169,178.073286,0.000000,1
876.400000,,,,,,,,,,,,,,28.130647,-82.324173,-13.180329,4.666241,178.069442,0.000000,1
876.500000,,,,,,,,,,,,,,28.130643,-82.324173,-13.125194,4.624313,178.065598,0.000000,1
876.600000,,,,,,,,,,,,,,28.130638,-82.324173,-13.070059,4.582385,178.061754,0.000000,1
876.700000,,,,,,,,,,,,,,28.130634,-82.324172,-13.014924,4.540457,178.057910,0.000000,1
876.800000,,,,,,,,,,,,,,28.130629,-82.324172,-12.959789,4.498529,178.054066,0.000000,1
876.900000,,,,,,,,,,,,,,28.130625,-82.324172,-12.904654,4.456600,178.050222,0.000000,1
877.000000,,,,,,,,,,,,,,28.130621,-82.324171,-12.849519,4.414672,178.046378,0.000000,1
877.100000,,,,,,,,,,,,,,28.130616,-82.324171,-12.794384,4.372744,178.042534,0.000000,1
877.200000,,,,,,,,,,,,,,28.130612,-82.324170,-12.739803,4.328280,178.030762,0.000000,1
877.300000,,,,,,,,,,,,,,28.130610,-82.324170,-12.710402,4.168583,177.658821,0.000000,1
877.400000,,,,,,,,,,,,,,28.130608,-82.324170,-12.681000,4.008886,177.286879,0.000000,1
877.500000,,,,,,,,,,,,,,28.130605,-82.324170,-12.651598,3.849190,176.914938,0.000000,1
877.600000,,,,,,,,,,,,,,28.130603,-82.324170,-12.622196,3.689493,176.542996,0.000000,1
877.700000,,,,,,,,,,,,,,28.130601,-82.324170,-12.592795,3.529797,176.171055,0.000000,1
877.800000,,,,,,,,,,,,,,28.130599,-82.324169,-12.563393,3.370100,175.799114,0.000000,1
877.900000,,,,,,,,,,,,,,28.130596,-82.324169,-12.533991,3.210404,175.427172,0.000000,1
878.000000,,,,,,,,,,,,,,28.130594,-82.324169,-12.504590,3.050707,175.055231,0.000000,1
878.100000,,,,,,,,,,,,,,28.130592,-82.324169,-12.475188,2.891011,174.683289,0.000000,1
878.200000,,,,,,,,,,,,,,28.130590,-82.324168,-12.437897,2.764146,174.610016,0.000000,1
878.300000,,,,,,,,,,,,,,28.130587,-82.324168,-12.400032,2.639668,174.558456,0.000000,1
878.400000,,,,,,,,,,,,,,28.130585,-82.324167,-12.362167,2.515190,174.506896,0.000000,1
878.500000,,,,,,,,,,,,,,28.130582,-82.324166,-12.324303,2.390712,174.455336,0.000000,1
878.600000,,,,,,,,,,,,,,28.130580,-82.324166,-12.286438,2.266235,174.403776,0.000000,1
878.700000,,,,,,,,,,,,,,28.130578,-82.324165,-12.248574,2.141757,174.352216,0.000000,1
878.800000,,,,,,,,,,,,,,28.130575,-82.324164,-12.210709,2.017279,174.300656,0.000000,1
878.900000,,,,,,,,,,,,,,28.130573,-82.324163,-12.172844,1.892801,174.249096,0.000000,1
879.000000,,,,,,,,,,,,,,28.130571,-82.324163,-12.134980,1.768323,174.197536,0.000000,1
879.100000,,,,,,,,,,,,,,28.130568,-82.324162,-12.097115,1.643846,174.145975,0.000000,1
879.200000,,,,,,,,,,,,,,28.130567,-82.324161,-12.054910,1.608395,174.409407,0.000000,1
879.300000,,,,,,,,,,,,,,28.130565,-82.324160,-12.012464,1.577884,174.690318,0.000000,1
879.400000,,,,,,,,,,,,,,28.130564,-82.324160,-11.970018,1.547373,174.971229,0.000000,1
879.500000,,,,,,,,,,,,,,28.130562,-82.324159,-11.927572,1.516862,175.252140,0.000000,1
879.600000,,,,,,,,,,,,,,28.130561,-82.324158,-11.885126,1.486352,175.533051,0.000000,1
879.700000,,,,,,,,,,,,,,28.130559,-82.324157,-11.842680,1.455841,175.813963,0.000000,1
879.800000,,,,,,,,,,,,,,28.130558,-82.324157,-11.800233,1.425330,176.094874,0.000000,1
879.900000,,,,,,,,,,,,,,28.130556,-82.324156,-11.757787,1.394819,176.375785,0.000000,1
880.000000,,,,,,,,,,,,,,28.130555,-82.324155,-11.715341,1.364309,176.656696,0.000000,1
880.100000,,,,,,,,,,,,,,28.130553,-82.324154,-11.672895,1.333798,176.937607,0.000000,1
880.200000,,,,,,,,,,,,,,28.130552,-82.324154,-11.631229,1.351130,176.513583,0.000000,1
880.300000,,,,,,,,,,,,,,28.130550,-82.324154,-11.589587,1.369910,176.068217,0.000000,1
880.400000,,,,,,,,,,,,,,28.130549,-82.324153,-11.547945,1.388691,175.622851,0.000000,1
880.500000,,,,,,,,,,,,,,28.130547,-82.324153,-11.506302,1.407471,175.177485,0.000000,1
880.600000,,,,,,,,,,,,,,28.130546,-82.324153,-11.464660,1.426252,174.732118,0.000000,1
880.700000,,,,,,,,,,,,,,28.130544,-82.324153,-11.423018,1.445032,174.286752,0.000000,1
880.800000,,,,,,,,,,,,,,28.130543,-82.324153,-11.381375,1.463812,173.841386,0.000000,1
880.900000,,,,,,,,,,,,,,28.130541,-82.324152,-11.339733,1.482593,173.396020,0.000000,1
881.000000,,,,,,,,,,,,,,28.130540,-82.324152,-11.298090,1.501373,172.950654,0.000000,1
881.100000,,,,,,,,,,,,,,28.130538,-82.324152,-11.256448,1.520154,172.505288,0.000000,1
881.200000,,,,,,,,,,,,,,28.130536,-82.324152,-11.265297,1.632123,172.962755,0.000000,1
881.300000,,,,,,,,,,,,,,28.130534,-82.324151,-11.277615,1.750496,173.482255,0.000000,1
881.400000,,,,,,,,,,,,,,28.130532,-82.324151,-11.289934,1.868868,174.001755,0.000000,1
881.500000,,,,,,,,,,,,,,28.130530,-82.324151,-11.302252,1.987241,174.521255,0.000000,1
881.600000,,,,,,,,,,,,,,28.130528,-82.324150,-11.314570,2.105613,175.040756,0.000000,1
881.700000,,,,,,,,,,,,,,28.130526,-82.324150,-11.326889,2.223986,175.560256,0.000000,1
881.800000,,,,,,,,,,,,,,28.130524,-82.324150,-11.339207,2.342358,176.079756,0.000000,1
881.900000,,,,,,,,,,,,,,28.130522,-82.324149,-11.351525,2.460731,176.599256,0.000000,1
882.000000,,,,,,,,,,,,,,28.130520,-82.324149,-11.363843,2.579103,177.118757,0.000000,1
882.100000,,,,,,,,,,,,,,28.130518,-82.324149,-11.376162,2.697475,177.638257,0.000000,1
882.200000,,,,,,,,,,,,,,28.130515,-82.324148,-11.335389,2.803094,177.414625,0.000000,1
882.300000,,,,,,,,,,,,,,28.130511,-82.324148,-11.294353,2.908650,177.187304,0.000000,1
882.400000,,,,,,,,,,,,,,28.130507,-82.324147,-11.253316,3.014205,176.959983,0.000000,1
882.500000,,,,,,,,,,,,,,28.130503,-82.324147,-11.212280,3.119760,176.732663,0.000000,1
882.600000,,,,,,,,,,,,,,28.130499,-82.324147,-11.171244,3.225316,176.505342,0.000000,1
882.700000,,,,,,,,,,,,,,28.130495,-82.324146,-11.130207,3.330871,176.278021,0.000000,1
882.800000,,,,,,,,,,,,,,28.130491,-82.324146,-11.089171,3.436426,176.050700,0.000000,1
882.900000,,,,,,,,,,,,,,28.130488,-82.324145,-11.048134,3.541982,175.823379,0.000000,1
883.000000,,,,,,,,,,,,,,28.130484,-82.324145,-11.007098,3.647537,175.596058,0.000000,1
883.100000,,,,,,,,,,,,,,28.130480,-82.324144,-10.966062,3.753092,175.368737,0.000000,1
883.200000,,,,,,,,,,,,,,28.130475,-82.324145,-10.985182,3.954713,175.490996,0.000000,1
883.300000,,,,,,,,,,,,,,28.130469,-82.324145,-11.005090,4.157591,175.617832,0.000000,1
883.400000,,,,,,,,,,,,,,28.130464,-82.324145,-11.024999,4.360469,175.744667,0.000000,1
883.500000,,,,,,,,,,,,,,28.130459,-82.324145,-11.044907,4.563347,175.871503,0.000000,1
883.600000,,,,,,,,,,,,,,28.130453,-82.324146,-11.064815,4.766225,175.998339,0.000000,1
883.700000,,,,,,,,,,,,,,28.130448,-82.324146,-11.084723,4.969103,176.125175,0.000000,1
883.800000,,,,,,,,,,,,,,28.130443,-82.324146,-11.104631,5.171981,176.252011,0.000000,1
883.900000,,,,,,,,,,,,,,28.130437,-82.324146,-11.124540,5.374859,176.378847,0.000000,1
884.000000,,,,,,,,,,,,,,28.130432,-82.324147,-11.144448,5.577737,176.505683,0.000000,1
884.100000,,,,,,,,,,,,,,28.130427,-82.324147,-11.164333,5.780603,176.632459,0.000000,1
884.200000,,,,,,,,,,,,,,28.130420,-82.324147,-11.114068,5.948352,176.578019,0.000000,1
884.300000,,,,,,,,,,,,,,28.130414,-82.324146,-11.063803,6.116101,176.523579,0.000000,1
884.400000,,,,,,,,,,,,,,28.130408,-82.324146,-11.013537,6.283849,176.469139,0.000000,1
884.500000,,,,,,,,,,,,,,28.130402,-82.324146,-10.963272,6.451598,176.414699,0.000000,1
884.600000,,,,,,,,,,,,,,28.130395,-82.324146,-10.913007,6.619347,176.360259,0.000000,1
884.700000,,,,,,,,,,,,,,28.130389,-82.324145,-10.862742,6.787096,176.305819,0.000000,1
884.800000,,,,,,,,,,,,,,28.130383,-82.324145,-10.812476,6.954844,176.251379,0.000000,1
884.900000,,,,,,,,,,,,,,28.130377,-82.324145,-10.762211,7.122593,176.196939,0.000000,1
885.000000,,,,,,,,,,,,,,28.130370,-82.324145,-10.711946,7.290342,176.142499,0.000000,1
885.100000,,,,,,,,,,,,,,28.130364,-82.324144,-10.661681,7.458090,176.088059,0.000000,1
885.200000,,,,,,,,,,,,,,28.130357,-82.324144,-10.667249,7.570860,176.073115,0.000000,1
885.300000,,,,,,,,,,,,,,28.130349,-82.324144,-10.675836,7.680657,176.060307,0.000000,1
885.400000,,,,,,,,,,,,,,28.130341,-82.324143,-10.684423,7.790453,176.047499,0.000000,1
885.500000,,,,,,,,,,,,,,28.130333,-82.324143,-10.693010,7.900250,176.034692,0.000000,1
885.600000,,,,,,,,,,,,,,28.130326,-82.324142,-10.701597,8.010047,176.021884,0.000000,1
885.700000,,,,,,,,,,,,,,28.130318,-82.324142,-10.710184,8.119844,176.009076,0.000000,1
885.800000,,,,,,,,,,,,,,28.130310,-82.324142,-10.718771,8.229641,175.996268,0.000000,1
885.900000,,,,,,,,,,,,,,28.130303,-82.324141,-10.727358,8.339438,175.983460,0.000000,1
886.000000,,,,,,,,,,,,,,28.130295,-82.324141,-10.735945,8.449234,175.970652,0.000000,1
886.100000,,,,,,,,,,,,,,28.130287,-82.324141,-10.744532,8.559031,175.957844,0.000000,1
886.200000,,,,,,,,,,,,,,28.130279,-82.324139,-10.791831,8.615850,175.832394,0.000000,1
886.300000,,,,,,,,,,,,,,28.130271,-82.324138,-10.839705,8.671883,175.705272,0.000000,1
886.400000,,,,,,,,,,,,,,28.130264,-82.324137,-10.887579,8.727915,175.578149,0.000000,1
886.500000,,,,,,,,,,,,,,28.130256,-82.324135,-10.935453,8.783947,175.451027,0.000000,1
886.600000,,,,,,,,,,,,,,28.130248,-82.324134,-10.983327,8.839980,175.323905,0.000000,1
886.700000,,,,,,,,,,,,,,28.130240,-82.324133,-11.031201,8.896012,175.196782,0.000000,1
886.800000,,,,,,,,,,,,,,28.130232,-82.324132,-11.079075,8.952045,175.069660,0.000000,1
886.900000,,,,,,,,,,,,,,28.130224,-82.324130,-11.126949,9.008077,174.942538,0.000000,1
887.000000,,,,,,,,,,,,,,28.130217,-82.324129,-11.174823,9.064110,174.815415,0.000000,1
887.100000,,,,,,,,,,,,,,28.130209,-82.324128,-11.222696,9.120142,174.688293,0.000000,1
887.200000,,,,,,,,,,,,,,28.130200,-82.324127,-11.305546,9.175542,174.858193,0.000000,1
887.300000,,,,,,,,,,,,,,28.130192,-82.324127,-11.388743,9.230935,175.031045,0.000000,1
887.400000,,,,,,,,,,,,,,28.130183,-82.324126,-11.471939,9.286328,175.203896,0.000000,1
887.500000,,,,,,,,,,,,,,28.130175,-82.324125,-11.555136,9.341722,175.376747,0.000000,1
887.600000,,,,,,,,,,,,,,28.130166,-82.324125,-11.638333,9.397115,175.549599,0.000000,1
887.700000,,,,,,,,,,,,,,28.130158,-82.324124,-11.721530,9.452508,175.722450,0.000000,1
887.800000,,,,,,,,,,,,,,28.130149,-82.324123,-11.804727,9.507902,175.895302,0.000000,1
887.900000,,,,,,,,,,,,,,28.130141,-82.324123,-11.887923,9.563295,176.068153,0.000000,1
888.000000,,,,,,,,,,,,,,28.130132,-82.324122,-11.971120,9.618688,176.241005,0.000000,1
888.100000,,,,,,,,,,,,,,28.130124,-82.324122,-12.054317,9.674082,176.413856,0.000000,1
888.200000,,,,,,,,,,,,,,28.130114,-82.324121,-12.050275,9.755428,176.734843,0.000000,1
888.300000,,,,,,,,,,,,,,28.130105,-82.324120,-12.045959,9.836855,177.056296,0.000000,1
888.400000,,,,,,,,,,,,,,28.130095,-82.324119,-12.041643,9.918283,177.377749,0.000000,1
888.500000,,,,,,,,,,,,,,28.130086,-82.324118,-12.037327,9.999711,177.699202,0.000000,1
888.600000,,,,,,,,,,,,,,28.130076,-82.324118,-12.033011,10.081138,178.020655,0.000000,1
888.700000,,,,,,,,,,,,,,28.130067,-82.324117,-12.028695,10.162566,178.342108,0.000000,1
888.800000,,,,,,,,,,,,,,28.130057,-82.324116,-12.024379,10.243994,178.663561,0.000000,1
888.900000,,,,,,,,,,,,,,28.130048,-82.324115,-12.020063,10.325421,178.985014,0.000000,1
889.000000,,,,,,,,,,,,,,28.130039,-82.324114,-12.015747,10.406849,179.306467,0.000000,1
889.100000,,,,,,,,,,,,,,28.130029,-82.324114,-12.011431,10.488277,179.627920,0.000000,1
889.200000,,,,,,,,,,,,,,28.130020,-82.324114,-11.957186,10.481433,179.730042,0.000000,1
889.300000,,,,,,,,,,,,,,28.130011,-82.324114,-11.899532,10.468561,179.817187,0.000000,1
889.400000,,,,,,,,,,,,,,28.130001,-82.324115,-11.841878,10.455690,179.904332,0.000000,1
889.500000,,,,,,,,,,,,,,28.129992,-82.324115,-11.784224,10.442818,179.991476,0.000000,1
889.600000,,,,,,,,,,,,,,28.129983,-82.324116,-11.726570,10.429947,180.078621,0.000000,1
889.700000,,,,,,,,,,,,,,28.129974,-82.324116,-11.668915,10.417075,180.165766,0.000000,1
889.800000,,,,,,,,,,,,,,28.129964,-82.324116,-11.611261,10.404204,180.252910,0.000000,1
889.900000,,,,,,,,,,,,,,28.129955,-82.324117,-11.553607,10.391332,180.340055,0.000000,1
890.000000,,,,,,,,,,,,,,28.129946,-82.324117,-11.495953,10.378460,180.427200,0.000000,1
890.100000,,,,,,,,,,,,,,28.129937,-82.324118,-11.438299,10.365589,180.514344,0.000000,1
890.200000,,,,,,,,,,,,,,28.129929,-82.324118,-11.531829,10.330855,180.603228,0.000000,1
890.300000,,,,,,,,,,,,,,28.129922,-82.324118,-11.630165,10.295425,180.692168,0.000000,1
890.400000,,,,,,,,,,,,,,28.129914,-82.324119,-11.728500,10.259996,180.781107,0.000000,1
890.500000,,,,,,,,,,,,,,28.129907,-82.324119,-11.826836,10.224567,180.870047,0.000000,1
890.600000,,,,,,,,,,,,,,28.129900,-82.324119,-11.925172,10.189137,180.958986,0.000000,1
890.700000,,,,,,,,,,,,,,28.129892,-82.324120,-12.023508,10.153708,181.047926,0.000000,1
890.800000,,,,,,,,,,,,,,28.129885,-82.324120,-12.121843,10.118279,181.136865,0.000000,1
890.900000,,,,,,,,,,,,,,28.129877,-82.324120,-12.220179,10.082849,181.225805,0.000000,1
891.000000,,,,,,,,,,,,,,28.129870,-82.324121,-12.318515,10.047420,181.314744,0.000000,1
891.100000,,,,,,,,,,,,,,28.129862,-82.324121,-12.416850,10.011991,181.403684,0.000000,1
891.200000,,,,,,,,,,,,,,28.129854,-82.324122,-12.515007,10.000488,181.660581,0.000000,1
891.300000,,,,,,,,,,,,,,28.129846,-82.324122,-12.613163,9.989084,181.918177,0.000000,1
891.400000,,,,,,,,,,,,,,28.129837,-82.324123,-12.711319,9.977681,182.175774,0.000000,1
891.500000,,,,,,,,,,,,,,28.129829,-82.324123,-12.809475,9.966278,182.433370,0.000000,1
891.600000,,,,,,,,,,,,,,28.129821,-82.324124,-12.907631,9.954875,182.690966,0.000000,1
891.700000,,,,,,,,,,,,,,28.129813,-82.324124,-13.005787,9.943471,182.948563,0.000000,1
891.800000,,,,,,,,,,,,,,28.129804,-82.324125,-13.103943,9.932068,183.206159,0.000000,1
891.900000,,,,,,,,,,,,,,28.129796,-82.324125,-13.202098,9.920665,183.463756,0.000000,1
892.000000,,,,,,,,,,,,,,28.129788,-82.324126,-13.300254,9.909261,183.721352,0.000000,1
892.100000,,,,,,,,,,,,,,28.129779,-82.324127,-13.398410,9.897858,183.978948,0.000000,1
892.200000,,,,,,,,,,,,,,28.129770,-82.324127,-13.382539,9.891961,184.295353,0.000000,1
892.300000,,,,,,,,,,,,,,28.129761,-82.324127,-13.362788,9.886251,184.613759,0.000000,1
892.400000,,,,,,,,,,,,,,28.129751,-82.324128,-13.343036,9.880541,184.932165,0.000000,1
892.500000,,,,,,,,,,,,,,28.129742,-82.324128,-13.323284,9.874831,185.250571,0.000000,1
892.600000,,,,,,,,,,,,,,28.129733,-82.324129,-13.303532,9.869121,185.568977,0.000000,1
892.700000,,,,,,,,,,,,,,28.129723,-82.324129,-13.283781,9.863411,185.887383,0.000000,1
892.800000,,,,,,,,,,,,,,28.129714,-82.324130,-13.264029,9.857701,186.205789,0.000000,1
892.900000,,,,,,,,,,,,,,28.129704,-82.324130,-13.244277,9.851991,186.524195,0.000000,1
893.000000,,,,,,,,,,,,,,28.129695,-82.324130,-13.224525,9.846281,186.842601,0.000000,1
893.100000,,,,,,,,,,,,,,28.129686,-82.324131,-13.204774,9.840571,187.161008,0.000000,1
893.200000,,,,,,,,,,,,,,28.129677,-82.324133,-13.192352,9.821647,187.357128,0.000000,1
893.300000,,,,,,,,,,,,,,28.129669,-82.324135,-13.180002,9.802596,187.552063,0.000000,1
893.400000,,,,,,,,,,,,,,28.129661,-82.324137,-13.167652,9.783544,187.746999,0.000000,1
893.500000,,,,,,,,,,,,,,28.129652,-82.324139,-13.155302,9.764492,187.941934,0.000000,1
893.600000,,,,,,,,,,,,,,28.129644,-82.324141,-13.142952,9.745441,188.136870,0.000000,1
893.700000,,,,,,,,,,,,,,28.129636,-82.324142,-13.130602,9.726389,188.331805,0.000000,1
893.800000,,,,,,,,,,,,,,28.129628,-82.324144,-13.118252,9.707338,188.526741,0.000000,1
893.900000,,,,,,,,,,,,,,28.129619,-82.324146,-13.105902,9.688286,188.721676,0.000000,1
894.000000,,,,,,,,,,,,,,28.129611,-82.324148,-13.093552,9.669234,188.916612,0.000000,1
894.100000,,,,,,,,,,,,,,28.129603,-82.324150,-13.080347,9.650193,189.107110,0.000000,1
894.200000,,,,,,,,,,,,,,28.129594,-82.324151,-12.984298,9.632093,188.867216,0.000000,1
894.300000,,,,,,,,,,,,,,28.129585,-82.324153,-12.888249,9.613994,188.627322,0.000000,1
894.400000,,,,,,,,,,,,,,28.129576,-82.324154,-12.792199,9.595894,188.387429,0.000000,1
894.500000,,,,,,,,,,,,,,28.129567,-82.324155,-12.696150,9.577794,188.147535,0.000000,1
894.600000,,,,,,,,,,,,,,28.129558,-82.324156,-12.600100,9.559695,187.907641,0.000000,1
894.700000,,,,,,,,,,,,,,28.129549,-82.324157,-12.504051,9.541595,187.667747,0.000000,1
894.800000,,,,,,,,,,,,,,28.129540,-82.324158,-12.408002,9.523496,187.427853,0.000000,1
894.900000,,,,,,,,,,,,,,28.129531,-82.324160,-12.311952,9.505396,187.187960,0.000000,1
895.000000,,,,,,,,,,,,,,28.129523,-82.324161,-12.215903,9.487297,186.948066,0.000000,1
895.100000,,,,,,,,,,,,,,28.129514,-82.324162,-12.119854,9.469197,186.708172,0.000000,1
895.200000,,,,,,,,,,,,,,28.129506,-82.324163,-12.074727,9.425119,186.818014,0.000000,1
895.300000,,,,,,,,,,,,,,28.129499,-82.324165,-12.030935,9.380359,186.937027,0.000000,1
895.400000,,,,,,,,,,,,,,28.129491,-82.324166,-11.987144,9.335599,187.056040,0.000000,1
895.500000,,,,,,,,,,,,,,28.129483,-82.324167,-11.943353,9.290839,187.175053,0.000000,1
895.600000,,,,,,,,,,,,,,28.129476,-82.324169,-11.899561,9.246079,187.294066,0.000000,1
895.700000,,,,,,,,,,,,,,28.129468,-82.324170,-11.855770,9.201319,187.413080,0.000000,1
895.800000,,,,,,,,,,,,,,28.129461,-82.324171,-11.811978,9.156559,187.532093,0.000000,1
895.900000,,,,,,,,,,,,,,28.129453,-82.324173,-11.768187,9.111799,187.651106,0.000000,1
896.000000,,,,,,,,,,,,,,28.129446,-82.324174,-11.724395,9.067040,187.770119,0.000000,1
896.100000,,,,,,,,,,,,,,28.129438,-82.324175,-11.680604,9.022280,187.889132,0.000000,1
896.200000,,,,,,,,,,,,,,28.129431,-82.324176,-11.602644,8.994339,187.958226,0.000000,1
896.300000,,,,,,,,,,,,,,28.129424,-82.324178,-11.523356,8.967052,188.025380,0.000000,1
896.400000,,,,,,,,,,,,,,28.129417,-82.324179,-11.444067,8.939765,188.092533,0.000000,1
896.500000,,,,,,,,,,,,,,28.129409,-82.324180,-11.364779,8.912478,188.159687,0.000000,1
896.600000,,,,,,,,,,,,,,28.129402,-82.324181,-11.285491,8.885191,188.226840,0.000000,1
896.700000,,,,,,,,,,,,,,28.129395,-82.324182,-11.206203,8.857904,188.293994,0.000000,1
896.800000,,,,,,,,,,,,,,28.129388,-82.324183,-11.126915,8.830616,188.361147,0.000000,1
896.900000,,,,,,,,,,,,,,28.129380,-82.324184,-11.047626,8.803329,188.428301,0.000000,1
897.000000,,,,,,,,,,,,,,28.129373,-82.324185,-10.968338,8.776042,188.495454,0.000000,1
897.100000,,,,,,,,,,,,,,28.129366,-82.324186,-10.889050,8.748755,188.562608,0.000000,1
897.200000,,,,,,,,,,,,,,28.129359,-82.324188,-10.872399,8.694301,188.684119,0.000000,1
897.300000,,,,,,,,,,,,,,28.129352,-82.324189,-10.858635,8.638594,188.808136,0.000000,1
897.400000,,,,,,,,,,,,,,28.129345,-82.324191,-10.844872,8.582887,188.932153,0.000000,1
897.500000,,,,,,,,,,,,,,28.129338,-82.324192,-10.831108,8.527180,189.056169,0.000000,1
897.600000,,,,,,,,,,,,,,28.129331,-82.324194,-10.817344,8.471473,189.180186,0.000000,1
897.700000,,,,,,,,,,,,,,28.129324,-82.324195,-10.803581,8.415766,189.304203,0.000000,1
897.800000,,,,,,,,,,,,,,28.129317,-82.324197,-10.789817,8.360059,189.428220,0.000000,1
897.900000,,,,,,,,,,,,,,28.129310,-82.324199,-10.776053,8.304352,189.552237,0.000000,1
898.000000,,,,,,,,,,,,,,28.129303,-82.324200,-10.762290,8.248645,189.676254,0.000000,1
898.100000,,,,,,,,,,,,,,28.129296,-82.324202,-10.748526,8.192939,189.800270,0.000000,1
898.200000,,,,,,,,,,,,,,28.129289,-82.324204,-10.835952,8.097114,189.722193,0.000000,1
898.300000,,,,,,,,,,,,,,28.129282,-82.324206,-10.924478,8.000853,189.641917,0.000000,1
898.400000,,,,,,,,,,,,,,28.129275,-82.324207,-11.013005,7.904592,189.561641,0.000000,1
898.500000,,,,,,,,,,,,,,28.129268,-82.324209,-11.101532,7.808331,189.481365,0.000000,1
898.600000,,,,,,,,,,,,,,28.129261,-82.324211,-11.190059,7.712070,189.401088,0.000000,1
898.700000,,,,,,,,,,,,,,28.129254,-82.324213,-11.278585,7.615809,189.320812,0.000000,1
898.800000,,,,,,,,,,,,,,28.129247,-82.324215,-11.367112,7.519549,189.240536,0.000000,1
898.900000,,,,,,,,,,,,,,28.129240,-82.324217,-11.455639,7.423288,189.160260,0.000000,1
899.000000,,,,,,,,,,,,,,28.129233,-82.324219,-11.544166,7.327027,189.079984,0.000000,1
899.100000,,,,,,,,,,,,,,28.129226,-82.324221,-11.632692,7.230766,188.999708,0.000000,1
899.200000,,,,,,,,,,,,,,28.129221,-82.324223,-11.694812,7.187471,189.604988,0.000000,1
899.300000,,,,,,,,,,,,,,28.129215,-82.324224,-11.756602,7.144837,190.218823,0.000000,1
899.400000,,,,,,,,,,,,,,28.129210,-82.324226,-11.818392,7.102202,190.832658,0.000000,1
899.500000,,,,,,,,,,,,,,28.129205,-82.324228,-11.880182,7.059568,191.446493,0.000000,1
899.600000,,,,,,,,,,,,,,28.129200,-82.324229,-11.941973,7.016934,192.060327,0.000000,1
899.700000,,,,,,,,,,,,,,28.129195,-82.324231,-12.003763,6.974300,192.674162,0.000000,1
899.800000,,,,,,,,,,,,,,28.129190,-82.324233,-12.065553,6.931666,193.287997,0.000000,1
899.900000,,,,,,,,,,,,,,28.129184,-82.324234,-12.127343,6.889032,193.901831,0.000000,1
900.000000,,,,,,,,,,,,,,28.129179,-82.324236,-12.189133,6.846398,194.515666,0.000000,1
900.100000,,,,,,,,,,,,,,28.129174,-82.324238,-12.250923,6.803763,195.129501,0.000000,1
900.200000,,,,,,,,,,,,,,28.129169,-82.324239,-12.354206,6.765481,195.009650,0.000000,1
900.300000,,,,,,,,,,,,,,28.129163,-82.324241,-12.460917,6.727557,194.829202,0.000000,1
900.400000,,,,,,,,,,,,,,28.129158,-82.324243,-12.567627,6.689634,194.648755,0.000000,1
900.500000,,,,,,,,,,,,,,28.129152,-82.324245,-12.674337,6.651711,194.468308,0.000000,1
900.600000,,,,,,,,,,,,,,28.129147,-82.324247,-12.781047,6.613787,194.287860,0.000000,1
900.700000,,,,,,,,,,,,,,28.129141,-82.324249,-12.887757,6.575864,194.107413,0.000000,1
900.800000,,,,,,,,,,,,,,28.129136,-82.324251,-12.994468,6.537941,193.926965,0.000000,1
900.900000,,,,,,,,,,,,,,28.129130,-82.324252,-13.101178,6.500017,193.746518,0.000000,1
901.000000,,,,,,,,,,,,,,28.129125,-82.324254,-13.207888,6.462094,193.566071,0.000000,1
901.100000,,,,,,,,,,,,,,28.129119,-82.324256,-13.314598,6.424170,193.385623,0.000000,1
901.200000,,,,,,,,,,,,,,28.129114,-82.324256,-13.378839,6.417513,192.595417,0.000000,1
901.300000,,,,,,,,,,,,,,28.129109,-82.324256,-13.442166,6.411528,191.792085,0.000000,1
901.400000,,,,,,,,,,,,,,28.129104,-82.324256,-13.505492,6.405543,190.988752,0.000000,1
901.500000,,,,,,,,,,,,,,28.129099,-82.324256,-13.568819,6.399558,190.185420,0.000000,1
901.600000,,,,,,,,,,,,,,28.129093,-82.324256,-13.632145,6.393573,189.382087,0.000000,1
901.700000,,,,,,,,,,,,,,28.129088,-82.324256,-13.695472,6.387588,188.578755,0.000000,1
901.800000,,,,,,,,,,,,,,28.129083,-82.324256,-13.758799,6.381603,187.775422,0.000000,1
901.900000,,,,,,,,,,,,,,28.129078,-82.324256,-13.822125,6.375619,186.972090,0.000000,1
902.000000,,,,,,,,,,,,,,28.129073,-82.324256,-13.885452,6.369634,186.168757,0.000000,1
902.100000,,,,,,,,,,,,,,28.129067,-82.324257,-13.948778,6.363649,185.365424,0.000000,1
902.200000,,,,,,,,,,,,,,28.129062,-82.324257,-14.012105,6.357664,184.562092,0.000000,1
902.300000,,,,,,,,,,,,,,28.129057,-82.324257,-13.951113,6.416158,184.015772,0.000000,1
902.400000,,,,,,,,,,,,,,28.129051,-82.324257,-13.884187,6.477729,183.481718,0.000000,1
902.500000,,,,,,,,,,,,,,28.129046,-82.324257,-13.817261,6.539300,182.947664,0.000000,1
902.600000,,,,,,,,,,,,,,28.129041,-82.324257,-13.750335,6.600871,182.413611,0.000000,1
902.700000,,,,,,,,,,,,,,28.129035,-82.324257,-13.683409,6.662442,181.879557,0.000000,1
902.800000,,,,,,,,,,,,,,28.129030,-82.324257,-13.616483,6.724013,181.345503,0.000000,1
902.900000,,,,,,,,,,,,,,28.129025,-82.324258,-13.549557,6.785584,180.811450,0.000000,1
903.000000,,,,,,,,,,,,,,28.129019,-82.324258,-13.482631,6.847156,180.277396,0.000000,1
903.100000,,,,,,,,,,,,,,28.129014,-82.324258,-13.415705,6.908727,179.743343,0.000000,1
903.200000,,,,,,,,,,,,,,28.129008,-82.324258,-13.348779,6.970298,179.209289,0.000000,1
903.300000,,,,,,,,,,,,,,28.129001,-82.324259,-13.352858,7.073328,179.452724,0.000000,1
903.400000,,,,,,,,,,,,,,28.128994,-82.324260,-13.364245,7.180626,179.776177,0.000000,1
903.500000,,,,,,,,,,,,,,28.128986,-82.324261,-13.375632,7.287923,180.099630,0.000000,1
903.600000,,,,,,,,,,,,,,28.128979,-82.324262,-13.387018,7.395220,180.423082,0.000000,1
903.700000,,,,,,,,,,,,,,28.128971,-82.324263,-13.398405,7.502517,180.746535,0.000000,1
903.800000,,,,,,,,,,,,,,28.128964,-82.324264,-13.409792,7.609815,181.069987,0.000000,1
903.900000,,,,,,,,,,,,,,28.128956,-82.324265,-13.421179,7.717112,181.393440,0.000000,1
904.000000,,,,,,,,,,,,,,28.128948,-82.324266,-13.432565,7.824409,181.716893,0.000000,1
904.100000,,,,,,,,,,,,,,28.128941,-82.324267,-13.443952,7.931707,182.040345,0.000000,1
904.200000,,,,,,,,,,,,,,28.128933,-82.324267,-13.404121,7.917265,181.940489,0.000000,1
904.300000,,,,,,,,,,,,,,28.128925,-82.324267,-13.361719,7.896715,181.819389,0.000000,1
904.400000,,,,,,,,,,,,,,28.128917,-82.324267,-13.319318,7.876165,181.698289,0.000000,1
904.500000,,,,,,,,,,,,,,28.128909,-82.324266,-13.276916,7.855614,181.577190,0.000000,1
904.600000,,,,,,,,,,,,,,28.128902,-82.324266,-13.234514,7.835064,181.456090,0.000000,1
904.700000,,,,,,,,,,,,,,28.128894,-82.324266,-13.192113,7.814513,181.334991,0.000000,1
904.800000,,,,,,,,,,,,,,28.128886,-82.324266,-13.149711,7.793963,181.213891,0.000000,1
904.900000,,,,,,,,,,,,,,28.128878,-82.324266,-13.107310,7.773412,181.092792,0.000000,1
905.000000,,,,,,,,,,,,,,28.128870,-82.324266,-13.064908,7.752862,180.971692,0.000000,1
905.100000,,,,,,,,,,,,,,28.128862,-82.324266,-13.022506,7.732311,180.850593,0.000000,1
905.200000,,,,,,,,,,,,,,28.128857,-82.324267,-13.061343,7.679866,181.128833,0.000000,1
905.300000,,,,,,,,,,,,,,28.128851,-82.324269,-13.100565,7.627270,181.408966,0.000000,1
905.400000,,,,,,,,,,,,,,28.128846,-82.324270,-13.139786,7.574674,181.689099,0.000000,1
905.500000,,,,,,,,,,,,,,28.128840,-82.324272,-13.179008,7.522078,181.969233,0.000000,1
905.600000,,,,,,,,,,,,,,28.128835,-82.324273,-13.218229,7.469482,182.249366,0.000000,1
905.700000,,,,,,,,,,,,,,28.128829,-82.324275,-13.257451,7.416886,182.529499,0.000000,1
905.800000,,,,,,,,,,,,,,28.128824,-82.324276,-13.296672,7.364290,182.809632,0.000000,1
905.900000,,,,,,,,,,,,,,28.128818,-82.324278,-13.335894,7.311694,183.089765,0.000000,1
906.000000,,,,,,,,,,,,,,28.128813,-82.324279,-13.375115,7.259098,183.369898,0.000000,1
906.100000,,,,,,,,,,,,,,28.128807,-82.324281,-13.414337,7.206501,183.650032,0.000000,1
906.200000,,,,,,,,,,,,,,28.128802,-82.324282,-13.453558,7.153905,183.930165,0.000000,1
906.300000,,,,,,,,,,,,,,28.128796,-82.324283,-13.438432,6.982450,184.618557,0.000000,1
906.400000,,,,,,,,,,,,,,28.128791,-82.324283,-13.421629,6.807326,185.319551,0.000000,1
906.500000,,,,,,,,,,,,,,28.128785,-82.324283,-13.404825,6.632202,186.020545,0.000000,1
906.600000,,,,,,,,,,,,,,28.128780,-82.324283,-13.388022,6.457077,186.721539,0.000000,1
906.700000,,,,,,,,,,,,,,28.128774,-82.324283,-13.371218,6.281953,187.422533,0.000000,1
906.800000,,,,,,,,,,,,,,28.128769,-82.324284,-13.354414,6.106829,188.123527,0.000000,1
906.900000,,,,,,,,,,,,,,28.128763,-82.324284,-13.337611,5.931705,188.824521,0.000000,1
907.000000,,,,,,,,,,,,,,28.128758,-82.324284,-13.320807,5.756581,189.525515,0.000000,1
907.100000,,,,,,,,,,,,,,28.128752,-82.324284,-13.304004,5.581456,190.226509,0.000000,1
907.200000,,,,,,,,,,,,,,28.128747,-82.324285,-13.287200,5.406332,190.927503,0.000000,1
907.300000,,,,,,,,,,,,,,28.128742,-82.324285,-13.326671,5.275163,191.137180,0.000000,1
907.400000,,,,,,,,,,,,,,28.128737,-82.324286,-13.370573,5.147455,191.308173,0.000000,1
907.500000,,,,,,,,,,,,,,28.128732,-82.324287,-13.414474,5.019746,191.479166,0.000000,1
907.600000,,,,,,,,,,,,,,28.128727,-82.324288,-13.458376,4.892038,191.650159,0.000000,1
907.700000,,,,,,,,,,,,,,28.128722,-82.324288,-13.502278,4.764330,191.821152,0.000000,1
907.800000,,,,,,,,,,,,,,28.128718,-82.324289,-13.546180,4.636621,191.992144,0.000000,1
907.900000,,,,,,,,,,,,,,28.128713,-82.324290,-13.590081,4.508913,192.163137,0.000000,1
908.000000,,,,,,,,,,,,,,28.128708,-82.324291,-13.633983,4.381205,192.334130,0.000000,1
908.100000,,,,,,,,,,,,,,28.128703,-82.324291,-13.677885,4.253496,192.505123,0.000000,1
908.200000,,,,,,,,,,,,,,28.128700,-82.324292,-13.666571,4.145553,193.179917,0.000000,1
908.300000,,,,,,,,,,,,,,28.128696,-82.324293,-13.655246,4.037614,193.854813,0.000000,1
908.400000,,,,,,,,,,,,,,28.128692,-82.324293,-13.643921,3.929675,194.529709,0.000000,1
908.500000,,,,,,,,,,,,,,28.128689,-82.324294,-13.632595,3.821736,195.204604,0.000000,1
908.600000,,,,,,,,,,,,,,28.128685,-82.324294,-13.621270,3.713797,195.879500,0.000000,1
908.700000,,,,,,,,,,,,,,28.128681,-82.324295,-13.609945,3.605857,196.554396,0.000000,1
908.800000,,,,,,,,,,,,,,28.128678,-82.324296,-13.598620,3.497918,197.229292,0.000000,1
908.900000,,,,,,,,,,,,,,28.128674,-82.324296,-13.587295,3.389979,197.904188,0.000000,1
909.000000,,,,,,,,,,,,,,28.128670,-82.324297,-13.575970,3.282040,198.579083,0.000000,1
909.100000,,,,,,,,,,,,,,28.128667,-82.324297,-13.564645,3.174101,199.253979,0.000000,1
909.200000,,,,,,,,,,,,,,28.128665,-82.324298,-13.533542,3.079388,200.158112,0.000000,1
909.300000,,,,,,,,,,,,,,28.128663,-82.324299,-13.501933,2.985015,201.068120,0.000000,1
909.400000,,,,,,,,,,,,,,28.128661,-82.324300,-13.470323,2.890641,201.978127,0.000000,1
909.500000,,,,,,,,,,,,,,28.128659,-82.324302,-13.438714,2.796268,202.888135,0.000000,1
909.600000,,,,,,,,,,,,,,28.128657,-82.324303,-13.407104,2.701894,203.798143,0.000000,1
909.700000,,,,,,,,,,,,,,28.128655,-82.324304,-13.375495,2.607520,204.708151,0.000000,1
909.800000,,,,,,,,,,,,,,28.128653,-82.324305,-13.343885,2.513147,205.618158,0.000000,1
909.900000,,,,,,,,,,,,,,28.128651,-82.324306,-13.312276,2.418773,206.528166,0.000000,1
910.000000,,,,,,,,,,,,,,28.128649,-82.324307,-13.280666,2.324400,207.438174,0.000000,1
910.100000,,,,,,,,,,,,,,28.128647,-82.324308,-13.249057,2.230026,208.348182,0.000000,1
910.200000,,,,,,,,,,,,,,28.128645,-82.324308,-13.262774,2.126199,208.274256,0.000000,1
910.300000,,,,,,,,,,,,,,28.128643,-82.324309,-13.278392,2.021976,208.159064,0.000000,1
910.400000,,,,,,,,,,,,,,28.128642,-82.324309,-13.294010,1.917753,208.043871,0.000000,1
910.500000,,,,,,,,,,,,,,28.128640,-82.324310,-13.309628,1.813530,207.928679,0.000000,1
910.600000,,,,,,,,,,,,,,28.128638,-82.324310,-13.325246,1.709307,207.813487,0.000000,1
910.700000,,,,,,,,,,,,,,28.128637,-82.324310,-13.340864,1.605084,207.698295,0.000000,1
910.800000,,,,,,,,,,,,,,28.128635,-82.324311,-13.356482,1.500861,207.583102,0.000000,1
910.900000,,,,,,,,,,,,,,28.128633,-82.324311,-13.372100,1.396638,207.467910,0.000000,1
911.000000,,,,,,,,,,,,,,28.128632,-82.324312,-13.387718,1.292415,207.352718,0.000000,1
911.100000,,,,,,,,,,,,,,28.128630,-82.324312,-13.403336,1.188192,207.237525,0.000000,1
911.200000,,,,,,,,,,,,,,28.128629,-82.324312,-13.400302,1.190455,205.933255,0.000000,1
911.300000,,,,,,,,,,,,,,28.128628,-82.324312,-13.394740,1.207159,204.467740,0.000000,1
911.400000,,,,,,,,,,,,,,28.128627,-82.324313,-13.389177,1.223862,203.002225,0.000000,1
911.500000,,,,,,,,,,,,,,28.128626,-82.324313,-13.383614,1.240565,201.536710,0.000000,1
911.600000,,,,,,,,,,,,,,28.128625,-82.324313,-13.378051,1.257268,200.071195,0.000000,1
911.700000,,,,,,,,,,,,,,28.128624,-82.324313,-13.372488,1.273971,198.605680,0.000000,1
911.800000,,,,,,,,,,,,,,28.128623,-82.324313,-13.366926,1.290674,197.140165,0.000000,1
911.900000,,,,,,,,,,,,,,28.128622,-82.324313,-13.361363,1.307377,195.674650,0.000000,1
912.000000,,,,,,,,,,,,,,28.128621,-82.324313,-13.355800,1.324080,194.209135,0.000000,1
912.100000,,,,,,,,,,,,,,28.128620,-82.324314,-13.350237,1.340783,192.743620,0.000000,1
912.200000,,,,,,,,,,,,,,28.128618,-82.324313,-13.329495,1.323618,191.564409,0.000000,1
912.300000,,,,,,,,,,,,,,28.128617,-82.324312,-13.296509,1.279136,190.616129,0.000000,1
912.400000,,,,,,,,,,,,,,28.128616,-82.324312,-13.263523,1.234653,189.667849,0.000000,1
912.500000,,,,,,,,,,,,,,28.128615,-82.324311,-13.230537,1.190170,188.719568,0.000000,1
912.600000,,,,,,,,,,,,,,28.128614,-82.324310,-13.197551,1.145688,187.771288,0.000000,1
912.700000,,,,,,,,,,,,,,28.128612,-82.324310,-13.164565,1.101205,186.823007,0.000000,1
912.800000,,,,,,,,,,,,,,28.128611,-82.324309,-13.131579,1.056723,185.874727,0.000000,1
912.900000,,,,,,,,,,,,,,28.128610,-82.324308,-13.098593,1.012240,184.926446,0.000000,1
913.000000,,,,,,,,,,,,,,28.128609,-82.324307,-13.065607,0.967758,183.978166,0.000000,1
913.100000,,,,,,,,,,,,,,28.128608,-82.324307,-13.032621,0.923275,183.029885,0.000000,1
913.200000,,,,,,,,,,,,,,28.128606,-82.324306,-12.999635,0.878793,182.081605,0.000000,1
913.300000,,,,,,,,,,,,,,28.128605,-82.324306,-13.011519,0.861913,182.013718,0.000000,1
913.400000,,,,,,,,,,,,,,28.128604,-82.324305,-13.026863,0.847162,182.013718,0.000000,1
913.500000,,,,,,,,,,,,,,28.128603,-82.324305,-13.042207,0.832410,182.013718,0.000000,1
913.600000,,,,,,,,,,,,,,28.128601,-82.324305,-13.057551,0.817659,182.013718,0.000000,1
913.700000,,,,,,,,,,,,,,28.128600,-82.324305,-13.072894,0.802908,182.013718,0.000000,1
913.800000,,,,,,,,,,,,,,28.128599,-82.324305,-13.088238,0.788157,182.013718,0.000000,1
913.900000,,,,,,,,,,,,,,28.128597,-82.324304,-13.103582,0.773406,182.013718,0.000000,1
914.000000,,,,,,,,,,,,,,28.128596,-82.324304,-13.118926,0.758654,182.013718,0.000000,1
914.100000,,,,,,,,,,,,,,28.128595,-82.324304,-13.134270,0.743903,182.013718,0.000000,1
914.200000,,,,,,,,,,,,,,28.128594,-82.324305,-13.213444,0.838879,185.814287,0.000000,1
914.300000,,,,,,,,,,,,,,28.128593,-82.324306,-13.294622,0.937298,189.734144,0.000000,1
914.400000,,,,,,,,,,,,,,28.128593,-82.324307,-13.375800,1.035718,193.654000,0.000000,1
914.500000,,,,,,,,,,,,,,28.128592,-82.324308,-13.456978,1.134137,197.573857,0.000000,1
914.600000,,,,,,,,,,,,,,28.128591,-82.324309,-13.538155,1.232557,201.493713,0.000000,1
914.700000,,,,,,,,,,,,,,28.128591,-82.324309,-13.619333,1.330976,205.413569,0.000000,1
914.800000,,,,,,,,,,,,,,28.128590,-82.324310,-13.700511,1.429396,209.333426,0.000000,1
914.900000,,,,,,,,,,,,,,28.128589,-82.324311,-13.781688,1.527815,213.253282,0.000000,1
915.000000,,,,,,,,,,,,,,28.128589,-82.324312,-13.862866,1.626235,217.173139,0.000000,1
915.100000,,,,,,,,,,,,,,28.128588,-82.324313,-13.944044,1.724654,221.092995,0.000000,1
915.200000,,,,,,,,,,,,,,28.128587,-82.324314,-13.959022,1.771641,219.407282,0.000000,1
915.300000,,,,,,,,,,,,,,28.128585,-82.324314,-13.970076,1.815578,217.389218,0.000000,1
915.400000,,,,,,,,,,,,,,28.128584,-82.324315,-13.981129,1.859515,215.371154,0.000000,1
915.500000,,,,,,,,,,,,,,28.128583,-82.324316,-13.992183,1.903452,213.353090,0.000000,1
915.600000,,,,,,,,,,,,,,28.128581,-82.324316,-14.003236,1.947389,211.335026,0.000000,1
915.700000,,,,,,,,,,,,,,28.128580,-82.324317,-14.014290,1.991326,209.316962,0.000000,1
915.800000,,,,,,,,,,,,,,28.128579,-82.324318,-14.025343,2.035263,207.298898,0.000000,1
915.900000,,,,,,,,,,,,,,28.128577,-82.324318,-14.036397,2.079200,205.280834,0.000000,1
916.000000,,,,,,,,,,,,,,28.128576,-82.324319,-14.047450,2.123137,203.262770,0.000000,1
916.100000,,,,,,,,,,,,,,28.128575,-82.324320,-14.058504,2.167074,201.244706,0.000000,1
916.200000,,,,,,,,,,,,,,28.128573,-82.324320,-14.012110,2.202989,201.767435,0.000000,1
916.300000,,,,,,,,,,,,,,28.128571,-82.324321,-13.964767,2.238772,202.332112,0.000000,1
916.400000,,,,,,,,,,,,,,28.128570,-82.324322,-13.917425,2.274554,202.896788,0.000000,1
916.500000,,,,,,,,,,,,,,28.128568,-82.324322,-13.870082,2.310337,203.461465,0.000000,1
916.600000,,,,,,,,,,,,,,28.128566,-82.324323,-13.822739,2.346120,204.026142,0.000000,1
916.700000,,,,,,,,,,,,,,28.128565,-82.324323,-13.775397,2.381903,204.590819,0.000000,1
916.800000,,,,,,,,,,,,,,28.128563,-82.324324,-13.728054,2.417685,205.155496,0.000000,1
916.900000,,,,,,,,,,,,,,28.128561,-82.324325,-13.680712,2.453468,205.720173,0.000000,1
917.000000,,,,,,,,,,,,,,28.128560,-82.324325,-13.633369,2.489251,206.284849,0.000000,1
917.100000,,,,,,,,,,,,,,28.128558,-82.324326,-13.586026,2.525034,206.849526,0.000000,1
917.200000,,,,,,,,,,,,,,28.128556,-82.324326,-13.538684,2.560816,207.414203,0.000000,1
917.300000,,,,,,,,,,,,,,28.128555,-82.324328,-13.543633,2.554570,207.794873,0.000000,1
917.400000,,,,,,,,,,,,,,28.128553,-82.324329,-13.550186,2.547035,208.169897,0.000000,1
917.500000,,,,,,,,,,,,,,28.128551,-82.324330,-13.556740,2.539499,208.544921,0.000000,1
917.600000,,,,,,,,,,,,,,28.128550,-82.324331,-13.563293,2.531963,208.919944,0.000000,1
917.700000,,,,,,,,,,,,,,28.128548,-82.324333,-13.569846,2.524427,209.294968,0.000000,1
917.800000,,,,,,,,,,,,,,28.128546,-82.324334,-13.576400,2.516892,209.669991,0.000000,1
917.900000,,,,,,,,,,,,,,28.128544,-82.324335,-13.582953,2.509356,210.045015,0.000000,1
918.000000,,,,,,,,,,,,,,28.128543,-82.324336,-13.589507,2.501820,210.420039,0.000000,1
918.100000,,,,,,,,,,,,,,28.128541,-82.324338,-13.596060,2.494284,210.795062,0.000000,1
918.200000,,,,,,,,,,,,,,28.128539,-82.324339,-13.602614,2.486749,211.170086,0.000000,1
918.300000,,,,,,,,,,,,,,28.128537,-82.324341,-13.672817,2.462179,211.176927,0.000000,1
918.400000,,,,,,,,,,,,,,28.128535,-82.324342,-13.746942,2.436560,211.161086,0.000000,1
918.500000,,,,,,,,,,,,,,28.128533,-82.324344,-13.821066,2.410941,211.145246,0.000000,1
918.600000,,,,,,,,,,,,,,28.128531,-82.324345,-13.895191,2.385322,211.129405,0.000000,1
918.700000,,,,,,,,,,,,,,28.128529,-82.324347,-13.969316,2.359703,211.113564,0.000000,1
918.800000,,,,,,,,,,,,,,28.128527,-82.324348,-14.043440,2.334083,211.097723,0.000000,1
918.900000,,,,,,,,,,,,,,28.128525,-82.324350,-14.117565,2.308464,211.081882,0.000000,1
919.000000,,,,,,,,,,,,,,28.128522,-82.324352,-14.191690,2.282845,211.066041,0.000000,1
919.100000,,,,,,,,,,,,,,28.128520,-82.324353,-14.265814,2.257226,211.050201,0.000000,1
919.200000,,,,,,,,,,,,,,28.128518,-82.324355,-14.339939,2.231607,211.034360,0.000000,1
919.300000,,,,,,,,,,,,,,28.128517,-82.324356,-14.337767,2.187132,210.761698,0.000000,1
919.400000,,,,,,,,,,,,,,28.128515,-82.324358,-14.332154,2.141807,210.477453,0.000000,1
919.500000,,,,,,,,,,,,,,28.128514,-82.324359,-14.326541,2.096482,210.193209,0.000000,1
919.600000,,,,,,,,,,,,,,28.128513,-82.324360,-14.320927,2.051157,209.908965,0.000000,1
919.700000,,,,,,,,,,,,,,28.128511,-82.324362,-14.315314,2.005832,209.624721,0.000000,1
919.800000,,,,,,,,,,,,,,28.128510,-82.324363,-14.309701,1.960507,209.340477,0.000000,1
919.900000,,,,,,,,,,,,,,28.128509,-82.324365,-14.304088,1.915182,209.056232,0.000000,1
920.000000,,,,,,,,,,,,,,28.128507,-82.324366,-14.298475,1.869857,208.771988,0.000000,1
920.100000,,,,,,,,,,,,,,28.128506,-82.324367,-14.292862,1.824532,208.487744,0.000000,1
920.200000,,,,,,,,,,,,,,28.128505,-82.324369,-14.287249,1.779206,208.203500,0.000000,1
920.300000,,,,,,,,,,,,,,28.128504,-82.324370,-14.315708,1.815633,208.229641,0.000000,1
920.400000,,,,,,,,,,,,,,28.128503,-82.324372,-14.346108,1.856716,208.273456,0.000000,1
920.500000,,,,,,,,,,,,,,28.128502,-82.324374,-14.376508,1.897798,208.317271,0.000000,1
920.600000,,,,,,,,,,,,,,28.128501,-82.324375,-14.406907,1.938880,208.361086,0.000000,1
920.700000,,,,,,,,,,,,,,28.128500,-82.324377,-14.437307,1.979962,208.404901,0.000000,1
920.800000,,,,,,,,,,,,,,28.128499,-82.324379,-14.467707,2.021044,208.448716,0.000000,1
920.900000,,,,,,,,,,,,,,28.128498,-82.324380,-14.498107,2.062126,208.492531,0.000000,1
921.000000,,,,,,,,,,,,,,28.128497,-82.324382,-14.528506,2.103208,208.536347,0.000000,1
921.100000,,,,,,,,,,,,,,28.128496,-82.324384,-14.558906,2.144290,208.580162,0.000000,1
921.200000,,,,,,,,,,,,,,28.128495,-82.324385,-14.589306,2.185372,208.623977,0.000000,1
921.300000,,,,,,,,,,,,,,28.128493,-82.324386,-14.651690,2.257863,208.168295,0.000000,1
921.400000,,,,,,,,,,,,,,28.128490,-82.324388,-14.716101,2.332343,207.680971,0.000000,1
921.500000,,,,,,,,,,,,,,28.128488,-82.324389,-14.780511,2.406823,207.193647,0.000000,1
921.600000,,,,,,,,,,,,,,28.128486,-82.324390,-14.844922,2.481304,206.706323,0.000000,1
921.700000,,,,,,,,,,,,,,28.128484,-82.324391,-14.909332,2.555784,206.218999,0.000000,1
921.800000,,,,,,,,,,,,,,28.128482,-82.324392,-14.973743,2.630264,205.731675,0.000000,1
921.900000,,,,,,,,,,,,,,28.128480,-82.324393,-15.038153,2.704744,205.244350,0.000000,1
922.000000,,,,,,,,,,,,,,28.128478,-82.324394,-15.102564,2.779225,204.757026,0.000000,1
922.100000,,,,,,,,,,,,,,28.128476,-82.324396,-15.166974,2.853705,204.269702,0.000000,1
922.200000,,,,,,,,,,,,,,28.128473,-82.324397,-15.217992,2.959883,204.327989,0.000000,1
922.300000,,,,,,,,,,,,,,28.128471,-82.324399,-15.268708,3.066775,204.398560,0.000000,1
922.400000,,,,,,,,,,,,,,28.128468,-82.324400,-15.319424,3.173667,204.469131,0.000000,1
922.500000,,,,,,,,,,,,,,28.128465,-82.324402,-15.370141,3.280559,204.539702,0.000000,1
922.600000,,,,,,,,,,,,,,28.128463,-82.324403,-15.420857,3.387451,204.610272,0.000000,1
922.700000,,,,,,,,,,,,,,28.128460,-82.324405,-15.471573,3.494343,204.680843,0.000000,1
922.800000,,,,,,,,,,,,,,28.128458,-82.324406,-15.522289,3.601234,204.751414,0.000000,1
922.900000,,,,,,,,,,,,,,28.128455,-82.324408,-15.573006,3.708126,204.821985,0.000000,1
923.000000,,,,,,,,,,,,,,28.128452,-82.324409,-15.623722,3.815018,204.892556,0.000000,1
923.100000,,,,,,,,,,,,,,28.128450,-82.324411,-15.674438,3.921910,204.963126,0.000000,1
923.200000,,,,,,,,,,,,,,28.128446,-82.324412,-15.693726,3.997048,204.056102,0.000000,1
923.300000,,,,,,,,,,,,,,28.128442,-82.324413,-15.711869,4.071029,203.113466,0.000000,1
923.400000,,,,,,,,,,,,,,28.128438,-82.324413,-15.730012,4.145011,202.170831,0.000000,1
923.500000,,,,,,,,,,,,,,28.128434,-82.324414,-15.748155,4.218992,201.228195,0.000000,1
923.600000,,,,,,,,,,,,,,28.128430,-82.324415,-15.766298,4.292973,200.285559,0.000000,1
923.700000,,,,,,,,,,,,,,28.128426,-82.324416,-15.784441,4.366955,199.342923,0.000000,1
923.800000,,,,,,,,,,,,,,28.128422,-82.324417,-15.802584,4.440936,198.400288,0.000000,1
923.900000,,,,,,,,,,,,,,28.128418,-82.324418,-15.820727,4.514917,197.457652,0.000000,1
924.000000,,,,,,,,,,,,,,28.128414,-82.324419,-15.838870,4.588899,196.515016,0.000000,1
924.100000,,,,,,,,,,,,,,28.128410,-82.324420,-15.857013,4.662880,195.572380,0.000000,1
924.200000,,,,,,,,,,,,,,28.128406,-82.324421,-15.887411,4.746294,194.267282,0.000000,1
924.300000,,,,,,,,,,,,,,28.128401,-82.324423,-15.962912,4.864417,191.628313,0.000000,1
924.400000,,,,,,,,,,,,,,28.128395,-82.324424,-16.038413,4.982540,188.989345,0.000000,1
924.500000,,,,,,,,,,,,,,28.128390,-82.324426,-16.113913,5.100663,186.350376,0.000000,1
924.600000,,,,,,,,,,,,,,28.128385,-82.324428,-16.189414,5.218787,183.711408,0.000000,1
924.700000,,,,,,,,,,,,,,28.128380,-82.324430,-16.264914,5.336910,181.072439,0.000000,1
924.800000,,,,,,,,,,,,,,28.128375,-82.324432,-16.340415,5.455033,178.433471,0.000000,1
924.900000,,,,,,,,,,,,,,28.128369,-82.324433,-16.415916,5.573156,175.794503,0.000000,1
925.000000,,,,,,,,,,,,,,28.128364,-82.324435,-16.491416,5.691280,173.155534,0.000000,1
925.100000,,,,,,,,,,,,,,28.128359,-82.324437,-16.566917,5.809403,170.516566,0.000000,1
925.200000,,,,,,,,,,,,,,28.128354,-82.324436,-16.707683,5.886884,168.566382,0.000000,1
925.300000,,,,,,,,,,,,,,28.128350,-82.324434,-16.865058,5.954021,166.791494,0.000000,1
925.400000,,,,,,,,,,,,,,28.128346,-82.324432,-17.022434,6.021158,165.016606,0.000000,1
925.500000,,,,,,,,,,,,,,28.128341,-82.324430,-17.179810,6.088296,163.241718,0.000000,1
925.600000,,,,,,,,,,,,,,28.128337,-82.324429,-17.337186,6.155433,161.466830,0.000000,1
925.700000,,,,,,,,,,,,,,28.128332,-82.324427,-17.494561,6.222570,159.691941,0.000000,1
925.800000,,,,,,,,,,,,,,28.128328,-82.324425,-17.651937,6.289708,157.917053,0.000000,1
925.900000,,,,,,,,,,,,,,28.128324,-82.324423,-17.809313,6.356845,156.142165,0.000000,1
926.000000,,,,,,,,,,,,,,28.128319,-82.324421,-17.966689,6.423982,154.367277,0.000000,1
926.100000,,,,,,,,,,,,,,28.128315,-82.324419,-18.124064,6.491120,152.592388,0.000000,1
926.200000,,,,,,,,,,,,,,28.128311,-82.324418,-18.281440,6.558257,150.817500,0.000000,1
926.300000,,,,,,,,,,,,,,28.128305,-82.324414,-18.336620,6.685702,150.745711,0.000000,1
926.400000,,,,,,,,,,,,,,28.128299,-82.324410,-18.385168,6.817061,150.784448,0.000000,1
926.500000,,,,,,,,,,,,,,28.128294,-82.324406,-18.433716,6.948420,150.823184,0.000000,1
926.600000,,,,,,,,,,,,,,28.128288,-82.324402,-18.482263,7.079778,150.861920,0.000000,1
926.700000,,,,,,,,,,,,,,28.128282,-82.324399,-18.530811,7.211137,150.900657,0.000000,1
926.800000,,,,,,,,,,,,,,28.128277,-82.324395,-18.579359,7.342496,150.939393,0.000000,1
926.900000,,,,,,,,,,,,,,28.128271,-82.324391,-18.627907,7.473855,150.978130,0.000000,1
927.000000,,,,,,,,,,,,,,28.128265,-82.324387,-18.676455,7.605214,151.016866,0.000000,1
927.100000,,,,,,,,,,,,,,28.128259,-82.324383,-18.725002,7.736572,151.055602,0.000000,1
927.200000,,,,,,,,,,,,,,28.128254,-82.324379,-18.773550,7.867931,151.094339,0.000000,1
927.300000,,,,,,,,,,,,,,28.128247,-82.324374,-18.786793,7.896050,150.832454,0.000000,1
927.400000,,,,,,,,,,,,,,28.128240,-82.324369,-18.796646,7.914256,150.541704,0.000000,1
927.500000,,,,,,,,,,,,,,28.128233,-82.324364,-18.806499,7.932461,150.250954,0.000000,1
927.600000,,,,,,,,,,,,,,28.128226,-82.324359,-18.816352,7.950667,149.960204,0.000000,1
927.700000,,,,,,,,,,,,,,28.128219,-82.324354,-18.826204,7.968872,149.669454,0.000000,1
927.800000,,,,,,,,,,,,,,28.128212,-82.324349,-18.836057,7.987078,149.378704,0.000000,1
927.900000,,,,,,,,,,,,,,28.128205,-82.324343,-18.845910,8.005283,149.087954,0.000000,1
928.000000,,,,,,,,,,,,,,28.128198,-82.324338,-18.855763,8.023489,148.797204,0.000000,1
928.100000,,,,,,,,,,,,,,28.128191,-82.324333,-18.865431,8.041180,148.512668,0.000000,1
928.200000,,,,,,,,,,,,,,28.128185,-82.324329,-18.868472,8.040370,148.451383,0.000000,1
928.300000,,,,,,,,,,,,,,28.128178,-82.324325,-18.871513,8.039560,148.390097,0.000000,1
928.400000,,,,,,,,,,,,,,28.128172,-82.324321,-18.874553,8.038750,148.328812,0.000000,1
928.500000,,,,,,,,,,,,,,28.128166,-82.324317,-18.877594,8.037941,148.267526,0.000000,1
928.600000,,,,,,,,,,,,,,28.128160,-82.324312,-18.880635,8.037131,148.206241,0.000000,1
928.700000,,,,,,,,,,,,,,28.128154,-82.324308,-18.883675,8.036321,148.144955,0.000000,1
928.800000,,,,,,,,,,,,,,28.128147,-82.324304,-18.886716,8.035512,148.083669,0.000000,1
928.900000,,,,,,,,,,,,,,28.128141,-82.324300,-18.889757,8.034702,148.022384,0.000000,1
929.000000,,,,,,,,,,,,,,28.128135,-82.324296,-18.892798,8.033892,147.961098,0.000000,1
929.100000,,,,,,,,,,,,,,28.128129,-82.324292,-18.895838,8.033082,147.899813,0.000000,1
929.200000,,,,,,,,,,,,,,28.128124,-82.324287,-18.874668,7.996476,147.584528,0.000000,1
929.300000,,,,,,,,,,,,,,28.128119,-82.324283,-18.851515,7.956937,147.248435,0.000000,1
929.400000,,,,,,,,,,,,,,28.128114,-82.324278,-18.828362,7.917398,146.912342,0.000000,1
929.500000,,,,,,,,,,,,,,28.128109,-82.324274,-18.805208,7.877859,146.576249,0.000000,1
929.600000,,,,,,,,,,,,,,28.128104,-82.324269,-18.782055,7.838320,146.240155,0.000000,1
929.700000,,,,,,,,,,,,,,28.128099,-82.324265,-18.758902,7.798781,145.904062,0.000000,1
929.800000,,,,,,,,,,,,,,28.128094,-82.324260,-18.735748,7.759242,145.567969,0.000000,1
929.900000,,,,,,,,,,,,,,28.128089,-82.324255,-18.712595,7.719703,145.231876,0.000000,1
930.000000,,,,,,,,,,,,,,28.128084,-82.324251,-18.689442,7.680164,144.895782,0.000000,1
930.100000,,,,,,,,,,,,,,28.128079,-82.324246,-18.666288,7.640625,144.559689,0.000000,1
930.200000,,,,,,,,,,,,,,28.128075,-82.324242,-18.643135,7.601086,144.223596,0.000000,1
930.300000,,,,,,,,,,,,,,28.128069,-82.324238,-18.616635,7.537796,144.418828,0.000000,1
930.400000,,,,,,,,,,,,,,28.128063,-82.324234,-18.590032,7.473776,144.630384,0.000000,1
930.500000,,,,,,,,,,,,,,28.128057,-82.324230,-18.563430,7.409757,144.841941,0.000000,1
930.600000,,,,,,,,,,,,,,28.128051,-82.324227,-18.536827,7.345737,145.053498,0.000000,1
930.700000,,,,,,,,,,,,,,28.128045,-82.324223,-18.510224,7.281717,145.265054,0.000000,1
930.800000,,,,,,,,,,,,,,28.128039,-82.324219,-18.483622,7.217698,145.476611,0.000000,1
930.900000,,,,,,,,,,,,,,28.128033,-82.324215,-18.457019,7.153678,145.688167,0.000000,1
931.000000,,,,,,,,,,,,,,28.128028,-82.324211,-18.430416,7.089658,145.899724,0.000000,1
931.100000,,,,,,,,,,,,,,28.128022,-82.324208,-18.403814,7.025639,146.111281,0.000000,1
931.200000,,,,,,,,,,,,,,28.128016,-82.324204,-18.377211,6.961619,146.322837,0.000000,1
931.300000,,,,,,,,,,,,,,28.128011,-82.324199,-18.292485,6.800219,144.965381,0.000000,1
931.400000,,,,,,,,,,,,,,28.128007,-82.324195,-18.201901,6.629004,143.449774,0.000000,1
931.500000,,,,,,,,,,,,,,28.128002,-82.324190,-18.111317,6.457788,141.934168,0.000000,1
931.600000,,,,,,,,,,,,,,28.127998,-82.324185,-18.020733,6.286573,140.418562,0.000000,1
931.700000,,,,,,,,,,,,,,28.127993,-82.324181,-17.930149,6.115357,138.902955,0.000000,1
931.800000,,,,,,,,,,,,,,28.127989,-82.324176,-17.839565,5.944142,137.387349,0.000000,1
931.900000,,,,,,,,,,,,,,28.127984,-82.324171,-17.748981,5.772926,135.871743,0.000000,1
932.000000,,,,,,,,,,,,,,28.127979,-82.324167,-17.658397,5.601711,134.356136,0.000000,1
932.100000,,,,,,,,,,,,,,28.127975,-82.324162,-17.567813,5.430495,132.840530,0.000000,1
932.200000,,,,,,,,,,,,,,28.127973,-82.324159,-17.434065,5.330820,131.420334,0.000000,1
932.300000,,,,,,,,,,,,,,28.127971,-82.324155,-17.297602,5.235642,130.006137,0.000000,1
932.400000,,,,,,,,,,,,,,28.127969,-82.324152,-17.161140,5.140465,128.591940,0.000000,1
932.500000,,,,,,,,,,,,,,28.127966,-82.324149,-17.024677,5.045288,127.177744,0.000000,1
932.600000,,,,,,,,,,,,,,28.127964,-82.324145,-16.888215,4.950111,125.763547,0.000000,1
932.700000,,,,,,,,,,,,,,28.127962,-82.324142,-16.751752,4.854934,124.349350,0.000000,1
932.800000,,,,,,,,,,,,,,28.127960,-82.324139,-16.615290,4.759756,122.935153,0.000000,1
932.900000,,,,,,,,,,,,,,28.127958,-82.324135,-16.478828,4.664579,121.520957,0.000000,1
933.000000,,,,,,,,,,,,,,28.127956,-82.324132,-16.342365,4.569402,120.106760,0.000000,1
933.100000,,,,,,,,,,,,,,28.127954,-82.324129,-16.205903,4.474225,118.692563,0.000000,1
933.200000,,,,,,,,,,,,,,28.127952,-82.324125,-16.069440,4.379048,117.278366,0.000000,1
933.300000,,,,,,,,,,,,,,28.127951,-82.324121,-16.040335,4.282213,115.856901,0.000000,1
933.400000,,,,,,,,,,,,,,28.127950,-82.324117,-16.017431,4.185283,114.435015,0.000000,1
933.500000,,,,,,,,,,,,,,28.127948,-82.324112,-15.994528,4.088353,113.013130,0.000000,1
933.600000,,,,,,,,,,,,,,28.127947,-82.324108,-15.971625,3.991423,111.591245,0.000000,1
933.700000,,,,,,,,,,,,,,28.127946,-82.324104,-15.948722,3.894493,110.169359,0.000000,1
933.800000,,,,,,,,,,,,,,28.127945,-82.324099,-15.925818,3.797562,108.747474,0.000000,1
933.900000,,,,,,,,,,,,,,28.127944,-82.324095,-15.902915,3.700632,107.325588,0.000000,1
934.000000,,,,,,,,,,,,,,28.127943,-82.324091,-15.880012,3.603702,105.903703,0.000000,1
934.100000,,,,,,,,,,,,,,28.127941,-82.324086,-15.857109,3.506772,104.481817,0.000000,1
934.200000,,,,,,,,,,,,,,28.127940,-82.324082,-15.834206,3.409842,103.059932,0.000000,1
934.300000,,,,,,,,,,,,,,28.127940,-82.324078,-15.846810,3.370591,102.480246,0.000000,1
934.400000,,,,,,,,,,,,,,28.127941,-82.324074,-15.860966,3.333859,101.937339,0.000000,1
934.500000,,,,,,,,,,,,,,28.127941,-82.324071,-15.875122,3.297128,101.394432,0.000000,1
934.600000,,,,,,,,,,,,,,28.127941,-82.324067,-15.889277,3.260396,100.851526,0.000000,1
934.700000,,,,,,,,,,,,,,28.127941,-82.324063,-15.903433,3.223664,100.308619,0.000000,1
934.800000,,,,,,,,,,,,,,28.127941,-82.324059,-15.917588,3.186932,99.765712,0.000000,1
934.900000,,,,,,,,,,,,,,28.127941,-82.324056,-15.931744,3.150201,99.222806,0.000000,1
935.000000,,,,,,,,,,,,,,28.127941,-82.324052,-15.945900,3.113469,98.679899,0.000000,1
935.100000,,,,,,,,,,,,,,28.127941,-82.324048,-15.960055,3.076737,98.136992,0.000000,1
935.200000,,,,,,,,,,,,,,28.127942,-82.324044,-15.974211,3.040006,97.594086,0.000000,1
935.300000,,,,,,,,,,,,,,28.127942,-82.324041,-16.038995,2.995641,97.126920,0.000000,1
935.400000,,,,,,,,,,,,,,28.127942,-82.324037,-16.106985,2.950794,96.664550,0.000000,1
935.500000,,,,,,,,,,,,,,28.127942,-82.324034,-16.174975,2.905946,96.202181,0.000000,1
935.600000,,,,,,,,,,,,,,28.127942,-82.324031,-16.242965,2.861099,95.739811,0.000000,1
935.700000,,,,,,,,,,,,,,28.127942,-82.324027,-16.310955,2.816251,95.277442,0.000000,1
935.800000,,,,,,,,,,,,,,28.127942,-82.324024,-16.378946,2.771403,94.815072,0.000000,1
935.900000,,,,,,,,,,,,,,28.127942,-82.324020,-16.446936,2.726556,94.352703,0.000000,1
936.000000,,,,,,,,,,,,,,28.127942,-82.324017,-16.514926,2.681708,93.890334,0.000000,1
936.100000,,,,,,,,,,,,,,28.127942,-82.324014,-16.582916,2.636861,93.427964,0.000000,1
936.200000,,,,,,,,,,,,,,28.127942,-82.324010,-16.650906,2.592013,92.965595,0.000000,1
936.300000,,,,,,,,,,,,,,28.127942,-82.324008,-16.653930,2.566836,92.924810,0.000000,1
936.400000,,,,,,,,,,,,,,28.127942,-82.324006,-16.652755,2.542929,92.911267,0.000000,1
936.500000,,,,,,,,,,,,,,28.127943,-82.324004,-16.651581,2.519022,92.897724,0.000000,1
936.600000,,,,,,,,,,,,,,28.127943,-82.324002,-16.650406,2.495116,92.884182,0.000000,1
936.700000,,,,,,,,,,,,,,28.127943,-82.323999,-16.649231,2.471209,92.870639,0.000000,1
936.800000,,,,,,,,,,,,,,28.127944,-82.323997,-16.648057,2.447303,92.857096,0.000000,1
936.900000,,,,,,,,,,,,,,28.127944,-82.323995,-16.646882,2.423396,92.843554,0.000000,1
937.000000,,,,,,,,,,,,,,28.127945,-82.323993,-16.645708,2.399489,92.830011,0.000000,1
937.100000,,,,,,,,,,,,,,28.127945,-82.323991,-16.644533,2.375583,92.816468,0.000000,1
937.200000,,,,,,,,,,,,,,28.127945,-82.323989,-16.643359,2.351676,92.802926,0.000000,1
937.300000,,,,,,,,,,,,,,28.127945,-82.323986,-16.600652,2.292915,92.573776,0.000000,1
937.400000,,,,,,,,,,,,,,28.127945,-82.323984,-16.557662,2.233915,92.343151,0.000000,1
937.500000,,,,,,,,,,,,,,28.127945,-82.323982,-16.514671,2.174915,92.112525,0.000000,1
937.600000,,,,,,,,,,,,,,28.127945,-82.323979,-16.471680,2.115915,91.881900,0.000000,1
937.700000,,,,,,,,,,,,,,28.127945,-82.323977,-16.428690,2.056915,91.651274,0.000000,1
937.800000,,,,,,,,,,,,,,28.127945,-82.323974,-16.385699,1.997914,91.420649,0.000000,1
937.900000,,,,,,,,,,,,,,28.127944,-82.323972,-16.342709,1.938914,91.190023,0.000000,1
938.000000,,,,,,,,,,,,,,28.127944,-82.323969,-16.299718,1.879914,90.959398,0.000000,1
938.100000,,,,,,,,,,,,,,28.127944,-82.323967,-16.256727,1.820914,90.728773,0.000000,1
938.200000,,,,,,,,,,,,,,28.127944,-82.323965,-16.213737,1.761914,90.498147,0.000000,1
938.300000,,,,,,,,,,,,,,28.127944,-82.323964,-16.203406,1.714265,89.460869,0.000000,1
938.400000,,,,,,,,,,,,,,28.127944,-82.323963,-16.195447,1.667440,88.365025,0.000000,1
938.500000,,,,,,,,,,,,,,28.127944,-82.323962,-16.187488,1.620614,87.269181,0.000000,1
938.600000,,,,,,,,,,,,,,28.127944,-82.323960,-16.179529,1.573789,86.173337,0.000000,1
938.700000,,,,,,,,,,,,,,28.127943,-82.323959,-16.171569,1.526964,85.077493,0.000000,1
938.800000,,,,,,,,,,,,,,28.127943,-82.323958,-16.163610,1.480139,83.981649,0.000000,1
938.900000,,,,,,,,,,,,,,28.127943,-82.323957,-16.155651,1.433313,82.885805,0.000000,1
939.000000,,,,,,,,,,,,,,28.127943,-82.323956,-16.147692,1.386488,81.789961,0.000000,1
939.100000,,,,,,,,,,,,,,28.127943,-82.323955,-16.139733,1.339663,80.694117,0.000000,1
939.200000,,,,,,,,,,,,,,28.127943,-82.323954,-16.131773,1.292838,79.598273,0.000000,1
939.300000,,,,,,,,,,,,,,28.127943,-82.323953,-16.090703,1.309003,78.624272,0.000000,1
939.400000,,,,,,,,,,,,,,28.127943,-82.323952,-16.049157,1.326075,77.652023,0.000000,1
939.500000,,,,,,,,,,,,,,28.127943,-82.323950,-16.007610,1.343147,76.679774,0.000000,1
939.600000,,,,,,,,,,,,,,28.127943,-82.323949,-15.966064,1.360219,75.707525,0.000000,1
939.700000,,,,,,,,,,,,,,28.127943,-82.323948,-15.924517,1.377291,74.735277,0.000000,1
939.800000,,,,,,,,,,,,,,28.127944,-82.323946,-15.882971,1.394362,73.763028,0.000000,1
939.900000,,,,,,,,,,,,,,28.127944,-82.323945,-15.841424,1.411434,72.790779,0.000000,1
940.000000,,,,,,,,,,,,,,28.127944,-82.323944,-15.799878,1.428506,71.818530,0.000000,1
940.100000,,,,,,,,,,,,,,28.127944,-82.323942,-15.758331,1.445578,70.846281,0.000000,1
940.200000,,,,,,,,,,,,,,28.127944,-82.323941,-15.716785,1.462650,69.874033,0.000000,1
940.300000,,,,,,,,,,,,,,28.127945,-82.323940,-15.705368,1.460684,68.531134,0.000000,1
940.400000,,,,,,,,,,,,,,28.127945,-82.323938,-15.694029,1.458668,67.187269,0.000000,1
940.500000,,,,,,,,,,,,,,28.127945,-82.323937,-15.682691,1.456652,65.843404,0.000000,1
940.600000,,,,,,,,,,,,,,28.127946,-82.323936,-15.671352,1.454637,64.499539,0.000000,1
940.700000,,,,,,,,,,,,,,28.127946,-82.323934,-15.660014,1.452621,63.155674,0.000000,1
940.800000,,,,,,,,,,,,,,28.127947,-82.323933,-15.648675,1.450605,61.811809,0.000000,1
940.900000,,,,,,,,,,,,,,28.127947,-82.323932,-15.637336,1.448590,60.467944,0.000000,1
941.000000,,,,,,,,,,,,,,28.127948,-82.323930,-15.625998,1.446574,59.124079,0.000000,1
941.100000,,,,,,,,,,,,,,28.127948,-82.323929,-15.614659,1.444558,57.780214,0.000000,1
941.200000,,,,,,,,,,,,,,28.127948,-82.323928,-15.603321,1.442542,56.436349,0.000000,1
941.300000,,,,,,,,,,,,,,28.127950,-82.323927,-15.701629,1.423059,54.190384,0.000000,1
941.400000,,,,,,,,,,,,,,28.127951,-82.323927,-15.801992,1.403249,51.927510,0.000000,1
941.500000,,,,,,,,,,,,,,28.127952,-82.323926,-15.902355,1.383438,49.664636,0.000000,1
941.600000,,,,,,,,,,,,,,28.127953,-82.323925,-16.002718,1.363627,47.401763,0.000000,1
941.700000,,,,,,,,,,,,,,28.127955,-82.323925,-16.103082,1.343817,45.138889,0.000000,1
941.800000,,,,,,,,,,,,,,28.127956,-82.323924,-16.203445,1.324006,42.876016,0.000000,1
941.900000,,,,,,,,,,,,,,28.127957,-82.323924,-16.303808,1.304196,40.613142,0.000000,1
942.000000,,,,,,,,,,,,,,28.127958,-82.323923,-16.404171,1.284385,38.350269,0.000000,1
942.100000,,,,,,,,,,,,,,28.127960,-82.323922,-16.504534,1.264575,36.087395,0.000000,1
942.200000,,,,,,,,,,,,,,28.127961,-82.323922,-16.604897,1.244764,33.824521,0.000000,1
942.300000,,,,,,,,,,,,,,28.127962,-82.323921,-16.673875,1.242596,33.449601,0.000000,1
942.400000,,,,,,,,,,,,,,28.127963,-82.323920,-16.742015,1.240899,33.125058,0.000000,1
942.500000,,,,,,,,,,,,,,28.127964,-82.323919,-16.810155,1.239203,32.800515,0.000000,1
942.600000,,,,,,,,,,,,,,28.127965,-82.323919,-16.878295,1.237506,32.475971,0.000000,1
942.700000,,,,,,,,,,,,,,28.127967,-82.323918,-16.946435,1.235809,32.151428,0.000000,1
942.800000,,,,,,,,,,,,,,28.127968,-82.323917,-17.014575,1.234112,31.826885,0.000000,1
942.900000,,,,,,,,,,,,,,28.127969,-82.323916,-17.082715,1.232415,31.502342,0.000000,1
943.000000,,,,,,,,,,,,,,28.127970,-82.323916,-17.150855,1.230718,31.177799,0.000000,1
943.100000,,,,,,,,,,,,,,28.127971,-82.323915,-17.218995,1.229022,30.853256,0.000000,1
943.200000,,,,,,,,,,,,,,28.127972,-82.323914,-17.287135,1.227325,30.528713,0.000000,1
943.300000,,,,,,,,,,,,,,28.127973,-82.323914,-17.229609,1.145068,30.506725,0.000000,1
943.400000,,,,,,,,,,,,,,28.127973,-82.323913,-17.162949,1.056957,30.506725,0.000000,1
943.500000,,,,,,,,,,,,,,28.127973,-82.323912,-17.096290,0.968846,30.506725,0.000000,1
943.600000,,,,,,,,,,,,,,28.127974,-82.323911,-17.029631,0.880735,30.506725,0.000000,1
943.700000,,,,,,,,,,,,,,28.127974,-82.323911,-16.962971,0.792625,30.506725,0.000000,1
943.800000,,,,,,,,,,,,,,28.127975,-82.323910,-16.896312,0.704514,30.506725,0.000000,1
943.900000,,,,,,,,,,,,,,28.127975,-82.323909,-16.829653,0.616403,30.506725,0.000000,1
944.000000,,,,,,,,,,,,,,28.127975,-82.323909,-16.762993,0.528292,30.506725,0.000000,1
944.100000,,,,,,,,,,,,,,28.127976,-82.323908,-16.696334,0.440181,30.506725,0.000000,1
944.200000,,,,,,,,,,,,,,28.127976,-82.323907,-16.629675,0.352070,30.506725,0.000000,1
944.300000,,,,,,,,,,,,,,28.127976,-82.323907,-16.592058,0.335131,30.506725,0.000000,1
944.400000,,,,,,,,,,,,,,28.127975,-82.323907,-16.555956,0.321906,30.506725,0.000000,1
944.500000,,,,,,,,,,,,,,28.127974,-82.323907,-16.519855,0.308681,30.506725,0.000000,1
944.600000,,,,,,,,,,,,,,28.127974,-82.323907,-16.483753,0.295455,30.506725,0.000000,1
944.700000,,,,,,,,,,,,,,28.127973,-82.323907,-16.447651,0.282230,30.506725,0.000000,1
944.800000,,,,,,,,,,,,,,28.127973,-82.323907,-16.411550,0.269004,30.506725,0.000000,1
944.900000,,,,,,,,,,,,,,28.127972,-82.323906,-16.375448,0.255779,30.506725,0.000000,1
945.000000,,,,,,,,,,,,,,28.127971,-82.323906,-16.339347,0.242554,30.506725,0.000000,1
945.100000,,,,,,,,,,,,,,28.127971,-82.323906,-16.303245,0.229328,30.506725,0.000000,1
945.200000,,,,,,,,,,,,,,28.127970,-82.323906,-16.267143,0.216103,30.506725,0.000000,1
945.300000,,,,,,,,,,,,,,28.127970,-82.323906,-16.272383,0.209366,30.506725,0.000000,1
945.400000,,,,,,,,,,,,,,28.127970,-82.323906,-16.279430,0.202912,30.506725,0.000000,1
945.500000,,,,,,,,,,,,,,28.127970,-82.323905,-16.286477,0.196458,30.506725,0.000000,1
945.600000,,,,,,,,,,,,,,28.127970,-82.323905,-16.293524,0.190005,30.506725,0.000000,1
945.700000,,,,,,,,,,,,,,28.127969,-82.323905,-16.300571,0.183551,30.506725,0.000000,1
945.800000,,,,,,,,,,,,,,28.127969,-82.323905,-16.307618,0.177098,30.506725,0.000000,1
945.900000,,,,,,,,,,,,,,28.127969,-82.323904,-16.314665,0.170644,30.506725,0.000000,1
946.000000,,,,,,,,,,,,,,28.127969,-82.323904,-16.321713,0.164191,30.506725,0.000000,1
946.100000,,,,,,,,,,,,,,28.127969,-82.323904,-16.328760,0.157737,30.506725,0.000000,1
946.200000,,,,,,,,,,,,,,28.127969,-82.323904,-16.335807,0.151284,30.506725,0.000000,1
946.300000,,,,,,,,,,,,,,28.127969,-82.323904,-16.375003,0.154905,30.506725,0.000000,1
946.400000,,,,,,,,,,,,,,28.127969,-82.323903,-16.414871,0.158736,30.506725,0.000000,1
946.500000,,,,,,,,,,,,,,28.127969,-82.323903,-16.454738,0.162567,30.506725,0.000000,1
946.600000,,,,,,,,,,,,,,28.127969,-82.323903,-16.494605,0.166398,30.506725,0.000000,1
946.700000,,,,,,,,,,,,,,28.127969,-82.323903,-16.534473,0.170230,30.506725,0.000000,1
946.800000,,,,,,,,,,,,,,28.127969,-82.323903,-16.574340,0.174061,30.506725,0.000000,1
946.900000,,,,,,,,,,,,,,28.127969,-82.323903,-16.614207,0.177892,30.506725,0.000000,1
947.000000,,,,,,,,,,,,,,28.127969,-82.323903,-16.654075,0.181723,30.506725,0.000000,1
947.100000,,,,,,,,,,,,,,28.127969,-82.323903,-16.693942,0.185555,30.506725,0.000000,1
947.200000,,,,,,,,,,,,,,28.127969,-82.323903,-16.733810,0.189386,30.506725,0.000000,1
947.300000,,,,,,,,,,,,,,28.127969,-82.323903,-16.699479,0.196884,30.506725,0.000000,1
947.400000,,,,,,,,,,,,,,28.127969,-82.323903,-16.658265,0.204723,30.506725,0.000000,1
947.500000,,,,,,,,,,,,,,28.127969,-82.323903,-16.617052,0.212561,30.506725,0.000000,1
947.600000,,,,,,,,,,,,,,28.127969,-82.323903,-16.575838,0.220399,30.506725,0.000000,1
947.700000,,,,,,,,,,,,,,28.127969,-82.323903,-16.534624,0.228238,30.506725,0.000000,1
947.800000,,,,,,,,,,,,,,28.127969,-82.323903,-16.493411,0.236076,30.506725,0.000000,1
947.900000,,,,,,,,,,,,,,28.127969,-82.323903,-16.452197,0.243914,30.506725,0.000000,1
948.000000,,,,,,,,,,,,,,28.127970,-82.323903,-16.410983,0.251753,30.506725,0.000000,1
948.100000,,,,,,,,,,,,,,28.127970,-82.323903,-16.369769,0.259591,30.506725,0.000000,1
948.200000,,,,,,,,,,,,,,28.127970,-82.323904,-16.328556,0.267429,30.506725,0.000000,1
948.300000,,,,,,,,,,,,,,28.127969,-82.323904,-16.330366,0.310005,30.506725,0.000000,1
948.400000,,,,,,,,,,,,,,28.127969,-82.323904,-16.335310,0.355111,30.506725,0.000000,1
948.500000,,,,,,,,,,,,,,28.127969,-82.323904,-16.340254,0.400216,30.506725,0.000000,1
948.600000,,,,,,,,,,,,,,28.127969,-82.323904,-16.345198,0.445322,30.506725,0.000000,1
948.700000,,,,,,,,,,,,,,28.127969,-82.323905,-16.350142,0.490427,30.506725,0.000000,1
948.800000,,,,,,,,,,,,,,28.127968,-82.323905,-16.355086,0.535533,30.506725,0.000000,1
948.900000,,,,,,,,,,,,,,28.127968,-82.323905,-16.360029,0.580639,30.506725,0.000000,1
949.000000,,,,,,,,,,,,,,28.127968,-82.323905,-16.364973,0.625744,30.506725,0.000000,1
949.100000,,,,,,,,,,,,,,28.127968,-82.323905,-16.369917,0.670850,30.506725,0.000000,1
949.200000,,,,,,,,,,,,,,28.127968,-82.323906,-16.374861,0.715955,30.506725,0.000000,1
949.300000,,,,,,,,,,,,,,28.127967,-82.323906,-16.392139,0.737190,48.524756,0.000000,1
949.400000,,,,,,,,,,,,,,28.127967,-82.323907,-16.409815,0.757656,67.122934,0.000000,1
949.500000,,,,,,,,,,,,,,28.127967,-82.323908,-16.427490,0.778122,85.721112,0.000000,1
949.600000,,,,,,,,,,,,,,28.127966,-82.323908,-16.445165,0.798588,104.319289,0.000000,1
949.700000,,,,,,,,,,,,,,28.127966,-82.323909,-16.462840,0.819054,122.917467,0.000000,1
949.800000,,,,,,,,,,,,,,28.127966,-82.323910,-16.480516,0.839520,141.515645,0.000000,1
949.900000,,,,,,,,,,,,,,28.127965,-82.323910,-16.498191,0.859986,160.113823,0.000000,1
950.000000,,,,,,,,,,,,,,28.127965,-82.323911,-16.515866,0.880452,178.712001,0.000000,1
950.100000,,,,,,,,,,,,,,28.127965,-82.323912,-16.533542,0.900918,197.310179,0.000000,1
950.200000,,,,,,,,,,,,,,28.127964,-82.323912,-16.551217,0.921384,215.908357,0.000000,1
950.300000,,,,,,,,,,,,,,28.127964,-82.323913,-16.577031,0.911381,216.632943,0.000000,1
950.400000,,,,,,,,,,,,,,28.127963,-82.323913,-16.603240,0.899901,216.490819,0.000000,1
950.500000,,,,,,,,,,,,,,28.127963,-82.323914,-16.629449,0.888421,216.348695,0.000000,1
950.600000,,,,,,,,,,,,,,28.127962,-82.323914,-16.655658,0.876941,216.206571,0.000000,1
950.700000,,,,,,,,,,,,,,28.127961,-82.323915,-16.681867,0.865461,216.064448,0.000000,1
950.800000,,,,,,,,,,,,,,28.127961,-82.323915,-16.708076,0.853982,215.922324,0.000000,1
950.900000,,,,,,,,,,,,,,28.127960,-82.323916,-16.734285,0.842502,215.780200,0.000000,1
951.000000,,,,,,,,,,,,,,28.127960,-82.323916,-16.760494,0.831022,215.638076,0.000000,1
951.100000,,,,,,,,,,,,,,28.127959,-82.323917,-16.786703,0.819542,215.495952,0.000000,1
951.200000,,,,,,,,,,,,,,28.127959,-82.323917,-16.731965,0.787286,215.487762,0.000000,1
951.300000,,,,,,,,,,,,,,28.127958,-82.323916,-16.672277,0.753760,215.487762,0.000000,1
951.400000,,,,,,,,,,,,,,28.127958,-82.323916,-16.612590,0.720233,215.487762,0.000000,1
951.500000,,,,,,,,,,,,,,28.127958,-82.323916,-16.552902,0.686707,215.487762,0.000000,1
951.600000,,,,,,,,,,,,,,28.127957,-82.323916,-16.493214,0.653181,215.487762,0.000000,1
951.700000,,,,,,,,,,,,,,28.127957,-82.323915,-16.433526,0.619655,215.487762,0.000000,1
951.800000,,,,,,,,,,,,,,28.127956,-82.323915,-16.373838,0.586128,215.487762,0.000000,1
951.900000,,,,,,,,,,,,,,28.127956,-82.323915,-16.314150,0.552602,215.487762,0.000000,1
952.000000,,,,,,,,,,,,,,28.127956,-82.323914,-16.254462,0.519076,215.487762,0.000000,1
952.100000,,,,,,,,,,,,,,28.127955,-82.323914,-16.194774,0.485550,215.487762,0.000000,1
952.200000,,,,,,,,,,,,,,28.127955,-82.323914,-16.135086,0.452023,215.487762,0.000000,1
952.300000,,,,,,,,,,,,,,28.127955,-82.323914,-16.124299,0.463667,215.487762,0.000000,1
952.400000,,,,,,,,,,,,,,28.127954,-82.323914,-16.114526,0.476248,215.487762,0.000000,1
952.500000,,,,,,,,,,,,,,28.127954,-82.323915,-16.104752,0.488828,215.487762,0.000000,1
952.600000,,,,,,,,,,,,,,28.127954,-82.323915,-16.094979,0.501409,215.487762,0.000000,1
952.700000,,,,,,,,,,,,,,28.127954,-82.323915,-16.085206,0.513990,215.487762,0.000000,1
952.800000,,,,,,,,,,,,,,28.127953,-82.323916,-16.075433,0.526571,215.487762,0.000000,1
952.900000,,,,,,,,,,,,,,28.127953,-82.323916,-16.065660,0.539152,215.487762,0.000000,1
953.000000,,,,,,,,,,,,,,28.127953,-82.323916,-16.055887,0.551733,215.487762,0.000000,1
953.100000,,,,,,,,,,,,,,28.127952,-82.323916,-16.046114,0.564313,215.487762,0.000000,1
953.200000,,,,,,,,,,,,,,28.127952,-82.323917,-16.036341,0.576894,215.487762,0.000000,1
953.300000,,,,,,,,,,,,,,28.127952,-82.323917,-16.052348,0.581852,215.487762,0.000000,1
953.400000,,,,,,,,,,,,,,28.127952,-82.323918,-16.070659,0.586130,215.487762,0.000000,1
953.500000,,,,,,,,,,,,,,28.127952,-82.323918,-16.088969,0.590407,215.487762,0.000000,1
953.600000,,,,,,,,,,,,,,28.127951,-82.323919,-16.107279,0.594685,215.487762,0.000000,1
953.700000,,,,,,,,,,,,,,28.127951,-82.323919,-16.125589,0.598962,215.487762,0.000000,1
953.800000,,,,,,,,,,,,,,28.127951,-82.323920,-16.143900,0.603239,215.487762,0.000000,1
953.900000,,,,,,,,,,,,,,28.127951,-82.323920,-16.162210,0.607517,215.487762,0.000000,1
954.000000,,,,,,,,,,,,,,28.127951,-82.323921,-16.180520,0.611794,215.487762,0.000000,1
954.100000,,,,,,,,,,,,,,28.127950,-82.323921,-16.198830,0.616072,215.487762,0.000000,1
954.200000,,,,,,,,,,,,,,28.127950,-82.323922,-16.217141,0.620349,215.487762,0.000000,1
954.300000,,,,,,,,,,,,,,28.127949,-82.323922,-16.167456,0.616333,215.487762,0.000000,1
954.400000,,,,,,,,,,,,,,28.127948,-82.323922,-16.114101,0.611868,215.487762,0.000000,1
954.500000,,,,,,,,,,,,,,28.127947,-82.323922,-16.060746,0.607404,215.487762,0.000000,1
954.600000,,,,,,,,,,,,,,28.127946,-82.323922,-16.007391,0.602940,215.487762,0.000000,1
954.700000,,,,,,,,,,,,,,28.127945,-82.323922,-15.954035,0.598475,215.487762,0.000000,1
954.800000,,,,,,,,,,,,,,28.127944,-82.323921,-15.900680,0.594011,215.487762,0.000000,1
954.900000,,,,,,,,,,,,,,28.127943,-82.323921,-15.847325,0.589547,215.487762,0.000000,1
955.000000,,,,,,,,,,,,,,28.127942,-82.323921,-15.793970,0.585083,215.487762,0.000000,1
955.100000,,,,,,,,,,,,,,28.127941,-82.323921,-15.740615,0.580618,215.487762,0.000000,1
955.200000,,,,,,,,,,,,,,28.127940,-82.323921,-15.687259,0.576154,215.487762,0.000000,1
955.300000,,,,,,,,,,,,,,28.127940,-82.323922,-15.638621,0.582780,215.487762,0.000000,1
955.400000,,,,,,,,,,,,,,28.127939,-82.323922,-15.590215,0.589955,215.487762,0.000000,1
955.500000,,,,,,,,,,,,,,28.127939,-82.323923,-15.541810,0.597130,215.487762,0.000000,1
955.600000,,,,,,,,,,,,,,28.127938,-82.323923,-15.493404,0.604305,215.487762,0.000000,1
955.700000,,,,,,,,,,,,,,28.127938,-82.323924,-15.444999,0.611479,215.487762,0.000000,1
955.800000,,,,,,,,,,,,,,28.127937,-82.323925,-15.396593,0.618654,215.487762,0.000000,1
955.900000,,,,,,,,,,,,,,28.127937,-82.323925,-15.348188,0.625829,215.487762,0.000000,1
956.000000,,,,,,,,,,,,,,28.127936,-82.323926,-15.299783,0.633004,215.487762,0.000000,1
956.100000,,,,,,,,,,,,,,28.127936,-82.323926,-15.251377,0.640178,215.487762,0.000000,1
956.200000,,,,,,,,,,,,,,28.127936,-82.323927,-15.202972,0.647353,215.487762,0.000000,1
956.300000,,,,,,,,,,,,,,28.127935,-82.323927,-15.217610,0.642177,215.487762,0.000000,1
956.400000,,,,,,,,,,,,,,28.127935,-82.323927,-15.234846,0.636493,215.487762,0.000000,1
956.500000,,,,,,,,,,,,,,28.127934,-82.323928,-15.252082,0.630808,215.487762,0.000000,1
956.600000,,,,,,,,,,,,,,28.127934,-82.323928,-15.269318,0.625123,215.487762,0.000000,1
956.700000,,,,,,,,,,,,,,28.127933,-82.323928,-15.286555,0.619438,215.487762,0.000000,1
956.800000,,,,,,,,,,,,,,28.127933,-82.323928,-15.303791,0.613753,215.487762,0.000000,1
956.900000,,,,,,,,,,,,,,28.127933,-82.323929,-15.321027,0.608069,215.487762,0.000000,1
957.000000,,,,,,,,,,,,,,28.127932,-82.323929,-15.338264,0.602384,215.487762,0.000000,1
957.100000,,,,,,,,,,,,,,28.127932,-82.323929,-15.355500,0.596699,215.487762,0.000000,1
957.200000,,,,,,,,,,,,,,28.127931,-82.323929,-15.372736,0.591014,215.487762,0.000000,1
957.300000,,,,,,,,,,,,,,28.127931,-82.323930,-15.394198,0.593712,215.487762,0.000000,1
957.400000,,,,,,,,,,,,,,28.127930,-82.323930,-15.415782,0.596653,215.487762,0.000000,1
957.500000,,,,,,,,,,,,,,28.127930,-82.323930,-15.437365,0.599593,215.487762,0.000000,1
957.600000,,,,,,,,,,,,,,28.127930,-82.323931,-15.458949,0.602533,215.487762,0.000000,1
957.700000,,,,,,,,,,,,,,28.127929,-82.323931,-15.480533,0.605473,215.487762,0.000000,1
957.800000,,,,,,,,,,,,,,28.127929,-82.323932,-15.502116,0.608413,215.487762,0.000000,1
957.900000,,,,,,,,,,,,,,28.127928,-82.323932,-15.523700,0.611353,215.487762,0.000000,1
958.000000,,,,,,,,,,,,,,28.127928,-82.323933,-15.545284,0.614293,215.487762,0.000000,1
958.100000,,,,,,,,,,,,,,28.127927,-82.323933,-15.566867,0.617233,215.487762,0.000000,1
958.200000,,,,,,,,,,,,,,28.127927,-82.323933,-15.588451,0.620173,215.487762,0.000000,1
958.300000,,,,,,,,,,,,,,28.127927,-82.323934,-15.510191,0.608126,215.487762,0.000000,1
958.400000,,,,,,,,,,,,,,28.127927,-82.323934,-15.430206,0.595819,215.487762,0.000000,1
958.500000,,,,,,,,,,,,,,28.127927,-82.323934,-15.350222,0.583513,215.487762,0.000000,1
958.600000,,,,,,,,,,,,,,28.127927,-82.323935,-15.270237,0.571207,215.487762,0.000000,1
958.700000,,,,,,,,,,,,,,28.127926,-82.323935,-15.190252,0.558900,215.487762,0.000000,1
958.800000,,,,,,,,,,,,,,28.127926,-82.323936,-15.110268,0.546594,215.487762,0.000000,1
958.900000,,,,,,,,,,,,,,28.127926,-82.323936,-15.030283,0.534287,215.487762,0.000000,1
959.000000,,,,,,,,,,,,,,28.127926,-82.323936,-14.950298,0.521981,215.487762,0.000000,1
959.100000,,,,,,,,,,,,,,28.127926,-82.323937,-14.870313,0.509674,215.487762,0.000000,1
959.200000,,,,,,,,,,,,,,28.127926,-82.323937,-14.790329,0.497368,215.487762,0.000000,1
959.300000,,,,,,,,,,,,,,28.127926,-82.323937,-14.726681,0.523192,215.487762,0.000000,1
959.400000,,,,,,,,,,,,,,28.127925,-82.323938,-14.663795,0.550793,215.487762,0.000000,1
959.500000,,,,,,,,,,,,,,28.127924,-82.323938,-14.600909,0.578395,215.487762,0.000000,1
959.600000,,,,,,,,,,,,,,28.127924,-82.323938,-14.538022,0.605996,215.487762,0.000000,1
959.700000,,,,,,,,,,,,,,28.127923,-82.323938,-14.475136,0.633598,215.487762,0.000000,1
959.800000,,,,,,,,,,,,,,28.127923,-82.323939,-14.412250,0.661199,215.487762,0.000000,1
959.900000,,,,,,,,,,,,,,28.127922,-82.323939,-14.349364,0.688801,215.487762,0.000000,1
960.000000,,,,,,,,,,,,,,28.127922,-82.323939,-14.286478,0.716402,215.487762,0.000000,1
960.100000,,,,,,,,,,,,,,28.127921,-82.323939,-14.223592,0.744004,215.487762,0.000000,1
960.200000,,,,,,,,,,,,,,28.127920,-82.323940,-14.160705,0.771606,215.487762,0.000000,1
960.300000,,,,,,,,,,,,,,28.127920,-82.323940,-14.144437,0.735788,215.487762,0.000000,1
960.400000,,,,,,,,,,,,,,28.127920,-82.323940,-14.134393,0.691504,215.487762,0.000000,1
960.500000,,,,,,,,,,,,,,28.127920,-82.323940,-14.124349,0.647219,215.487762,0.000000,1
960.600000,,,,,,,,,,,,,,28.127920,-82.323940,-14.114304,0.602935,215.487762,0.000000,1
960.700000,,,,,,,,,,,,,,28.127919,-82.323940,-14.104260,0.558650,215.487762,0.000000,1
960.800000,,,,,,,,,,,,,,28.127919,-82.323940,-14.094216,0.514366,215.487762,0.000000,1
960.900000,,,,,,,,,,,,,,28.127919,-82.323941,-14.084171,0.470082,215.487762,0.000000,1
961.000000,,,,,,,,,,,,,,28.127919,-82.323941,-14.074127,0.425797,215.487762,0.000000,1
961.100000,,,,,,,,,,,,,,28.127919,-82.323941,-14.064083,0.381513,215.487762,0.000000,1
961.200000,,,,,,,,,,,,,,28.127918,-82.323941,-14.054038,0.337228,215.487762,0.000000,1
961.300000,,,,,,,,,,,,,,28.127918,-82.323941,-14.055148,0.323330,215.487762,0.000000,1
961.400000,,,,,,,,,,,,,,28.127918,-82.323941,-14.056981,0.311403,215.487762,0.000000,1
961.500000,,,,,,,,,,,,,,28.127918,-82.323941,-14.058815,0.299476,215.487762,0.000000,1
961.600000,,,,,,,,,,,,,,28.127918,-82.323941,-14.060648,0.287549,215.487762,0.000000,1
961.700000,,,,,,,,,,,,,,28.127918,-82.323941,-14.062481,0.275622,215.487762,0.000000,1
961.800000,,,,,,,,,,,,,,28.127918,-82.323942,-14.064314,0.263694,215.487762,0.000000,1
961.900000,,,,,,,,,,,,,,28.127918,-82.323942,-14.066147,0.251767,215.487762,0.000000,1
962.000000,,,,,,,,,,,,,,28.127919,-82.323942,-14.067981,0.239840,215.487762,0.000000,1
962.100000,,,,,,,,,,,,,,28.127919,-82.323942,-14.069814,0.227913,215.487762,0.000000,1
962.200000,,,,,,,,,,,,,,28.127919,-82.323942,-14.071647,0.215985,215.487762,0.000000,1
962.300000,,,,,,,,,,,,,,28.127919,-82.323942,-14.053215,0.222088,215.487762,0.000000,1
962.400000,,,,,,,,,,,,,,28.127919,-82.323942,-14.033147,0.229646,215.487762,0.000000,1
962.500000,,,,,,,,,,,,,,28.127919,-82.323942,-14.013079,0.237204,215.487762,0.000000,1
962.600000,,,,,,,,,,,,,,28.127919,-82.323942,-13.993011,0.244763,215.487762,0.000000,1
962.700000,,,,,,,,,,,,,,28.127919,-82.323942,-13.972942,0.252321,215.487762,0.000000,1
962.800000,,,,,,,,,,,,,,28.127920,-82.323942,-13.952874,0.259879,215.487762,0.000000,1
962.900000,,,,,,,,,,,,,,28.127920,-82.323943,-13.932806,0.267438,215.487762,0.000000,1
963.000000,,,,,,,,,,,,,,28.127920,-82.323943,-13.912738,0.274996,215.487762,0.000000,1
963.100000,,,,,,,,,,,,,,28.127920,-82.323943,-13.892669,0.282554,215.487762,0.000000,1
963.200000,,,,,,,,,,,,,,28.127920,-82.323943,-13.874604,0.353187,215.269065,0.000000,1
963.300000,,,,,,,,,,,,,,28.127919,-82.323944,-13.856591,0.425493,215.044566,0.000000,1
963.400000,,,,,,,,,,,,,,28.127918,-82.323945,-13.838579,0.497799,214.820068,0.000000,1
963.500000,,,,,,,,,,,,,,28.127918,-82.323945,-13.820566,0.570105,214.595569,0.000000,1
963.600000,,,,,,,,,,,,,,28.127917,-82.323946,-13.802554,0.642411,214.371071,0.000000,1
963.700000,,,,,,,,,,,,,,28.127917,-82.323947,-13.784541,0.714717,214.146572,0.000000,1
963.800000,,,,,,,,,,,,,,28.127916,-82.323947,-13.766529,0.787024,213.922074,0.000000,1
963.900000,,,,,,,,,,,,,,28.127916,-82.323948,-13.748516,0.859330,213.697576,0.000000,1
964.000000,,,,,,,,,,,,,,28.127915,-82.323949,-13.730504,0.931636,213.473077,0.000000,1
964.100000,,,,,,,,,,,,,,28.127915,-82.323949,-13.712491,1.003942,213.248579,0.000000,1
964.200000,,,,,,,,,,,,,,28.127914,-82.323950,-13.643037,0.996644,209.214998,0.000000,1
964.300000,,,,,,,,,,,,,,28.127913,-82.323950,-13.570452,0.984503,204.949655,0.000000,1
964.400000,,,,,,,,,,,,,,28.127913,-82.323950,-13.497868,0.972362,200.684311,0.000000,1
964.500000,,,,,,,,,,,,,,28.127912,-82.323950,-13.425283,0.960220,196.418967,0.000000,1
964.600000,,,,,,,,,,,,,,28.127911,-82.323950,-13.352699,0.948079,192.153623,0.000000,1
964.700000,,,,,,,,,,,,,,28.127911,-82.323950,-13.280114,0.935938,187.888279,0.000000,1
964.800000,,,,,,,,,,,,,,28.127910,-82.323951,-13.207529,0.923797,183.622936,0.000000,1
964.900000,,,,,,,,,,,,,,28.127909,-82.323951,-13.134945,0.911656,179.357592,0.000000,1
965.000000,,,,,,,,,,,,,,28.127909,-82.323951,-13.062360,0.899514,175.092248,0.000000,1
965.100000,,,,,,,,,,,,,,28.127908,-82.323951,-12.989776,0.887373,170.826904,0.000000,1
965.200000,,,,,,,,,,,,,,28.127907,-82.323951,-12.980438,0.884720,170.984688,0.000000,1
965.300000,,,,,,,,,,,,,,28.127905,-82.323951,-12.972845,0.882328,171.264485,0.000000,1
965.400000,,,,,,,,,,,,,,28.127904,-82.323951,-12.965252,0.879936,171.544281,0.000000,1
965.500000,,,,,,,,,,,,,,28.127903,-82.323951,-12.957659,0.877544,171.824078,0.000000,1
965.600000,,,,,,,,,,,,,,28.127901,-82.323952,-12.950066,0.875152,172.103874,0.000000,1
965.700000,,,,,,,,,,,,,,28.127900,-82.323952,-12.942473,0.872760,172.383671,0.000000,1
965.800000,,,,,,,,,,,,,,28.127899,-82.323952,-12.934880,0.870369,172.663468,0.000000,1
965.900000,,,,,,,,,,,,,,28.127898,-82.323952,-12.927287,0.867977,172.943264,0.000000,1
966.000000,,,,,,,,,,,,,,28.127896,-82.323952,-12.919694,0.865585,173.223061,0.000000,1
966.100000,,,,,,,,,,,,,,28.127895,-82.323952,-12.912101,0.863193,173.502857,0.000000,1
966.200000,,,,,,,,,,,,,,28.127894,-82.323952,-12.980433,0.855760,173.521347,0.000000,1
966.300000,,,,,,,,,,,,,,28.127893,-82.323951,-13.054138,0.847970,173.521347,0.000000,1
966.400000,,,,,,,,,,,,,,28.127893,-82.323951,-13.127843,0.840180,173.521347,0.000000,1
966.500000,,,,,,,,,,,,,,28.127892,-82.323951,-13.201548,0.832389,173.521347,0.000000,1
966.600000,,,,,,,,,,,,,,28.127891,-82.323951,-13.275252,0.824599,173.521347,0.000000,1
966.700000,,,,,,,,,,,,,,28.127891,-82.323950,-13.348957,0.816809,173.521347,0.000000,1
966.800000,,,,,,,,,,,,,,28.127890,-82.323950,-13.422662,0.809019,173.521347,0.000000,1
966.900000,,,,,,,,,,,,,,28.127889,-82.323950,-13.496366,0.801229,173.521347,0.000000,1
967.000000,,,,,,,,,,,,,,28.127888,-82.323950,-13.570071,0.793439,173.521347,0.000000,1
967.100000,,,,,,,,,,,,,,28.127888,-82.323949,-13.643776,0.785649,173.521347,0.000000,1
967.200000,,,,,,,,,,,,,,28.127887,-82.323949,-13.596221,0.732162,173.521347,0.000000,1
967.300000,,,,,,,,,,,,,,28.127887,-82.323949,-13.544949,0.677274,173.521347,0.000000,1
967.400000,,,,,,,,,,,,,,28.127886,-82.323948,-13.493678,0.622387,173.521347,0.000000,1
967.500000,,,,,,,,,,,,,,28.127886,-82.323948,-13.442406,0.567500,173.521347,0.000000,1
967.600000,,,,,,,,,,,,,,28.127885,-82.323947,-13.391135,0.512613,173.521347,0.000000,1
967.700000,,,,,,,,,,,,,,28.127885,-82.323947,-13.339863,0.457725,173.521347,0.000000,1
967.800000,,,,,,,,,,,,,,28.127884,-82.323946,-13.288592,0.402838,173.521347,0.000000,1
967.900000,,,,,,,,,,,,,,28.127884,-82.323946,-13.237321,0.347951,173.521347,0.000000,1
968.000000,,,,,,,,,,,,,,28.127883,-82.323946,-13.186049,0.293064,173.521347,0.000000,1
968.100000,,,,,,,,,,,,,,28.127882,-82.323945,-13.134778,0.238176,173.521347,0.000000,1
968.200000,,,,,,,,,,,,,,28.127882,-82.323945,-13.083506,0.183289,173.521347,0.000000,1
968.300000,,,,,,,,,,,,,,28.127882,-82.323944,-13.030881,0.173194,173.521347,0.000000,1
968.400000,,,,,,,,,,,,,,28.127882,-82.323944,-12.978193,0.165166,173.521347,0.000000,1
968.500000,,,,,,,,,,,,,,28.127882,-82.323943,-12.925506,0.157138,173.521347,0.000000,1
968.600000,,,,,,,,,,,,,,28.127881,-82.323943,-12.872818,0.149110,173.521347,0.000000,1
968.700000,,,,,,,,,,,,,,28.127881,-82.323942,-12.820131,0.141082,173.521347,0.000000,1
968.800000,,,,,,,,,,,,,,28.127881,-82.323942,-12.767443,0.133053,173.521347,0.000000,1
968.900000,,,,,,,,,,,,,,28.127881,-82.323941,-12.714755,0.125025,173.521347,0.000000,1
969.000000,,,,,,,,,,,,,,28.127881,-82.323941,-12.662068,0.116997,173.521347,0.000000,1
969.100000,,,,,,,,,,,,,,28.127881,-82.323940,-12.609380,0.108969,173.521347,0.000000,1
969.200000,,,,,,,,,,,,,,28.127881,-82.323940,-12.556693,0.100941,173.521347,0.000000,1
969.300000,,,,,,,,,,,,,,28.127881,-82.323940,-12.517206,0.101790,173.521347,0.000000,1
969.400000,,,,,,,,,,,,,,28.127881,-82.323940,-12.478468,0.103142,173.521347,0.000000,1
969.500000,,,,,,,,,,,,,,28.127881,-82.323939,-12.439730,0.104494,173.521347,0.000000,1
969.600000,,,,,,,,,,,,,,28.127881,-82.323939,-12.400992,0.105847,173.521347,0.000000,1
969.700000,,,,,,,,,,,,,,28.127881,-82.323939,-12.362254,0.107199,173.521347,0.000000,1
969.800000,,,,,,,,,,,,,,28.127881,-82.323939,-12.323516,0.108551,173.521347,0.000000,1
969.900000,,,,,,,,,,,,,,28.127881,-82.323939,-12.284778,0.109903,173.521347,0.000000,1
970.000000,,,,,,,,,,,,,,28.127880,-82.323939,-12.246040,0.111255,173.521347,0.000000,1
970.100000,,,,,,,,,,,,,,28.127880,-82.323939,-12.207302,0.112607,173.521347,0.000000,1
970.200000,,,,,,,,,,,,,,28.127880,-82.323938,-12.168563,0.113959,173.521347,0.000000,1
970.300000,,,,,,,,,,,,,,28.127880,-82.323938,-12.121213,0.116884,173.521347,0.000000,1
970.400000,,,,,,,,,,,,,,28.127880,-82.323938,-12.073798,0.119820,173.521347,0.000000,1
970.500000,,,,,,,,,,,,,,28.127880,-82.323938,-12.026384,0.122756,173.521347,0.000000,1
970.600000,,,,,,,,,,,,,,28.127880,-82.323938,-11.978969,0.125691,173.521347,0.000000,1
970.700000,,,,,,,,,,,,,,28.127880,-82.323938,-11.931555,0.128627,173.521347,0.000000,1
970.800000,,,,,,,,,,,,,,28.127880,-82.323938,-11.884141,0.131563,173.521347,0.000000,1
970.900000,,,,,,,,,,,,,,28.127880,-82.323938,-11.836726,0.134499,173.521347,0.000000,1
971.000000,,,,,,,,,,,,,,28.127880,-82.323938,-11.789312,0.137435,173.521347,0.000000,1
971.100000,,,,,,,,,,,,,,28.127881,-82.323938,-11.741897,0.140371,173.521347,0.000000,1
971.200000,,,,,,,,,,,,,,28.127881,-82.323938,-11.694483,0.143307,173.521347,0.000000,1
971.300000,,,,,,,,,,,,,,28.127880,-82.323938,-11.621127,0.144375,173.521347,0.000000,1
971.400000,,,,,,,,,,,,,,28.127880,-82.323938,-11.546218,0.145331,173.521347,0.000000,1
971.500000,,,,,,,,,,,,,,28.127880,-82.323937,-11.471309,0.146287,173.521347,0.000000,1
971.600000,,,,,,,,,,,,,,28.127880,-82.323937,-11.396400,0.147243,173.521347,0.000000,1
971.700000,,,,,,,,,,,,,,28.127880,-82.323937,-11.321491,0.148199,173.521347,0.000000,1
971.800000,,,,,,,,,,,,,,28.127879,-82.323937,-11.246583,0.149155,173.521347,0.000000,1
971.900000,,,,,,,,,,,,,,28.127879,-82.323936,-11.171674,0.150111,173.521347,0.000000,1
972.000000,,,,,,,,,,,,,,28.127879,-82.323936,-11.096765,0.151068,173.521347,0.000000,1
972.100000,,,,,,,,,,,,,,28.127879,-82.323936,-11.021856,0.152024,173.521347,0.000000,1
972.200000,,,,,,,,,,,,,,28.127879,-82.323936,-10.946947,0.152980,173.521347,0.000000,1
972.300000,,,,,,,,,,,,,,28.127879,-82.323936,-10.915224,0.151258,173.521347,0.000000,1
972.400000,,,,,,,,,,,,,,28.127879,-82.323936,-10.886128,0.149373,173.521347,0.000000,1
972.500000,,,,,,,,,,,,,,28.127879,-82.323936,-10.857031,0.147489,173.521347,0.000000,1
972.600000,,,,,,,,,,,,,,28.127879,-82.323936,-10.827935,0.145604,173.521347,0.000000,1
972.700000,,,,,,,,,,,,,,28.127879,-82.323936,-10.798839,0.143720,173.521347,0.000000,1
972.800000,,,,,,,,,,,,,,28.127878,-82.323936,-10.769742,0.141835,173.521347,0.000000,1
972.900000,,,,,,,,,,,,,,28.127878,-82.323936,-10.740646,0.139950,173.521347,0.000000,1
973.000000,,,,,,,,,,,,,,28.127878,-82.323936,-10.711549,0.138066,173.521347,0.000000,1
973.100000,,,,,,,,,,,,,,28.127878,-82.323937,-10.682453,0.136181,173.521347,0.000000,1
973.200000,,,,,,,,,,,,,,28.127878,-82.323937,-10.653356,0.134297,173.521347,0.000000,1
973.300000,,,,,,,,,,,,,,28.127878,-82.323937,-10.655097,0.145611,173.521347,0.000000,1
973.400000,,,,,,,,,,,,,,28.127878,-82.323937,-10.657307,0.157127,173.521347,0.000000,1
973.500000,,,,,,,,,,,,,,28.127878,-82.323937,-10.659517,0.168642,173.521347,0.000000,1
973.600000,,,,,,,,,,,,,,28.127877,-82.323937,-10.661726,0.180157,173.521347,0.000000,1
973.700000,,,,,,,,,,,,,,28.127877,-82.323937,-10.663936,0.191672,173.521347,0.000000,1
973.800000,,,,,,,,,,,,,,28.127877,-82.323937,-10.666146,0.203187,173.521347,0.000000,1
973.900000,,,,,,,,,,,,,,28.127876,-82.323937,-10.668355,0.214703,173.521347,0.000000,1
974.000000,,,,,,,,,,,,,,28.127876,-82.323937,-10.670565,0.226218,173.521347,0.000000,1
974.100000,,,,,,,,,,,,,,28.127876,-82.323937,-10.672775,0.237733,173.521347,0.000000,1
974.200000,,,,,,,,,,,,,,28.127876,-82.323937,-10.674984,0.249248,173.521347,0.000000,1
974.300000,,,,,,,,,,,,,,28.127876,-82.323938,-10.699715,0.237366,173.521347,0.000000,1
974.400000,,,,,,,,,,,,,,28.127876,-82.323938,-10.725061,0.224846,173.521347,0.000000,1
974.500000,,,,,,,,,,,,,,28.127875,-82.323938,-10.750406,0.212326,173.521347,0.000000,1
974.600000,,,,,,,,,,,,,,28.127875,-82.323938,-10.775752,0.199806,173.521347,0.000000,1
974.700000,,,,,,,,,,,,,,28.127875,-82.323938,-10.801097,0.187286,173.521347,0.000000,1
974.800000,,,,,,,,,,,,,,28.127875,-82.323938,-10.826442,0.174766,173.521347,0.000000,1
974.900000,,,,,,,,,,,,,,28.127875,-82.323938,-10.851788,0.162246,173.521347,0.000000,1
975.000000,,,,,,,,,,,,,,28.127875,-82.323939,-10.877133,0.149726,173.521347,0.000000,1
975.100000,,,,,,,,,,,,,,28.127875,-82.323939,-10.902479,0.137206,173.521347,0.000000,1
975.200000,,,,,,,,,,,,,,28.127875,-82.323939,-10.927824,0.124686,173.521347,0.000000,1
975.300000,,,,,,,,,,,,,,28.127875,-82.323939,-10.994250,0.123616,173.521347,0.000000,1
975.400000,,,,,,,,,,,,,,28.127875,-82.323939,-11.063478,0.123327,173.521347,0.000000,1
975.500000,,,,,,,,,,,,,,28.127876,-82.323939,-11.132707,0.123038,173.521347,0.000000,1
975.600000,,,,,,,,,,,,,,28.127876,-82.323940,-11.201935,0.122749,173.521347,0.000000,1
975.700000,,,,,,,,,,,,,,28.127876,-82.323940,-11.271163,0.122460,173.521347,0.000000,1
975.800000,,,,,,,,,,,,,,28.127876,-82.323940,-11.340391,0.122171,173.521347,0.000000,1
975.900000,,,,,,,,,,,,,,28.127876,-82.323940,-11.409619,0.121882,173.521347,0.000000,1
976.000000,,,,,,,,,,,,,,28.127876,-82.323940,-11.478847,0.121593,173.521347,0.000000,1
976.100000,,,,,,,,,,,,,,28.127877,-82.323940,-11.548075,0.121304,173.521347,0.000000,1
976.200000,,,,,,,,,,,,,,28.127877,-82.323941,-11.617303,0.121014,173.521347,0.000000,1
976.300000,,,,,,,,,,,,,,28.127877,-82.323941,-11.617064,0.143276,173.521347,0.000000,1
976.400000,,,,,,,,,,,,,,28.127876,-82.323941,-11.612201,0.167039,173.521347,0.000000,1
976.500000,,,,,,,,,,,,,,28.127876,-82.323941,-11.607338,0.190801,173.521347,0.000000,1
976.600000,,,,,,,,,,,,,,28.127876,-82.323941,-11.602476,0.214564,173.521347,0.000000,1
976.700000,,,,,,,,,,,,,,28.127876,-82.323941,-11.597613,0.238327,173.521347,0.000000,1
976.800000,,,,,,,,,,,,,,28.127876,-82.323941,-11.592750,0.262089,173.521347,0.000000,1
976.900000,,,,,,,,,,,,,,28.127875,-82.323941,-11.587887,0.285852,173.521347,0.000000,1
977.000000,,,,,,,,,,,,,,28.127875,-82.323941,-11.583025,0.309614,173.521347,0.000000,1
977.100000,,,,,,,,,,,,,,28.127875,-82.323941,-11.578162,0.333377,173.521347,0.000000,1
977.200000,,,,,,,,,,,,,,28.127875,-82.323941,-11.573299,0.357140,173.521347,0.000000,1
977.300000,,,,,,,,,,,,,,28.127875,-82.323941,-11.534621,0.373170,173.521347,0.000000,1
977.400000,,,,,,,,,,,,,,28.127875,-82.323942,-11.494003,0.388757,173.521347,0.000000,1
977.500000,,,,,,,,,,,,,,28.127876,-82.323943,-11.453385,0.404344,173.521347,0.000000,1
977.600000,,,,,,,,,,,,,,28.127876,-82.323943,-11.412767,0.419931,173.521347,0.000000,1
977.700000,,,,,,,,,,,,,,28.127876,-82.323944,-11.372149,0.435518,173.521347,0.000000,1
977.800000,,,,,,,,,,,,,,28.127877,-82.323945,-11.331531,0.451105,173.521347,0.000000,1
977.900000,,,,,,,,,,,,,,28.127877,-82.323945,-11.290913,0.466693,173.521347,0.000000,1
978.000000,,,,,,,,,,,,,,28.127878,-82.323946,-11.250295,0.482280,173.521347,0.000000,1
978.100000,,,,,,,,,,,,,,28.127878,-82.323947,-11.209677,0.497867,173.521347,0.000000,1
978.200000,,,,,,,,,,,,,,28.127878,-82.323947,-11.169059,0.513454,173.521347,0.000000,1
978.300000,,,,,,,,,,,,,,28.127879,-82.323948,-11.167057,0.503063,173.521347,0.000000,1
978.400000,,,,,,,,,,,,,,28.127879,-82.323948,-11.165981,0.492049,173.521347,0.000000,1
978.500000,,,,,,,,,,,,,,28.127880,-82.323948,-11.164904,0.481035,173.521347,0.000000,1
978.600000,,,,,,,,,,,,,,28.127880,-82.323949,-11.163828,0.470021,173.521347,0.000000,1
978.700000,,,,,,,,,,,,,,28.127880,-82.323949,-11.162752,0.459007,173.521347,0.000000,1
978.800000,,,,,,,,,,,,,,28.127881,-82.323950,-11.161675,0.447994,173.521347,0.000000,1
978.900000,,,,,,,,,,,,,,28.127881,-82.323950,-11.160599,0.436980,173.521347,0.000000,1
979.000000,,,,,,,,,,,,,,28.127882,-82.323950,-11.159523,0.425966,173.521347,0.000000,1
979.100000,,,,,,,,,,,,,,28.127882,-82.323951,-11.158446,0.414952,173.521347,0.000000,1
979.200000,,,,,,,,,,,,,,28.127883,-82.323951,-11.157370,0.403938,173.521347,0.000000,1
979.300000,,,,,,,,,,,,,,28.127883,-82.323951,-11.175955,0.430623,173.521347,0.000000,1
979.400000,,,,,,,,,,,,,,28.127883,-82.323952,-11.196333,0.460744,173.521347,0.000000,1
979.500000,,,,,,,,,,,,,,28.127884,-82.323952,-11.216711,0.490864,173.521347,0.000000,1
979.600000,,,,,,,,,,,,,,28.127884,-82.323952,-11.237088,0.520985,173.521347,0.000000,1
979.700000,,,,,,,,,,,,,,28.127885,-82.323953,-11.257466,0.551106,173.521347,0.000000,1
979.800000,,,,,,,,,,,,,,28.127885,-82.323953,-11.277843,0.581227,173.521347,0.000000,1
979.900000,,,,,,,,,,,,,,28.127885,-82.323953,-11.298221,0.611347,173.521347,0.000000,1
980.000000,,,,,,,,,,,,,,28.127886,-82.323954,-11.318598,0.641468,173.521347,0.000000,1
980.100000,,,,,,,,,,,,,,28.127886,-82.323954,-11.338976,0.671589,173.521347,0.000000,1
980.200000,,,,,,,,,,,,,,28.127887,-82.323954,-11.359353,0.701709,173.521347,0.000000,1
980.300000,,,,,,,,,,,,,,28.127887,-82.323954,-11.409578,0.695193,173.521347,0.000000,1
980.400000,,,,,,,,,,,,,,28.127887,-82.323954,-11.462228,0.685700,173.521347,0.000000,1
980.500000,,,,,,,,,,,,,,28.127888,-82.323954,-11.514877,0.676207,173.521347,0.000000,1
980.600000,,,,,,,,,,,,,,28.127888,-82.323954,-11.567527,0.666713,173.521347,0.000000,1
980.700000,,,,,,,,,,,,,,28.127888,-82.323954,-11.620176,0.657220,173.521347,0.000000,1
980.800000,,,,,,,,,,,,,,28.127889,-82.323955,-11.672826,0.647727,173.521347,0.000000,1
980.900000,,,,,,,,,,,,,,28.127889,-82.323955,-11.725476,0.638234,173.521347,0.000000,1
981.000000,,,,,,,,,,,,,,28.127889,-82.323955,-11.778125,0.628741,173.521347,0.000000,1
981.100000,,,,,,,,,,,,,,28.127890,-82.323955,-11.830775,0.619248,173.521347,0.000000,1
981.200000,,,,,,,,,,,,,,28.127890,-82.323955,-11.883425,0.609755,173.521347,0.000000,1
981.300000,,,,,,,,,,,,,,28.127890,-82.323955,-11.853606,0.577777,173.521347,0.000000,1
981.400000,,,,,,,,,,,,,,28.127891,-82.323954,-11.817745,0.544151,173.521347,0.000000,1
981.500000,,,,,,,,,,,,,,28.127891,-82.323954,-11.781883,0.510526,173.521347,0.000000,1
981.600000,,,,,,,,,,,,,,28.127891,-82.323954,-11.746022,0.476900,173.521347,0.000000,1
981.700000,,,,,,,,,,,,,,28.127891,-82.323954,-11.710160,0.443275,173.521347,0.000000,1
981.800000,,,,,,,,,,,,,,28.127892,-82.323953,-11.674299,0.409649,173.521347,0.000000,1
981.900000,,,,,,,,,,,,,,28.127892,-82.323953,-11.638437,0.376024,173.521347,0.000000,1
982.000000,,,,,,,,,,,,,,28.127892,-82.323953,-11.602576,0.342398,173.521347,0.000000,1
982.100000,,,,,,,,,,,,,,28.127893,-82.323953,-11.566715,0.308773,173.521347,0.000000,1
982.200000,,,,,,,,,,,,,,28.127893,-82.323952,-11.530853,0.275147,173.521347,0.000000,1
982.300000,,,,,,,,,,,,,,28.127893,-82.323952,-11.493805,0.263757,173.521347,0.000000,1
982.400000,,,,,,,,,,,,,,28.127893,-82.323952,-11.456706,0.253329,173.521347,0.000000,1
982.500000,,,,,,,,,,,,,,28.127893,-82.323952,-11.419606,0.242900,173.521347,0.000000,1
982.600000,,,,,,,,,,,,,,28.127893,-82.323951,-11.382507,0.232471,173.521347,0.000000,1
982.700000,,,,,,,,,,,,,,28.127893,-82.323951,-11.345407,0.222042,173.521347,0.000000,1
982.800000,,,,,,,,,,,,,,28.127894,-82.323951,-11.308308,0.211614,173.521347,0.000000,1
982.900000,,,,,,,,,,,,,,28.127894,-82.323951,-11.271209,0.201185,173.521347,0.000000,1
983.000000,,,,,,,,,,,,,,28.127894,-82.323950,-11.234109,0.190756,173.521347,0.000000,1
983.100000,,,,,,,,,,,,,,28.127894,-82.323950,-11.197010,0.180328,173.521347,0.000000,1
983.200000,,,,,,,,,,,,,,28.127894,-82.323950,-11.159910,0.169899,173.521347,0.000000,1
983.300000,,,,,,,,,,,,,,28.127894,-82.323949,-11.136324,0.169327,173.521347,0.000000,1
983.400000,,,,,,,,,,,,,,28.127894,-82.323949,-11.113757,0.169498,173.521347,0.000000,1
983.500000,,,,,,,,,,,,,,28.127894,-82.323949,-11.091190,0.169670,173.521347,0.000000,1
983.600000,,,,,,,,,,,,,,28.127894,-82.323949,-11.068623,0.169842,173.521347,0.000000,1
983.700000,,,,,,,,,,,,,,28.127895,-82.323948,-11.046057,0.170013,173.521347,0.000000,1
983.800000,,,,,,,,,,,,,,28.127895,-82.323948,-11.023490,0.170185,173.521347,0.000000,1
983.900000,,,,,,,,,,,,,,28.127895,-82.323948,-11.000923,0.170356,173.521347,0.000000,1
984.000000,,,,,,,,,,,,,,28.127895,-82.323947,-10.978356,0.170528,173.521347,0.000000,1
984.100000,,,,,,,,,,,,,,28.127895,-82.323947,-10.955789,0.170699,173.521347,0.000000,1
984.200000,,,,,,,,,,,,,,28.127895,-82.323947,-10.933222,0.170871,173.521347,0.000000,1
984.300000,,,,,,,,,,,,,,28.127895,-82.323947,-10.914903,0.170322,173.521347,0.000000,1
984.400000,,,,,,,,,,,,,,28.127895,-82.323947,-10.896941,0.169713,173.521347,0.000000,1
984.500000,,,,,,,,,,,,,,28.127895,-82.323947,-10.878980,0.169104,173.521347,0.000000,1
984.600000,,,,,,,,,,,,,,28.127895,-82.323947,-10.861018,0.168495,173.521347,0.000000,1
984.700000,,,,,,,,,,,,,,28.127895,-82.323947,-10.843057,0.167885,173.521347,0.000000,1
984.800000,,,,,,,,,,,,,,28.127895,-82.323947,-10.825095,0.167276,173.521347,0.000000,1
984.900000,,,,,,,,,,,,,,28.127895,-82.323947,-10.807134,0.166667,173.521347,0.000000,1
985.000000,,,,,,,,,,,,,,28.127896,-82.323947,-10.789172,0.166058,173.521347,0.000000,1
985.100000,,,,,,,,,,,,,,28.127896,-82.323947,-10.771211,0.165449,173.521347,0.000000,1
985.200000,,,,,,,,,,,,,,28.127896,-82.323947,-10.753249,0.164840,173.521347,0.000000,1
985.300000,,,,,,,,,,,,,,28.127896,-82.323947,-10.798184,0.159351,173.521347,0.000000,1
985.400000,,,,,,,,,,,,,,28.127896,-82.323947,-10.847127,0.153551,173.521347,0.000000,1
985.500000,,,,,,,,,,,,,,28.127896,-82.323947,-10.896069,0.147752,173.521347,0.000000,1
985.600000,,,,,,,,,,,,,,28.127896,-82.323947,-10.945012,0.141952,173.521347,0.000000,1
985.700000,,,,,,,,,,,,,,28.127896,-82.323946,-10.993954,0.136152,173.521347,0.000000,1
985.800000,,,,,,,,,,,,,,28.127896,-82.323946,-11.042896,0.130353,173.521347,0.000000,1
985.900000,,,,,,,,,,,,,,28.127897,-82.323946,-11.091839,0.124553,173.521347,0.000000,1
986.000000,,,,,,,,,,,,,,28.127897,-82.323946,-11.140781,0.118753,173.521347,0.000000,1
986.100000,,,,,,,,,,,,,,28.127897,-82.323946,-11.189724,0.112954,173.521347,0.000000,1
986.200000,,,,,,,,,,,,,,28.127897,-82.323946,-11.238666,0.107154,173.521347,0.000000,1
986.300000,,,,,,,,,,,,,,28.127897,-82.323946,-11.228633,0.108705,173.521347,0.000000,1
986.400000,,,,,,,,,,,,,,28.127897,-82.323946,-11.216058,0.110573,173.521347,0.000000,1
986.500000,,,,,,,,,,,,,,28.127897,-82.323946,-11.203483,0.112441,173.521347,0.000000,1
986.600000,,,,,,,,,,,,,,28.127897,-82.323946,-11.190908,0.114308,173.521347,0.000000,1
986.700000,,,,,,,,,,,,,,28.127897,-82.323946,-11.178333,0.116176,173.521347,0.000000,1
986.800000,,,,,,,,,,,,,,28.127897,-82.323946,-11.165759,0.118044,173.521347,0.000000,1
986.900000,,,,,,,,,,,,,,28.127897,-82.323946,-11.153184,0.119911,173.521347,0.000000,1
987.000000,,,,,,,,,,,,,,28.127897,-82.323946,-11.140609,0.121779,173.521347,0.000000,1
987.100000,,,,,,,,,,,,,,28.127897,-82.323946,-11.128034,0.123647,173.521347,0.000000,1
987.200000,,,,,,,,,,,,,,28.127898,-82.323946,-11.115459,0.125515,173.521347,0.000000,1
987.300000,,,,,,,,,,,,,,28.127897,-82.323946,-11.100100,0.164602,173.521347,0.000000,1
987.400000,,,,,,,,,,,,,,28.127897,-82.323946,-11.084546,0.206297,173.521347,0.000000,1
987.500000,,,,,,,,,,,,,,28.127897,-82.323946,-11.068992,0.247993,173.521347,0.000000,1
987.600000,,,,,,,,,,,,,,28.127897,-82.323946,-11.053438,0.289689,173.521347,0.000000,1
987.700000,,,,,,,,,,,,,,28.127897,-82.323945,-11.037884,0.331385,173.521347,0.000000,1
987.800000,,,,,,,,,,,,,,28.127897,-82.323945,-11.022330,0.373080,173.521347,0.000000,1
987.900000,,,,,,,,,,,,,,28.127897,-82.323945,-11.006776,0.414776,173.521347,0.000000,1
988.000000,,,,,,,,,,,,,,28.127897,-82.323945,-10.991222,0.456472,173.521347,0.000000,1
988.100000,,,,,,,,,,,,,,28.127897,-82.323945,-10.975668,0.498168,173.521347,0.000000,1
988.200000,,,,,,,,,,,,,,28.127897,-82.323945,-10.960114,0.539863,173.521347,0.000000,1
988.300000,,,,,,,,,,,,,,28.127896,-82.323945,-10.921032,0.524276,173.521347,0.000000,1
988.400000,,,,,,,,,,,,,,28.127896,-82.323945,-10.879187,0.501963,173.521347,0.000000,1
988.500000,,,,,,,,,,,,,,28.127896,-82.323944,-10.837342,0.479650,173.521347,0.000000,1
988.600000,,,,,,,,,,,,,,28.127895,-82.323944,-10.795497,0.457337,173.521347,0.000000,1
988.700000,,,,,,,,,,,,,,28.127895,-82.323944,-10.753652,0.435024,173.521347,0.000000,1
988.800000,,,,,,,,,,,,,,28.127895,-82.323944,-10.711807,0.412712,173.521347,0.000000,1
988.900000,,,,,,,,,,,,,,28.127894,-82.323944,-10.669963,0.390399,173.521347,0.000000,1
989.000000,,,,,,,,,,,,,,28.127894,-82.323944,-10.628118,0.368086,173.521347,0.000000,1
989.100000,,,,,,,,,,,,,,28.127894,-82.323944,-10.586273,0.345773,173.521347,0.000000,1
989.200000,,,,,,,,,,,,,,28.127893,-82.323943,-10.544428,0.323460,173.521347,0.000000,1
989.300000,,,,,,,,,,,,,,28.127893,-82.323943,-10.481030,0.301235,173.521347,0.000000,1
989.400000,,,,,,,,,,,,,,28.127893,-82.323943,-10.416272,0.279016,173.521347,0.000000,1
989.500000,,,,,,,,,,,,,,28.127893,-82.323943,-10.351514,0.256796,173.521347,0.000000,1
989.600000,,,,,,,,,,,,,,28.127893,-82.323943,-10.286756,0.234577,173.521347,0.000000,1
989.700000,,,,,,,,,,,,,,28.127893,-82.323943,-10.221998,0.212358,173.521347,0.000000,1
989.800000,,,,,,,,,,,,,,28.127893,-82.323943,-10.157240,0.190138,173.521347,0.000000,1
989.900000,,,,,,,,,,,,,,28.127893,-82.323943,-10.092482,0.167919,173.521347,0.000000,1
990.000000,,,,,,,,,,,,,,28.127893,-82.323943,-10.027724,0.145699,173.521347,0.000000,1
990.100000,,,,,,,,,,,,,,28.127893,-82.323943,-9.962965,0.123480,173.521347,0.000000,1
990.200000,,,,,,,,,,,,,,28.127893,-82.323942,-9.898304,0.102010,173.521347,0.000000,1
990.300000,,,,,,,,,,,,,,28.127893,-82.323942,-9.843536,0.157114,173.521347,0.000000,1
990.400000,,,,,,,,,,,,,,28.127893,-82.323942,-9.788769,0.212218,173.521347,0.000000,1
990.500000,,,,,,,,,,,,,,28.127893,-82.323942,-9.734001,0.267323,173.521347,0.000000,1
990.600000,,,,,,,,,,,,,,28.127893,-82.323942,-9.679233,0.322427,173.521347,0.000000,1
990.700000,,,,,,,,,,,,,,28.127893,-82.323942,-9.624466,0.377531,173.521347,0.000000,1
990.800000,,,,,,,,,,,,,,28.127892,-82.323942,-9.569698,0.432635,173.521347,0.000000,1
990.900000,,,,,,,,,,,,,,28.127892,-82.323941,-9.514930,0.487739,173.521347,0.000000,1
991.000000,,,,,,,,,,,,,,28.127892,-82.323941,-9.460162,0.542843,173.521347,0.000000,1
991.100000,,,,,,,,,,,,,,28.127892,-82.323941,-9.405395,0.597947,173.521347,0.000000,1
991.200000,,,,,,,,,,,,,,28.127892,-82.323941,-9.350627,0.653051,173.521347,0.000000,1
991.300000,,,,,,,,,,,,,,28.127892,-82.323941,-9.314987,0.672050,173.601175,0.000000,1
991.400000,,,,,,,,,,,,,,28.127891,-82.323940,-9.280459,0.688951,173.685643,0.000000,1
991.500000,,,,,,,,,,,,,,28.127890,-82.323940,-9.245930,0.705852,173.770110,0.000000,1
991.600000,,,,,,,,,,,,,,28.127890,-82.323940,-9.211402,0.722753,173.854577,0.000000,1
991.700000,,,,,,,,,,,,,,28.127889,-82.323940,-9.176874,0.739653,173.939045,0.000000,1
991.800000,,,,,,,,,,,,,,28.127889,-82.323940,-9.142346,0.756554,174.023512,0.000000,1
991.900000,,,,,,,,,,,,,,28.127888,-82.323940,-9.107817,0.773455,174.107979,0.000000,1
992.000000,,,,,,,,,,,,,,28.127887,-82.323939,-9.073289,0.790356,174.192447,0.000000,1
992.100000,,,,,,,,,,,,,,28.127887,-82.323939,-9.038761,0.807257,174.276914,0.000000,1
992.200000,,,,,,,,,,,,,,28.127886,-82.323939,-9.004232,0.824157,174.361381,0.000000,1
992.300000,,,,,,,,,,,,,,28.127885,-82.323939,-9.000731,0.832164,173.856816,0.000000,1
992.400000,,,,,,,,,,,,,,28.127885,-82.323939,-8.998936,0.839682,173.319861,0.000000,1
992.500000,,,,,,,,,,,,,,28.127884,-82.323939,-8.997140,0.847200,172.782906,0.000000,1
992.600000,,,,,,,,,,,,,,28.127883,-82.323939,-8.995345,0.854718,172.245952,0.000000,1
992.700000,,,,,,,,,,,,,,28.127882,-82.323939,-8.993549,0.862236,171.708997,0.000000,1
992.800000,,,,,,,,,,,,,,28.127881,-82.323939,-8.991754,0.869754,171.172042,0.000000,1
992.900000,,,,,,,,,,,,,,28.127880,-82.323939,-8.989958,0.877272,170.635088,0.000000,1
993.000000,,,,,,,,,,,,,,28.127879,-82.323939,-8.988163,0.884789,170.098133,0.000000,1
993.100000,,,,,,,,,,,,,,28.127879,-82.323939,-8.986367,0.892307,169.561179,0.000000,1
993.200000,,,,,,,,,,,,,,28.127878,-82.323939,-8.984572,0.899825,169.024224,0.000000,1
993.300000,,,,,,,,,,,,,,28.127877,-82.323938,-8.913586,0.888265,168.986145,0.000000,1
993.400000,,,,,,,,,,,,,,28.127876,-82.323938,-8.837319,0.875250,168.986145,0.000000,1
993.500000,,,,,,,,,,,,,,28.127875,-82.323938,-8.761053,0.862234,168.986145,0.000000,1
993.600000,,,,,,,,,,,,,,28.127874,-82.323938,-8.684786,0.849218,168.986145,0.000000,1
993.700000,,,,,,,,,,,,,,28.127873,-82.323937,-8.608519,0.836202,168.986145,0.000000,1
993.800000,,,,,,,,,,,,,,28.127872,-82.323937,-8.532252,0.823186,168.986145,0.000000,1
993.900000,,,,,,,,,,,,,,28.127871,-82.323937,-8.455985,0.810170,168.986145,0.000000,1
994.000000,,,,,,,,,,,,,,28.127870,-82.323936,-8.379718,0.797154,168.986145,0.000000,1
994.100000,,,,,,,,,,,,,,28.127869,-82.323936,-8.303451,0.784139,168.986145,0.000000,1
994.200000,,,,,,,,,,,,,,28.127869,-82.323936,-8.227184,0.771123,168.986145,0.000000,1
994.300000,,,,,,,,,,,,,,28.127868,-82.323936,-8.214374,0.736539,168.986145,0.000000,1
994.400000,,,,,,,,,,,,,,28.127867,-82.323936,-8.206994,0.700109,168.986145,0.000000,1
994.500000,,,,,,,,,,,,,,28.127866,-82.323936,-8.199613,0.663679,168.986145,0.000000,1
994.600000,,,,,,,,,,,,,,28.127866,-82.323936,-8.192233,0.627249,168.986145,0.000000,1
994.700000,,,,,,,,,,,,,,28.127865,-82.323936,-8.184853,0.590819,168.986145,0.000000,1
994.800000,,,,,,,,,,,,,,28.127864,-82.323936,-8.177473,0.554389,168.986145,0.000000,1
994.900000,,,,,,,,,,,,,,28.127864,-82.323936,-8.170092,0.517959,168.986145,0.000000,1
995.000000,,,,,,,,,,,,,,28.127863,-82.323936,-8.162712,0.481529,168.986145,0.000000,1
995.100000,,,,,,,,,,,,,,28.127862,-82.323936,-8.155332,0.445099,168.986145,0.000000,1
995.200000,,,,,,,,,,,,,,28.127862,-82.323936,-8.147952,0.408669,168.986145,0.000000,1
995.300000,,,,,,,,,,,,,,28.127861,-82.323936,-8.179377,0.384777,168.986145,0.000000,1
995.400000,,,,,,,,,,,,,,28.127861,-82.323935,-8.213360,0.361710,168.986145,0.000000,1
995.500000,,,,,,,,,,,,,,28.127861,-82.323935,-8.247342,0.338644,168.986145,0.000000,1
995.600000,,,,,,,,,,,,,,28.127861,-82.323935,-8.281325,0.315577,168.986145,0.000000,1
995.700000,,,,,,,,,,,,,,28.127861,-82.323935,-8.315308,0.292511,168.986145,0.000000,1
995.800000,,,,,,,,,,,,,,28.127861,-82.323935,-8.349291,0.269444,168.986145,0.000000,1
995.900000,,,,,,,,,,,,,,28.127860,-82.323935,-8.383273,0.246378,168.986145,0.000000,1
996.000000,,,,,,,,,,,,,,28.127860,-82.323934,-8.417256,0.223311,168.986145,0.000000,1
996.100000,,,,,,,,,,,,,,28.127860,-82.323934,-8.451239,0.200245,168.986145,0.000000,1
996.200000,,,,,,,,,,,,,,28.127860,-82.323934,-8.485222,0.177178,168.986145,0.000000,1
996.300000,,,,,,,,,,,,,,28.127860,-82.323934,-8.468573,0.169643,168.986145,0.000000,1
996.400000,,,,,,,,,,,,,,28.127859,-82.323934,-8.450376,0.162583,168.986145,0.000000,1
996.500000,,,,,,,,,,,,,,28.127859,-82.323933,-8.432179,0.155523,168.986145,0.000000,1
996.600000,,,,,,,,,,,,,,28.127859,-82.323933,-8.413983,0.148463,168.986145,0.000000,1
996.700000,,,,,,,,,,,,,,28.127859,-82.323933,-8.395786,0.141403,168.986145,0.000000,1
996.800000,,,,,,,,,,,,,,28.127858,-82.323933,-8.377589,0.134342,168.986145,0.000000,1
996.900000,,,,,,,,,,,,,,28.127858,-82.323933,-8.359392,0.127282,168.986145,0.000000,1
997.000000,,,,,,,,,,,,,,28.127858,-82.323932,-8.341196,0.120222,168.986145,0.000000,1
997.100000,,,,,,,,,,,,,,28.127857,-82.323932,-8.322999,0.113162,168.986145,0.000000,1
997.200000,,,,,,,,,,,,,,28.127857,-82.323932,-8.304802,0.106102,168.986145,0.000000,1
997.300000,,,,,,,,,,,,,,28.127858,-82.323932,-8.369917,0.138764,168.986145,0.000000,1
997.400000,,,,,,,,,,,,,,28.127858,-82.323933,-8.445193,0.176270,168.986145,0.000000,1
997.500000,,,,,,,,,,,,,,28.127858,-82.323933,-8.520468,0.213777,168.986145,0.000000,1
997.600000,,,,,,,,,,,,,,28.127859,-82.323933,-8.595743,0.251284,168.986145,0.000000,1
997.700000,,,,,,,,,,,,,,28.127859,-82.323934,-8.671019,0.288790,168.986145,0.000000,1
997.800000,,,,,,,,,,,,,,28.127860,-82.323934,-8.746294,0.326297,168.986145,0.000000,1
997.900000,,,,,,,,,,,,,,28.127860,-82.323935,-8.821570,0.363803,168.986145,0.000000,1
998.000000,,,,,,,,,,,,,,28.127861,-82.323935,-8.896845,0.401310,168.986145,0.000000,1
998.100000,,,,,,,,,,,,,,28.127861,-82.323935,-8.972120,0.438817,168.986145,0.000000,1
998.200000,,,,,,,,,,,,,,28.127861,-82.323936,-9.047396,0.476323,168.986145,0.000000,1
998.300000,,,,,,,,,,,,,,28.127862,-82.323936,-9.121932,0.461341,168.986145,0.000000,1
998.400000,,,,,,,,,,,,,,28.127863,-82.323936,-9.196384,0.440366,168.986145,0.000000,1
998.500000,,,,,,,,,,,,,,28.127863,-82.323936,-9.270836,0.419392,168.986145,0.000000,1
998.600000,,,,,,,,,,,,,,28.127864,-82.323936,-9.345288,0.398418,168.986145,0.000000,1
998.700000,,,,,,,,,,,,,,28.127865,-82.323936,-9.419740,0.377443,168.986145,0.000000,1
998.800000,,,,,,,,,,,,,,28.127865,-82.323936,-9.494192,0.356469,168.986145,0.000000,1
998.900000,,,,,,,,,,,,,,28.127866,-82.323936,-9.568644,0.335495,168.986145,0.000000,1
999.000000,,,,,,,,,,,,,,28.127867,-82.323937,-9.643096,0.314521,168.986145,0.000000,1
999.100000,,,,,,,,,,,,,,28.127867,-82.323937,-9.717548,0.293546,168.986145,0.000000,1
999.200000,,,,,,,,,,,,,,28.127868,-82.323937,-9.792000,0.272572,168.986145,0.000000,1
999.300000,,,,,,,,,,,,,,28.127868,-82.323938,-9.911236,0.285581,168.986145,0.000000,1
999.400000,,,,,,,,,,,,,,28.127869,-82.323939,-10.036647,0.303275,168.986145,0.000000,1
999.500000,,,,,,,,,,,,,,28.127869,-82.323940,-10.162058,0.320969,168.986145,0.000000,1
999.600000,,,,,,,,,,,,,,28.127869,-82.323941,-10.287469,0.338663,168.986145,0.000000,1
999.700000,,,,,,,,,,,,,,28.127869,-82.323942,-10.412879,0.356357,168.986145,0.000000,1
999.800000,,,,,,,,,,,,,,28.127870,-82.323943,-10.538290,0.374051,168.986145,0.000000,1
999.900000,,,,,,,,,,,,,,28.127870,-82.323944,-10.663701,0.391744,168.986145,0.000000,1
1000.000000,,,,,,,,,,,,,,28.127870,-82.323945,-10.789112,0.409438,168.986145,0.000000,1
1000.100000,,,,,,,,,,,,,,28.127871,-82.323946,-10.914522,0.427132,168.986145,0.000000,1
1000.200000,,,,,,,,,,,,,,28.127871,-82.323947,-11.039933,0.444826,168.986145,0.000000,1
1000.300000,,,,,,,,,,,,,,28.127871,-82.323948,-11.046518,0.470289,168.986145,0.000000,1
1000.400000,,,,,,,,,,,,,,28.127872,-82.323948,-11.042145,0.496467,168.986145,0.000000,1
1000.500000,,,,,,,,,,,,,,28.127872,-82.323948,-11.037772,0.522646,168.986145,0.000000,1
1000.600000,,,,,,,,,,,,,,28.127873,-82.323948,-11.033398,0.548825,168.986145,0.000000,1
1000.700000,,,,,,,,,,,,,,28.127874,-82.323948,-11.029025,0.575004,168.986145,0.000000,1
1000.800000,,,,,,,,,,,,,,28.127874,-82.323948,-11.024652,0.601183,168.986145,0.000000,1
1000.900000,,,,,,,,,,,,,,28.127875,-82.323948,-11.020279,0.627362,168.986145,0.000000,1
1001.000000,,,,,,,,,,,,,,28.127875,-82.323948,-11.015906,0.653541,168.986145,0.000000,1
1001.100000,,,,,,,,,,,,,,28.127876,-82.323948,-11.011532,0.679719,168.986145,0.000000,1
1001.200000,,,,,,,,,,,,,,28.127876,-82.323948,-11.007159,0.705898,168.986145,0.000000,1
1001.300000,,,,,,,,,,,,,,28.127876,-82.323949,-11.080928,0.684625,168.986145,0.000000,1
1001.400000,,,,,,,,,,,,,,28.127877,-82.323949,-11.161982,0.658927,168.986145,0.000000,1
1001.500000,,,,,,,,,,,,,,28.127877,-82.323949,-11.243035,0.633229,168.986145,0.000000,1
1001.600000,,,,,,,,,,,,,,28.127877,-82.323949,-11.324089,0.607532,168.986145,0.000000,1
1001.700000,,,,,,,,,,,,,,28.127878,-82.323949,-11.405143,0.581834,168.986145,0.000000,1
1001.800000,,,,,,,,,,,,,,28.127878,-82.323950,-11.486197,0.556137,168.986145,0.000000,1
1001.900000,,,,,,,,,,,,,,28.127878,-82.323950,-11.567250,0.530439,168.986145,0.000000,1
1002.000000,,,,,,,,,,,,,,28.127879,-82.323950,-11.648304,0.504741,168.986145,0.000000,1
1002.100000,,,,,,,,,,,,,,28.127879,-82.323950,-11.729358,0.479044,168.986145,0.000000,1
1002.200000,,,,,,,,,,,,,,28.127879,-82.323951,-11.810412,0.453346,168.986145,0.000000,1
1002.300000,,,,,,,,,,,,,,28.127879,-82.323950,-11.832757,0.456491,168.986145,0.000000,1
1002.400000,,,,,,,,,,,,,,28.127879,-82.323950,-11.850543,0.461876,168.986145,0.000000,1
1002.500000,,,,,,,,,,,,,,28.127879,-82.323949,-11.868329,0.467261,168.986145,0.000000,1
1002.600000,,,,,,,,,,,,,,28.127879,-82.323949,-11.886115,0.472645,168.986145,0.000000,1
1002.700000,,,,,,,,,,,,,,28.127879,-82.323948,-11.903901,0.478030,168.986145,0.000000,1
1002.800000,,,,,,,,,,,,,,28.127879,-82.323948,-11.921687,0.483415,168.986145,0.000000,1
1002.900000,,,,,,,,,,,,,,28.127879,-82.323947,-11.939473,0.488800,168.986145,0.000000,1
1003.000000,,,,,,,,,,,,,,28.127879,-82.323947,-11.957259,0.494184,168.986145,0.000000,1
1003.100000,,,,,,,,,,,,,,28.127878,-82.323947,-11.975045,0.499569,168.986145,0.000000,1
1003.200000,,,,,,,,,,,,,,28.127878,-82.323946,-11.992831,0.504954,168.986145,0.000000,1
1003.300000,,,,,,,,,,,,,,28.127879,-82.323946,-12.081367,0.532436,168.986145,0.000000,1
1003.400000,,,,,,,,,,,,,,28.127880,-82.323946,-12.174179,0.561252,168.986145,0.000000,1
1003.500000,,,,,,,,,,,,,,28.127880,-82.323946,-12.266992,0.590069,168.986145,0.000000,1
1003.600000,,,,,,,,,,,,,,28.127881,-82.323945,-12.359804,0.618886,168.986145,0.000000,1
1003.700000,,,,,,,,,,,,,,28.127882,-82.323945,-12.452616,0.647703,168.986145,0.000000,1
1003.800000,,,,,,,,,,,,,,28.127882,-82.323945,-12.545428,0.676520,168.986145,0.000000,1
1003.900000,,,,,,,,,,,,,,28.127883,-82.323945,-12.638240,0.705337,168.986145,0.000000,1
1004.000000,,,,,,,,,,,,,,28.127884,-82.323945,-12.731053,0.734154,168.986145,0.000000,1
1004.100000,,,,,,,,,,,,,,28.127884,-82.323945,-12.823865,0.762971,168.986145,0.000000,1
1004.200000,,,,,,,,,,,,,,28.127885,-82.323944,-12.916677,0.791788,168.986145,0.000000,1
1004.300000,,,,,,,,,,,,,,28.127886,-82.323945,-12.891347,0.786603,168.986145,0.000000,1
1004.400000,,,,,,,,,,,,,,28.127886,-82.323945,-12.858821,0.779346,168.986145,0.000000,1
1004.500000,,,,,,,,,,,,,,28.127887,-82.323945,-12.826294,0.772090,168.986145,0.000000,1
1004.600000,,,,,,,,,,,,,,28.127888,-82.323945,-12.793767,0.764833,168.986145,0.000000,1
1004.700000,,,,,,,,,,,,,,28.127888,-82.323945,-12.761240,0.757577,168.986145,0.000000,1
1004.800000,,,,,,,,,,,,,,28.127889,-82.323945,-12.728713,0.750321,168.986145,0.000000,1
1004.900000,,,,,,,,,,,,,,28.127889,-82.323945,-12.696186,0.743064,168.986145,0.000000,1
1005.000000,,,,,,,,,,,,,,28.127890,-82.323946,-12.663659,0.735808,168.986145,0.000000,1
1005.100000,,,,,,,,,,,,,,28.127891,-82.323946,-12.631132,0.728551,168.986145,0.000000,1
1005.200000,,,,,,,,,,,,,,28.127891,-82.323946,-12.598605,0.721295,168.986145,0.000000,1
1005.300000,,,,,,,,,,,,,,28.127892,-82.323946,-12.630595,0.720959,168.986145,0.000000,1
1005.400000,,,,,,,,,,,,,,28.127893,-82.323947,-12.666656,0.721060,168.986145,0.000000,1
1005.500000,,,,,,,,,,,,,,28.127894,-82.323947,-12.702718,0.721161,168.986145,0.000000,1
1005.600000,,,,,,,,,,,,,,28.127895,-82.323948,-12.738779,0.721261,168.986145,0.000000,1
1005.700000,,,,,,,,,,,,,,28.127896,-82.323949,-12.774841,0.721362,168.986145,0.000000,1
1005.800000,,,,,,,,,,,,,,28.127897,-82.323949,-12.810902,0.721463,168.986145,0.000000,1
1005.900000,,,,,,,,,,,,,,28.127898,-82.323950,-12.846964,0.721564,168.986145,0.000000,1
1006.000000,,,,,,,,,,,,,,28.127899,-82.323950,-12.883025,0.721664,168.986145,0.000000,1
1006.100000,,,,,,,,,,,,,,28.127900,-82.323951,-12.919087,0.721765,168.986145,0.000000,1
1006.200000,,,,,,,,,,,,,,28.127901,-82.323951,-12.955148,0.721866,168.986145,0.000000,1
1006.300000,,,,,,,,,,,,,,28.127902,-82.323951,-12.947786,0.762454,186.152374,0.000000,1
1006.400000,,,,,,,,,,,,,,28.127903,-82.323951,-12.939769,0.803653,203.577397,0.000000,1
1006.500000,,,,,,,,,,,,,,28.127904,-82.323951,-12.931753,0.844852,221.002420,0.000000,1
1006.600000,,,,,,,,,,,,,,28.127905,-82.323952,-12.923736,0.886051,238.427444,0.000000,1
1006.700000,,,,,,,,,,,,,,28.127906,-82.323952,-12.915719,0.927249,255.852467,0.000000,1
1006.800000,,,,,,,,,,,,,,28.127907,-82.323952,-12.907703,0.968448,273.277490,0.000000,1
1006.900000,,,,,,,,,,,,,,28.127908,-82.323952,-12.899686,1.009647,290.702514,0.000000,1
1007.000000,,,,,,,,,,,,,,28.127909,-82.323952,-12.891669,1.050846,308.127537,0.000000,1
1007.100000,,,,,,,,,,,,,,28.127910,-82.323952,-12.883653,1.092045,325.552560,0.000000,1
1007.200000,,,,,,,,,,,,,,28.127910,-82.323952,-12.875636,1.133243,342.977584,0.000000,1
1007.300000,,,,,,,,,,,,,,28.127911,-82.323952,-12.925882,1.099484,343.826996,0.000000,1
1007.400000,,,,,,,,,,,,,,28.127912,-82.323952,-12.979114,1.061883,343.826996,0.000000,1
1007.500000,,,,,,,,,,,,,,28.127912,-82.323952,-13.032347,1.024282,343.826996,0.000000,1
1007.600000,,,,,,,,,,,,,,28.127913,-82.323951,-13.085579,0.986682,343.826996,0.000000,1
1007.700000,,,,,,,,,,,,,,28.127913,-82.323951,-13.138811,0.949081,343.826996,0.000000,1
1007.800000,,,,,,,,,,,,,,28.127914,-82.323951,-13.192043,0.911480,343.826996,0.000000,1
1007.900000,,,,,,,,,,,,,,28.127914,-82.323951,-13.245275,0.873880,343.826996,0.000000,1
1008.000000,,,,,,,,,,,,,,28.127915,-82.323951,-13.298507,0.836279,343.826996,0.000000,1
1008.100000,,,,,,,,,,,,,,28.127915,-82.323951,-13.351739,0.798678,343.826996,0.000000,1
1008.200000,,,,,,,,,,,,,,28.127916,-82.323950,-13.404971,0.761078,343.826996,0.000000,1
1008.300000,,,,,,,,,,,,,,28.127916,-82.323950,-13.423951,0.741201,343.826996,0.000000,1
1008.400000,,,,,,,,,,,,,,28.127917,-82.323950,-13.440183,0.722745,343.826996,0.000000,1
1008.500000,,,,,,,,,,,,,,28.127917,-82.323949,-13.456416,0.704290,343.826996,0.000000,1
1008.600000,,,,,,,,,,,,,,28.127918,-82.323949,-13.472649,0.685834,343.826996,0.000000,1
1008.700000,,,,,,,,,,,,,,28.127918,-82.323948,-13.488881,0.667379,343.826996,0.000000,1
1008.800000,,,,,,,,,,,,,,28.127919,-82.323948,-13.505114,0.648923,343.826996,0.000000,1
1008.900000,,,,,,,,,,,,,,28.127920,-82.323947,-13.521347,0.630468,343.826996,0.000000,1
1009.000000,,,,,,,,,,,,,,28.127920,-82.323947,-13.537579,0.612012,343.826996,0.000000,1
1009.100000,,,,,,,,,,,,,,28.127921,-82.323946,-13.553812,0.593556,343.826996,0.000000,1
1009.200000,,,,,,,,,,,,,,28.127921,-82.323946,-13.570045,0.575101,343.826996,0.000000,1
1009.300000,,,,,,,,,,,,,,28.127922,-82.323946,-13.588087,0.538356,343.826996,0.000000,1
1009.400000,,,,,,,,,,,,,,28.127922,-82.323945,-13.606353,0.499344,343.826996,0.000000,1
1009.500000,,,,,,,,,,,,,,28.127922,-82.323945,-13.624619,0.460333,343.826996,0.000000,1
1009.600000,,,,,,,,,,,,,,28.127922,-82.323944,-13.642885,0.421322,343.826996,0.000000,1
1009.700000,,,,,,,,,,,,,,28.127922,-82.323944,-13.661152,0.382310,343.826996,0.000000,1
1009.800000,,,,,,,,,,,,,,28.127923,-82.323944,-13.679418,0.343299,343.826996,0.000000,1
1009.900000,,,,,,,,,,,,,,28.127923,-82.323943,-13.697684,0.304287,343.826996,0.000000,1
1010.000000,,,,,,,,,,,,,,28.127923,-82.323943,-13.715950,0.265276,343.826996,0.000000,1
1010.100000,,,,,,,,,,,,,,28.127923,-82.323943,-13.734216,0.226264,343.826996,0.000000,1
1010.200000,,,,,,,,,,,,,,28.127923,-82.323942,-13.752483,0.187253,343.826996,0.000000,1
1010.300000,,,,,,,,,,,,,,28.127924,-82.323942,-13.722281,0.176985,343.826996,0.000000,1
1010.400000,,,,,,,,,,,,,,28.127925,-82.323942,-13.687391,0.169499,343.826996,0.000000,1
1010.500000,,,,,,,,,,,,,,28.127925,-82.323943,-13.652500,0.162012,343.826996,0.000000,1
1010.600000,,,,,,,,,,,,,,28.127926,-82.323943,-13.617609,0.154526,343.826996,0.000000,1
1010.700000,,,,,,,,,,,,,,28.127926,-82.323943,-13.582719,0.147039,343.826996,0.000000,1
1010.800000,,,,,,,,,,,,,,28.127927,-82.323943,-13.547828,0.139553,343.826996,0.000000,1
1010.900000,,,,,,,,,,,,,,28.127928,-82.323943,-13.512937,0.132066,343.826996,0.000000,1
1011.000000,,,,,,,,,,,,,,28.127928,-82.323943,-13.478047,0.124580,343.826996,0.000000,1
1011.100000,,,,,,,,,,,,,,28.127929,-82.323943,-13.443156,0.117093,343.826996,0.000000,1
1011.200000,,,,,,,,,,,,,,28.127930,-82.323944,-13.408265,0.109607,343.826996,0.000000,1
1011.300000,,,,,,,,,,,,,,28.127930,-82.323944,-13.441471,0.109020,343.826996,0.000000,1
1011.400000,,,,,,,,,,,,,,28.127930,-82.323944,-13.481268,0.109101,343.826996,0.000000,1
1011.500000,,,,,,,,,,,,,,28.127930,-82.323944,-13.521066,0.109183,343.826996,0.000000,1
1011.600000,,,,,,,,,,,,,,28.127930,-82.323944,-13.560864,0.109264,343.826996,0.000000,1
1011.700000,,,,,,,,,,,,,,28.127930,-82.323944,-13.600661,0.109345,343.826996,0.000000,1
1011.800000,,,,,,,,,,,,,,28.127931,-82.323944,-13.640459,0.109427,343.826996,0.000000,1
1011.900000,,,,,,,,,,,,,,28.127931,-82.323944,-13.680257,0.109508,343.826996,0.000000,1
1012.000000,,,,,,,,,,,,,,28.127931,-82.323944,-13.720054,0.109589,343.826996,0.000000,1
1012.100000,,,,,,,,,,,,,,28.127931,-82.323944,-13.759852,0.109670,343.826996,0.000000,1
1012.200000,,,,,,,,,,,,,,28.127931,-82.323944,-13.799650,0.109752,343.826996,0.000000,1
1012.300000,,,,,,,,,,,,,,28.127932,-82.323944,-13.801559,0.109086,343.826996,0.000000,1
1012.400000,,,,,,,,,,,,,,28.127932,-82.323944,-13.800706,0.108365,343.826996,0.000000,1
1012.500000,,,,,,,,,,,,,,28.127932,-82.323944,-13.799853,0.107644,343.826996,0.000000,1
1012.600000,,,,,,,,,,,,,,28.127932,-82.323944,-13.798999,0.106923,343.826996,0.000000,1
1012.700000,,,,,,,,,,,,,,28.127932,-82.323944,-13.798146,0.106203,343.826996,0.000000,1
1012.800000,,,,,,,,,,,,,,28.127933,-82.323944,-13.797292,0.105482,343.826996,0.000000,1
1012.900000,,,,,,,,,,,,,,28.127933,-82.323944,-13.796439,0.104761,343.826996,0.000000,1
1013.000000,,,,,,,,,,,,,,28.127933,-82.323944,-13.795586,0.104041,343.826996,0.000000,1
1013.100000,,,,,,,,,,,,,,28.127933,-82.323944,-13.794732,0.103320,343.826996,0.000000,1
1013.200000,,,,,,,,,,,,,,28.127933,-82.323944,-13.793879,0.102599,343.826996,0.000000,1
1013.300000,,,,,,,,,,,,,,28.127933,-82.323944,-13.833463,0.129082,343.826996,0.000000,1
1013.400000,,,,,,,,,,,,,,28.127933,-82.323944,-13.875353,0.157116,343.826996,0.000000,1
1013.500000,,,,,,,,,,,,,,28.127933,-82.323944,-13.917243,0.185150,343.826996,0.000000,1
1013.600000,,,,,,,,,,,,,,28.127933,-82.323944,-13.959133,0.213184,343.826996,0.000000,1
1013.700000,,,,,,,,,,,,,,28.127932,-82.323944,-14.001023,0.241219,343.826996,0.000000,1
1013.800000,,,,,,,,,,,,,,28.127932,-82.323945,-14.042913,0.269253,343.826996,0.000000,1
1013.900000,,,,,,,,,,,,,,28.127932,-82.323945,-14.084803,0.297287,343.826996,0.000000,1
1014.000000,,,,,,,,,,,,,,28.127932,-82.323945,-14.126694,0.325321,343.826996,0.000000,1
1014.100000,,,,,,,,,,,,,,28.127932,-82.323945,-14.168584,0.353355,343.826996,0.000000,1
1014.200000,,,,,,,,,,,,,,28.127931,-82.323945,-14.210474,0.381390,343.826996,0.000000,1
1014.300000,,,,,,,,,,,,,,28.127931,-82.323945,-14.173232,0.460877,330.256808,0.000000,1
1014.400000,,,,,,,,,,,,,,28.127931,-82.323945,-14.129488,0.544593,315.571586,0.000000,1
1014.500000,,,,,,,,,,,,,,28.127930,-82.323945,-14.085744,0.628308,300.886364,0.000000,1
1014.600000,,,,,,,,,,,,,,28.127930,-82.323945,-14.042000,0.712024,286.201143,0.000000,1
1014.700000,,,,,,,,,,,,,,28.127930,-82.323945,-13.998256,0.795739,271.515921,0.000000,1
1014.800000,,,,,,,,,,,,,,28.127929,-82.323945,-13.954513,0.879454,256.830699,0.000000,1
1014.900000,,,,,,,,,,,,,,28.127929,-82.323945,-13.910769,0.963170,242.145478,0.000000,1
1015.000000,,,,,,,,,,,,,,28.127929,-82.323945,-13.867025,1.046885,227.460256,0.000000,1
1015.100000,,,,,,,,,,,,,,28.127928,-82.323945,-13.823281,1.130601,212.775034,0.000000,1
1015.200000,,,,,,,,,,,,,,28.127928,-82.323945,-13.779537,1.214316,198.089813,0.000000,1
1015.300000,,,,,,,,,,,,,,28.127927,-82.323945,-13.796298,1.210124,196.089004,0.000000,1
1015.400000,,,,,,,,,,,,,,28.127926,-82.323946,-13.817583,1.199360,195.036528,0.000000,1
1015.500000,,,,,,,,,,,,,,28.127924,-82.323946,-13.838868,1.188596,193.984051,0.000000,1
1015.600000,,,,,,,,,,,,,,28.127923,-82.323946,-13.860153,1.177831,192.931574,0.000000,1
1015.700000,,,,,,,,,,,,,,28.127922,-82.323946,-13.881438,1.167067,191.879097,0.000000,1
1015.800000,,,,,,,,,,,,,,28.127921,-82.323947,-13.902723,1.156303,190.826621,0.000000,1
1015.900000,,,,,,,,,,,,,,28.127920,-82.323947,-13.924008,1.145538,189.774144,0.000000,1
1016.000000,,,,,,,,,,,,,,28.127918,-82.323947,-13.945293,1.134774,188.721667,0.000000,1
1016.100000,,,,,,,,,,,,,,28.127917,-82.323947,-13.966578,1.124010,187.669190,0.000000,1
1016.200000,,,,,,,,,,,,,,28.127916,-82.323947,-13.987863,1.113245,186.616714,0.000000,1
1016.300000,,,,,,,,,,,,,,28.127916,-82.323948,-13.944605,1.073040,186.530319,0.000000,1
1016.400000,,,,,,,,,,,,,,28.127915,-82.323948,-13.895576,1.030202,186.530319,0.000000,1
1016.500000,,,,,,,,,,,,,,28.127914,-82.323948,-13.846547,0.987365,186.530319,0.000000,1
1016.600000,,,,,,,,,,,,,,28.127914,-82.323948,-13.797518,0.944527,186.530319,0.000000,1
1016.700000,,,,,,,,,,,,,,28.127913,-82.323948,-13.748488,0.901689,186.530319,0.000000,1
1016.800000,,,,,,,,,,,,,,28.127913,-82.323949,-13.699459,0.858851,186.530319,0.000000,1
1016.900000,,,,,,,,,,,,,,28.127912,-82.323949,-13.650430,0.816013,186.530319,0.000000,1
1017.000000,,,,,,,,,,,,,,28.127912,-82.323949,-13.601401,0.773175,186.530319,0.000000,1
1017.100000,,,,,,,,,,,,,,28.127911,-82.323949,-13.552372,0.730337,186.530319,0.000000,1
1017.200000,,,,,,,,,,,,,,28.127911,-82.323949,-13.503342,0.687499,186.530319,0.000000,1
1017.300000,,,,,,,,,,,,,,28.127911,-82.323949,-13.377898,0.651771,186.530319,0.000000,1
1017.400000,,,,,,,,,,,,,,28.127910,-82.323949,-13.244581,0.616775,186.530319,0.000000,1
1017.500000,,,,,,,,,,,,,,28.127910,-82.323949,-13.111264,0.581779,186.530319,0.000000,1
1017.600000,,,,,,,,,,,,,,28.127910,-82.323949,-12.977947,0.546783,186.530319,0.000000,1
1017.700000,,,,,,,,,,,,,,28.127910,-82.323949,-12.844630,0.511788,186.530319,0.000000,1
1017.800000,,,,,,,,,,,,,,28.127910,-82.323950,-12.711313,0.476792,186.530319,0.000000,1
1017.900000,,,,,,,,,,,,,,28.127910,-82.323950,-12.577996,0.441796,186.530319,0.000000,1
1018.000000,,,,,,,,,,,,,,28.127909,-82.323950,-12.444679,0.406800,186.530319,0.000000,1
1018.100000,,,,,,,,,,,,,,28.127909,-82.323950,-12.311362,0.371804,186.530319,0.000000,1
1018.200000,,,,,,,,,,,,,,28.127909,-82.323950,-12.178045,0.336808,186.530319,0.000000,1
1018.300000,,,,,,,,,,,,,,28.127909,-82.323950,-12.214572,0.357458,186.530319,0.000000,1
1018.400000,,,,,,,,,,,,,,28.127909,-82.323950,-12.260554,0.381206,186.530319,0.000000,1
1018.500000,,,,,,,,,,,,,,28.127910,-82.323950,-12.306537,0.404954,186.530319,0.000000,1
1018.600000,,,,,,,,,,,,,,28.127910,-82.323950,-12.352520,0.428702,186.530319,0.000000,1
1018.700000,,,,,,,,,,,,,,28.127910,-82.323950,-12.398503,0.452450,186.530319,0.000000,1
1018.800000,,,,,,,,,,,,,,28.127910,-82.323950,-12.444486,0.476197,186.530319,0.000000,1
1018.900000,,,,,,,,,,,,,,28.127910,-82.323950,-12.490469,0.499945,186.530319,0.000000,1
1019.000000,,,,,,,,,,,,,,28.127911,-82.323951,-12.536451,0.523693,186.530319,0.000000,1
1019.100000,,,,,,,,,,,,,,28.127911,-82.323951,-12.582434,0.547441,186.530319,0.000000,1
1019.200000,,,,,,,,,,,,,,28.127911,-82.323951,-12.628417,0.571189,186.530319,0.000000,1
1019.300000,,,,,,,,,,,,,,28.127911,-82.323951,-12.652387,0.564087,186.530319,0.000000,1
1019.400000,,,,,,,,,,,,,,28.127911,-82.323951,-12.674239,0.554018,186.530319,0.000000,1
1019.500000,,,,,,,,,,,,,,28.127911,-82.323951,-12.696092,0.543949,186.530319,0.000000,1
1019.600000,,,,,,,,,,,,,,28.127911,-82.323951,-12.717944,0.533880,186.530319,0.000000,1
1019.700000,,,,,,,,,,,,,,28.127911,-82.323951,-12.739797,0.523811,186.530319,0.000000,1
1019.800000,,,,,,,,,,,,,,28.127911,-82.323951,-12.761649,0.513742,186.530319,0.000000,1
1019.900000,,,,,,,,,,,,,,28.127911,-82.323951,-12.783502,0.503673,186.530319,0.000000,1
1020.000000,,,,,,,,,,,,,,28.127911,-82.323951,-12.805354,0.493604,186.530319,0.000000,1
1020.100000,,,,,,,,,,,,,,28.127911,-82.323951,-12.827207,0.483536,186.530319,0.000000,1
1020.200000,,,,,,,,,,,,,,28.127911,-82.323951,-12.849059,0.473467,186.530319,0.000000,1
1020.300000,,,,,,,,,,,,,,28.127910,-82.323951,-12.839334,0.522942,184.650062,0.000000,1
1020.400000,,,,,,,,,,,,,,28.127909,-82.323950,-12.827382,0.576614,182.637271,0.000000,1
1020.500000,,,,,,,,,,,,,,28.127909,-82.323950,-12.815430,0.630286,180.624480,0.000000,1
1020.600000,,,,,,,,,,,,,,28.127908,-82.323950,-12.803479,0.683959,178.611688,0.000000,1
1020.700000,,,,,,,,,,,,,,28.127907,-82.323950,-12.791527,0.737631,176.598897,0.000000,1
1020.800000,,,,,,,,,,,,,,28.127906,-82.323950,-12.779575,0.791303,174.586106,0.000000,1
1020.900000,,,,,,,,,,,,,,28.127905,-82.323950,-12.767624,0.844976,172.573314,0.000000,1
1021.000000,,,,,,,,,,,,,,28.127904,-82.323950,-12.755672,0.898648,170.560523,0.000000,1
1021.100000,,,,,,,,,,,,,,28.127903,-82.323950,-12.743720,0.952320,168.547732,0.000000,1
1021.200000,,,,,,,,,,,,,,28.127903,-82.323950,-12.731769,1.005993,166.534940,0.000000,1
1021.300000,,,,,,,,,,,,,,28.127902,-82.323950,-12.653922,0.997488,167.387574,0.000000,1
1021.400000,,,,,,,,,,,,,,28.127901,-82.323949,-12.567901,0.981269,168.595670,0.000000,1
1021.500000,,,,,,,,,,,,,,28.127900,-82.323949,-12.481880,0.965051,169.803766,0.000000,1
1021.600000,,,,,,,,,,,,,,28.127899,-82.323949,-12.395860,0.948833,171.011862,0.000000,1
1021.700000,,,,,,,,,,,,,,28.127898,-82.323949,-12.309839,0.932615,172.219958,0.000000,1
1021.800000,,,,,,,,,,,,,,28.127897,-82.323948,-12.223818,0.916397,173.428054,0.000000,1
1021.900000,,,,,,,,,,,,,,28.127896,-82.323948,-12.137797,0.900179,174.636150,0.000000,1
1022.000000,,,,,,,,,,,,,,28.127895,-82.323948,-12.051776,0.883960,175.844246,0.000000,1
1022.100000,,,,,,,,,,,,,,28.127894,-82.323948,-11.965755,0.867742,177.052342,0.000000,1
1022.200000,,,,,,,,,,,,,,28.127893,-82.323947,-11.961927,0.864702,175.482670,0.000000,1
1022.300000,,,,,,,,,,,,,,28.127892,-82.323947,-11.965263,0.862810,173.670839,0.000000,1
1022.400000,,,,,,,,,,,,,,28.127891,-82.323946,-11.968600,0.860918,171.859008,0.000000,1
1022.500000,,,,,,,,,,,,,,28.127890,-82.323946,-11.971937,0.859026,170.047177,0.000000,1
1022.600000,,,,,,,,,,,,,,28.127889,-82.323946,-11.975273,0.857134,168.235346,0.000000,1
1022.700000,,,,,,,,,,,,,,28.127888,-82.323945,-11.978610,0.855242,166.423515,0.000000,1
1022.800000,,,,,,,,,,,,,,28.127887,-82.323945,-11.981947,0.853351,164.611684,0.000000,1
1022.900000,,,,,,,,,,,,,,28.127886,-82.323944,-11.985283,0.851459,162.799853,0.000000,1
1023.000000,,,,,,,,,,,,,,28.127885,-82.323944,-11.988620,0.849567,160.988022,0.000000,1
1023.100000,,,,,,,,,,,,,,28.127884,-82.323943,-11.991956,0.847675,159.176191,0.000000,1
1023.200000,,,,,,,,,,,,,,28.127883,-82.323943,-11.990332,0.825713,158.969421,0.000000,1
1023.300000,,,,,,,,,,,,,,28.127882,-82.323944,-11.988069,0.801166,158.969421,0.000000,1
1023.400000,,,,,,,,,,,,,,28.127882,-82.323944,-11.985806,0.776619,158.969421,0.000000,1
1023.500000,,,,,,,,,,,,,,28.127881,-82.323944,-11.983543,0.752071,158.969421,0.000000,1
1023.600000,,,,,,,,,,,,,,28.127880,-82.323944,-11.981280,0.727524,158.969421,0.000000,1
1023.700000,,,,,,,,,,,,,,28.127880,-82.323944,-11.979016,0.702977,158.969421,0.000000,1
1023.800000,,,,,,,,,,,,,,28.127879,-82.323944,-11.976753,0.678429,158.969421,0.000000,1
1023.900000,,,,,,,,,,,,,,28.127879,-82.323944,-11.974490,0.653882,158.969421,0.000000,1
1024.000000,,,,,,,,,,,,,,28.127878,-82.323944,-11.972227,0.629335,158.969421,0.000000,1
1024.100000,,,,,,,,,,,,,,28.127877,-82.323944,-11.969964,0.604788,158.969421,0.000000,1
1024.200000,,,,,,,,,,,,,,28.127877,-82.323944,-11.975340,0.579149,158.969421,0.000000,1
1024.300000,,,,,,,,,,,,,,28.127876,-82.323945,-12.030343,0.546421,158.969421,0.000000,1
1024.400000,,,,,,,,,,,,,,28.127876,-82.323945,-12.085346,0.513693,158.969421,0.000000,1
1024.500000,,,,,,,,,,,,,,28.127875,-82.323945,-12.140349,0.480966,158.969421,0.000000,1
1024.600000,,,,,,,,,,,,,,28.127875,-82.323945,-12.195352,0.448238,158.969421,0.000000,1
1024.700000,,,,,,,,,,,,,,28.127874,-82.323946,-12.250355,0.415510,158.969421,0.000000,1
1024.800000,,,,,,,,,,,,,,28.127874,-82.323946,-12.305358,0.382782,158.969421,0.000000,1
1024.900000,,,,,,,,,,,,,,28.127873,-82.323946,-12.360361,0.350055,158.969421,0.000000,1
1025.000000,,,,,,,,,,,,,,28.127873,-82.323947,-12.415364,0.317327,158.969421,0.000000,1
1025.100000,,,,,,,,,,,,,,28.127872,-82.323947,-12.470368,0.284599,158.969421,0.000000,1
1025.200000,,,,,,,,,,,,,,28.127872,-82.323947,-12.501935,0.269446,158.969421,0.000000,1
1025.300000,,,,,,,,,,,,,,28.127872,-82.323947,-12.531082,0.256108,158.969421,0.000000,1
1025.400000,,,,,,,,,,,,,,28.127872,-82.323948,-12.560230,0.242770,158.969421,0.000000,1
1025.500000,,,,,,,,,,,,,,28.127872,-82.323948,-12.589377,0.229432,158.969421,0.000000,1
1025.600000,,,,,,,,,,,,,,28.127871,-82.323949,-12.618524,0.216094,158.969421,0.000000,1
1025.700000,,,,,,,,,,,,,,28.127871,-82.323949,-12.647671,0.202756,158.969421,0.000000,1
1025.800000,,,,,,,,,,,,,,28.127871,-82.323949,-12.676818,0.189418,158.969421,0.000000,1
1025.900000,,,,,,,,,,,,,,28.127871,-82.323950,-12.705965,0.176080,158.969421,0.000000,1
1026.000000,,,,,,,,,,,,,,28.127871,-82.323950,-12.735112,0.162742,158.969421,0.000000,1
1026.100000,,,,,,,,,,,,,,28.127870,-82.323950,-12.764259,0.149404,158.969421,0.000000,1
1026.200000,,,,,,,,,,,,,,28.127870,-82.323951,-12.793406,0.136066,158.969421,0.000000,1
1026.300000,,,,,,,,,,,,,,28.127870,-82.323951,-12.709512,0.142440,158.969421,0.000000,1
1026.400000,,,,,,,,,,,,,,28.127870,-82.323951,-12.620522,0.149703,158.969421,0.000000,1
1026.500000,,,,,,,,,,,,,,28.127869,-82.323950,-12.531532,0.156967,158.969421,0.000000,1
1026.600000,,,,,,,,,,,,,,28.127869,-82.323950,-12.442542,0.164230,158.969421,0.000000,1
1026.700000,,,,,,,,,,,,,,28.127869,-82.323950,-12.353552,0.171493,158.969421,0.000000,1
1026.800000,,,,,,,,,,,,,,28.127868,-82.323950,-12.264562,0.178756,158.969421,0.000000,1
1026.900000,,,,,,,,,,,,,,28.127868,-82.323950,-12.175572,0.186019,158.969421,0.000000,1
1027.000000,,,,,,,,,,,,,,28.127867,-82.323950,-12.086582,0.193283,158.969421,0.000000,1
1027.100000,,,,,,,,,,,,,,28.127867,-82.323950,-11.997592,0.200546,158.969421,0.000000,1
1027.200000,,,,,,,,,,,,,,28.127867,-82.323950,-11.908602,0.207809,158.969421,0.000000,1
1027.300000,,,,,,,,,,,,,,28.127866,-82.323950,-11.905926,0.199454,158.969421,0.000000,1
1027.400000,,,,,,,,,,,,,,28.127866,-82.323950,-11.911996,0.189517,158.969421,0.000000,1
1027.500000,,,,,,,,,,,,,,28.127866,-82.323950,-11.918066,0.179580,158.969421,0.000000,1
1027.600000,,,,,,,,,,,,,,28.127866,-82.323950,-11.924136,0.169643,158.969421,0.000000,1
1027.700000,,,,,,,,,,,,,,28.127865,-82.323950,-11.930206,0.159706,158.969421,0.000000,1
1027.800000,,,,,,,,,,,,,,28.127865,-82.323950,-11.936276,0.149769,158.969421,0.000000,1
1027.900000,,,,,,,,,,,,,,28.127865,-82.323950,-11.942346,0.139832,158.969421,0.000000,1
1028.000000,,,,,,,,,,,,,,28.127865,-82.323950,-11.948416,0.129895,158.969421,0.000000,1
1028.100000,,,,,,,,,,,,,,28.127864,-82.323950,-11.954486,0.119957,158.969421,0.000000,1
1028.200000,,,,,,,,,,,,,,28.127864,-82.323950,-11.960556,0.110020,158.969421,0.000000,1
1028.300000,,,,,,,,,,,,,,28.127864,-82.323949,-11.812477,0.129726,158.969421,0.000000,1
1028.400000,,,,,,,,,,,,,,28.127864,-82.323949,-11.649517,0.152293,158.969421,0.000000,1
1028.500000,,,,,,,,,,,,,,28.127863,-82.323948,-11.486558,0.174860,158.969421,0.000000,1
1028.600000,,,,,,,,,,,,,,28.127863,-82.323948,-11.323598,0.197426,158.969421,0.000000,1
1028.700000,,,,,,,,,,,,,,28.127863,-82.323947,-11.160638,0.219993,158.969421,0.000000,1
1028.800000,,,,,,,,,,,,,,28.127863,-82.323947,-10.997679,0.242560,158.969421,0.000000,1
1028.900000,,,,,,,,,,,,,,28.127863,-82.323946,-10.834719,0.265127,158.969421,0.000000,1
1029.000000,,,,,,,,,,,,,,28.127862,-82.323946,-10.671759,0.287694,158.969421,0.000000,1
1029.100000,,,,,,,,,,,,,,28.127862,-82.323946,-10.508800,0.310261,158.969421,0.000000,1
1029.200000,,,,,,,,,,,,,,28.127862,-82.323945,-10.345840,0.332828,158.969421,0.000000,1
1029.300000,,,,,,,,,,,,,,28.127862,-82.323944,-10.228768,0.329734,158.969421,0.000000,1
1029.400000,,,,,,,,,,,,,,28.127861,-82.323944,-10.115763,0.324365,158.969421,0.000000,1
1029.500000,,,,,,,,,,,,,,28.127861,-82.323943,-10.002757,0.318996,158.969421,0.000000,1
1029.600000,,,,,,,,,,,,,,28.127860,-82.323942,-9.889752,0.313627,158.969421,0.000000,1
1029.700000,,,,,,,,,,,,,,28.127860,-82.323942,-9.776746,0.308259,158.969421,0.000000,1
1029.800000,,,,,,,,,,,,,,28.127860,-82.323941,-9.663741,0.302890,158.969421,0.000000,1
1029.900000,,,,,,,,,,,,,,28.127859,-82.323940,-9.550736,0.297521,158.969421,0.000000,1
1030.000000,,,,,,,,,,,,,,28.127859,-82.323940,-9.437730,0.292153,158.969421,0.000000,1
1030.100000,,,,,,,,,,,,,,28.127858,-82.323939,-9.324725,0.286784,158.969421,0.000000,1
1030.200000,,,,,,,,,,,,,,28.127858,-82.323938,-9.211719,0.281415,158.969421,0.000000,1
1030.300000,,,,,,,,,,,,,,28.127858,-82.323938,-9.162884,0.264413,158.969421,0.000000,1
1030.400000,,,,,,,,,,,,,,28.127857,-82.323938,-9.119871,0.246355,158.969421,0.000000,1
1030.500000,,,,,,,,,,,,,,28.127857,-82.323937,-9.076857,0.228298,158.969421,0.000000,1
1030.600000,,,,,,,,,,,,,,28.127857,-82.323937,-9.033844,0.210240,158.969421,0.000000,1
1030.700000,,,,,,,,,,,,,,28.127856,-82.323936,-8.990830,0.192183,158.969421,0.000000,1
1030.800000,,,,,,,,,,,,,,28.127856,-82.323936,-8.947816,0.174125,158.969421,0.000000,1
1030.900000,,,,,,,,,,,,,,28.127856,-82.323936,-8.904803,0.156068,158.969421,0.000000,1
1031.000000,,,,,,,,,,,,,,28.127856,-82.323935,-8.861789,0.138010,158.969421,0.000000,1
1031.100000,,,,,,,,,,,,,,28.127855,-82.323935,-8.818776,0.119952,158.969421,0.000000,1
1031.200000,,,,,,,,,,,,,,28.127855,-82.323934,-8.775762,0.101895,158.969421,0.000000,1
1031.300000,,,,,,,,,,,,,,28.127855,-82.323934,-8.723772,0.100520,158.969421,0.000000,1
1031.400000,,,,,,,,,,,,,,28.127854,-82.323934,-8.671073,0.100464,158.969421,0.000000,1
1031.500000,,,,,,,,,,,,,,28.127854,-82.323934,-8.618374,0.100408,158.969421,0.000000,1
1031.600000,,,,,,,,,,,,,,28.127854,-82.323933,-8.565675,0.100352,158.969421,0.000000,1
1031.700000,,,,,,,,,,,,,,28.127853,-82.323933,-8.512975,0.100295,158.969421,0.000000,1
1031.800000,,,,,,,,,,,,,,28.127853,-82.323933,-8.460276,0.100239,158.969421,0.000000,1
1031.900000,,,,,,,,,,,,,,28.127853,-82.323933,-8.407577,0.100183,158.969421,0.000000,1
1032.000000,,,,,,,,,,,,,,28.127852,-82.323932,-8.354877,0.100127,158.969421,0.000000,1
1032.100000,,,,,,,,,,,,,,28.127852,-82.323932,-8.302178,0.100071,158.969421,0.000000,1
1032.200000,,,,,,,,,,,,,,28.127852,-82.323932,-8.249479,0.100015,158.969421,0.000000,1
1032.300000,,,,,,,,,,,,,,28.127851,-82.323932,-8.206816,0.105194,158.969421,0.000000,1
1032.400000,,,,,,,,,,,,,,28.127851,-82.323931,-8.165277,0.110959,158.969421,0.000000,1
1032.500000,,,,,,,,,,,,,,28.127851,-82.323931,-8.123737,0.116724,158.969421,0.000000,1
1032.600000,,,,,,,,,,,,,,28.127850,-82.323930,-8.082198,0.122489,158.969421,0.000000,1
1032.700000,,,,,,,,,,,,,,28.127850,-82.323930,-8.040658,0.128254,158.969421,0.000000,1
1032.800000,,,,,,,,,,,,,,28.127850,-82.323929,-7.999118,0.134020,158.969421,0.000000,1
1032.900000,,,,,,,,,,,,,,28.127849,-82.323929,-7.957579,0.139785,158.969421,0.000000,1
1033.000000,,,,,,,,,,,,,,28.127849,-82.323929,-7.916039,0.145550,158.969421,0.000000,1
1033.100000,,,,,,,,,,,,,,28.127848,-82.323928,-7.874500,0.151315,158.969421,0.000000,1
1033.200000,,,,,,,,,,,,,,28.127848,-82.323928,-7.832960,0.157080,158.969421,0.000000,1
1033.300000,,,,,,,,,,,,,,28.127848,-82.323928,-7.831879,0.152659,158.969421,0.000000,1
1033.400000,,,,,,,,,,,,,,28.127848,-82.323927,-7.833549,0.147546,158.969421,0.000000,1
1033.500000,,,,,,,,,,,,,,28.127847,-82.323927,-7.835219,0.142433,158.969421,0.000000,1
1033.600000,,,,,,,,,,,,,,28.127847,-82.323927,-7.836890,0.137320,158.969421,0.000000,1
1033.700000,,,,,,,,,,,,,,28.127847,-82.323927,-7.838560,0.132207,158.969421,0.000000,1
1033.800000,,,,,,,,,,,,,,28.127847,-82.323926,-7.840231,0.127093,158.969421,0.000000,1
1033.900000,,,,,,,,,,,,,,28.127847,-82.323926,-7.841901,0.121980,158.969421,0.000000,1
1034.000000,,,,,,,,,,,,,,28.127847,-82.323926,-7.843571,0.116867,158.969421,0.000000,1
1034.100000,,,,,,,,,,,,,,28.127846,-82.323926,-7.845242,0.111754,158.969421,0.000000,1
1034.200000,,,,,,,,,,,,,,28.127846,-82.323925,-7.846912,0.106640,158.969421,0.000000,1
1034.300000,,,,,,,,,,,,,,28.127846,-82.323925,-7.799212,0.105775,158.969421,0.000000,1
1034.400000,,,,,,,,,,,,,,28.127846,-82.323925,-7.747402,0.105264,158.969421,0.000000,1
1034.500000,,,,,,,,,,,,,,28.127846,-82.323925,-7.695591,0.104752,158.969421,0.000000,1
1034.600000,,,,,,,,,,,,,,28.127845,-82.323925,-7.643780,0.104241,158.969421,0.000000,1
1034.700000,,,,,,,,,,,,,,28.127845,-82.323925,-7.591969,0.103729,158.969421,0.000000,1
1034.800000,,,,,,,,,,,,,,28.127845,-82.323925,-7.540158,0.103217,158.969421,0.000000,1
1034.900000,,,,,,,,,,,,,,28.127845,-82.323925,-7.488347,0.102706,158.969421,0.000000,1
1035.000000,,,,,,,,,,,,,,28.127845,-82.323925,-7.436536,0.102194,158.969421,0.000000,1
1035.100000,,,,,,,,,,,,,,28.127844,-82.323925,-7.384725,0.101683,158.969421,0.000000,1
1035.200000,,,,,,,,,,,,,,28.127844,-82.323925,-7.332914,0.101171,158.969421,0.000000,1
1035.300000,,,,,,,,,,,,,,28.127844,-82.323925,-7.328700,0.101130,158.969421,0.000000,1
1035.400000,,,,,,,,,,,,,,28.127844,-82.323925,-7.328700,0.101130,158.969421,0.000000,1
1035.500000,,,,,,,,,,,,,,28.127844,-82.323925,-7.328700,0.101130,158.969421,0.000000,1
1035.600000,,,,,,,,,,,,,,28.127844,-82.323925,-7.328700,0.101130,158.969421,0.000000,1
1035.700000,,,,,,,,,,,,,,28.127844,-82.323925,-7.328700,0.101130,158.969421,0.000000,1
1035.800000,,,,,,,,,,,,,,28.127844,-82.323925,-7.328700,0.101130,158.969421,0.000000,1
1035.900000,,,,,,,,,,,,,,28.127844,-82.323925,-7.328700,0.101130,158.969421,0.000000,1
1036.000000,,,,,,,,,,,,,,28.127844,-82.323925,-7.328700,0.101130,158.969421,0.000000,1
1036.100000,,,,,,,,,,,,,,28.127844,-82.323925,-7.328700,0.101130,158.969421,0.000000,1
