event_id,route_id,driver_id,vehicle_model,event_time_sec,pre_context_sec,post_context_sec,event_type,definition_version
ACT_00001,driver_98/route_2,driver_98,ACURA_MDX_3G_MMR,7.350,7.3,6127.1,activation,or_v1
ACT_00002,driver_98/route_2,driver_98,ACURA_MDX_3G_MMR,44.550,44.5,6089.9,activation,or_v1
ACT_00003,driver_98/route_2,driver_98,ACURA_MDX_3G_MMR,107.590,107.6,6026.9,activation,or_v1
ACT_00004,driver_98/route_2,driver_98,ACURA_MDX_3G_MMR,188.540,188.5,5945.9,activation,or_v1
ACT_00005,driver_98/route_2,driver_98,ACURA_MDX_3G_MMR,1273.910,1273.9,4860.6,activation,or_v1
ACT_00006,driver_98/route_2,driver_98,ACURA_MDX_3G_MMR,1400.590,1400.6,4733.9,activation,or_v1
ACT_00007,driver_98/route_2,driver_98,ACURA_MDX_3G_MMR,1876.350,1876.3,4258.1,activation,or_v1
ACT_00008,driver_98/route_2,driver_98,ACURA_MDX_3G_MMR,2082.830,2082.8,4051.7,activation,or_v1
ACT_00009,driver_98/route_2,driver_98,ACURA_MDX_3G_MMR,2095.340,2095.3,4039.1,activation,or_v1
ACT_00010,driver_98/route_2,driver_98,ACURA_MDX_3G_MMR,2180.090,2180.1,3954.4,activation,or_v1
ACT_00011,driver_98/route_2,driver_98,ACURA_MDX_3G_MMR,4579.840,4579.8,1554.6,activation,or_v1
ACT_00012,driver_98/route_2,driver_98,ACURA_MDX_3G_MMR,4615.140,4615.1,1519.3,activation,or_v1
ACT_00013,driver_98/route_2,driver_98,ACURA_MDX_3G_MMR,4638.870,4638.9,1495.6,activation,or_v1
ACT_00014,driver_98/route_2,driver_98,ACURA_MDX_3G_MMR,4711.480,4711.5,1423.0,activation,or_v1
ACT_00015,driver_98/route_2,driver_98,ACURA_MDX_3G_MMR,5604.120,5604.1,530.4,activation,or_v1
ACT_00016,driver_98/route_2,driver_98,ACURA_MDX_3G_MMR,5804.740,5804.7,329.8,activation,or_v1
ACT_00017,driver_98/route_2,driver_98,ACURA_MDX_3G_MMR,5873.210,5873.2,261.3,activation,or_v1
ACT_00018,driver_98/route_2,driver_98,ACURA_MDX_3G_MMR,6024.160,6024.2,110.3,activation,or_v1
ACT_00019,driver_23/route_1,driver_23,CHEVROLET_BOLT_EUV,168.790,168.8,851.4,activation,or_v1
ACT_00020,driver_23/route_1,driver_23,CHEVROLET_BOLT_EUV,429.390,429.4,590.8,activation,or_v1
ACT_00021,driver_23/route_1,driver_23,CHEVROLET_BOLT_EUV,463.230,463.2,557.0,activation,or_v1
ACT_00022,driver_23/route_1,driver_23,CHEVROLET_BOLT_EUV,553.680,553.7,466.6,activation,or_v1
ACT_00023,driver_23/route_1,driver_23,CHEVROLET_BOLT_EUV,565.580,565.6,454.6,activation,or_v1
ACT_00024,driver_23/route_1,driver_23,CHEVROLET_BOLT_EUV,588.470,588.5,431.8,activation,or_v1
ACT_00025,driver_23/route_1,driver_23,CHEVROLET_BOLT_EUV,621.160,621.2,399.1,activation,or_v1
ACT_00026,driver_23/route_1,driver_23,CHEVROLET_BOLT_EUV,718.490,718.5,301.7,activation,or_v1
ACT_00027,driver_23/route_1,driver_23,CHEVROLET_BOLT_EUV,808.390,808.4,211.8,activation,or_v1
ACT_00028,driver_23/route_1,driver_23,CHEVROLET_BOLT_EUV,943.210,943.2,77.0,activation,or_v1
ACT_00029,driver_49/route_1,driver_49,CHEVROLET_BOLT_EUV,25.520,25.5,1415.2,activation,or_v1
ACT_00030,driver_49/route_1,driver_49,CHEVROLET_BOLT_EUV,60.040,60.0,1380.7,activation,or_v1
ACT_00031,driver_49/route_1,driver_49,CHEVROLET_BOLT_EUV,389.110,389.1,1051.6,activation,or_v1
ACT_00032,driver_49/route_1,driver_49,CHEVROLET_BOLT_EUV,639.760,639.8,801.0,activation,or_v1
ACT_00033,driver_49/route_1,driver_49,CHEVROLET_BOLT_EUV,1308.170,1308.2,132.6,activation,or_v1
ACT_00034,driver_79/route_1,driver_79,CHEVROLET_BOLT_EUV,601.060,601.1,300.0,activation,or_v1
ACT_00035,driver_79/route_1,driver_79,CHEVROLET_BOLT_EUV,689.200,689.2,211.8,activation,or_v1
ACT_00036,driver_79/route_5,driver_79,CHEVROLET_BOLT_EUV,31.490,31.5,3335.4,activation,or_v1
ACT_00037,driver_79/route_5,driver_79,CHEVROLET_BOLT_EUV,138.320,138.3,3228.5,activation,or_v1
ACT_00038,driver_79/route_5,driver_79,CHEVROLET_BOLT_EUV,473.780,473.8,2893.1,activation,or_v1
ACT_00039,driver_79/route_5,driver_79,CHEVROLET_BOLT_EUV,995.000,995.0,2371.8,activation,or_v1
ACT_00040,driver_79/route_5,driver_79,CHEVROLET_BOLT_EUV,2156.930,2156.9,1209.9,activation,or_v1
ACT_00041,driver_79/route_5,driver_79,CHEVROLET_BOLT_EUV,2756.340,2756.3,610.5,activation,or_v1
ACT_00042,driver_79/route_5,driver_79,CHEVROLET_BOLT_EUV,2948.410,2948.4,418.4,activation,or_v1
ACT_00043,driver_79/route_5,driver_79,CHEVROLET_BOLT_EUV,3170.100,3170.1,196.7,activation,or_v1
ACT_00044,driver_36/route_1,driver_36,CHEVROLET_BOLT_EUV_2022,43.570,43.6,1157.4,activation,or_v1
ACT_00045,driver_36/route_1,driver_36,CHEVROLET_BOLT_EUV_2022,61.520,61.5,1139.4,activation,or_v1
ACT_00046,driver_36/route_1,driver_36,CHEVROLET_BOLT_EUV_2022,124.010,124.0,1076.9,activation,or_v1
ACT_00047,driver_36/route_1,driver_36,CHEVROLET_BOLT_EUV_2022,203.970,204.0,997.0,activation,or_v1
ACT_00048,driver_36/route_1,driver_36,CHEVROLET_BOLT_EUV_2022,358.040,358.0,842.9,activation,or_v1
ACT_00049,driver_36/route_1,driver_36,CHEVROLET_BOLT_EUV_2022,461.290,461.3,739.7,activation,or_v1
ACT_00050,driver_36/route_1,driver_36,CHEVROLET_BOLT_EUV_2022,934.910,934.9,266.0,activation,or_v1
ACT_00051,driver_36/route_1,driver_36,CHEVROLET_BOLT_EUV_2022,1033.930,1033.9,167.0,activation,or_v1
ACT_00052,driver_36/route_1,driver_36,CHEVROLET_BOLT_EUV_2022,1068.980,1069.0,132.0,activation,or_v1
ACT_00053,driver_36/route_1,driver_36,CHEVROLET_BOLT_EUV_2022,1104.040,1104.0,96.9,activation,or_v1
ACT_00054,driver_36/route_1,driver_36,CHEVROLET_BOLT_EUV_2022,1145.980,1146.0,55.0,activation,or_v1
ACT_00055,driver_36/route_1,driver_36,CHEVROLET_BOLT_EUV_2022,1174.390,1174.4,26.6,activation,or_v1
ACT_00056,driver_56/route_1,driver_56,CHEVROLET_SILVERADO,119.330,119.3,3500.9,activation,or_v1
ACT_00057,driver_56/route_1,driver_56,CHEVROLET_SILVERADO,154.340,154.3,3465.9,activation,or_v1
ACT_00058,driver_56/route_1,driver_56,CHEVROLET_SILVERADO,202.610,202.6,3417.6,activation,or_v1
ACT_00059,driver_56/route_1,driver_56,CHEVROLET_SILVERADO,229.010,229.0,3391.2,activation,or_v1
ACT_00060,driver_56/route_1,driver_56,CHEVROLET_SILVERADO,613.180,613.2,3007.1,activation,or_v1
ACT_00061,driver_56/route_1,driver_56,CHEVROLET_SILVERADO,1793.660,1793.7,1826.6,activation,or_v1
ACT_00062,driver_56/route_1,driver_56,CHEVROLET_SILVERADO,1810.870,1810.9,1809.4,activation,or_v1
ACT_00063,driver_56/route_1,driver_56,CHEVROLET_SILVERADO,1995.960,1996.0,1624.3,activation,or_v1
ACT_00064,driver_56/route_1,driver_56,CHEVROLET_SILVERADO,2057.150,2057.2,1563.1,activation,or_v1
ACT_00065,driver_56/route_1,driver_56,CHEVROLET_SILVERADO,2637.310,2637.3,982.9,activation,or_v1
ACT_00066,driver_56/route_1,driver_56,CHEVROLET_SILVERADO,2837.150,2837.2,783.1,activation,or_v1
ACT_00067,driver_56/route_1,driver_56,CHEVROLET_SILVERADO,2916.360,2916.4,703.9,activation,or_v1
ACT_00068,driver_56/route_1,driver_56,CHEVROLET_SILVERADO,3426.380,3426.4,193.9,activation,or_v1
ACT_00069,driver_56/route_1,driver_56,CHEVROLET_SILVERADO,3484.220,3484.2,136.0,activation,or_v1
ACT_00070,driver_56/route_2,driver_56,CHEVROLET_SILVERADO,143.260,143.3,2620.1,activation,or_v1
ACT_00071,driver_56/route_2,driver_56,CHEVROLET_SILVERADO,233.580,233.6,2529.8,activation,or_v1
ACT_00072,driver_56/route_2,driver_56,CHEVROLET_SILVERADO,1486.280,1486.3,1277.1,activation,or_v1
ACT_00073,driver_56/route_2,driver_56,CHEVROLET_SILVERADO,1958.600,1958.6,804.8,activation,or_v1
ACT_00074,driver_56/route_2,driver_56,CHEVROLET_SILVERADO,2151.370,2151.4,612.0,activation,or_v1
ACT_00075,driver_62/route_1,driver_62,CHEVROLET_SILVERADO,108.390,108.4,192.6,activation,or_v1
ACT_00076,driver_62/route_1,driver_62,CHEVROLET_SILVERADO,174.370,174.4,126.6,activation,or_v1
ACT_00077,driver_62/route_1,driver_62,CHEVROLET_SILVERADO,192.420,192.4,108.5,activation,or_v1
ACT_00078,driver_62/route_1,driver_62,CHEVROLET_SILVERADO,209.670,209.7,91.3,activation,or_v1
ACT_00079,driver_62/route_1,driver_62,CHEVROLET_SILVERADO,273.870,273.9,27.1,activation,or_v1
ACT_00080,driver_62/route_1,driver_62,CHEVROLET_SILVERADO,287.590,287.6,13.4,activation,or_v1
ACT_00081,driver_62/route_2,driver_62,CHEVROLET_SILVERADO,28.340,28.3,32.2,activation,or_v1
ACT_00082,driver_62/route_3,driver_62,CHEVROLET_SILVERADO,219.250,219.2,1152.6,activation,or_v1
ACT_00083,driver_62/route_3,driver_62,CHEVROLET_SILVERADO,988.630,988.6,383.2,activation,or_v1
ACT_00084,driver_62/route_5,driver_62,CHEVROLET_SILVERADO,8.950,8.9,52.5,activation,or_v1
ACT_00085,driver_62/route_8,driver_62,CHEVROLET_SILVERADO,30.440,30.4,509.5,activation,or_v1
ACT_00086,driver_62/route_8,driver_62,CHEVROLET_SILVERADO,89.590,89.6,450.4,activation,or_v1
ACT_00087,driver_62/route_8,driver_62,CHEVROLET_SILVERADO,200.320,200.3,339.7,activation,or_v1
ACT_00088,driver_62/route_8,driver_62,CHEVROLET_SILVERADO,258.290,258.3,281.7,activation,or_v1
ACT_00089,driver_62/route_9,driver_62,CHEVROLET_SILVERADO,40.800,40.8,319.2,activation,or_v1
ACT_00090,driver_62/route_9,driver_62,CHEVROLET_SILVERADO,76.080,76.1,283.9,activation,or_v1
ACT_00091,driver_62/route_9,driver_62,CHEVROLET_SILVERADO,100.430,100.4,259.6,activation,or_v1
ACT_00092,driver_62/route_9,driver_62,CHEVROLET_SILVERADO,233.450,233.4,126.6,activation,or_v1
ACT_00093,driver_62/route_10,driver_62,CHEVROLET_SILVERADO,321.520,321.5,794.6,activation,or_v1
ACT_00094,driver_62/route_10,driver_62,CHEVROLET_SILVERADO,484.990,485.0,631.1,activation,or_v1
ACT_00095,driver_62/route_10,driver_62,CHEVROLET_SILVERADO,569.450,569.5,546.6,activation,or_v1
ACT_00096,driver_62/route_10,driver_62,CHEVROLET_SILVERADO,729.370,729.4,386.7,activation,or_v1
ACT_00097,driver_62/route_11,driver_62,CHEVROLET_SILVERADO,69.550,69.5,1055.1,activation,or_v1
ACT_00098,driver_62/route_11,driver_62,CHEVROLET_SILVERADO,160.800,160.8,963.9,activation,or_v1
ACT_00099,driver_62/route_11,driver_62,CHEVROLET_SILVERADO,297.680,297.7,827.0,activation,or_v1
ACT_00100,driver_62/route_11,driver_62,CHEVROLET_SILVERADO,348.680,348.7,776.0,activation,or_v1
ACT_00101,driver_62/route_11,driver_62,CHEVROLET_SILVERADO,403.410,403.4,721.2,activation,or_v1
ACT_00102,driver_62/route_11,driver_62,CHEVROLET_SILVERADO,529.100,529.1,595.6,activation,or_v1
ACT_00103,driver_62/route_11,driver_62,CHEVROLET_SILVERADO,986.460,986.5,138.2,activation,or_v1
ACT_00104,driver_62/route_12,driver_62,CHEVROLET_SILVERADO,82.200,82.2,97.8,activation,or_v1
ACT_00105,driver_62/route_12,driver_62,CHEVROLET_SILVERADO,174.420,174.4,5.6,activation,or_v1
ACT_00106,driver_62/route_13,driver_62,CHEVROLET_SILVERADO,38.240,38.2,81.8,activation,or_v1
ACT_00107,driver_62/route_13,driver_62,CHEVROLET_SILVERADO,80.720,80.7,39.3,activation,or_v1
ACT_00108,driver_50/route_1,driver_50,CHEVROLET_TRAILBLAZER,9.250,9.2,870.7,activation,or_v1
ACT_00109,driver_50/route_1,driver_50,CHEVROLET_TRAILBLAZER,308.330,308.3,571.6,activation,or_v1
ACT_00110,driver_50/route_1,driver_50,CHEVROLET_TRAILBLAZER,718.710,718.7,161.2,activation,or_v1
ACT_00111,driver_50/route_1,driver_50,CHEVROLET_TRAILBLAZER,829.080,829.1,50.9,activation,or_v1
ACT_00112,driver_50/route_2,driver_50,CHEVROLET_TRAILBLAZER,2296.330,2296.3,2322.9,activation,or_v1
ACT_00113,driver_50/route_2,driver_50,CHEVROLET_TRAILBLAZER,2581.910,2581.9,2037.3,activation,or_v1
ACT_00114,driver_50/route_2,driver_50,CHEVROLET_TRAILBLAZER,3603.100,3603.1,1016.1,activation,or_v1
ACT_00115,driver_50/route_2,driver_50,CHEVROLET_TRAILBLAZER,4371.680,4371.7,247.6,activation,or_v1
ACT_00116,driver_50/route_3,driver_50,CHEVROLET_TRAILBLAZER,35.150,35.1,624.0,activation,or_v1
ACT_00117,driver_50/route_3,driver_50,CHEVROLET_TRAILBLAZER,124.250,124.2,534.9,activation,or_v1
ACT_00118,driver_50/route_3,driver_50,CHEVROLET_TRAILBLAZER,160.990,161.0,498.2,activation,or_v1
ACT_00119,driver_50/route_3,driver_50,CHEVROLET_TRAILBLAZER,258.730,258.7,400.4,activation,or_v1
ACT_00120,driver_50/route_3,driver_50,CHEVROLET_TRAILBLAZER,340.290,340.3,318.9,activation,or_v1
ACT_00121,driver_50/route_4,driver_50,CHEVROLET_TRAILBLAZER,10.560,10.6,170.0,activation,or_v1
ACT_00122,driver_50/route_4,driver_50,CHEVROLET_TRAILBLAZER,52.330,52.3,128.2,activation,or_v1
ACT_00123,driver_50/route_4,driver_50,CHEVROLET_TRAILBLAZER,79.470,79.5,101.1,activation,or_v1
ACT_00124,driver_50/route_4,driver_50,CHEVROLET_TRAILBLAZER,128.420,128.4,52.1,activation,or_v1
ACT_00125,driver_66/route_1,driver_66,FORD_BRONCO_SPORT_MK1,1308.040,1308.0,3886.4,activation,or_v1
ACT_00126,driver_66/route_1,driver_66,FORD_BRONCO_SPORT_MK1,2820.710,2820.7,2373.7,activation,or_v1
ACT_00127,driver_66/route_1,driver_66,FORD_BRONCO_SPORT_MK1,2898.840,2898.8,2295.6,activation,or_v1
ACT_00128,driver_66/route_1,driver_66,FORD_BRONCO_SPORT_MK1,3284.560,3284.6,1909.9,activation,or_v1
ACT_00129,driver_102/route_3,driver_102,FORD_ESCAPE_MK4_5,377.070,377.1,1002.7,activation,or_v1
ACT_00130,driver_102/route_3,driver_102,FORD_ESCAPE_MK4_5,562.810,562.8,817.0,activation,or_v1
ACT_00131,driver_102/route_3,driver_102,FORD_ESCAPE_MK4_5,595.260,595.3,784.5,activation,or_v1
ACT_00132,driver_102/route_3,driver_102,FORD_ESCAPE_MK4_5,1129.450,1129.5,250.3,activation,or_v1
ACT_00133,driver_102/route_3,driver_102,FORD_ESCAPE_MK4_5,1247.000,1247.0,132.8,activation,or_v1
ACT_00134,driver_93/route_1,driver_93,FORD_F_150_MK14,143.390,143.4,191.1,activation,or_v1
ACT_00135,driver_27/route_1,driver_27,FORD_MAVERICK_MK1,18.790,18.8,422.4,activation,or_v1
ACT_00136,driver_27/route_1,driver_27,FORD_MAVERICK_MK1,144.690,144.7,296.5,activation,or_v1
ACT_00137,driver_108/route_1,driver_108,FORD_MUSTANG_MACH_E_MK1,715.600,715.6,1841.8,activation,or_v1
ACT_00138,driver_108/route_1,driver_108,FORD_MUSTANG_MACH_E_MK1,965.530,965.5,1591.8,activation,or_v1
ACT_00139,driver_108/route_1,driver_108,FORD_MUSTANG_MACH_E_MK1,1987.030,1987.0,570.3,activation,or_v1
ACT_00140,driver_94/route_1,driver_94,GENESIS_G70_2024,77.200,77.2,762.8,activation,or_v1
ACT_00141,driver_94/route_1,driver_94,GENESIS_G70_2024,182.110,182.1,657.9,activation,or_v1
ACT_00142,driver_94/route_1,driver_94,GENESIS_G70_2024,246.920,246.9,593.0,activation,or_v1
ACT_00143,driver_51/route_1,driver_51,HONDA_CIVIC,262.320,262.3,1838.5,activation,or_v1
ACT_00144,driver_51/route_1,driver_51,HONDA_CIVIC,305.260,305.3,1795.5,activation,or_v1
ACT_00145,driver_51/route_1,driver_51,HONDA_CIVIC,413.730,413.7,1687.1,activation,or_v1
ACT_00146,driver_51/route_1,driver_51,HONDA_CIVIC,2060.780,2060.8,40.0,activation,or_v1
ACT_00147,driver_68/route_1,driver_68,HONDA_CIVIC,225.950,225.9,4155.9,activation,or_v1
ACT_00148,driver_68/route_1,driver_68,HONDA_CIVIC,366.100,366.1,4015.7,activation,or_v1
ACT_00149,driver_68/route_1,driver_68,HONDA_CIVIC,610.660,610.7,3771.1,activation,or_v1
ACT_00150,driver_68/route_1,driver_68,HONDA_CIVIC,1178.060,1178.1,3203.7,activation,or_v1
ACT_00151,driver_68/route_1,driver_68,HONDA_CIVIC,1221.330,1221.3,3160.5,activation,or_v1
ACT_00152,driver_68/route_1,driver_68,HONDA_CIVIC,1848.250,1848.2,2533.6,activation,or_v1
ACT_00153,driver_68/route_1,driver_68,HONDA_CIVIC,2808.250,2808.2,1573.6,activation,or_v1
ACT_00154,driver_68/route_1,driver_68,HONDA_CIVIC,3015.680,3015.7,1366.1,activation,or_v1
ACT_00155,driver_68/route_1,driver_68,HONDA_CIVIC,3141.970,3142.0,1239.8,activation,or_v1
ACT_00156,driver_68/route_1,driver_68,HONDA_CIVIC,3241.760,3241.8,1140.0,activation,or_v1
ACT_00157,driver_68/route_1,driver_68,HONDA_CIVIC,4038.240,4038.2,343.6,activation,or_v1
ACT_00158,driver_97/route_21,driver_97,HONDA_CIVIC,4529.950,4529.9,875.2,activation,or_v1
ACT_00159,driver_97/route_21,driver_97,HONDA_CIVIC,4558.060,4558.1,847.1,activation,or_v1
ACT_00160,driver_97/route_21,driver_97,HONDA_CIVIC,4633.500,4633.5,771.7,activation,or_v1
ACT_00161,driver_97/route_21,driver_97,HONDA_CIVIC,4671.900,4671.9,733.3,activation,or_v1
ACT_00162,driver_97/route_21,driver_97,HONDA_CIVIC,4736.510,4736.5,668.7,activation,or_v1
ACT_00163,driver_97/route_21,driver_97,HONDA_CIVIC,4815.090,4815.1,590.1,activation,or_v1
ACT_00164,driver_97/route_21,driver_97,HONDA_CIVIC,4941.320,4941.3,463.9,activation,or_v1
ACT_00165,driver_97/route_21,driver_97,HONDA_CIVIC,5081.680,5081.7,323.5,activation,or_v1
ACT_00166,driver_97/route_21,driver_97,HONDA_CIVIC,5200.980,5201.0,204.2,activation,or_v1
ACT_00167,driver_97/route_22,driver_97,HONDA_CIVIC,238.590,238.6,4488.6,activation,or_v1
ACT_00168,driver_97/route_22,driver_97,HONDA_CIVIC,3259.460,3259.5,1467.7,activation,or_v1
ACT_00169,driver_97/route_22,driver_97,HONDA_CIVIC,3899.820,3899.8,827.3,activation,or_v1
ACT_00170,driver_97/route_22,driver_97,HONDA_CIVIC,3914.300,3914.3,812.9,activation,or_v1
ACT_00171,driver_97/route_22,driver_97,HONDA_CIVIC,3937.280,3937.3,789.9,activation,or_v1
ACT_00172,driver_97/route_22,driver_97,HONDA_CIVIC,3963.520,3963.5,763.7,activation,or_v1
ACT_00173,driver_97/route_23,driver_97,HONDA_CIVIC,92.980,93.0,1479.9,activation,or_v1
ACT_00174,driver_97/route_23,driver_97,HONDA_CIVIC,227.740,227.7,1345.1,activation,or_v1
ACT_00175,driver_97/route_23,driver_97,HONDA_CIVIC,280.460,280.5,1292.4,activation,or_v1
ACT_00176,driver_97/route_23,driver_97,HONDA_CIVIC,840.290,840.3,732.6,activation,or_v1
ACT_00177,driver_97/route_23,driver_97,HONDA_CIVIC,981.640,981.6,591.2,activation,or_v1
ACT_00178,driver_97/route_23,driver_97,HONDA_CIVIC,1048.810,1048.8,524.1,activation,or_v1
ACT_00179,driver_97/route_23,driver_97,HONDA_CIVIC,1170.060,1170.1,402.8,activation,or_v1
ACT_00180,driver_97/route_23,driver_97,HONDA_CIVIC,1201.620,1201.6,371.2,activation,or_v1
ACT_00181,driver_97/route_23,driver_97,HONDA_CIVIC,1248.750,1248.8,324.1,activation,or_v1
ACT_00182,driver_97/route_23,driver_97,HONDA_CIVIC,1422.280,1422.3,150.6,activation,or_v1
ACT_00183,driver_97/route_24,driver_97,HONDA_CIVIC,47.070,47.1,2120.5,activation,or_v1
ACT_00184,driver_97/route_24,driver_97,HONDA_CIVIC,87.550,87.5,2080.0,activation,or_v1
ACT_00185,driver_97/route_24,driver_97,HONDA_CIVIC,102.350,102.3,2065.2,activation,or_v1
ACT_00186,driver_97/route_24,driver_97,HONDA_CIVIC,142.430,142.4,2025.1,activation,or_v1
ACT_00187,driver_97/route_24,driver_97,HONDA_CIVIC,269.790,269.8,1897.8,activation,or_v1
ACT_00188,driver_97/route_24,driver_97,HONDA_CIVIC,303.580,303.6,1864.0,activation,or_v1
ACT_00189,driver_97/route_24,driver_97,HONDA_CIVIC,1179.350,1179.3,988.2,activation,or_v1
ACT_00190,driver_97/route_24,driver_97,HONDA_CIVIC,1467.130,1467.1,700.4,activation,or_v1
ACT_00191,driver_97/route_25,driver_97,HONDA_CIVIC,898.370,898.4,5803.4,activation,or_v1
ACT_00192,driver_97/route_25,driver_97,HONDA_CIVIC,1060.600,1060.6,5641.2,activation,or_v1
ACT_00193,driver_97/route_25,driver_97,HONDA_CIVIC,1614.130,1614.1,5087.7,activation,or_v1
ACT_00194,driver_97/route_25,driver_97,HONDA_CIVIC,1959.420,1959.4,4742.4,activation,or_v1
ACT_00195,driver_97/route_25,driver_97,HONDA_CIVIC,2491.850,2491.8,4209.9,activation,or_v1
ACT_00196,driver_97/route_25,driver_97,HONDA_CIVIC,2566.960,2567.0,4134.8,activation,or_v1
ACT_00197,driver_97/route_25,driver_97,HONDA_CIVIC,2848.510,2848.5,3853.3,activation,or_v1
ACT_00198,driver_97/route_25,driver_97,HONDA_CIVIC,3897.420,3897.4,2804.4,activation,or_v1
ACT_00199,driver_97/route_25,driver_97,HONDA_CIVIC,5126.330,5126.3,1575.5,activation,or_v1
ACT_00200,driver_97/route_25,driver_97,HONDA_CIVIC,6525.500,6525.5,176.3,activation,or_v1
ACT_00201,driver_97/route_27,driver_97,HONDA_CIVIC,468.660,468.7,560.5,activation,or_v1
ACT_00202,driver_97/route_27,driver_97,HONDA_CIVIC,525.550,525.5,503.6,activation,or_v1
ACT_00203,driver_97/route_28,driver_97,HONDA_CIVIC,205.820,205.8,1577.5,activation,or_v1
ACT_00204,driver_97/route_28,driver_97,HONDA_CIVIC,274.380,274.4,1508.9,activation,or_v1
ACT_00205,driver_97/route_28,driver_97,HONDA_CIVIC,331.580,331.6,1451.7,activation,or_v1
ACT_00206,driver_97/route_28,driver_97,HONDA_CIVIC,592.310,592.3,1191.0,activation,or_v1
ACT_00207,driver_97/route_28,driver_97,HONDA_CIVIC,968.100,968.1,815.2,activation,or_v1
ACT_00208,driver_97/route_29,driver_97,HONDA_CIVIC,79.600,79.6,220.4,activation,or_v1
ACT_00209,driver_97/route_30,driver_97,HONDA_CIVIC,397.550,397.6,1433.0,activation,or_v1
ACT_00210,driver_97/route_30,driver_97,HONDA_CIVIC,426.580,426.6,1404.0,activation,or_v1
ACT_00211,driver_97/route_30,driver_97,HONDA_CIVIC,471.740,471.7,1358.8,activation,or_v1
ACT_00212,driver_97/route_30,driver_97,HONDA_CIVIC,492.200,492.2,1338.3,activation,or_v1
ACT_00213,driver_97/route_30,driver_97,HONDA_CIVIC,767.430,767.4,1063.1,activation,or_v1
ACT_00214,driver_97/route_30,driver_97,HONDA_CIVIC,831.380,831.4,999.2,activation,or_v1
ACT_00215,driver_97/route_31,driver_97,HONDA_CIVIC,715.470,715.5,8291.4,activation,or_v1
ACT_00216,driver_97/route_31,driver_97,HONDA_CIVIC,914.460,914.5,8092.4,activation,or_v1
ACT_00217,driver_97/route_31,driver_97,HONDA_CIVIC,1400.950,1401.0,7605.9,activation,or_v1
ACT_00218,driver_97/route_31,driver_97,HONDA_CIVIC,1763.640,1763.6,7243.2,activation,or_v1
ACT_00219,driver_97/route_31,driver_97,HONDA_CIVIC,2064.420,2064.4,6942.4,activation,or_v1
ACT_00220,driver_97/route_31,driver_97,HONDA_CIVIC,2261.830,2261.8,6745.0,activation,or_v1
ACT_00221,driver_97/route_31,driver_97,HONDA_CIVIC,3133.150,3133.2,5873.7,activation,or_v1
ACT_00222,driver_97/route_31,driver_97,HONDA_CIVIC,3319.240,3319.2,5687.6,activation,or_v1
ACT_00223,driver_97/route_31,driver_97,HONDA_CIVIC,4131.350,4131.4,4875.5,activation,or_v1
ACT_00224,driver_97/route_31,driver_97,HONDA_CIVIC,4240.870,4240.9,4766.0,activation,or_v1
ACT_00225,driver_97/route_31,driver_97,HONDA_CIVIC,4354.250,4354.2,4652.6,activation,or_v1
ACT_00226,driver_97/route_31,driver_97,HONDA_CIVIC,4386.240,4386.2,4620.6,activation,or_v1
ACT_00227,driver_97/route_31,driver_97,HONDA_CIVIC,4470.170,4470.2,4536.7,activation,or_v1
ACT_00228,driver_97/route_31,driver_97,HONDA_CIVIC,6048.520,6048.5,2958.3,activation,or_v1
ACT_00229,driver_97/route_31,driver_97,HONDA_CIVIC,6365.960,6366.0,2640.9,activation,or_v1
ACT_00230,driver_97/route_31,driver_97,HONDA_CIVIC,7201.190,7201.2,1805.6,activation,or_v1
ACT_00231,driver_97/route_31,driver_97,HONDA_CIVIC,7488.390,7488.4,1518.4,activation,or_v1
ACT_00232,driver_97/route_31,driver_97,HONDA_CIVIC,8747.050,8747.0,259.8,activation,or_v1
ACT_00233,driver_26/route_2,driver_26,HONDA_CIVIC_2022,32.860,32.9,27.5,activation,or_v1
ACT_00234,driver_26/route_3,driver_26,HONDA_CIVIC_2022,519.680,519.7,380.3,activation,or_v1
ACT_00235,driver_26/route_3,driver_26,HONDA_CIVIC_2022,613.430,613.4,286.6,activation,or_v1
ACT_00236,driver_26/route_3,driver_26,HONDA_CIVIC_2022,625.790,625.8,274.2,activation,or_v1
ACT_00237,driver_26/route_3,driver_26,HONDA_CIVIC_2022,646.750,646.8,253.2,activation,or_v1
ACT_00238,driver_26/route_3,driver_26,HONDA_CIVIC_2022,656.420,656.4,243.6,activation,or_v1
ACT_00239,driver_26/route_3,driver_26,HONDA_CIVIC_2022,757.680,757.7,142.3,activation,or_v1
ACT_00240,driver_26/route_3,driver_26,HONDA_CIVIC_2022,849.210,849.2,50.8,activation,or_v1
ACT_00241,driver_26/route_4,driver_26,HONDA_CIVIC_2022,25.170,25.2,94.8,activation,or_v1
ACT_00242,driver_91/route_1,driver_91,HONDA_CIVIC_BOSCH,28.690,28.7,31.3,activation,or_v1
ACT_00243,driver_91/route_2,driver_91,HONDA_CIVIC_BOSCH,1.970,2.0,830.0,activation,or_v1
ACT_00244,driver_91/route_2,driver_91,HONDA_CIVIC_BOSCH,19.090,19.1,812.9,activation,or_v1
ACT_00245,driver_91/route_2,driver_91,HONDA_CIVIC_BOSCH,33.660,33.7,798.4,activation,or_v1
ACT_00246,driver_91/route_2,driver_91,HONDA_CIVIC_BOSCH,118.630,118.6,713.4,activation,or_v1
ACT_00247,driver_91/route_2,driver_91,HONDA_CIVIC_BOSCH,381.110,381.1,450.9,activation,or_v1
ACT_00248,driver_91/route_2,driver_91,HONDA_CIVIC_BOSCH,761.060,761.1,71.0,activation,or_v1
ACT_00249,driver_91/route_2,driver_91,HONDA_CIVIC_BOSCH,812.990,813.0,19.0,activation,or_v1
ACT_00250,driver_91/route_2,driver_91,HONDA_CIVIC_BOSCH,823.460,823.5,8.5,activation,or_v1
ACT_00251,driver_122/route_1,driver_122,HONDA_CIVIC_BOSCH,797.550,797.5,3752.8,activation,or_v1
ACT_00252,driver_122/route_1,driver_122,HONDA_CIVIC_BOSCH,896.350,896.4,3654.0,activation,or_v1
ACT_00253,driver_122/route_1,driver_122,HONDA_CIVIC_BOSCH,1682.690,1682.7,2867.7,activation,or_v1
ACT_00254,driver_122/route_1,driver_122,HONDA_CIVIC_BOSCH,2640.530,2640.5,1909.8,activation,or_v1
ACT_00255,driver_122/route_1,driver_122,HONDA_CIVIC_BOSCH,3187.600,3187.6,1362.7,activation,or_v1
ACT_00256,driver_122/route_1,driver_122,HONDA_CIVIC_BOSCH,3799.450,3799.4,750.9,activation,or_v1
ACT_00257,driver_10/route_1,driver_10,HONDA_FIT_4G,6.540,6.5,53.4,activation,or_v1
ACT_00258,driver_59/route_1,driver_59,HONDA_ODYSSEY_2018,299.920,299.9,3601.0,activation,or_v1
ACT_00259,driver_59/route_1,driver_59,HONDA_ODYSSEY_2018,3597.940,3597.9,303.0,activation,or_v1
ACT_00260,driver_24/route_1,driver_24,HYUNDAI_ELANTRA_2022_NON_SCC,190.850,190.8,1739.3,activation,or_v1
ACT_00261,driver_24/route_1,driver_24,HYUNDAI_ELANTRA_2022_NON_SCC,261.910,261.9,1668.3,activation,or_v1
ACT_00262,driver_24/route_1,driver_24,HYUNDAI_ELANTRA_2022_NON_SCC,383.650,383.6,1546.5,activation,or_v1
ACT_00263,driver_24/route_1,driver_24,HYUNDAI_ELANTRA_2022_NON_SCC,477.860,477.9,1452.3,activation,or_v1
ACT_00264,driver_24/route_1,driver_24,HYUNDAI_ELANTRA_2022_NON_SCC,587.020,587.0,1343.2,activation,or_v1
ACT_00265,driver_24/route_1,driver_24,HYUNDAI_ELANTRA_2022_NON_SCC,630.550,630.5,1299.6,activation,or_v1
ACT_00266,driver_24/route_1,driver_24,HYUNDAI_ELANTRA_2022_NON_SCC,1256.840,1256.8,673.3,activation,or_v1
ACT_00267,driver_24/route_1,driver_24,HYUNDAI_ELANTRA_2022_NON_SCC,1324.620,1324.6,605.6,activation,or_v1
ACT_00268,driver_24/route_1,driver_24,HYUNDAI_ELANTRA_2022_NON_SCC,1401.970,1402.0,528.2,activation,or_v1
ACT_00269,driver_24/route_1,driver_24,HYUNDAI_ELANTRA_2022_NON_SCC,1485.590,1485.6,444.6,activation,or_v1
ACT_00270,driver_24/route_2,driver_24,HYUNDAI_ELANTRA_2022_NON_SCC,523.540,523.5,1583.3,activation,or_v1
ACT_00271,driver_24/route_2,driver_24,HYUNDAI_ELANTRA_2022_NON_SCC,619.010,619.0,1487.9,activation,or_v1
ACT_00272,driver_24/route_2,driver_24,HYUNDAI_ELANTRA_2022_NON_SCC,648.820,648.8,1458.1,activation,or_v1
ACT_00273,driver_24/route_2,driver_24,HYUNDAI_ELANTRA_2022_NON_SCC,767.210,767.2,1339.7,activation,or_v1
ACT_00274,driver_24/route_2,driver_24,HYUNDAI_ELANTRA_2022_NON_SCC,934.550,934.5,1172.3,activation,or_v1
ACT_00275,driver_24/route_2,driver_24,HYUNDAI_ELANTRA_2022_NON_SCC,1114.300,1114.3,992.6,activation,or_v1
ACT_00276,driver_24/route_2,driver_24,HYUNDAI_ELANTRA_2022_NON_SCC,1378.840,1378.8,728.0,activation,or_v1
ACT_00277,driver_24/route_2,driver_24,HYUNDAI_ELANTRA_2022_NON_SCC,1523.390,1523.4,583.5,activation,or_v1
ACT_00278,driver_24/route_2,driver_24,HYUNDAI_ELANTRA_2022_NON_SCC,1609.700,1609.7,497.2,activation,or_v1
ACT_00279,driver_24/route_2,driver_24,HYUNDAI_ELANTRA_2022_NON_SCC,1647.050,1647.0,459.8,activation,or_v1
ACT_00280,driver_24/route_2,driver_24,HYUNDAI_ELANTRA_2022_NON_SCC,1783.500,1783.5,323.4,activation,or_v1
ACT_00281,driver_24/route_2,driver_24,HYUNDAI_ELANTRA_2022_NON_SCC,1953.960,1954.0,152.9,activation,or_v1
ACT_00282,driver_24/route_2,driver_24,HYUNDAI_ELANTRA_2022_NON_SCC,1980.690,1980.7,126.2,activation,or_v1
ACT_00283,driver_24/route_2,driver_24,HYUNDAI_ELANTRA_2022_NON_SCC,2078.250,2078.2,28.6,activation,or_v1
ACT_00284,driver_70/route_1,driver_70,HYUNDAI_ELANTRA_HEV_2021,32.460,32.5,403.7,activation,or_v1
ACT_00285,driver_70/route_1,driver_70,HYUNDAI_ELANTRA_HEV_2021,262.570,262.6,173.6,activation,or_v1
ACT_00286,driver_70/route_2,driver_70,HYUNDAI_ELANTRA_HEV_2021,48.520,48.5,3983.9,activation,or_v1
ACT_00287,driver_70/route_2,driver_70,HYUNDAI_ELANTRA_HEV_2021,69.760,69.8,3962.7,activation,or_v1
ACT_00288,driver_70/route_2,driver_70,HYUNDAI_ELANTRA_HEV_2021,164.400,164.4,3868.1,activation,or_v1
ACT_00289,driver_70/route_2,driver_70,HYUNDAI_ELANTRA_HEV_2021,207.710,207.7,3824.8,activation,or_v1
ACT_00290,driver_70/route_2,driver_70,HYUNDAI_ELANTRA_HEV_2021,292.210,292.2,3740.2,activation,or_v1
ACT_00291,driver_70/route_2,driver_70,HYUNDAI_ELANTRA_HEV_2021,1766.570,1766.6,2265.9,activation,or_v1
ACT_00292,driver_70/route_2,driver_70,HYUNDAI_ELANTRA_HEV_2021,1837.580,1837.6,2194.9,activation,or_v1
ACT_00293,driver_70/route_2,driver_70,HYUNDAI_ELANTRA_HEV_2021,2210.520,2210.5,1821.9,activation,or_v1
ACT_00294,driver_70/route_2,driver_70,HYUNDAI_ELANTRA_HEV_2021,2215.060,2215.1,1817.4,activation,or_v1
ACT_00295,driver_70/route_2,driver_70,HYUNDAI_ELANTRA_HEV_2021,3221.210,3221.2,811.2,activation,or_v1
ACT_00296,driver_70/route_2,driver_70,HYUNDAI_ELANTRA_HEV_2021,3365.750,3365.8,666.7,activation,or_v1
ACT_00297,driver_70/route_2,driver_70,HYUNDAI_ELANTRA_HEV_2021,3388.700,3388.7,643.8,activation,or_v1
ACT_00298,driver_70/route_3,driver_70,HYUNDAI_ELANTRA_HEV_2021,46.290,46.3,1453.9,activation,or_v1
ACT_00299,driver_70/route_3,driver_70,HYUNDAI_ELANTRA_HEV_2021,240.800,240.8,1259.4,activation,or_v1
ACT_00300,driver_70/route_3,driver_70,HYUNDAI_ELANTRA_HEV_2021,962.790,962.8,537.4,activation,or_v1
ACT_00301,driver_70/route_3,driver_70,HYUNDAI_ELANTRA_HEV_2021,984.210,984.2,516.0,activation,or_v1
ACT_00302,driver_70/route_4,driver_70,HYUNDAI_ELANTRA_HEV_2021,13.130,13.1,233.3,activation,or_v1
ACT_00303,driver_70/route_4,driver_70,HYUNDAI_ELANTRA_HEV_2021,39.600,39.6,206.8,activation,or_v1
ACT_00304,driver_70/route_4,driver_70,HYUNDAI_ELANTRA_HEV_2021,84.170,84.2,162.2,activation,or_v1
ACT_00305,driver_70/route_4,driver_70,HYUNDAI_ELANTRA_HEV_2021,157.290,157.3,89.1,activation,or_v1
ACT_00306,driver_123/route_1,driver_123,HYUNDAI_IONIQ_5,918.690,918.7,1004.0,activation,or_v1
ACT_00307,driver_123/route_1,driver_123,HYUNDAI_IONIQ_5,1024.040,1024.0,898.6,activation,or_v1
ACT_00308,driver_123/route_1,driver_123,HYUNDAI_IONIQ_5,1086.390,1086.4,836.3,activation,or_v1
ACT_00309,driver_123/route_1,driver_123,HYUNDAI_IONIQ_5,1119.890,1119.9,802.8,activation,or_v1
ACT_00310,driver_123/route_1,driver_123,HYUNDAI_IONIQ_5,1218.960,1219.0,703.7,activation,or_v1
ACT_00311,driver_123/route_1,driver_123,HYUNDAI_IONIQ_5,1257.810,1257.8,664.9,activation,or_v1
ACT_00312,driver_123/route_1,driver_123,HYUNDAI_IONIQ_5,1416.870,1416.9,505.8,activation,or_v1
ACT_00313,driver_65/route_1,driver_65,HYUNDAI_IONIQ_5_2022,156.470,156.5,1496.4,activation,or_v1
ACT_00314,driver_65/route_1,driver_65,HYUNDAI_IONIQ_5_2022,274.770,274.8,1378.1,activation,or_v1
ACT_00315,driver_65/route_1,driver_65,HYUNDAI_IONIQ_5_2022,452.010,452.0,1200.8,activation,or_v1
ACT_00316,driver_65/route_1,driver_65,HYUNDAI_IONIQ_5_2022,663.600,663.6,989.3,activation,or_v1
ACT_00317,driver_65/route_1,driver_65,HYUNDAI_IONIQ_5_2022,948.000,948.0,704.9,activation,or_v1
ACT_00318,driver_65/route_1,driver_65,HYUNDAI_IONIQ_5_2022,998.920,998.9,653.9,activation,or_v1
ACT_00319,driver_65/route_1,driver_65,HYUNDAI_IONIQ_5_2022,1099.320,1099.3,553.5,activation,or_v1
ACT_00320,driver_65/route_2,driver_65,HYUNDAI_IONIQ_5_2022,128.850,128.8,1706.9,activation,or_v1
ACT_00321,driver_65/route_2,driver_65,HYUNDAI_IONIQ_5_2022,161.080,161.1,1674.7,activation,or_v1
ACT_00322,driver_65/route_2,driver_65,HYUNDAI_IONIQ_5_2022,232.390,232.4,1603.3,activation,or_v1
ACT_00323,driver_65/route_2,driver_65,HYUNDAI_IONIQ_5_2022,571.440,571.4,1264.3,activation,or_v1
ACT_00324,driver_65/route_2,driver_65,HYUNDAI_IONIQ_5_2022,1465.030,1465.0,370.7,activation,or_v1
ACT_00325,driver_65/route_3,driver_65,HYUNDAI_IONIQ_5_2022,6.770,6.8,774.2,activation,or_v1
ACT_00326,driver_65/route_3,driver_65,HYUNDAI_IONIQ_5_2022,16.030,16.0,765.0,activation,or_v1
ACT_00327,driver_65/route_3,driver_65,HYUNDAI_IONIQ_5_2022,63.690,63.7,717.3,activation,or_v1
ACT_00328,driver_65/route_3,driver_65,HYUNDAI_IONIQ_5_2022,170.050,170.1,611.0,activation,or_v1
ACT_00329,driver_65/route_3,driver_65,HYUNDAI_IONIQ_5_2022,227.490,227.5,553.5,activation,or_v1
ACT_00330,driver_65/route_3,driver_65,HYUNDAI_IONIQ_5_2022,397.590,397.6,383.4,activation,or_v1
ACT_00331,driver_65/route_3,driver_65,HYUNDAI_IONIQ_5_2022,499.970,500.0,281.0,activation,or_v1
ACT_00332,driver_65/route_3,driver_65,HYUNDAI_IONIQ_5_2022,509.450,509.4,271.6,activation,or_v1
ACT_00333,driver_65/route_3,driver_65,HYUNDAI_IONIQ_5_2022,563.950,564.0,217.0,activation,or_v1
ACT_00334,driver_65/route_3,driver_65,HYUNDAI_IONIQ_5_2022,635.970,636.0,145.0,activation,or_v1
ACT_00335,driver_39/route_1,driver_39,HYUNDAI_IONIQ_6,333.870,333.9,6519.8,activation,or_v1
ACT_00336,driver_39/route_1,driver_39,HYUNDAI_IONIQ_6,381.600,381.6,6472.1,activation,or_v1
ACT_00337,driver_39/route_1,driver_39,HYUNDAI_IONIQ_6,4837.550,4837.6,2016.1,activation,or_v1
ACT_00338,driver_39/route_1,driver_39,HYUNDAI_IONIQ_6,6233.690,6233.7,620.0,activation,or_v1
ACT_00339,driver_39/route_1,driver_39,HYUNDAI_IONIQ_6,6464.970,6465.0,388.7,activation,or_v1
ACT_00340,driver_39/route_2,driver_39,HYUNDAI_IONIQ_6,17.770,17.8,845.6,activation,or_v1
ACT_00341,driver_39/route_2,driver_39,HYUNDAI_IONIQ_6,181.010,181.0,682.4,activation,or_v1
ACT_00342,driver_39/route_2,driver_39,HYUNDAI_IONIQ_6,439.090,439.1,424.3,activation,or_v1
ACT_00343,driver_45/route_1,driver_45,HYUNDAI_IONIQ_HEV_2022,98.660,98.7,255.6,activation,or_v1
ACT_00344,driver_45/route_1,driver_45,HYUNDAI_IONIQ_HEV_2022,123.280,123.3,230.9,activation,or_v1
ACT_00345,driver_45/route_1,driver_45,HYUNDAI_IONIQ_HEV_2022,145.420,145.4,208.8,activation,or_v1
ACT_00346,driver_45/route_1,driver_45,HYUNDAI_IONIQ_HEV_2022,250.610,250.6,103.6,activation,or_v1
ACT_00347,driver_45/route_1,driver_45,HYUNDAI_IONIQ_HEV_2022,295.700,295.7,58.5,activation,or_v1
ACT_00348,driver_45/route_1,driver_45,HYUNDAI_IONIQ_HEV_2022,308.100,308.1,46.1,activation,or_v1
ACT_00349,driver_61/route_1,driver_61,HYUNDAI_KONA,13.690,13.7,371.4,activation,or_v1
ACT_00350,driver_61/route_1,driver_61,HYUNDAI_KONA,129.300,129.3,255.7,activation,or_v1
ACT_00351,driver_61/route_1,driver_61,HYUNDAI_KONA,320.500,320.5,64.5,activation,or_v1
ACT_00352,driver_12/route_1,driver_12,HYUNDAI_PALISADE_2023,156.450,156.4,1109.3,activation,or_v1
ACT_00353,driver_12/route_1,driver_12,HYUNDAI_PALISADE_2023,251.450,251.4,1014.3,activation,or_v1
ACT_00354,driver_12/route_2,driver_12,HYUNDAI_PALISADE_2023,9.850,9.8,1815.1,activation,or_v1
ACT_00355,driver_12/route_2,driver_12,HYUNDAI_PALISADE_2023,18.330,18.3,1806.6,activation,or_v1
ACT_00356,driver_12/route_2,driver_12,HYUNDAI_PALISADE_2023,41.450,41.5,1783.5,activation,or_v1
ACT_00357,driver_12/route_2,driver_12,HYUNDAI_PALISADE_2023,87.640,87.6,1737.3,activation,or_v1
ACT_00358,driver_12/route_2,driver_12,HYUNDAI_PALISADE_2023,95.460,95.5,1729.4,activation,or_v1
ACT_00359,driver_12/route_2,driver_12,HYUNDAI_PALISADE_2023,100.640,100.6,1724.3,activation,or_v1
ACT_00360,driver_12/route_2,driver_12,HYUNDAI_PALISADE_2023,108.220,108.2,1716.7,activation,or_v1
ACT_00361,driver_12/route_2,driver_12,HYUNDAI_PALISADE_2023,150.310,150.3,1674.6,activation,or_v1
ACT_00362,driver_12/route_2,driver_12,HYUNDAI_PALISADE_2023,244.480,244.5,1580.4,activation,or_v1
ACT_00363,driver_12/route_2,driver_12,HYUNDAI_PALISADE_2023,270.810,270.8,1554.1,activation,or_v1
ACT_00364,driver_12/route_2,driver_12,HYUNDAI_PALISADE_2023,679.230,679.2,1145.7,activation,or_v1
ACT_00365,driver_12/route_2,driver_12,HYUNDAI_PALISADE_2023,1111.040,1111.0,713.9,activation,or_v1
ACT_00366,driver_12/route_3,driver_12,HYUNDAI_PALISADE_2023,12.610,12.6,169.2,activation,or_v1
ACT_00367,driver_12/route_3,driver_12,HYUNDAI_PALISADE_2023,72.310,72.3,109.6,activation,or_v1
ACT_00368,driver_12/route_4,driver_12,HYUNDAI_PALISADE_2023,395.670,395.7,989.4,activation,or_v1
ACT_00369,driver_12/route_4,driver_12,HYUNDAI_PALISADE_2023,646.590,646.6,738.4,activation,or_v1
ACT_00370,driver_21/route_3,driver_21,HYUNDAI_PALISADE_2023,47.970,48.0,1124.2,activation,or_v1
ACT_00371,driver_21/route_3,driver_21,HYUNDAI_PALISADE_2023,290.710,290.7,881.4,activation,or_v1
ACT_00372,driver_21/route_3,driver_21,HYUNDAI_PALISADE_2023,907.860,907.9,264.3,activation,or_v1
ACT_00373,driver_95/route_6,driver_95,HYUNDAI_PALISADE_2023,234.340,234.3,70.9,activation,or_v1
ACT_00374,driver_95/route_6,driver_95,HYUNDAI_PALISADE_2023,245.740,245.7,59.5,activation,or_v1
ACT_00375,driver_95/route_6,driver_95,HYUNDAI_PALISADE_2023,256.970,257.0,48.3,activation,or_v1
ACT_00376,driver_86/route_1,driver_86,HYUNDAI_SONATA,20.240,20.2,400.9,activation,or_v1
ACT_00377,driver_86/route_1,driver_86,HYUNDAI_SONATA,263.890,263.9,157.2,activation,or_v1
ACT_00378,driver_86/route_1,driver_86,HYUNDAI_SONATA,377.990,378.0,43.1,activation,or_v1
ACT_00379,driver_86/route_2,driver_86,HYUNDAI_SONATA,236.060,236.1,305.2,activation,or_v1
ACT_00380,driver_86/route_2,driver_86,HYUNDAI_SONATA,283.390,283.4,257.9,activation,or_v1
ACT_00381,driver_86/route_2,driver_86,HYUNDAI_SONATA,362.330,362.3,179.0,activation,or_v1
ACT_00382,driver_86/route_2,driver_86,HYUNDAI_SONATA,440.820,440.8,100.5,activation,or_v1
ACT_00383,driver_86/route_2,driver_86,HYUNDAI_SONATA,475.080,475.1,66.2,activation,or_v1
ACT_00384,driver_86/route_4,driver_86,HYUNDAI_SONATA,195.070,195.1,5281.8,activation,or_v1
ACT_00385,driver_86/route_4,driver_86,HYUNDAI_SONATA,291.400,291.4,5185.5,activation,or_v1
ACT_00386,driver_86/route_4,driver_86,HYUNDAI_SONATA,564.900,564.9,4912.0,activation,or_v1
ACT_00387,driver_86/route_4,driver_86,HYUNDAI_SONATA,710.610,710.6,4766.2,activation,or_v1
ACT_00388,driver_86/route_4,driver_86,HYUNDAI_SONATA,1606.450,1606.5,3870.4,activation,or_v1
ACT_00389,driver_86/route_4,driver_86,HYUNDAI_SONATA,1677.210,1677.2,3799.6,activation,or_v1
ACT_00390,driver_86/route_4,driver_86,HYUNDAI_SONATA,2100.820,2100.8,3376.0,activation,or_v1
ACT_00391,driver_86/route_4,driver_86,HYUNDAI_SONATA,2319.540,2319.5,3157.3,activation,or_v1
ACT_00392,driver_86/route_4,driver_86,HYUNDAI_SONATA,2389.710,2389.7,3087.1,activation,or_v1
ACT_00393,driver_86/route_4,driver_86,HYUNDAI_SONATA,3689.380,3689.4,1787.5,activation,or_v1
ACT_00394,driver_86/route_4,driver_86,HYUNDAI_SONATA,3742.440,3742.4,1734.4,activation,or_v1
ACT_00395,driver_86/route_4,driver_86,HYUNDAI_SONATA,3796.620,3796.6,1680.2,activation,or_v1
ACT_00396,driver_86/route_4,driver_86,HYUNDAI_SONATA,4084.350,4084.3,1392.5,activation,or_v1
ACT_00397,driver_86/route_4,driver_86,HYUNDAI_SONATA,4193.230,4193.2,1283.6,activation,or_v1
ACT_00398,driver_86/route_4,driver_86,HYUNDAI_SONATA,4356.050,4356.1,1120.8,activation,or_v1
ACT_00399,driver_86/route_4,driver_86,HYUNDAI_SONATA,4598.760,4598.8,878.1,activation,or_v1
ACT_00400,driver_86/route_4,driver_86,HYUNDAI_SONATA,4669.380,4669.4,807.5,activation,or_v1
ACT_00401,driver_86/route_4,driver_86,HYUNDAI_SONATA,4794.780,4794.8,682.1,activation,or_v1
ACT_00402,driver_86/route_4,driver_86,HYUNDAI_SONATA,4859.830,4859.8,617.0,activation,or_v1
ACT_00403,driver_86/route_4,driver_86,HYUNDAI_SONATA,4934.830,4934.8,542.0,activation,or_v1
ACT_00404,driver_86/route_4,driver_86,HYUNDAI_SONATA,5059.890,5059.9,417.0,activation,or_v1
ACT_00405,driver_86/route_4,driver_86,HYUNDAI_SONATA,5270.720,5270.7,206.1,activation,or_v1
ACT_00406,driver_86/route_5,driver_86,HYUNDAI_SONATA,133.350,133.3,887.7,activation,or_v1
ACT_00407,driver_86/route_5,driver_86,HYUNDAI_SONATA,159.570,159.6,861.5,activation,or_v1
ACT_00408,driver_86/route_5,driver_86,HYUNDAI_SONATA,265.760,265.8,755.3,activation,or_v1
ACT_00409,driver_86/route_6,driver_86,HYUNDAI_SONATA,40.490,40.5,286.2,activation,or_v1
ACT_00410,driver_86/route_6,driver_86,HYUNDAI_SONATA,119.670,119.7,207.1,activation,or_v1
ACT_00411,driver_86/route_6,driver_86,HYUNDAI_SONATA,130.130,130.1,196.6,activation,or_v1
ACT_00412,driver_86/route_6,driver_86,HYUNDAI_SONATA,139.150,139.2,187.6,activation,or_v1
ACT_00413,driver_86/route_6,driver_86,HYUNDAI_SONATA,148.650,148.7,178.1,activation,or_v1
ACT_00414,driver_86/route_6,driver_86,HYUNDAI_SONATA,154.210,154.2,172.5,activation,or_v1
ACT_00415,driver_41/route_1,driver_41,HYUNDAI_SONATA_2024,7.830,7.8,472.2,activation,or_v1
ACT_00416,driver_41/route_1,driver_41,HYUNDAI_SONATA_2024,61.100,61.1,418.9,activation,or_v1
ACT_00417,driver_41/route_1,driver_41,HYUNDAI_SONATA_2024,118.420,118.4,361.6,activation,or_v1
ACT_00418,driver_41/route_1,driver_41,HYUNDAI_SONATA_2024,294.100,294.1,185.9,activation,or_v1
ACT_00419,driver_41/route_1,driver_41,HYUNDAI_SONATA_2024,440.300,440.3,39.7,activation,or_v1
ACT_00420,driver_55/route_2,driver_55,HYUNDAI_SONATA_HEV_2024,518.320,518.3,1462.3,activation,or_v1
ACT_00421,driver_55/route_2,driver_55,HYUNDAI_SONATA_HEV_2024,678.700,678.7,1302.0,activation,or_v1
ACT_00422,driver_55/route_2,driver_55,HYUNDAI_SONATA_HEV_2024,1192.220,1192.2,788.5,activation,or_v1
ACT_00423,driver_55/route_2,driver_55,HYUNDAI_SONATA_HEV_2024,1236.380,1236.4,744.3,activation,or_v1
ACT_00424,driver_55/route_2,driver_55,HYUNDAI_SONATA_HEV_2024,1282.520,1282.5,698.2,activation,or_v1
ACT_00425,driver_55/route_2,driver_55,HYUNDAI_SONATA_HEV_2024,1424.440,1424.4,556.2,activation,or_v1
ACT_00426,driver_55/route_2,driver_55,HYUNDAI_SONATA_HEV_2024,1467.050,1467.0,513.6,activation,or_v1
ACT_00427,driver_55/route_3,driver_55,HYUNDAI_SONATA_HEV_2024,28.700,28.7,1531.3,activation,or_v1
ACT_00428,driver_55/route_3,driver_55,HYUNDAI_SONATA_HEV_2024,61.580,61.6,1498.4,activation,or_v1
ACT_00429,driver_55/route_3,driver_55,HYUNDAI_SONATA_HEV_2024,239.380,239.4,1320.6,activation,or_v1
ACT_00430,driver_55/route_3,driver_55,HYUNDAI_SONATA_HEV_2024,1045.410,1045.4,514.5,activation,or_v1
ACT_00431,driver_55/route_3,driver_55,HYUNDAI_SONATA_HEV_2024,1093.170,1093.2,466.8,activation,or_v1
ACT_00432,driver_55/route_3,driver_55,HYUNDAI_SONATA_HEV_2024,1137.570,1137.6,422.4,activation,or_v1
ACT_00433,driver_55/route_3,driver_55,HYUNDAI_SONATA_HEV_2024,1277.170,1277.2,282.8,activation,or_v1
ACT_00434,driver_55/route_3,driver_55,HYUNDAI_SONATA_HEV_2024,1405.260,1405.3,154.7,activation,or_v1
ACT_00435,driver_55/route_3,driver_55,HYUNDAI_SONATA_HEV_2024,1431.340,1431.3,128.6,activation,or_v1
ACT_00436,driver_55/route_4,driver_55,HYUNDAI_SONATA_HEV_2024,12.630,12.6,4018.5,activation,or_v1
ACT_00437,driver_55/route_4,driver_55,HYUNDAI_SONATA_HEV_2024,56.690,56.7,3974.4,activation,or_v1
ACT_00438,driver_55/route_4,driver_55,HYUNDAI_SONATA_HEV_2024,103.040,103.0,3928.1,activation,or_v1
ACT_00439,driver_55/route_4,driver_55,HYUNDAI_SONATA_HEV_2024,222.410,222.4,3808.7,activation,or_v1
ACT_00440,driver_55/route_4,driver_55,HYUNDAI_SONATA_HEV_2024,326.300,326.3,3704.8,activation,or_v1
ACT_00441,driver_55/route_4,driver_55,HYUNDAI_SONATA_HEV_2024,355.130,355.1,3676.0,activation,or_v1
ACT_00442,driver_55/route_4,driver_55,HYUNDAI_SONATA_HEV_2024,423.560,423.6,3607.6,activation,or_v1
ACT_00443,driver_55/route_4,driver_55,HYUNDAI_SONATA_HEV_2024,456.300,456.3,3574.8,activation,or_v1
ACT_00444,driver_55/route_4,driver_55,HYUNDAI_SONATA_HEV_2024,517.300,517.3,3513.8,activation,or_v1
ACT_00445,driver_55/route_4,driver_55,HYUNDAI_SONATA_HEV_2024,556.910,556.9,3474.2,activation,or_v1
ACT_00446,driver_55/route_4,driver_55,HYUNDAI_SONATA_HEV_2024,834.440,834.4,3196.7,activation,or_v1
ACT_00447,driver_55/route_4,driver_55,HYUNDAI_SONATA_HEV_2024,904.020,904.0,3127.1,activation,or_v1
ACT_00448,driver_55/route_4,driver_55,HYUNDAI_SONATA_HEV_2024,975.710,975.7,3055.4,activation,or_v1
ACT_00449,driver_55/route_4,driver_55,HYUNDAI_SONATA_HEV_2024,1154.480,1154.5,2876.7,activation,or_v1
ACT_00450,driver_55/route_4,driver_55,HYUNDAI_SONATA_HEV_2024,1352.090,1352.1,2679.0,activation,or_v1
ACT_00451,driver_55/route_4,driver_55,HYUNDAI_SONATA_HEV_2024,1461.910,1461.9,2569.2,activation,or_v1
ACT_00452,driver_55/route_4,driver_55,HYUNDAI_SONATA_HEV_2024,1495.420,1495.4,2535.7,activation,or_v1
ACT_00453,driver_55/route_4,driver_55,HYUNDAI_SONATA_HEV_2024,1601.980,1602.0,2429.2,activation,or_v1
ACT_00454,driver_55/route_4,driver_55,HYUNDAI_SONATA_HEV_2024,1693.280,1693.3,2337.9,activation,or_v1
ACT_00455,driver_55/route_4,driver_55,HYUNDAI_SONATA_HEV_2024,1754.500,1754.5,2276.6,activation,or_v1
ACT_00456,driver_55/route_4,driver_55,HYUNDAI_SONATA_HEV_2024,1816.860,1816.9,2214.3,activation,or_v1
ACT_00457,driver_55/route_4,driver_55,HYUNDAI_SONATA_HEV_2024,1860.240,1860.2,2170.9,activation,or_v1
ACT_00458,driver_55/route_4,driver_55,HYUNDAI_SONATA_HEV_2024,2010.360,2010.4,2020.8,activation,or_v1
ACT_00459,driver_55/route_4,driver_55,HYUNDAI_SONATA_HEV_2024,2179.510,2179.5,1851.6,activation,or_v1
ACT_00460,driver_55/route_4,driver_55,HYUNDAI_SONATA_HEV_2024,2473.760,2473.8,1557.4,activation,or_v1
ACT_00461,driver_55/route_4,driver_55,HYUNDAI_SONATA_HEV_2024,2621.500,2621.5,1409.6,activation,or_v1
ACT_00462,driver_55/route_4,driver_55,HYUNDAI_SONATA_HEV_2024,2728.700,2728.7,1302.4,activation,or_v1
ACT_00463,driver_55/route_4,driver_55,HYUNDAI_SONATA_HEV_2024,2881.680,2881.7,1149.5,activation,or_v1
ACT_00464,driver_55/route_4,driver_55,HYUNDAI_SONATA_HEV_2024,3460.690,3460.7,570.4,activation,or_v1
ACT_00465,driver_55/route_4,driver_55,HYUNDAI_SONATA_HEV_2024,3598.670,3598.7,432.5,activation,or_v1
ACT_00466,driver_55/route_4,driver_55,HYUNDAI_SONATA_HEV_2024,3643.170,3643.2,388.0,activation,or_v1
ACT_00467,driver_55/route_4,driver_55,HYUNDAI_SONATA_HEV_2024,3702.700,3702.7,328.4,activation,or_v1
ACT_00468,driver_55/route_4,driver_55,HYUNDAI_SONATA_HEV_2024,3931.380,3931.4,99.8,activation,or_v1
ACT_00469,driver_17/route_1,driver_17,HYUNDAI_TUCSON_HEV_2025,177.820,177.8,662.1,activation,or_v1
ACT_00470,driver_17/route_1,driver_17,HYUNDAI_TUCSON_HEV_2025,238.580,238.6,601.3,activation,or_v1
ACT_00471,driver_17/route_1,driver_17,HYUNDAI_TUCSON_HEV_2025,348.270,348.3,491.6,activation,or_v1
ACT_00472,driver_17/route_1,driver_17,HYUNDAI_TUCSON_HEV_2025,682.200,682.2,157.7,activation,or_v1
ACT_00473,driver_17/route_1,driver_17,HYUNDAI_TUCSON_HEV_2025,800.220,800.2,39.7,activation,or_v1
ACT_00474,driver_17/route_2,driver_17,HYUNDAI_TUCSON_HEV_2025,76.070,76.1,926.8,activation,or_v1
ACT_00475,driver_17/route_2,driver_17,HYUNDAI_TUCSON_HEV_2025,139.320,139.3,863.6,activation,or_v1
ACT_00476,driver_17/route_2,driver_17,HYUNDAI_TUCSON_HEV_2025,200.920,200.9,802.0,activation,or_v1
ACT_00477,driver_17/route_2,driver_17,HYUNDAI_TUCSON_HEV_2025,351.080,351.1,651.8,activation,or_v1
ACT_00478,driver_17/route_2,driver_17,HYUNDAI_TUCSON_HEV_2025,710.890,710.9,292.0,activation,or_v1
ACT_00479,driver_17/route_2,driver_17,HYUNDAI_TUCSON_HEV_2025,801.480,801.5,201.4,activation,or_v1
ACT_00480,driver_17/route_2,driver_17,HYUNDAI_TUCSON_HEV_2025,837.260,837.3,165.6,activation,or_v1
ACT_00481,driver_17/route_2,driver_17,HYUNDAI_TUCSON_HEV_2025,918.830,918.8,84.1,activation,or_v1
ACT_00482,driver_17/route_3,driver_17,HYUNDAI_TUCSON_HEV_2025,83.160,83.2,928.7,activation,or_v1
ACT_00483,driver_17/route_3,driver_17,HYUNDAI_TUCSON_HEV_2025,178.040,178.0,833.8,activation,or_v1
ACT_00484,driver_17/route_3,driver_17,HYUNDAI_TUCSON_HEV_2025,236.280,236.3,775.6,activation,or_v1
ACT_00485,driver_17/route_3,driver_17,HYUNDAI_TUCSON_HEV_2025,344.140,344.1,667.7,activation,or_v1
ACT_00486,driver_17/route_3,driver_17,HYUNDAI_TUCSON_HEV_2025,439.600,439.6,572.3,activation,or_v1
ACT_00487,driver_17/route_3,driver_17,HYUNDAI_TUCSON_HEV_2025,525.390,525.4,486.5,activation,or_v1
ACT_00488,driver_17/route_3,driver_17,HYUNDAI_TUCSON_HEV_2025,679.880,679.9,332.0,activation,or_v1
ACT_00489,driver_17/route_3,driver_17,HYUNDAI_TUCSON_HEV_2025,775.940,775.9,235.9,activation,or_v1
ACT_00490,driver_17/route_3,driver_17,HYUNDAI_TUCSON_HEV_2025,856.070,856.1,155.8,activation,or_v1
ACT_00491,driver_67/route_1,driver_67,JEEP_GRAND_CHEROKEE_2019,183.290,183.3,387.4,activation,or_v1
ACT_00492,driver_67/route_1,driver_67,JEEP_GRAND_CHEROKEE_2019,249.720,249.7,320.9,activation,or_v1
ACT_00493,driver_67/route_1,driver_67,JEEP_GRAND_CHEROKEE_2019,360.610,360.6,210.0,activation,or_v1
ACT_00494,driver_101/route_2,driver_101,KIA_CARNIVAL_4TH_GEN,32.270,32.3,1042.9,activation,or_v1
ACT_00495,driver_101/route_2,driver_101,KIA_CARNIVAL_4TH_GEN,117.260,117.3,957.9,activation,or_v1
ACT_00496,driver_101/route_2,driver_101,KIA_CARNIVAL_4TH_GEN,511.090,511.1,564.1,activation,or_v1
ACT_00497,driver_101/route_2,driver_101,KIA_CARNIVAL_4TH_GEN,600.930,600.9,474.3,activation,or_v1
ACT_00498,driver_101/route_2,driver_101,KIA_CARNIVAL_4TH_GEN,607.960,608.0,467.2,activation,or_v1
ACT_00499,driver_101/route_2,driver_101,KIA_CARNIVAL_4TH_GEN,719.480,719.5,355.7,activation,or_v1
ACT_00500,driver_101/route_3,driver_101,KIA_CARNIVAL_4TH_GEN,194.500,194.5,525.1,activation,or_v1
ACT_00501,driver_101/route_3,driver_101,KIA_CARNIVAL_4TH_GEN,342.560,342.6,377.1,activation,or_v1
ACT_00502,driver_101/route_3,driver_101,KIA_CARNIVAL_4TH_GEN,577.080,577.1,142.5,activation,or_v1
ACT_00503,driver_101/route_3,driver_101,KIA_CARNIVAL_4TH_GEN,592.560,592.6,127.1,activation,or_v1
ACT_00504,driver_3/route_1,driver_3,KIA_CEED,236.460,236.5,1725.4,activation,or_v1
ACT_00505,driver_3/route_1,driver_3,KIA_CEED,272.320,272.3,1689.5,activation,or_v1
ACT_00506,driver_3/route_1,driver_3,KIA_CEED,429.580,429.6,1532.3,activation,or_v1
ACT_00507,driver_3/route_1,driver_3,KIA_CEED,477.620,477.6,1484.2,activation,or_v1
ACT_00508,driver_3/route_1,driver_3,KIA_CEED,665.830,665.8,1296.0,activation,or_v1
ACT_00509,driver_3/route_1,driver_3,KIA_CEED,887.600,887.6,1074.3,activation,or_v1
ACT_00510,driver_3/route_1,driver_3,KIA_CEED,985.330,985.3,976.5,activation,or_v1
ACT_00511,driver_3/route_1,driver_3,KIA_CEED,1000.250,1000.2,961.6,activation,or_v1
ACT_00512,driver_3/route_1,driver_3,KIA_CEED,1016.090,1016.1,945.8,activation,or_v1
ACT_00513,driver_3/route_1,driver_3,KIA_CEED,1140.370,1140.4,821.5,activation,or_v1
ACT_00514,driver_3/route_1,driver_3,KIA_CEED,1334.220,1334.2,627.6,activation,or_v1
ACT_00515,driver_3/route_1,driver_3,KIA_CEED,1405.770,1405.8,556.1,activation,or_v1
ACT_00516,driver_3/route_1,driver_3,KIA_CEED,1515.010,1515.0,446.9,activation,or_v1
ACT_00517,driver_3/route_1,driver_3,KIA_CEED,1632.300,1632.3,329.6,activation,or_v1
ACT_00518,driver_63/route_2,driver_63,KIA_EV6,33.580,33.6,1421.5,activation,or_v1
ACT_00519,driver_63/route_2,driver_63,KIA_EV6,179.870,179.9,1275.2,activation,or_v1
ACT_00520,driver_63/route_2,driver_63,KIA_EV6,793.810,793.8,661.3,activation,or_v1
ACT_00521,driver_63/route_2,driver_63,KIA_EV6,1036.730,1036.7,418.3,activation,or_v1
ACT_00522,driver_71/route_2,driver_71,KIA_EV6,235.910,235.9,928.1,activation,or_v1
ACT_00523,driver_71/route_2,driver_71,KIA_EV6,372.040,372.0,791.9,activation,or_v1
ACT_00524,driver_71/route_2,driver_71,KIA_EV6,419.520,419.5,744.4,activation,or_v1
ACT_00525,driver_71/route_2,driver_71,KIA_EV6,439.600,439.6,724.4,activation,or_v1
ACT_00526,driver_71/route_2,driver_71,KIA_EV6,699.680,699.7,464.3,activation,or_v1
ACT_00527,driver_71/route_3,driver_71,KIA_EV6,53.210,53.2,1558.9,activation,or_v1
ACT_00528,driver_71/route_3,driver_71,KIA_EV6,528.170,528.2,1084.0,activation,or_v1
ACT_00529,driver_71/route_3,driver_71,KIA_EV6,674.180,674.2,938.0,activation,or_v1
ACT_00530,driver_71/route_3,driver_71,KIA_EV6,779.800,779.8,832.3,activation,or_v1
ACT_00531,driver_71/route_3,driver_71,KIA_EV6,797.820,797.8,814.3,activation,or_v1
ACT_00532,driver_71/route_3,driver_71,KIA_EV6,814.650,814.6,797.5,activation,or_v1
ACT_00533,driver_71/route_3,driver_71,KIA_EV6,829.860,829.9,782.3,activation,or_v1
ACT_00534,driver_71/route_3,driver_71,KIA_EV6,920.440,920.4,691.7,activation,or_v1
ACT_00535,driver_71/route_3,driver_71,KIA_EV6,929.750,929.8,682.4,activation,or_v1
ACT_00536,driver_71/route_3,driver_71,KIA_EV6,940.840,940.8,671.3,activation,or_v1
ACT_00537,driver_71/route_3,driver_71,KIA_EV6,1534.180,1534.2,78.0,activation,or_v1
ACT_00538,driver_71/route_3,driver_71,KIA_EV6,1543.150,1543.2,69.0,activation,or_v1
ACT_00539,driver_71/route_4,driver_71,KIA_EV6,194.830,194.8,105.6,activation,or_v1
ACT_00540,driver_71/route_4,driver_71,KIA_EV6,212.560,212.6,87.9,activation,or_v1
ACT_00541,driver_82/route_1,driver_82,KIA_EV6,668.740,668.7,745.4,activation,or_v1
ACT_00542,driver_82/route_1,driver_82,KIA_EV6,861.040,861.0,553.1,activation,or_v1
ACT_00543,driver_82/route_1,driver_82,KIA_EV6,931.720,931.7,482.4,activation,or_v1
ACT_00544,driver_82/route_1,driver_82,KIA_EV6,985.070,985.1,429.1,activation,or_v1
ACT_00545,driver_82/route_1,driver_82,KIA_EV6,1077.430,1077.4,336.7,activation,or_v1
ACT_00546,driver_82/route_1,driver_82,KIA_EV6,1163.090,1163.1,251.1,activation,or_v1
ACT_00547,driver_82/route_1,driver_82,KIA_EV6,1239.950,1240.0,174.2,activation,or_v1
ACT_00548,driver_82/route_1,driver_82,KIA_EV6,1316.280,1316.3,97.9,activation,or_v1
ACT_00549,driver_82/route_2,driver_82,KIA_EV6,29.230,29.2,2184.3,activation,or_v1
ACT_00550,driver_82/route_2,driver_82,KIA_EV6,118.280,118.3,2095.2,activation,or_v1
ACT_00551,driver_82/route_2,driver_82,KIA_EV6,432.140,432.1,1781.4,activation,or_v1
ACT_00552,driver_82/route_2,driver_82,KIA_EV6,923.560,923.6,1289.9,activation,or_v1
ACT_00553,driver_82/route_2,driver_82,KIA_EV6,1163.250,1163.2,1050.2,activation,or_v1
ACT_00554,driver_82/route_2,driver_82,KIA_EV6,1259.510,1259.5,954.0,activation,or_v1
ACT_00555,driver_82/route_2,driver_82,KIA_EV6,1340.450,1340.5,873.0,activation,or_v1
ACT_00556,driver_82/route_2,driver_82,KIA_EV6,1610.460,1610.5,603.0,activation,or_v1
ACT_00557,driver_110/route_1,driver_110,KIA_EV6_2022,24.700,24.7,473.5,activation,or_v1
ACT_00558,driver_110/route_1,driver_110,KIA_EV6_2022,65.510,65.5,432.7,activation,or_v1
ACT_00559,driver_110/route_1,driver_110,KIA_EV6_2022,114.670,114.7,383.5,activation,or_v1
ACT_00560,driver_69/route_4,driver_69,KIA_EV6_2025,66.470,66.5,589.1,activation,or_v1
ACT_00561,driver_69/route_4,driver_69,KIA_EV6_2025,279.660,279.7,375.9,activation,or_v1
ACT_00562,driver_69/route_4,driver_69,KIA_EV6_2025,527.390,527.4,128.2,activation,or_v1
ACT_00563,driver_69/route_4,driver_69,KIA_EV6_2025,538.370,538.4,117.2,activation,or_v1
ACT_00564,driver_69/route_4,driver_69,KIA_EV6_2025,563.440,563.4,92.2,activation,or_v1
ACT_00565,driver_69/route_4,driver_69,KIA_EV6_2025,568.620,568.6,87.0,activation,or_v1
ACT_00566,driver_69/route_4,driver_69,KIA_EV6_2025,585.160,585.2,70.5,activation,or_v1
ACT_00567,driver_69/route_4,driver_69,KIA_EV6_2025,609.750,609.8,45.9,activation,or_v1
ACT_00568,driver_69/route_4,driver_69,KIA_EV6_2025,629.600,629.6,26.0,activation,or_v1
ACT_00569,driver_69/route_4,driver_69,KIA_EV6_2025,637.720,637.7,17.9,activation,or_v1
ACT_00570,driver_81/route_1,driver_81,KIA_EV9,21.230,21.2,39.4,activation,or_v1
ACT_00571,driver_81/route_3,driver_81,KIA_EV9,23.870,23.9,36.9,activation,or_v1
ACT_00572,driver_81/route_4,driver_81,KIA_EV9,49.380,49.4,71.3,activation,or_v1
ACT_00573,driver_47/route_1,driver_47,KIA_NIRO_EV,13.380,13.4,992.2,activation,or_v1
ACT_00574,driver_47/route_1,driver_47,KIA_NIRO_EV,766.250,766.2,239.3,activation,or_v1
ACT_00575,driver_47/route_1,driver_47,KIA_NIRO_EV,832.930,832.9,172.6,activation,or_v1
ACT_00576,driver_47/route_1,driver_47,KIA_NIRO_EV,891.700,891.7,113.9,activation,or_v1
ACT_00577,driver_47/route_1,driver_47,KIA_NIRO_EV,911.350,911.4,94.2,activation,or_v1
ACT_00578,driver_47/route_1,driver_47,KIA_NIRO_EV,932.640,932.6,72.9,activation,or_v1
ACT_00579,driver_106/route_1,driver_106,KIA_NIRO_EV,41.670,41.7,2359.2,activation,or_v1
ACT_00580,driver_106/route_1,driver_106,KIA_NIRO_EV,1034.270,1034.3,1366.6,activation,or_v1
ACT_00581,driver_106/route_1,driver_106,KIA_NIRO_EV,1361.170,1361.2,1039.7,activation,or_v1
ACT_00582,driver_99/route_1,driver_99,KIA_NIRO_EV_2020,106.950,107.0,1101.3,activation,or_v1
ACT_00583,driver_99/route_4,driver_99,KIA_NIRO_EV_2020,109.040,109.0,163.4,activation,or_v1
ACT_00584,driver_114/route_4,driver_114,KIA_NIRO_HYBRID_2ND_GEN,302.480,302.5,804.7,activation,or_v1
ACT_00585,driver_114/route_4,driver_114,KIA_NIRO_HYBRID_2ND_GEN,1031.570,1031.6,75.6,activation,or_v1
ACT_00586,driver_114/route_4,driver_114,KIA_NIRO_HYBRID_2ND_GEN,1075.660,1075.7,31.5,activation,or_v1
ACT_00587,driver_114/route_4,driver_114,KIA_NIRO_HYBRID_2ND_GEN,1093.500,1093.5,13.6,activation,or_v1
ACT_00588,driver_114/route_5,driver_114,KIA_NIRO_HYBRID_2ND_GEN,15.540,15.5,2258.0,activation,or_v1
ACT_00589,driver_114/route_5,driver_114,KIA_NIRO_HYBRID_2ND_GEN,2222.240,2222.2,51.3,activation,or_v1
ACT_00590,driver_114/route_6,driver_114,KIA_NIRO_HYBRID_2ND_GEN,10.060,10.1,7627.6,activation,or_v1
ACT_00591,driver_114/route_6,driver_114,KIA_NIRO_HYBRID_2ND_GEN,61.560,61.6,7576.1,activation,or_v1
ACT_00592,driver_114/route_6,driver_114,KIA_NIRO_HYBRID_2ND_GEN,3022.000,3022.0,4615.7,activation,or_v1
ACT_00593,driver_114/route_6,driver_114,KIA_NIRO_HYBRID_2ND_GEN,3106.960,3107.0,4530.7,activation,or_v1
ACT_00594,driver_114/route_6,driver_114,KIA_NIRO_HYBRID_2ND_GEN,3799.270,3799.3,3838.4,activation,or_v1
ACT_00595,driver_114/route_6,driver_114,KIA_NIRO_HYBRID_2ND_GEN,4071.360,4071.4,3566.3,activation,or_v1
ACT_00596,driver_114/route_6,driver_114,KIA_NIRO_HYBRID_2ND_GEN,4870.670,4870.7,2767.0,activation,or_v1
ACT_00597,driver_114/route_6,driver_114,KIA_NIRO_HYBRID_2ND_GEN,5559.130,5559.1,2078.5,activation,or_v1
ACT_00598,driver_114/route_6,driver_114,KIA_NIRO_HYBRID_2ND_GEN,6876.490,6876.5,761.2,activation,or_v1
ACT_00599,driver_114/route_6,driver_114,KIA_NIRO_HYBRID_2ND_GEN,6900.100,6900.1,737.6,activation,or_v1
ACT_00600,driver_114/route_6,driver_114,KIA_NIRO_HYBRID_2ND_GEN,7106.190,7106.2,531.5,activation,or_v1
ACT_00601,driver_114/route_6,driver_114,KIA_NIRO_HYBRID_2ND_GEN,7173.930,7173.9,463.7,activation,or_v1
ACT_00602,driver_114/route_6,driver_114,KIA_NIRO_HYBRID_2ND_GEN,7300.760,7300.8,336.9,activation,or_v1
ACT_00603,driver_114/route_6,driver_114,KIA_NIRO_HYBRID_2ND_GEN,7384.760,7384.8,252.9,activation,or_v1
ACT_00604,driver_114/route_6,driver_114,KIA_NIRO_HYBRID_2ND_GEN,7407.210,7407.2,230.4,activation,or_v1
ACT_00605,driver_114/route_6,driver_114,KIA_NIRO_HYBRID_2ND_GEN,7562.460,7562.5,75.2,activation,or_v1
ACT_00606,driver_114/route_7,driver_114,KIA_NIRO_HYBRID_2ND_GEN,44.060,44.1,453.4,activation,or_v1
ACT_00607,driver_114/route_7,driver_114,KIA_NIRO_HYBRID_2ND_GEN,61.890,61.9,435.6,activation,or_v1
ACT_00608,driver_114/route_7,driver_114,KIA_NIRO_HYBRID_2ND_GEN,309.060,309.1,188.4,activation,or_v1
ACT_00609,driver_114/route_7,driver_114,KIA_NIRO_HYBRID_2ND_GEN,415.390,415.4,82.1,activation,or_v1
ACT_00610,driver_7/route_1,driver_7,KIA_NIRO_PHEV_2022,21.950,21.9,1358.2,activation,or_v1
ACT_00611,driver_7/route_1,driver_7,KIA_NIRO_PHEV_2022,36.690,36.7,1343.5,activation,or_v1
ACT_00612,driver_7/route_1,driver_7,KIA_NIRO_PHEV_2022,120.210,120.2,1260.0,activation,or_v1
ACT_00613,driver_7/route_1,driver_7,KIA_NIRO_PHEV_2022,230.440,230.4,1149.7,activation,or_v1
ACT_00614,driver_7/route_1,driver_7,KIA_NIRO_PHEV_2022,256.910,256.9,1123.3,activation,or_v1
ACT_00615,driver_7/route_1,driver_7,KIA_NIRO_PHEV_2022,284.490,284.5,1095.7,activation,or_v1
ACT_00616,driver_7/route_1,driver_7,KIA_NIRO_PHEV_2022,386.910,386.9,993.3,activation,or_v1
ACT_00617,driver_7/route_1,driver_7,KIA_NIRO_PHEV_2022,414.350,414.4,965.8,activation,or_v1
ACT_00618,driver_7/route_1,driver_7,KIA_NIRO_PHEV_2022,840.200,840.2,540.0,activation,or_v1
ACT_00619,driver_7/route_1,driver_7,KIA_NIRO_PHEV_2022,1189.420,1189.4,190.8,activation,or_v1
ACT_00620,driver_7/route_1,driver_7,KIA_NIRO_PHEV_2022,1201.220,1201.2,179.0,activation,or_v1
ACT_00621,driver_7/route_2,driver_7,KIA_NIRO_PHEV_2022,19.300,19.3,40.7,activation,or_v1
ACT_00622,driver_105/route_2,driver_105,KIA_NIRO_PHEV_2022,33.860,33.9,86.2,activation,or_v1
ACT_00623,driver_105/route_3,driver_105,KIA_NIRO_PHEV_2022,54.970,55.0,125.0,activation,or_v1
ACT_00624,driver_105/route_5,driver_105,KIA_NIRO_PHEV_2022,79.680,79.7,1840.3,activation,or_v1
ACT_00625,driver_105/route_5,driver_105,KIA_NIRO_PHEV_2022,137.320,137.3,1782.7,activation,or_v1
ACT_00626,driver_105/route_5,driver_105,KIA_NIRO_PHEV_2022,318.360,318.4,1601.6,activation,or_v1
ACT_00627,driver_105/route_5,driver_105,KIA_NIRO_PHEV_2022,592.160,592.2,1327.8,activation,or_v1
ACT_00628,driver_105/route_5,driver_105,KIA_NIRO_PHEV_2022,898.990,899.0,1021.0,activation,or_v1
ACT_00629,driver_105/route_5,driver_105,KIA_NIRO_PHEV_2022,1509.210,1509.2,410.8,activation,or_v1
ACT_00630,driver_105/route_5,driver_105,KIA_NIRO_PHEV_2022,1611.640,1611.6,308.4,activation,or_v1
ACT_00631,driver_6/route_1,driver_6,KIA_SPORTAGE_5TH_GEN,104.820,104.8,1016.7,activation,or_v1
ACT_00632,driver_6/route_1,driver_6,KIA_SPORTAGE_5TH_GEN,240.730,240.7,880.8,activation,or_v1
ACT_00633,driver_6/route_1,driver_6,KIA_SPORTAGE_5TH_GEN,520.380,520.4,601.2,activation,or_v1
ACT_00634,driver_6/route_1,driver_6,KIA_SPORTAGE_5TH_GEN,554.330,554.3,567.2,activation,or_v1
ACT_00635,driver_6/route_1,driver_6,KIA_SPORTAGE_5TH_GEN,650.790,650.8,470.8,activation,or_v1
ACT_00636,driver_6/route_1,driver_6,KIA_SPORTAGE_5TH_GEN,713.800,713.8,407.8,activation,or_v1
ACT_00637,driver_6/route_1,driver_6,KIA_SPORTAGE_5TH_GEN,743.860,743.9,377.7,activation,or_v1
ACT_00638,driver_6/route_1,driver_6,KIA_SPORTAGE_5TH_GEN,837.030,837.0,284.5,activation,or_v1
ACT_00639,driver_6/route_1,driver_6,KIA_SPORTAGE_5TH_GEN,1035.060,1035.1,86.5,activation,or_v1
ACT_00640,driver_6/route_2,driver_6,KIA_SPORTAGE_5TH_GEN,42.140,42.1,198.6,activation,or_v1
ACT_00641,driver_6/route_2,driver_6,KIA_SPORTAGE_5TH_GEN,65.010,65.0,175.8,activation,or_v1
ACT_00642,driver_6/route_3,driver_6,KIA_SPORTAGE_5TH_GEN,157.660,157.7,2026.8,activation,or_v1
ACT_00643,driver_6/route_3,driver_6,KIA_SPORTAGE_5TH_GEN,183.140,183.1,2001.3,activation,or_v1
ACT_00644,driver_6/route_3,driver_6,KIA_SPORTAGE_5TH_GEN,397.660,397.7,1786.8,activation,or_v1
ACT_00645,driver_6/route_3,driver_6,KIA_SPORTAGE_5TH_GEN,955.020,955.0,1229.4,activation,or_v1
ACT_00646,driver_6/route_3,driver_6,KIA_SPORTAGE_5TH_GEN,1013.340,1013.3,1171.1,activation,or_v1
ACT_00647,driver_6/route_3,driver_6,KIA_SPORTAGE_5TH_GEN,1041.660,1041.7,1142.8,activation,or_v1
ACT_00648,driver_6/route_3,driver_6,KIA_SPORTAGE_5TH_GEN,1213.110,1213.1,971.3,activation,or_v1
ACT_00649,driver_6/route_3,driver_6,KIA_SPORTAGE_5TH_GEN,1718.440,1718.4,466.0,activation,or_v1
ACT_00650,driver_6/route_3,driver_6,KIA_SPORTAGE_5TH_GEN,1832.210,1832.2,352.2,activation,or_v1
ACT_00651,driver_6/route_3,driver_6,KIA_SPORTAGE_5TH_GEN,1946.970,1947.0,237.5,activation,or_v1
ACT_00652,driver_6/route_3,driver_6,KIA_SPORTAGE_5TH_GEN,2059.260,2059.3,125.2,activation,or_v1
ACT_00653,driver_6/route_3,driver_6,KIA_SPORTAGE_5TH_GEN,2127.170,2127.2,57.3,activation,or_v1
ACT_00654,driver_6/route_3,driver_6,KIA_SPORTAGE_5TH_GEN,2156.580,2156.6,27.9,activation,or_v1
ACT_00655,driver_6/route_4,driver_6,KIA_SPORTAGE_5TH_GEN,16.460,16.5,104.9,activation,or_v1
ACT_00656,driver_6/route_5,driver_6,KIA_SPORTAGE_5TH_GEN,167.140,167.1,601.8,activation,or_v1
ACT_00657,driver_6/route_5,driver_6,KIA_SPORTAGE_5TH_GEN,197.380,197.4,571.5,activation,or_v1
ACT_00658,driver_6/route_5,driver_6,KIA_SPORTAGE_5TH_GEN,425.930,425.9,343.0,activation,or_v1
ACT_00659,driver_6/route_5,driver_6,KIA_SPORTAGE_5TH_GEN,558.210,558.2,210.7,activation,or_v1
ACT_00660,driver_6/route_5,driver_6,KIA_SPORTAGE_5TH_GEN,663.140,663.1,105.8,activation,or_v1
ACT_00661,driver_6/route_5,driver_6,KIA_SPORTAGE_5TH_GEN,669.810,669.8,99.1,activation,or_v1
ACT_00662,driver_6/route_5,driver_6,KIA_SPORTAGE_5TH_GEN,686.500,686.5,82.4,activation,or_v1
ACT_00663,driver_42/route_1,driver_42,KIA_SPORTAGE_5TH_GEN,49.940,49.9,459.0,activation,or_v1
ACT_00664,driver_42/route_1,driver_42,KIA_SPORTAGE_5TH_GEN,135.300,135.3,373.7,activation,or_v1
ACT_00665,driver_42/route_1,driver_42,KIA_SPORTAGE_5TH_GEN,333.520,333.5,175.5,activation,or_v1
ACT_00666,driver_74/route_1,driver_74,LEXUS_RC_TSS2,83.670,83.7,801.3,activation,or_v1
ACT_00667,driver_74/route_1,driver_74,LEXUS_RC_TSS2,284.490,284.5,600.5,activation,or_v1
ACT_00668,driver_74/route_1,driver_74,LEXUS_RC_TSS2,639.190,639.2,245.8,activation,or_v1
ACT_00669,driver_116/route_2,driver_116,MAZDA_CX5_2022,188.660,188.7,42.4,activation,or_v1
ACT_00670,driver_116/route_3,driver_116,MAZDA_CX5_2022,204.520,204.5,222.4,activation,or_v1
ACT_00671,driver_116/route_4,driver_116,MAZDA_CX5_2022,78.370,78.4,239.6,activation,or_v1
ACT_00672,driver_116/route_4,driver_116,MAZDA_CX5_2022,178.430,178.4,139.6,activation,or_v1
ACT_00673,driver_116/route_5,driver_116,MAZDA_CX5_2022,132.690,132.7,48.5,activation,or_v1
ACT_00674,driver_9/route_1,driver_9,NISSAN_LEAF,328.650,328.6,770.4,activation,or_v1
ACT_00675,driver_9/route_1,driver_9,NISSAN_LEAF,345.170,345.2,753.9,activation,or_v1
ACT_00676,driver_9/route_1,driver_9,NISSAN_LEAF,409.950,409.9,689.1,activation,or_v1
ACT_00677,driver_9/route_1,driver_9,NISSAN_LEAF,555.650,555.6,543.4,activation,or_v1
ACT_00678,driver_9/route_1,driver_9,NISSAN_LEAF,812.700,812.7,286.3,activation,or_v1
ACT_00679,driver_53/route_1,driver_53,NISSAN_LEAF,2106.640,2106.6,54.1,activation,or_v1
ACT_00680,driver_53/route_2,driver_53,NISSAN_LEAF,9.050,9.1,350.7,activation,or_v1
ACT_00681,driver_53/route_3,driver_53,NISSAN_LEAF,14.020,14.0,460.1,activation,or_v1
ACT_00682,driver_53/route_3,driver_53,NISSAN_LEAF,240.370,240.4,233.7,activation,or_v1
ACT_00683,driver_53/route_3,driver_53,NISSAN_LEAF,271.180,271.2,202.9,activation,or_v1
ACT_00684,driver_53/route_3,driver_53,NISSAN_LEAF,399.120,399.1,74.9,activation,or_v1
ACT_00685,driver_53/route_4,driver_53,NISSAN_LEAF,91.900,91.9,388.4,activation,or_v1
ACT_00686,driver_53/route_4,driver_53,NISSAN_LEAF,428.270,428.3,52.0,activation,or_v1
ACT_00687,driver_53/route_4,driver_53,NISSAN_LEAF,438.660,438.7,41.6,activation,or_v1
ACT_00688,driver_53/route_4,driver_53,NISSAN_LEAF,449.960,450.0,30.3,activation,or_v1
ACT_00689,driver_53/route_6,driver_53,NISSAN_LEAF,23.940,23.9,36.6,activation,or_v1
ACT_00690,driver_53/route_7,driver_53,NISSAN_LEAF,205.360,205.4,2833.0,activation,or_v1
ACT_00691,driver_53/route_7,driver_53,NISSAN_LEAF,386.240,386.2,2652.1,activation,or_v1
ACT_00692,driver_53/route_7,driver_53,NISSAN_LEAF,512.260,512.3,2526.1,activation,or_v1
ACT_00693,driver_53/route_7,driver_53,NISSAN_LEAF,638.230,638.2,2400.1,activation,or_v1
ACT_00694,driver_53/route_7,driver_53,NISSAN_LEAF,798.240,798.2,2240.1,activation,or_v1
ACT_00695,driver_53/route_7,driver_53,NISSAN_LEAF,1519.180,1519.2,1519.1,activation,or_v1
ACT_00696,driver_53/route_7,driver_53,NISSAN_LEAF,1532.710,1532.7,1505.6,activation,or_v1
ACT_00697,driver_53/route_7,driver_53,NISSAN_LEAF,1672.490,1672.5,1365.8,activation,or_v1
ACT_00698,driver_53/route_7,driver_53,NISSAN_LEAF,1731.310,1731.3,1307.0,activation,or_v1
ACT_00699,driver_48/route_1,driver_48,NISSAN_LEAF_2018,118.160,118.2,152.7,activation,or_v1
ACT_00700,driver_48/route_1,driver_48,NISSAN_LEAF_2018,131.230,131.2,139.6,activation,or_v1
ACT_00701,driver_48/route_1,driver_48,NISSAN_LEAF_2018,160.250,160.2,110.6,activation,or_v1
ACT_00702,driver_111/route_1,driver_111,RAM_1500_5TH_GEN,31.370,31.4,449.1,activation,or_v1
ACT_00703,driver_37/route_1,driver_37,RAM_HD_5TH_GEN,262.540,262.5,3845.6,activation,or_v1
ACT_00704,driver_37/route_1,driver_37,RAM_HD_5TH_GEN,3486.060,3486.1,622.0,activation,or_v1
ACT_00705,driver_37/route_1,driver_37,RAM_HD_5TH_GEN,3541.130,3541.1,567.0,activation,or_v1
ACT_00706,driver_37/route_1,driver_37,RAM_HD_5TH_GEN,3546.230,3546.2,561.9,activation,or_v1
ACT_00707,driver_37/route_1,driver_37,RAM_HD_5TH_GEN,3606.680,3606.7,501.4,activation,or_v1
ACT_00708,driver_37/route_1,driver_37,RAM_HD_5TH_GEN,3663.560,3663.6,444.5,activation,or_v1
ACT_00709,driver_37/route_1,driver_37,RAM_HD_5TH_GEN,3941.940,3941.9,166.2,activation,or_v1
ACT_00710,driver_37/route_1,driver_37,RAM_HD_5TH_GEN,4029.400,4029.4,78.7,activation,or_v1
ACT_00711,driver_100/route_1,driver_100,RAM_HD_5TH_GEN,532.940,532.9,3487.6,activation,or_v1
ACT_00712,driver_100/route_1,driver_100,RAM_HD_5TH_GEN,862.190,862.2,3158.4,activation,or_v1
ACT_00713,driver_100/route_1,driver_100,RAM_HD_5TH_GEN,3534.770,3534.8,485.8,activation,or_v1
ACT_00714,driver_100/route_2,driver_100,RAM_HD_5TH_GEN,244.120,244.1,1450.4,activation,or_v1
ACT_00715,driver_100/route_3,driver_100,RAM_HD_5TH_GEN,47.260,47.3,9132.7,activation,or_v1
ACT_00716,driver_100/route_3,driver_100,RAM_HD_5TH_GEN,322.180,322.2,8857.8,activation,or_v1
ACT_00717,driver_100/route_3,driver_100,RAM_HD_5TH_GEN,776.140,776.1,8403.8,activation,or_v1
ACT_00718,driver_100/route_3,driver_100,RAM_HD_5TH_GEN,808.120,808.1,8371.9,activation,or_v1
ACT_00719,driver_100/route_3,driver_100,RAM_HD_5TH_GEN,1630.660,1630.7,7549.3,activation,or_v1
ACT_00720,driver_100/route_3,driver_100,RAM_HD_5TH_GEN,6573.900,6573.9,2606.1,activation,or_v1
ACT_00721,driver_100/route_4,driver_100,RAM_HD_5TH_GEN,285.840,285.8,4389.8,activation,or_v1
ACT_00722,driver_100/route_4,driver_100,RAM_HD_5TH_GEN,301.560,301.6,4374.1,activation,or_v1
ACT_00723,driver_100/route_4,driver_100,RAM_HD_5TH_GEN,386.960,387.0,4288.7,activation,or_v1
ACT_00724,driver_100/route_4,driver_100,RAM_HD_5TH_GEN,2470.090,2470.1,2205.6,activation,or_v1
ACT_00725,driver_100/route_4,driver_100,RAM_HD_5TH_GEN,2501.810,2501.8,2173.9,activation,or_v1
ACT_00726,driver_100/route_4,driver_100,RAM_HD_5TH_GEN,3350.450,3350.4,1325.2,activation,or_v1
ACT_00727,driver_4/route_1,driver_4,RIVIAN_R1_GEN1,175.610,175.6,5285.1,activation,or_v1
ACT_00728,driver_4/route_1,driver_4,RIVIAN_R1_GEN1,3983.540,3983.5,1477.2,activation,or_v1
ACT_00729,driver_4/route_1,driver_4,RIVIAN_R1_GEN1,5010.210,5010.2,450.5,activation,or_v1
ACT_00730,driver_4/route_1,driver_4,RIVIAN_R1_GEN1,5401.730,5401.7,59.0,activation,or_v1
ACT_00731,driver_4/route_2,driver_4,RIVIAN_R1_GEN1,430.770,430.8,3888.8,activation,or_v1
ACT_00732,driver_4/route_2,driver_4,RIVIAN_R1_GEN1,602.420,602.4,3717.1,activation,or_v1
ACT_00733,driver_4/route_2,driver_4,RIVIAN_R1_GEN1,1128.660,1128.7,3190.9,activation,or_v1
ACT_00734,driver_4/route_2,driver_4,RIVIAN_R1_GEN1,2130.610,2130.6,2188.9,activation,or_v1
ACT_00735,driver_4/route_2,driver_4,RIVIAN_R1_GEN1,2299.270,2299.3,2020.3,activation,or_v1
ACT_00736,driver_4/route_2,driver_4,RIVIAN_R1_GEN1,2486.520,2486.5,1833.0,activation,or_v1
ACT_00737,driver_4/route_2,driver_4,RIVIAN_R1_GEN1,3378.220,3378.2,941.3,activation,or_v1
ACT_00738,driver_4/route_2,driver_4,RIVIAN_R1_GEN1,3560.390,3560.4,759.1,activation,or_v1
ACT_00739,driver_29/route_1,driver_29,RIVIAN_R1_GEN1,129.520,129.5,1311.1,activation,or_v1
ACT_00740,driver_29/route_1,driver_29,RIVIAN_R1_GEN1,295.440,295.4,1145.2,activation,or_v1
ACT_00741,driver_29/route_1,driver_29,RIVIAN_R1_GEN1,319.430,319.4,1121.2,activation,or_v1
ACT_00742,driver_29/route_1,driver_29,RIVIAN_R1_GEN1,351.890,351.9,1088.8,activation,or_v1
ACT_00743,driver_29/route_1,driver_29,RIVIAN_R1_GEN1,376.100,376.1,1064.6,activation,or_v1
ACT_00744,driver_29/route_1,driver_29,RIVIAN_R1_GEN1,459.320,459.3,981.3,activation,or_v1
ACT_00745,driver_29/route_1,driver_29,RIVIAN_R1_GEN1,965.380,965.4,475.3,activation,or_v1
ACT_00746,driver_29/route_1,driver_29,RIVIAN_R1_GEN1,1218.870,1218.9,221.8,activation,or_v1
ACT_00747,driver_29/route_1,driver_29,RIVIAN_R1_GEN1,1344.840,1344.8,95.8,activation,or_v1
ACT_00748,driver_29/route_2,driver_29,RIVIAN_R1_GEN1,687.540,687.5,491.0,activation,or_v1
ACT_00749,driver_29/route_2,driver_29,RIVIAN_R1_GEN1,1027.970,1028.0,150.6,activation,or_v1
ACT_00750,driver_29/route_2,driver_29,RIVIAN_R1_GEN1,1036.000,1036.0,142.6,activation,or_v1
ACT_00751,driver_29/route_2,driver_29,RIVIAN_R1_GEN1,1042.920,1042.9,135.6,activation,or_v1
ACT_00752,driver_29/route_2,driver_29,RIVIAN_R1_GEN1,1123.140,1123.1,55.4,activation,or_v1
ACT_00753,driver_29/route_4,driver_29,RIVIAN_R1_GEN1,146.000,146.0,1759.1,activation,or_v1
ACT_00754,driver_29/route_4,driver_29,RIVIAN_R1_GEN1,584.070,584.1,1321.0,activation,or_v1
ACT_00755,driver_29/route_4,driver_29,RIVIAN_R1_GEN1,610.730,610.7,1294.3,activation,or_v1
ACT_00756,driver_29/route_4,driver_29,RIVIAN_R1_GEN1,640.440,640.4,1264.6,activation,or_v1
ACT_00757,driver_29/route_4,driver_29,RIVIAN_R1_GEN1,704.030,704.0,1201.0,activation,or_v1
ACT_00758,driver_29/route_4,driver_29,RIVIAN_R1_GEN1,725.820,725.8,1179.3,activation,or_v1
ACT_00759,driver_29/route_4,driver_29,RIVIAN_R1_GEN1,743.560,743.6,1161.5,activation,or_v1
ACT_00760,driver_29/route_4,driver_29,RIVIAN_R1_GEN1,751.190,751.2,1153.9,activation,or_v1
ACT_00761,driver_29/route_4,driver_29,RIVIAN_R1_GEN1,799.470,799.5,1105.6,activation,or_v1
ACT_00762,driver_29/route_4,driver_29,RIVIAN_R1_GEN1,1790.890,1790.9,114.2,activation,or_v1
ACT_00763,driver_29/route_5,driver_29,RIVIAN_R1_GEN1,44.910,44.9,721.1,activation,or_v1
ACT_00764,driver_29/route_5,driver_29,RIVIAN_R1_GEN1,155.900,155.9,610.1,activation,or_v1
ACT_00765,driver_29/route_5,driver_29,RIVIAN_R1_GEN1,190.640,190.6,575.4,activation,or_v1
ACT_00766,driver_29/route_5,driver_29,RIVIAN_R1_GEN1,251.980,252.0,514.0,activation,or_v1
ACT_00767,driver_29/route_5,driver_29,RIVIAN_R1_GEN1,274.130,274.1,491.9,activation,or_v1
ACT_00768,driver_29/route_5,driver_29,RIVIAN_R1_GEN1,293.980,294.0,472.0,activation,or_v1
ACT_00769,driver_29/route_5,driver_29,RIVIAN_R1_GEN1,322.880,322.9,443.1,activation,or_v1
ACT_00770,driver_29/route_5,driver_29,RIVIAN_R1_GEN1,332.810,332.8,433.2,activation,or_v1
ACT_00771,driver_29/route_5,driver_29,RIVIAN_R1_GEN1,355.200,355.2,410.8,activation,or_v1
ACT_00772,driver_29/route_5,driver_29,RIVIAN_R1_GEN1,564.100,564.1,201.9,activation,or_v1
ACT_00773,driver_29/route_5,driver_29,RIVIAN_R1_GEN1,611.120,611.1,154.9,activation,or_v1
ACT_00774,driver_29/route_5,driver_29,RIVIAN_R1_GEN1,619.180,619.2,146.8,activation,or_v1
ACT_00775,driver_29/route_7,driver_29,RIVIAN_R1_GEN1,29.680,29.7,496.7,activation,or_v1
ACT_00776,driver_29/route_7,driver_29,RIVIAN_R1_GEN1,108.210,108.2,418.1,activation,or_v1
ACT_00777,driver_29/route_7,driver_29,RIVIAN_R1_GEN1,325.020,325.0,201.3,activation,or_v1
ACT_00778,driver_29/route_7,driver_29,RIVIAN_R1_GEN1,410.130,410.1,116.2,activation,or_v1
ACT_00779,driver_29/route_8,driver_29,RIVIAN_R1_GEN1,60.350,60.4,1713.1,activation,or_v1
ACT_00780,driver_29/route_8,driver_29,RIVIAN_R1_GEN1,98.440,98.4,1675.0,activation,or_v1
ACT_00781,driver_29/route_8,driver_29,RIVIAN_R1_GEN1,118.260,118.3,1655.2,activation,or_v1
ACT_00782,driver_29/route_8,driver_29,RIVIAN_R1_GEN1,170.370,170.4,1603.1,activation,or_v1
ACT_00783,driver_29/route_8,driver_29,RIVIAN_R1_GEN1,281.140,281.1,1492.3,activation,or_v1
ACT_00784,driver_29/route_8,driver_29,RIVIAN_R1_GEN1,546.900,546.9,1226.5,activation,or_v1
ACT_00785,driver_29/route_8,driver_29,RIVIAN_R1_GEN1,959.210,959.2,814.2,activation,or_v1
ACT_00786,driver_29/route_8,driver_29,RIVIAN_R1_GEN1,1518.750,1518.8,254.7,activation,or_v1
ACT_00787,driver_29/route_8,driver_29,RIVIAN_R1_GEN1,1538.370,1538.4,235.1,activation,or_v1
ACT_00788,driver_29/route_8,driver_29,RIVIAN_R1_GEN1,1553.860,1553.9,219.6,activation,or_v1
ACT_00789,driver_29/route_8,driver_29,RIVIAN_R1_GEN1,1568.230,1568.2,205.2,activation,or_v1
ACT_00790,driver_29/route_8,driver_29,RIVIAN_R1_GEN1,1588.270,1588.3,185.2,activation,or_v1
ACT_00791,driver_29/route_8,driver_29,RIVIAN_R1_GEN1,1607.220,1607.2,166.2,activation,or_v1
ACT_00792,driver_29/route_8,driver_29,RIVIAN_R1_GEN1,1614.550,1614.5,158.9,activation,or_v1
ACT_00793,driver_29/route_8,driver_29,RIVIAN_R1_GEN1,1623.620,1623.6,149.8,activation,or_v1
ACT_00794,driver_29/route_9,driver_29,RIVIAN_R1_GEN1,102.810,102.8,144.6,activation,or_v1
ACT_00795,driver_29/route_9,driver_29,RIVIAN_R1_GEN1,110.150,110.2,137.2,activation,or_v1
ACT_00796,driver_29/route_9,driver_29,RIVIAN_R1_GEN1,135.360,135.4,112.0,activation,or_v1
ACT_00797,driver_29/route_10,driver_29,RIVIAN_R1_GEN1,171.120,171.1,5721.9,activation,or_v1
ACT_00798,driver_29/route_10,driver_29,RIVIAN_R1_GEN1,244.170,244.2,5648.9,activation,or_v1
ACT_00799,driver_29/route_10,driver_29,RIVIAN_R1_GEN1,304.810,304.8,5588.2,activation,or_v1
ACT_00800,driver_29/route_10,driver_29,RIVIAN_R1_GEN1,328.070,328.1,5565.0,activation,or_v1
ACT_00801,driver_29/route_10,driver_29,RIVIAN_R1_GEN1,343.330,343.3,5549.7,activation,or_v1
ACT_00802,driver_29/route_10,driver_29,RIVIAN_R1_GEN1,489.210,489.2,5403.9,activation,or_v1
ACT_00803,driver_29/route_10,driver_29,RIVIAN_R1_GEN1,704.610,704.6,5188.5,activation,or_v1
ACT_00804,driver_29/route_10,driver_29,RIVIAN_R1_GEN1,865.470,865.5,5027.6,activation,or_v1
ACT_00805,driver_29/route_10,driver_29,RIVIAN_R1_GEN1,1238.830,1238.8,4654.2,activation,or_v1
ACT_00806,driver_29/route_10,driver_29,RIVIAN_R1_GEN1,1362.920,1362.9,4530.1,activation,or_v1
ACT_00807,driver_29/route_10,driver_29,RIVIAN_R1_GEN1,1371.850,1371.8,4521.2,activation,or_v1
ACT_00808,driver_29/route_10,driver_29,RIVIAN_R1_GEN1,2032.190,2032.2,3860.9,activation,or_v1
ACT_00809,driver_29/route_10,driver_29,RIVIAN_R1_GEN1,4319.340,4319.3,1573.7,activation,or_v1
ACT_00810,driver_29/route_10,driver_29,RIVIAN_R1_GEN1,4548.620,4548.6,1344.4,activation,or_v1
ACT_00811,driver_29/route_10,driver_29,RIVIAN_R1_GEN1,5529.830,5529.8,363.2,activation,or_v1
ACT_00812,driver_29/route_11,driver_29,RIVIAN_R1_GEN1,84.190,84.2,1698.0,activation,or_v1
ACT_00813,driver_29/route_11,driver_29,RIVIAN_R1_GEN1,177.640,177.6,1604.6,activation,or_v1
ACT_00814,driver_29/route_11,driver_29,RIVIAN_R1_GEN1,305.070,305.1,1477.2,activation,or_v1
ACT_00815,driver_29/route_11,driver_29,RIVIAN_R1_GEN1,478.190,478.2,1304.0,activation,or_v1
ACT_00816,driver_29/route_11,driver_29,RIVIAN_R1_GEN1,524.690,524.7,1257.5,activation,or_v1
ACT_00817,driver_29/route_11,driver_29,RIVIAN_R1_GEN1,929.920,929.9,852.3,activation,or_v1
ACT_00818,driver_29/route_11,driver_29,RIVIAN_R1_GEN1,1157.770,1157.8,624.5,activation,or_v1
ACT_00819,driver_29/route_11,driver_29,RIVIAN_R1_GEN1,1277.320,1277.3,504.9,activation,or_v1
ACT_00820,driver_29/route_11,driver_29,RIVIAN_R1_GEN1,1360.430,1360.4,421.8,activation,or_v1
ACT_00821,driver_29/route_11,driver_29,RIVIAN_R1_GEN1,1580.570,1580.6,201.7,activation,or_v1
ACT_00822,driver_29/route_11,driver_29,RIVIAN_R1_GEN1,1730.040,1730.0,52.2,activation,or_v1
ACT_00823,driver_29/route_12,driver_29,RIVIAN_R1_GEN1,87.040,87.0,485.3,activation,or_v1
ACT_00824,driver_29/route_12,driver_29,RIVIAN_R1_GEN1,223.990,224.0,348.3,activation,or_v1
ACT_00825,driver_29/route_12,driver_29,RIVIAN_R1_GEN1,269.210,269.2,303.1,activation,or_v1
ACT_00826,driver_29/route_12,driver_29,RIVIAN_R1_GEN1,364.160,364.2,208.2,activation,or_v1
ACT_00827,driver_29/route_12,driver_29,RIVIAN_R1_GEN1,394.830,394.8,177.5,activation,or_v1
ACT_00828,driver_29/route_13,driver_29,RIVIAN_R1_GEN1,66.950,67.0,1199.6,activation,or_v1
ACT_00829,driver_29/route_13,driver_29,RIVIAN_R1_GEN1,116.160,116.2,1150.4,activation,or_v1
ACT_00830,driver_29/route_13,driver_29,RIVIAN_R1_GEN1,167.450,167.4,1099.1,activation,or_v1
ACT_00831,driver_29/route_13,driver_29,RIVIAN_R1_GEN1,231.200,231.2,1035.4,activation,or_v1
ACT_00832,driver_29/route_13,driver_29,RIVIAN_R1_GEN1,416.240,416.2,850.3,activation,or_v1
ACT_00833,driver_29/route_13,driver_29,RIVIAN_R1_GEN1,683.610,683.6,583.0,activation,or_v1
ACT_00834,driver_29/route_13,driver_29,RIVIAN_R1_GEN1,842.840,842.8,423.7,activation,or_v1
ACT_00835,driver_29/route_13,driver_29,RIVIAN_R1_GEN1,1049.770,1049.8,216.8,activation,or_v1
ACT_00836,driver_29/route_13,driver_29,RIVIAN_R1_GEN1,1117.710,1117.7,148.9,activation,or_v1
ACT_00837,driver_29/route_14,driver_29,RIVIAN_R1_GEN1,186.140,186.1,3008.5,activation,or_v1
ACT_00838,driver_29/route_14,driver_29,RIVIAN_R1_GEN1,1596.680,1596.7,1598.0,activation,or_v1
ACT_00839,driver_29/route_14,driver_29,RIVIAN_R1_GEN1,2939.180,2939.2,255.5,activation,or_v1
ACT_00840,driver_29/route_14,driver_29,RIVIAN_R1_GEN1,3131.160,3131.2,63.5,activation,or_v1
ACT_00841,driver_29/route_15,driver_29,RIVIAN_R1_GEN1,123.550,123.5,2996.1,activation,or_v1
ACT_00842,driver_29/route_15,driver_29,RIVIAN_R1_GEN1,177.200,177.2,2942.5,activation,or_v1
ACT_00843,driver_29/route_15,driver_29,RIVIAN_R1_GEN1,183.340,183.3,2936.3,activation,or_v1
ACT_00844,driver_29/route_15,driver_29,RIVIAN_R1_GEN1,212.100,212.1,2907.6,activation,or_v1
ACT_00845,driver_29/route_15,driver_29,RIVIAN_R1_GEN1,759.920,759.9,2359.8,activation,or_v1
ACT_00846,driver_29/route_15,driver_29,RIVIAN_R1_GEN1,1009.040,1009.0,2110.6,activation,or_v1
ACT_00847,driver_29/route_15,driver_29,RIVIAN_R1_GEN1,1122.930,1122.9,1996.7,activation,or_v1
ACT_00848,driver_29/route_15,driver_29,RIVIAN_R1_GEN1,2540.130,2540.1,579.5,activation,or_v1
ACT_00849,driver_29/route_15,driver_29,RIVIAN_R1_GEN1,2549.640,2549.6,570.0,activation,or_v1
ACT_00850,driver_29/route_15,driver_29,RIVIAN_R1_GEN1,2556.750,2556.8,562.9,activation,or_v1
ACT_00851,driver_29/route_15,driver_29,RIVIAN_R1_GEN1,2725.280,2725.3,394.4,activation,or_v1
ACT_00852,driver_29/route_15,driver_29,RIVIAN_R1_GEN1,2890.550,2890.6,229.1,activation,or_v1
ACT_00853,driver_29/route_15,driver_29,RIVIAN_R1_GEN1,2957.800,2957.8,161.9,activation,or_v1
ACT_00854,driver_29/route_15,driver_29,RIVIAN_R1_GEN1,2988.870,2988.9,130.8,activation,or_v1
ACT_00855,driver_29/route_15,driver_29,RIVIAN_R1_GEN1,2998.040,2998.0,121.6,activation,or_v1
ACT_00856,driver_29/route_16,driver_29,RIVIAN_R1_GEN1,93.950,94.0,958.7,activation,or_v1
ACT_00857,driver_29/route_16,driver_29,RIVIAN_R1_GEN1,873.480,873.5,179.2,activation,or_v1
ACT_00858,driver_29/route_17,driver_29,RIVIAN_R1_GEN1,73.140,73.1,2751.7,activation,or_v1
ACT_00859,driver_29/route_17,driver_29,RIVIAN_R1_GEN1,99.270,99.3,2725.6,activation,or_v1
ACT_00860,driver_29/route_17,driver_29,RIVIAN_R1_GEN1,130.410,130.4,2694.5,activation,or_v1
ACT_00861,driver_29/route_17,driver_29,RIVIAN_R1_GEN1,185.620,185.6,2639.2,activation,or_v1
ACT_00862,driver_29/route_17,driver_29,RIVIAN_R1_GEN1,517.820,517.8,2307.0,activation,or_v1
ACT_00863,driver_29/route_17,driver_29,RIVIAN_R1_GEN1,1095.680,1095.7,1729.2,activation,or_v1
ACT_00864,driver_29/route_17,driver_29,RIVIAN_R1_GEN1,1148.040,1148.0,1676.8,activation,or_v1
ACT_00865,driver_29/route_17,driver_29,RIVIAN_R1_GEN1,1561.560,1561.6,1263.3,activation,or_v1
ACT_00866,driver_29/route_17,driver_29,RIVIAN_R1_GEN1,1571.860,1571.9,1253.0,activation,or_v1
ACT_00867,driver_29/route_17,driver_29,RIVIAN_R1_GEN1,1579.490,1579.5,1245.4,activation,or_v1
ACT_00868,driver_29/route_17,driver_29,RIVIAN_R1_GEN1,1594.330,1594.3,1230.5,activation,or_v1
ACT_00869,driver_29/route_17,driver_29,RIVIAN_R1_GEN1,1678.910,1678.9,1146.0,activation,or_v1
ACT_00870,driver_29/route_17,driver_29,RIVIAN_R1_GEN1,1805.260,1805.3,1019.6,activation,or_v1
ACT_00871,driver_29/route_17,driver_29,RIVIAN_R1_GEN1,1886.070,1886.1,938.8,activation,or_v1
ACT_00872,driver_29/route_17,driver_29,RIVIAN_R1_GEN1,2061.840,2061.8,763.0,activation,or_v1
ACT_00873,driver_29/route_17,driver_29,RIVIAN_R1_GEN1,2124.920,2124.9,699.9,activation,or_v1
ACT_00874,driver_29/route_17,driver_29,RIVIAN_R1_GEN1,2230.630,2230.6,594.2,activation,or_v1
ACT_00875,driver_29/route_18,driver_29,RIVIAN_R1_GEN1,116.300,116.3,210.1,activation,or_v1
ACT_00876,driver_29/route_18,driver_29,RIVIAN_R1_GEN1,152.570,152.6,173.9,activation,or_v1
ACT_00877,driver_60/route_1,driver_60,RIVIAN_R1_GEN1,30.010,30.0,690.7,activation,or_v1
ACT_00878,driver_60/route_1,driver_60,RIVIAN_R1_GEN1,66.930,66.9,653.8,activation,or_v1
ACT_00879,driver_60/route_1,driver_60,RIVIAN_R1_GEN1,95.470,95.5,625.2,activation,or_v1
ACT_00880,driver_60/route_1,driver_60,RIVIAN_R1_GEN1,195.870,195.9,524.8,activation,or_v1
ACT_00881,driver_60/route_1,driver_60,RIVIAN_R1_GEN1,209.080,209.1,511.6,activation,or_v1
ACT_00882,driver_60/route_1,driver_60,RIVIAN_R1_GEN1,370.600,370.6,350.1,activation,or_v1
ACT_00883,driver_60/route_1,driver_60,RIVIAN_R1_GEN1,422.890,422.9,297.8,activation,or_v1
ACT_00884,driver_60/route_1,driver_60,RIVIAN_R1_GEN1,517.450,517.5,203.2,activation,or_v1
ACT_00885,driver_60/route_2,driver_60,RIVIAN_R1_GEN1,15.430,15.4,6759.5,activation,or_v1
ACT_00886,driver_60/route_2,driver_60,RIVIAN_R1_GEN1,49.730,49.7,6725.2,activation,or_v1
ACT_00887,driver_60/route_2,driver_60,RIVIAN_R1_GEN1,126.050,126.0,6648.9,activation,or_v1
ACT_00888,driver_60/route_2,driver_60,RIVIAN_R1_GEN1,141.730,141.7,6633.2,activation,or_v1
ACT_00889,driver_60/route_2,driver_60,RIVIAN_R1_GEN1,169.640,169.6,6605.3,activation,or_v1
ACT_00890,driver_60/route_2,driver_60,RIVIAN_R1_GEN1,183.550,183.6,6591.4,activation,or_v1
ACT_00891,driver_60/route_2,driver_60,RIVIAN_R1_GEN1,229.220,229.2,6545.7,activation,or_v1
ACT_00892,driver_60/route_2,driver_60,RIVIAN_R1_GEN1,346.020,346.0,6428.9,activation,or_v1
ACT_00893,driver_60/route_2,driver_60,RIVIAN_R1_GEN1,411.020,411.0,6363.9,activation,or_v1
ACT_00894,driver_60/route_2,driver_60,RIVIAN_R1_GEN1,924.860,924.9,5850.1,activation,or_v1
ACT_00895,driver_60/route_2,driver_60,RIVIAN_R1_GEN1,1042.940,1042.9,5732.0,activation,or_v1
ACT_00896,driver_60/route_2,driver_60,RIVIAN_R1_GEN1,6125.670,6125.7,649.3,activation,or_v1
ACT_00897,driver_60/route_2,driver_60,RIVIAN_R1_GEN1,6632.020,6632.0,142.9,activation,or_v1
ACT_00898,driver_60/route_2,driver_60,RIVIAN_R1_GEN1,6659.020,6659.0,115.9,activation,or_v1
ACT_00899,driver_60/route_2,driver_60,RIVIAN_R1_GEN1,6673.180,6673.2,101.8,activation,or_v1
ACT_00900,driver_60/route_2,driver_60,RIVIAN_R1_GEN1,6730.320,6730.3,44.6,activation,or_v1
ACT_00901,driver_60/route_3,driver_60,RIVIAN_R1_GEN1,89.220,89.2,3227.1,activation,or_v1
ACT_00902,driver_60/route_3,driver_60,RIVIAN_R1_GEN1,133.400,133.4,3182.9,activation,or_v1
ACT_00903,driver_60/route_3,driver_60,RIVIAN_R1_GEN1,171.660,171.7,3144.6,activation,or_v1
ACT_00904,driver_60/route_3,driver_60,RIVIAN_R1_GEN1,293.300,293.3,3023.0,activation,or_v1
ACT_00905,driver_60/route_3,driver_60,RIVIAN_R1_GEN1,362.520,362.5,2953.8,activation,or_v1
ACT_00906,driver_60/route_3,driver_60,RIVIAN_R1_GEN1,640.750,640.8,2675.5,activation,or_v1
ACT_00907,driver_60/route_3,driver_60,RIVIAN_R1_GEN1,901.040,901.0,2415.2,activation,or_v1
ACT_00908,driver_60/route_3,driver_60,RIVIAN_R1_GEN1,980.350,980.4,2335.9,activation,or_v1
ACT_00909,driver_60/route_3,driver_60,RIVIAN_R1_GEN1,1282.880,1282.9,2033.4,activation,or_v1
ACT_00910,driver_60/route_3,driver_60,RIVIAN_R1_GEN1,1327.540,1327.5,1988.7,activation,or_v1
ACT_00911,driver_60/route_3,driver_60,RIVIAN_R1_GEN1,1343.830,1343.8,1972.4,activation,or_v1
ACT_00912,driver_118/route_1,driver_118,RIVIAN_R1_GEN1,42.920,42.9,133.2,activation,or_v1
ACT_00913,driver_118/route_3,driver_118,RIVIAN_R1_GEN1,148.670,148.7,591.7,activation,or_v1
ACT_00914,driver_118/route_3,driver_118,RIVIAN_R1_GEN1,484.320,484.3,256.1,activation,or_v1
ACT_00915,driver_119/route_1,driver_119,RIVIAN_R1_GEN1,81.630,81.6,938.4,activation,or_v1
ACT_00916,driver_119/route_1,driver_119,RIVIAN_R1_GEN1,939.890,939.9,80.2,activation,or_v1
ACT_00917,driver_13/route_2,driver_13,SKODA_SUPERB_MK3,12.970,13.0,527.6,activation,or_v1
ACT_00918,driver_13/route_2,driver_13,SKODA_SUPERB_MK3,360.580,360.6,180.0,activation,or_v1
ACT_00919,driver_13/route_4,driver_13,SKODA_SUPERB_MK3,28.060,28.1,31.9,activation,or_v1
ACT_00920,driver_34/route_1,driver_34,SUBARU_LEGACY_2025,105.780,105.8,914.2,activation,or_v1
ACT_00921,driver_34/route_1,driver_34,SUBARU_LEGACY_2025,110.650,110.7,909.3,activation,or_v1
ACT_00922,driver_40/route_2,driver_40,TESLA_AP3_MODEL_3,19.360,19.4,948.2,activation,or_v1
ACT_00923,driver_40/route_2,driver_40,TESLA_AP3_MODEL_3,113.890,113.9,853.7,activation,or_v1
ACT_00924,driver_40/route_2,driver_40,TESLA_AP3_MODEL_3,170.010,170.0,797.5,activation,or_v1
ACT_00925,driver_40/route_2,driver_40,TESLA_AP3_MODEL_3,319.690,319.7,647.9,activation,or_v1
ACT_00926,driver_40/route_2,driver_40,TESLA_AP3_MODEL_3,455.170,455.2,512.4,activation,or_v1
ACT_00927,driver_40/route_2,driver_40,TESLA_AP3_MODEL_3,581.190,581.2,386.4,activation,or_v1
ACT_00928,driver_40/route_2,driver_40,TESLA_AP3_MODEL_3,640.690,640.7,326.9,activation,or_v1
ACT_00929,driver_40/route_2,driver_40,TESLA_AP3_MODEL_3,777.190,777.2,190.4,activation,or_v1
ACT_00930,driver_40/route_2,driver_40,TESLA_AP3_MODEL_3,817.620,817.6,149.9,activation,or_v1
ACT_00931,driver_54/route_1,driver_54,TESLA_AP3_MODEL_3,1006.430,1006.4,5235.3,activation,or_v1
ACT_00932,driver_54/route_1,driver_54,TESLA_AP3_MODEL_3,3311.750,3311.8,2930.0,activation,or_v1
ACT_00933,driver_54/route_1,driver_54,TESLA_AP3_MODEL_3,3603.090,3603.1,2638.6,activation,or_v1
ACT_00934,driver_54/route_1,driver_54,TESLA_AP3_MODEL_3,5045.220,5045.2,1196.5,activation,or_v1
ACT_00935,driver_54/route_1,driver_54,TESLA_AP3_MODEL_3,5096.030,5096.0,1145.7,activation,or_v1
ACT_00936,driver_54/route_1,driver_54,TESLA_AP3_MODEL_3,5254.140,5254.1,987.6,activation,or_v1
ACT_00937,driver_54/route_3,driver_54,TESLA_AP3_MODEL_3,68.260,68.3,653.3,activation,or_v1
ACT_00938,driver_54/route_8,driver_54,TESLA_AP3_MODEL_3,16.520,16.5,1177.3,activation,or_v1
ACT_00939,driver_54/route_8,driver_54,TESLA_AP3_MODEL_3,60.580,60.6,1133.2,activation,or_v1
ACT_00940,driver_54/route_9,driver_54,TESLA_AP3_MODEL_3,54.290,54.3,816.6,activation,or_v1
ACT_00941,driver_54/route_10,driver_54,TESLA_AP3_MODEL_3,5.370,5.4,1291.6,activation,or_v1
ACT_00942,driver_54/route_11,driver_54,TESLA_AP3_MODEL_3,27.320,27.3,1547.7,activation,or_v1
ACT_00943,driver_54/route_12,driver_54,TESLA_AP3_MODEL_3,20.380,20.4,1946.1,activation,or_v1
ACT_00944,driver_54/route_12,driver_54,TESLA_AP3_MODEL_3,376.040,376.0,1590.4,activation,or_v1
ACT_00945,driver_54/route_12,driver_54,TESLA_AP3_MODEL_3,644.000,644.0,1322.4,activation,or_v1
ACT_00946,driver_54/route_12,driver_54,TESLA_AP3_MODEL_3,1502.400,1502.4,464.0,activation,or_v1
ACT_00947,driver_54/route_13,driver_54,TESLA_AP3_MODEL_3,30.210,30.2,1598.9,activation,or_v1
ACT_00948,driver_54/route_14,driver_54,TESLA_AP3_MODEL_3,2203.700,2203.7,393.1,activation,or_v1
ACT_00949,driver_54/route_14,driver_54,TESLA_AP3_MODEL_3,2396.580,2396.6,200.2,activation,or_v1
ACT_00950,driver_54/route_17,driver_54,TESLA_AP3_MODEL_3,58.010,58.0,1439.4,activation,or_v1
ACT_00951,driver_54/route_18,driver_54,TESLA_AP3_MODEL_3,474.010,474.0,1071.1,activation,or_v1
ACT_00952,driver_54/route_19,driver_54,TESLA_AP3_MODEL_3,1234.340,1234.3,552.2,activation,or_v1
ACT_00953,driver_58/route_1,driver_58,TESLA_AP3_MODEL_3,35.190,35.2,294.4,activation,or_v1
ACT_00954,driver_58/route_1,driver_58,TESLA_AP3_MODEL_3,47.950,48.0,281.6,activation,or_v1
ACT_00955,driver_58/route_1,driver_58,TESLA_AP3_MODEL_3,84.780,84.8,244.8,activation,or_v1
ACT_00956,driver_58/route_1,driver_58,TESLA_AP3_MODEL_3,119.870,119.9,209.7,activation,or_v1
ACT_00957,driver_58/route_2,driver_58,TESLA_AP3_MODEL_3,301.760,301.8,702.8,activation,or_v1
ACT_00958,driver_58/route_2,driver_58,TESLA_AP3_MODEL_3,327.400,327.4,677.2,activation,or_v1
ACT_00959,driver_58/route_2,driver_58,TESLA_AP3_MODEL_3,431.790,431.8,572.8,activation,or_v1
ACT_00960,driver_58/route_2,driver_58,TESLA_AP3_MODEL_3,494.230,494.2,510.4,activation,or_v1
ACT_00961,driver_58/route_2,driver_58,TESLA_AP3_MODEL_3,803.000,803.0,201.6,activation,or_v1
ACT_00962,driver_58/route_2,driver_58,TESLA_AP3_MODEL_3,894.740,894.7,109.9,activation,or_v1
ACT_00963,driver_58/route_2,driver_58,TESLA_AP3_MODEL_3,929.800,929.8,74.8,activation,or_v1
ACT_00964,driver_72/route_1,driver_72,TESLA_AP3_MODEL_3,6.050,6.0,670.5,activation,or_v1
ACT_00965,driver_72/route_1,driver_72,TESLA_AP3_MODEL_3,159.890,159.9,516.6,activation,or_v1
ACT_00966,driver_72/route_1,driver_72,TESLA_AP3_MODEL_3,443.100,443.1,233.4,activation,or_v1
ACT_00967,driver_72/route_1,driver_72,TESLA_AP3_MODEL_3,561.770,561.8,114.8,activation,or_v1
ACT_00968,driver_72/route_1,driver_72,TESLA_AP3_MODEL_3,606.670,606.7,69.9,activation,or_v1
ACT_00969,driver_103/route_1,driver_103,TESLA_AP3_MODEL_3,81.180,81.2,1057.5,activation,or_v1
ACT_00970,driver_103/route_1,driver_103,TESLA_AP3_MODEL_3,280.980,281.0,857.7,activation,or_v1
ACT_00971,driver_103/route_1,driver_103,TESLA_AP3_MODEL_3,336.610,336.6,802.1,activation,or_v1
ACT_00972,driver_103/route_1,driver_103,TESLA_AP3_MODEL_3,403.600,403.6,735.1,activation,or_v1
ACT_00973,driver_103/route_1,driver_103,TESLA_AP3_MODEL_3,475.940,475.9,662.8,activation,or_v1
ACT_00974,driver_103/route_1,driver_103,TESLA_AP3_MODEL_3,544.050,544.0,594.6,activation,or_v1
ACT_00975,driver_103/route_1,driver_103,TESLA_AP3_MODEL_3,601.630,601.6,537.1,activation,or_v1
ACT_00976,driver_103/route_1,driver_103,TESLA_AP3_MODEL_3,629.690,629.7,509.0,activation,or_v1
ACT_00977,driver_103/route_1,driver_103,TESLA_AP3_MODEL_3,647.440,647.4,491.2,activation,or_v1
ACT_00978,driver_103/route_1,driver_103,TESLA_AP3_MODEL_3,914.370,914.4,224.3,activation,or_v1
ACT_00979,driver_103/route_1,driver_103,TESLA_AP3_MODEL_3,942.000,942.0,196.7,activation,or_v1
ACT_00980,driver_103/route_2,driver_103,TESLA_AP3_MODEL_3,13.390,13.4,192.0,activation,or_v1
ACT_00981,driver_103/route_3,driver_103,TESLA_AP3_MODEL_3,10.240,10.2,2270.2,activation,or_v1
ACT_00982,driver_103/route_3,driver_103,TESLA_AP3_MODEL_3,52.460,52.5,2228.0,activation,or_v1
ACT_00983,driver_103/route_3,driver_103,TESLA_AP3_MODEL_3,83.680,83.7,2196.8,activation,or_v1
ACT_00984,driver_103/route_3,driver_103,TESLA_AP3_MODEL_3,203.740,203.7,2076.8,activation,or_v1
ACT_00985,driver_103/route_3,driver_103,TESLA_AP3_MODEL_3,231.290,231.3,2049.2,activation,or_v1
ACT_00986,driver_103/route_3,driver_103,TESLA_AP3_MODEL_3,484.840,484.8,1795.6,activation,or_v1
ACT_00987,driver_103/route_3,driver_103,TESLA_AP3_MODEL_3,515.870,515.9,1764.6,activation,or_v1
ACT_00988,driver_103/route_3,driver_103,TESLA_AP3_MODEL_3,539.860,539.9,1740.6,activation,or_v1
ACT_00989,driver_103/route_3,driver_103,TESLA_AP3_MODEL_3,706.240,706.2,1574.2,activation,or_v1
ACT_00990,driver_103/route_3,driver_103,TESLA_AP3_MODEL_3,882.030,882.0,1398.5,activation,or_v1
ACT_00991,driver_103/route_3,driver_103,TESLA_AP3_MODEL_3,1163.680,1163.7,1116.8,activation,or_v1
ACT_00992,driver_103/route_3,driver_103,TESLA_AP3_MODEL_3,1285.920,1285.9,994.6,activation,or_v1
ACT_00993,driver_103/route_3,driver_103,TESLA_AP3_MODEL_3,1443.020,1443.0,837.5,activation,or_v1
ACT_00994,driver_103/route_3,driver_103,TESLA_AP3_MODEL_3,1454.220,1454.2,826.3,activation,or_v1
ACT_00995,driver_103/route_3,driver_103,TESLA_AP3_MODEL_3,1502.160,1502.2,778.3,activation,or_v1
ACT_00996,driver_103/route_3,driver_103,TESLA_AP3_MODEL_3,1699.380,1699.4,581.1,activation,or_v1
ACT_00997,driver_103/route_3,driver_103,TESLA_AP3_MODEL_3,1745.640,1745.6,534.8,activation,or_v1
ACT_00998,driver_103/route_3,driver_103,TESLA_AP3_MODEL_3,1872.070,1872.1,408.4,activation,or_v1
ACT_00999,driver_103/route_3,driver_103,TESLA_AP3_MODEL_3,1884.860,1884.9,395.6,activation,or_v1
ACT_01000,driver_103/route_3,driver_103,TESLA_AP3_MODEL_3,1926.440,1926.4,354.0,activation,or_v1
ACT_01001,driver_103/route_3,driver_103,TESLA_AP3_MODEL_3,1997.340,1997.3,283.1,activation,or_v1
ACT_01002,driver_103/route_3,driver_103,TESLA_AP3_MODEL_3,2019.060,2019.1,261.4,activation,or_v1
ACT_01003,driver_103/route_3,driver_103,TESLA_AP3_MODEL_3,2043.080,2043.1,237.4,activation,or_v1
ACT_01004,driver_103/route_3,driver_103,TESLA_AP3_MODEL_3,2109.650,2109.7,170.8,activation,or_v1
ACT_01005,driver_103/route_3,driver_103,TESLA_AP3_MODEL_3,2203.120,2203.1,77.4,activation,or_v1
ACT_01006,driver_103/route_3,driver_103,TESLA_AP3_MODEL_3,2257.770,2257.8,22.7,activation,or_v1
ACT_01007,driver_103/route_4,driver_103,TESLA_AP3_MODEL_3,82.110,82.1,2155.3,activation,or_v1
ACT_01008,driver_103/route_4,driver_103,TESLA_AP3_MODEL_3,541.370,541.4,1696.1,activation,or_v1
ACT_01009,driver_103/route_4,driver_103,TESLA_AP3_MODEL_3,617.860,617.9,1619.6,activation,or_v1
ACT_01010,driver_103/route_4,driver_103,TESLA_AP3_MODEL_3,651.630,651.6,1585.8,activation,or_v1
ACT_01011,driver_103/route_4,driver_103,TESLA_AP3_MODEL_3,705.870,705.9,1531.6,activation,or_v1
ACT_01012,driver_103/route_4,driver_103,TESLA_AP3_MODEL_3,720.870,720.9,1516.6,activation,or_v1
ACT_01013,driver_103/route_4,driver_103,TESLA_AP3_MODEL_3,1127.710,1127.7,1109.8,activation,or_v1
ACT_01014,driver_103/route_4,driver_103,TESLA_AP3_MODEL_3,1270.680,1270.7,966.8,activation,or_v1
ACT_01015,driver_103/route_4,driver_103,TESLA_AP3_MODEL_3,1386.160,1386.2,851.3,activation,or_v1
ACT_01016,driver_103/route_4,driver_103,TESLA_AP3_MODEL_3,1416.450,1416.5,821.0,activation,or_v1
ACT_01017,driver_103/route_4,driver_103,TESLA_AP3_MODEL_3,1455.130,1455.1,782.3,activation,or_v1
ACT_01018,driver_103/route_4,driver_103,TESLA_AP3_MODEL_3,1568.010,1568.0,669.5,activation,or_v1
ACT_01019,driver_103/route_4,driver_103,TESLA_AP3_MODEL_3,1578.570,1578.6,658.9,activation,or_v1
ACT_01020,driver_103/route_4,driver_103,TESLA_AP3_MODEL_3,1589.900,1589.9,647.6,activation,or_v1
ACT_01021,driver_103/route_4,driver_103,TESLA_AP3_MODEL_3,1623.430,1623.4,614.0,activation,or_v1
ACT_01022,driver_103/route_4,driver_103,TESLA_AP3_MODEL_3,1663.250,1663.2,574.2,activation,or_v1
ACT_01023,driver_103/route_4,driver_103,TESLA_AP3_MODEL_3,1707.570,1707.6,529.9,activation,or_v1
ACT_01024,driver_103/route_4,driver_103,TESLA_AP3_MODEL_3,1765.640,1765.6,471.8,activation,or_v1
ACT_01025,driver_103/route_4,driver_103,TESLA_AP3_MODEL_3,1804.390,1804.4,433.1,activation,or_v1
ACT_01026,driver_103/route_4,driver_103,TESLA_AP3_MODEL_3,2056.190,2056.2,181.3,activation,or_v1
ACT_01027,driver_109/route_1,driver_109,TESLA_MODELY,55.550,55.5,2820.7,activation,or_v1
ACT_01028,driver_109/route_1,driver_109,TESLA_MODELY,79.060,79.1,2797.2,activation,or_v1
ACT_01029,driver_109/route_1,driver_109,TESLA_MODELY,84.830,84.8,2791.4,activation,or_v1
ACT_01030,driver_109/route_1,driver_109,TESLA_MODELY,100.620,100.6,2775.6,activation,or_v1
ACT_01031,driver_109/route_1,driver_109,TESLA_MODELY,139.460,139.5,2736.8,activation,or_v1
ACT_01032,driver_109/route_1,driver_109,TESLA_MODELY,166.020,166.0,2710.2,activation,or_v1
ACT_01033,driver_109/route_1,driver_109,TESLA_MODELY,354.340,354.3,2521.9,activation,or_v1
ACT_01034,driver_109/route_1,driver_109,TESLA_MODELY,556.130,556.1,2320.1,activation,or_v1
ACT_01035,driver_109/route_1,driver_109,TESLA_MODELY,778.370,778.4,2097.9,activation,or_v1
ACT_01036,driver_109/route_1,driver_109,TESLA_MODELY,940.560,940.6,1935.7,activation,or_v1
ACT_01037,driver_109/route_1,driver_109,TESLA_MODELY,1298.430,1298.4,1577.8,activation,or_v1
ACT_01038,driver_109/route_1,driver_109,TESLA_MODELY,1440.190,1440.2,1436.0,activation,or_v1
ACT_01039,driver_109/route_1,driver_109,TESLA_MODELY,2593.500,2593.5,282.7,activation,or_v1
ACT_01040,driver_109/route_1,driver_109,TESLA_MODELY,2670.530,2670.5,205.7,activation,or_v1
ACT_01041,driver_85/route_1,driver_85,TESLA_MODEL_S_RAVEN,216.170,216.2,444.8,activation,or_v1
ACT_01042,driver_85/route_1,driver_85,TESLA_MODEL_S_RAVEN,413.080,413.1,247.9,activation,or_v1
ACT_01043,driver_83/route_1,driver_83,TOYOTA_CAMRY_TSS2,257.490,257.5,43.5,activation,or_v1
ACT_01044,driver_5/route_1,driver_5,TOYOTA_COROLLA,13.300,13.3,480.7,activation,or_v1
ACT_01045,driver_5/route_1,driver_5,TOYOTA_COROLLA,122.720,122.7,371.3,activation,or_v1
ACT_01046,driver_5/route_1,driver_5,TOYOTA_COROLLA,148.330,148.3,345.6,activation,or_v1
ACT_01047,driver_5/route_1,driver_5,TOYOTA_COROLLA,179.290,179.3,314.7,activation,or_v1
ACT_01048,driver_5/route_1,driver_5,TOYOTA_COROLLA,237.130,237.1,256.9,activation,or_v1
ACT_01049,driver_5/route_1,driver_5,TOYOTA_COROLLA,299.610,299.6,194.4,activation,or_v1
ACT_01050,driver_5/route_1,driver_5,TOYOTA_COROLLA,380.220,380.2,113.8,activation,or_v1
ACT_01051,driver_5/route_1,driver_5,TOYOTA_COROLLA,435.580,435.6,58.4,activation,or_v1
ACT_01052,driver_5/route_3,driver_5,TOYOTA_COROLLA,45.070,45.1,314.9,activation,or_v1
ACT_01053,driver_8/route_1,driver_8,TOYOTA_COROLLA,11.560,11.6,135.8,activation,or_v1
ACT_01054,driver_33/route_1,driver_33,TOYOTA_COROLLA,600.420,600.4,180.0,activation,or_v1
ACT_01055,driver_33/route_1,driver_33,TOYOTA_COROLLA,635.670,635.7,144.8,activation,or_v1
ACT_01056,driver_35/route_1,driver_35,TOYOTA_COROLLA_TSS2,298.520,298.5,6181.6,activation,or_v1
ACT_01057,driver_35/route_1,driver_35,TOYOTA_COROLLA_TSS2,645.320,645.3,5834.8,activation,or_v1
ACT_01058,driver_90/route_1,driver_90,TOYOTA_COROLLA_TSS2,29.780,29.8,740.4,activation,or_v1
ACT_01059,driver_90/route_1,driver_90,TOYOTA_COROLLA_TSS2,320.850,320.9,449.3,activation,or_v1
ACT_01060,driver_90/route_1,driver_90,TOYOTA_COROLLA_TSS2,505.000,505.0,265.1,activation,or_v1
ACT_01061,driver_78/route_1,driver_78,TOYOTA_HIGHLANDER_HYBRID_2020,77.530,77.5,987.6,activation,or_v1
ACT_01062,driver_78/route_1,driver_78,TOYOTA_HIGHLANDER_HYBRID_2020,948.220,948.2,116.9,activation,or_v1
ACT_01063,driver_78/route_1,driver_78,TOYOTA_HIGHLANDER_HYBRID_2020,970.610,970.6,94.5,activation,or_v1
ACT_01064,driver_114/route_1,driver_114,TOYOTA_HIGHLANDER_TSS2,180.720,180.7,36.1,activation,or_v1
ACT_01065,driver_114/route_2,driver_114,TOYOTA_HIGHLANDER_TSS2,11.490,11.5,151.2,activation,or_v1
ACT_01066,driver_114/route_2,driver_114,TOYOTA_HIGHLANDER_TSS2,56.920,56.9,105.7,activation,or_v1
ACT_01067,driver_114/route_3,driver_114,TOYOTA_HIGHLANDER_TSS2,42.190,42.2,18.2,activation,or_v1
ACT_01068,driver_28/route_1,driver_28,TOYOTA_PRIUS,352.010,352.0,2151.2,activation,or_v1
ACT_01069,driver_28/route_1,driver_28,TOYOTA_PRIUS,751.500,751.5,1751.7,activation,or_v1
ACT_01070,driver_28/route_1,driver_28,TOYOTA_PRIUS,1118.340,1118.3,1384.9,activation,or_v1
ACT_01071,driver_28/route_2,driver_28,TOYOTA_PRIUS,405.490,405.5,1455.4,activation,or_v1
ACT_01072,driver_28/route_2,driver_28,TOYOTA_PRIUS,1651.550,1651.5,209.3,activation,or_v1
ACT_01073,driver_28/route_2,driver_28,TOYOTA_PRIUS,1767.060,1767.1,93.8,activation,or_v1
ACT_01074,driver_75/route_1,driver_75,TOYOTA_PRIUS,65.060,65.1,235.7,activation,or_v1
ACT_01075,driver_75/route_2,driver_75,TOYOTA_PRIUS,66.910,66.9,1637.8,activation,or_v1
ACT_01076,driver_75/route_2,driver_75,TOYOTA_PRIUS,141.760,141.8,1563.0,activation,or_v1
ACT_01077,driver_75/route_2,driver_75,TOYOTA_PRIUS,1308.490,1308.5,396.3,activation,or_v1
ACT_01078,driver_75/route_3,driver_75,TOYOTA_PRIUS,32.920,32.9,87.8,activation,or_v1
ACT_01079,driver_75/route_4,driver_75,TOYOTA_PRIUS,43.310,43.3,197.5,activation,or_v1
ACT_01080,driver_75/route_4,driver_75,TOYOTA_PRIUS,190.840,190.8,50.0,activation,or_v1
ACT_01081,driver_88/route_1,driver_88,TOYOTA_PRIUS,2074.520,2074.5,98.5,activation,or_v1
ACT_01082,driver_88/route_2,driver_88,TOYOTA_PRIUS,87.960,88.0,5190.2,activation,or_v1
ACT_01083,driver_88/route_2,driver_88,TOYOTA_PRIUS,1407.830,1407.8,3870.4,activation,or_v1
ACT_01084,driver_88/route_2,driver_88,TOYOTA_PRIUS,1471.340,1471.3,3806.8,activation,or_v1
ACT_01085,driver_88/route_2,driver_88,TOYOTA_PRIUS,1673.770,1673.8,3604.4,activation,or_v1
ACT_01086,driver_88/route_2,driver_88,TOYOTA_PRIUS,2303.000,2303.0,2975.2,activation,or_v1
ACT_01087,driver_88/route_2,driver_88,TOYOTA_PRIUS,3190.020,3190.0,2088.2,activation,or_v1
ACT_01088,driver_88/route_2,driver_88,TOYOTA_PRIUS,3772.750,3772.8,1505.4,activation,or_v1
ACT_01089,driver_88/route_2,driver_88,TOYOTA_PRIUS,3780.340,3780.3,1497.8,activation,or_v1
ACT_01090,driver_88/route_2,driver_88,TOYOTA_PRIUS,4708.720,4708.7,569.5,activation,or_v1
ACT_01091,driver_88/route_2,driver_88,TOYOTA_PRIUS,5046.490,5046.5,231.7,activation,or_v1
ACT_01092,driver_88/route_2,driver_88,TOYOTA_PRIUS,5129.410,5129.4,148.8,activation,or_v1
ACT_01093,driver_88/route_2,driver_88,TOYOTA_PRIUS,5166.100,5166.1,112.1,activation,or_v1
ACT_01094,driver_88/route_3,driver_88,TOYOTA_PRIUS,46.610,46.6,219.9,activation,or_v1
ACT_01095,driver_88/route_3,driver_88,TOYOTA_PRIUS,108.540,108.5,158.0,activation,or_v1
ACT_01096,driver_88/route_4,driver_88,TOYOTA_PRIUS,84.580,84.6,702.0,activation,or_v1
ACT_01097,driver_88/route_4,driver_88,TOYOTA_PRIUS,160.030,160.0,626.6,activation,or_v1
ACT_01098,driver_88/route_4,driver_88,TOYOTA_PRIUS,241.330,241.3,545.3,activation,or_v1
ACT_01099,driver_88/route_4,driver_88,TOYOTA_PRIUS,342.390,342.4,444.2,activation,or_v1
ACT_01100,driver_88/route_4,driver_88,TOYOTA_PRIUS,367.720,367.7,418.9,activation,or_v1
ACT_01101,driver_88/route_4,driver_88,TOYOTA_PRIUS,415.150,415.1,371.4,activation,or_v1
ACT_01102,driver_88/route_5,driver_88,TOYOTA_PRIUS,35.200,35.2,458.8,activation,or_v1
ACT_01103,driver_88/route_5,driver_88,TOYOTA_PRIUS,133.160,133.2,360.8,activation,or_v1
ACT_01104,driver_88/route_5,driver_88,TOYOTA_PRIUS,292.760,292.8,201.2,activation,or_v1
ACT_01105,driver_88/route_5,driver_88,TOYOTA_PRIUS,370.560,370.6,123.4,activation,or_v1
ACT_01106,driver_88/route_5,driver_88,TOYOTA_PRIUS,472.710,472.7,21.3,activation,or_v1
ACT_01107,driver_88/route_6,driver_88,TOYOTA_PRIUS,49.660,49.7,1450.5,activation,or_v1
ACT_01108,driver_88/route_6,driver_88,TOYOTA_PRIUS,1396.410,1396.4,103.8,activation,or_v1
ACT_01109,driver_88/route_7,driver_88,TOYOTA_PRIUS,180.200,180.2,801.6,activation,or_v1
ACT_01110,driver_88/route_7,driver_88,TOYOTA_PRIUS,286.790,286.8,695.0,activation,or_v1
ACT_01111,driver_88/route_7,driver_88,TOYOTA_PRIUS,356.490,356.5,625.3,activation,or_v1
ACT_01112,driver_88/route_7,driver_88,TOYOTA_PRIUS,469.210,469.2,512.6,activation,or_v1
ACT_01113,driver_88/route_7,driver_88,TOYOTA_PRIUS,534.950,535.0,446.8,activation,or_v1
ACT_01114,driver_88/route_7,driver_88,TOYOTA_PRIUS,708.200,708.2,273.6,activation,or_v1
ACT_01115,driver_88/route_8,driver_88,TOYOTA_PRIUS,69.050,69.0,449.8,activation,or_v1
ACT_01116,driver_88/route_8,driver_88,TOYOTA_PRIUS,429.360,429.4,89.5,activation,or_v1
ACT_01117,driver_88/route_9,driver_88,TOYOTA_PRIUS,20.890,20.9,99.9,activation,or_v1
ACT_01118,driver_88/route_9,driver_88,TOYOTA_PRIUS,98.490,98.5,22.3,activation,or_v1
ACT_01119,driver_88/route_10,driver_88,TOYOTA_PRIUS,17.120,17.1,103.6,activation,or_v1
ACT_01120,driver_88/route_11,driver_88,TOYOTA_PRIUS,94.950,95.0,72.4,activation,or_v1
ACT_01121,driver_88/route_11,driver_88,TOYOTA_PRIUS,145.580,145.6,21.8,activation,or_v1
ACT_01122,driver_88/route_12,driver_88,TOYOTA_PRIUS,41.720,41.7,258.5,activation,or_v1
ACT_01123,driver_88/route_12,driver_88,TOYOTA_PRIUS,179.000,179.0,121.2,activation,or_v1
ACT_01124,driver_88/route_13,driver_88,TOYOTA_PRIUS,55.890,55.9,64.1,activation,or_v1
ACT_01125,driver_88/route_14,driver_88,TOYOTA_PRIUS,68.170,68.2,488.2,activation,or_v1
ACT_01126,driver_88/route_14,driver_88,TOYOTA_PRIUS,142.730,142.7,413.6,activation,or_v1
ACT_01127,driver_88/route_14,driver_88,TOYOTA_PRIUS,409.520,409.5,146.9,activation,or_v1
ACT_01128,driver_88/route_15,driver_88,TOYOTA_PRIUS,63.150,63.1,480.9,activation,or_v1
ACT_01129,driver_88/route_15,driver_88,TOYOTA_PRIUS,105.200,105.2,438.8,activation,or_v1
ACT_01130,driver_88/route_15,driver_88,TOYOTA_PRIUS,154.730,154.7,389.3,activation,or_v1
ACT_01131,driver_88/route_15,driver_88,TOYOTA_PRIUS,162.400,162.4,381.6,activation,or_v1
ACT_01132,driver_88/route_15,driver_88,TOYOTA_PRIUS,234.430,234.4,309.6,activation,or_v1
ACT_01133,driver_88/route_15,driver_88,TOYOTA_PRIUS,485.380,485.4,58.6,activation,or_v1
ACT_01134,driver_88/route_16,driver_88,TOYOTA_PRIUS,92.110,92.1,510.4,activation,or_v1
ACT_01135,driver_88/route_16,driver_88,TOYOTA_PRIUS,117.600,117.6,484.9,activation,or_v1
ACT_01136,driver_88/route_16,driver_88,TOYOTA_PRIUS,244.890,244.9,357.6,activation,or_v1
ACT_01137,driver_88/route_16,driver_88,TOYOTA_PRIUS,283.140,283.1,319.4,activation,or_v1
ACT_01138,driver_88/route_16,driver_88,TOYOTA_PRIUS,405.410,405.4,197.1,activation,or_v1
ACT_01139,driver_46/route_1,driver_46,TOYOTA_RAV4_2017,25.780,25.8,605.9,activation,or_v1
ACT_01140,driver_46/route_1,driver_46,TOYOTA_RAV4_2017,229.610,229.6,402.1,activation,or_v1
ACT_01141,driver_46/route_1,driver_46,TOYOTA_RAV4_2017,551.220,551.2,80.5,activation,or_v1
ACT_01142,driver_32/route_1,driver_32,TOYOTA_RAV4_PRIME,177.090,177.1,1126.5,activation,or_v1
ACT_01143,driver_32/route_2,driver_32,TOYOTA_RAV4_PRIME,93.210,93.2,350.8,activation,or_v1
ACT_01144,driver_80/route_1,driver_80,TOYOTA_RAV4_PRIME,73.670,73.7,647.5,activation,or_v1
ACT_01145,driver_80/route_1,driver_80,TOYOTA_RAV4_PRIME,683.720,683.7,37.5,activation,or_v1
ACT_01146,driver_120/route_1,driver_120,TOYOTA_YARIS,15.910,15.9,104.4,activation,or_v1
ACT_01147,driver_120/route_1,driver_120,TOYOTA_YARIS,100.460,100.5,19.9,activation,or_v1
ACT_01148,driver_120/route_2,driver_120,TOYOTA_YARIS,25.190,25.2,217.2,activation,or_v1
ACT_01149,driver_120/route_3,driver_120,TOYOTA_YARIS,6.760,6.8,471.4,activation,or_v1
ACT_01150,driver_120/route_3,driver_120,TOYOTA_YARIS,46.560,46.6,431.6,activation,or_v1
ACT_01151,driver_120/route_3,driver_120,TOYOTA_YARIS,154.590,154.6,323.5,activation,or_v1
ACT_01152,driver_120/route_3,driver_120,TOYOTA_YARIS,216.860,216.9,261.3,activation,or_v1
ACT_01153,driver_120/route_3,driver_120,TOYOTA_YARIS,370.080,370.1,108.0,activation,or_v1
ACT_01154,driver_120/route_4,driver_120,TOYOTA_YARIS,169.590,169.6,571.1,activation,or_v1
ACT_01155,driver_120/route_4,driver_120,TOYOTA_YARIS,236.230,236.2,504.5,activation,or_v1
ACT_01156,driver_120/route_4,driver_120,TOYOTA_YARIS,372.500,372.5,368.2,activation,or_v1
ACT_01157,driver_120/route_4,driver_120,TOYOTA_YARIS,466.580,466.6,274.2,activation,or_v1
ACT_01158,driver_120/route_4,driver_120,TOYOTA_YARIS,495.350,495.4,245.4,activation,or_v1
ACT_01159,driver_120/route_4,driver_120,TOYOTA_YARIS,599.430,599.4,141.3,activation,or_v1
ACT_01160,driver_120/route_5,driver_120,TOYOTA_YARIS,72.450,72.5,293.7,activation,or_v1
ACT_01161,driver_120/route_5,driver_120,TOYOTA_YARIS,334.410,334.4,31.7,activation,or_v1
ACT_01162,driver_16/route_1,driver_16,Unknown,76.450,76.5,2166.4,activation,or_v1
ACT_01163,driver_16/route_1,driver_16,Unknown,976.660,976.7,1266.2,activation,or_v1
ACT_01164,driver_16/route_1,driver_16,Unknown,1208.060,1208.1,1034.8,activation,or_v1
ACT_01165,driver_16/route_1,driver_16,Unknown,1705.880,1705.9,537.0,activation,or_v1
ACT_01166,driver_16/route_1,driver_16,Unknown,2082.240,2082.2,160.6,activation,or_v1
ACT_01167,driver_16/route_2,driver_16,Unknown,126.980,127.0,1559.2,activation,or_v1
ACT_01168,driver_16/route_2,driver_16,Unknown,391.310,391.3,1294.9,activation,or_v1
ACT_01169,driver_16/route_2,driver_16,Unknown,1122.350,1122.3,563.9,activation,or_v1
ACT_01170,driver_16/route_2,driver_16,Unknown,1433.090,1433.1,253.1,activation,or_v1
ACT_01171,driver_16/route_2,driver_16,Unknown,1649.910,1649.9,36.3,activation,or_v1
ACT_01172,driver_84/route_1,driver_84,Unknown,56.320,56.3,64.7,activation,or_v1
ACT_01173,driver_87/route_1,driver_87,Unknown,298.170,298.2,1146.8,activation,or_v1
ACT_01174,driver_87/route_1,driver_87,Unknown,367.370,367.4,1077.6,activation,or_v1
ACT_01175,driver_87/route_1,driver_87,Unknown,633.300,633.3,811.7,activation,or_v1
ACT_01176,driver_87/route_1,driver_87,Unknown,756.780,756.8,688.2,activation,or_v1
ACT_01177,driver_87/route_1,driver_87,Unknown,831.660,831.7,613.4,activation,or_v1
ACT_01178,driver_113/route_1,driver_113,Unknown,26.700,26.7,4953.2,activation,or_v1
ACT_01179,driver_113/route_1,driver_113,Unknown,199.400,199.4,4780.6,activation,or_v1
ACT_01180,driver_113/route_1,driver_113,Unknown,479.480,479.5,4500.5,activation,or_v1
ACT_01181,driver_113/route_1,driver_113,Unknown,1780.480,1780.5,3199.5,activation,or_v1
ACT_01182,driver_113/route_1,driver_113,Unknown,1861.180,1861.2,3118.8,activation,or_v1
ACT_01183,driver_113/route_1,driver_113,Unknown,2645.260,2645.3,2334.7,activation,or_v1
ACT_01184,driver_113/route_1,driver_113,Unknown,2662.240,2662.2,2317.7,activation,or_v1
ACT_01185,driver_113/route_1,driver_113,Unknown,2678.930,2678.9,2301.0,activation,or_v1
ACT_01186,driver_113/route_1,driver_113,Unknown,2686.570,2686.6,2293.4,activation,or_v1
ACT_01187,driver_113/route_1,driver_113,Unknown,2698.110,2698.1,2281.8,activation,or_v1
ACT_01188,driver_113/route_1,driver_113,Unknown,2721.460,2721.5,2258.5,activation,or_v1
ACT_01189,driver_113/route_1,driver_113,Unknown,2759.790,2759.8,2220.2,activation,or_v1
ACT_01190,driver_113/route_1,driver_113,Unknown,2881.210,2881.2,2098.7,activation,or_v1
ACT_01191,driver_31/route_1,driver_31,VOLKSWAGEN_ATLAS_MK1,24.370,24.4,639.0,activation,or_v1
ACT_01192,driver_31/route_1,driver_31,VOLKSWAGEN_ATLAS_MK1,186.550,186.6,476.9,activation,or_v1
ACT_01193,driver_31/route_1,driver_31,VOLKSWAGEN_ATLAS_MK1,205.090,205.1,458.3,activation,or_v1
ACT_01194,driver_31/route_2,driver_31,VOLKSWAGEN_ATLAS_MK1,277.850,277.9,748.9,activation,or_v1
ACT_01195,driver_31/route_3,driver_31,VOLKSWAGEN_ATLAS_MK1,250.940,250.9,682.8,activation,or_v1
ACT_01196,driver_31/route_3,driver_31,VOLKSWAGEN_ATLAS_MK1,679.700,679.7,254.0,activation,or_v1
ACT_01197,driver_31/route_3,driver_31,VOLKSWAGEN_ATLAS_MK1,703.820,703.8,229.9,activation,or_v1
ACT_01198,driver_31/route_4,driver_31,VOLKSWAGEN_ATLAS_MK1,322.770,322.8,1153.4,activation,or_v1
ACT_01199,driver_31/route_4,driver_31,VOLKSWAGEN_ATLAS_MK1,508.770,508.8,967.4,activation,or_v1
ACT_01200,driver_31/route_4,driver_31,VOLKSWAGEN_ATLAS_MK1,796.370,796.4,679.8,activation,or_v1
ACT_01201,driver_31/route_4,driver_31,VOLKSWAGEN_ATLAS_MK1,937.780,937.8,538.4,activation,or_v1
ACT_01202,driver_31/route_4,driver_31,VOLKSWAGEN_ATLAS_MK1,1196.880,1196.9,279.3,activation,or_v1
ACT_01203,driver_31/route_6,driver_31,VOLKSWAGEN_ATLAS_MK1,545.920,545.9,697.0,activation,or_v1
ACT_01204,driver_31/route_6,driver_31,VOLKSWAGEN_ATLAS_MK1,653.360,653.4,589.5,activation,or_v1
ACT_01205,driver_31/route_6,driver_31,VOLKSWAGEN_ATLAS_MK1,725.770,725.8,517.1,activation,or_v1
ACT_01206,driver_31/route_6,driver_31,VOLKSWAGEN_ATLAS_MK1,887.060,887.1,355.8,activation,or_v1
ACT_01207,driver_31/route_6,driver_31,VOLKSWAGEN_ATLAS_MK1,927.810,927.8,315.1,activation,or_v1
ACT_01208,driver_31/route_7,driver_31,VOLKSWAGEN_ATLAS_MK1,523.700,523.7,7837.2,activation,or_v1
ACT_01209,driver_31/route_7,driver_31,VOLKSWAGEN_ATLAS_MK1,639.010,639.0,7721.9,activation,or_v1
ACT_01210,driver_31/route_7,driver_31,VOLKSWAGEN_ATLAS_MK1,790.540,790.5,7570.3,activation,or_v1
ACT_01211,driver_31/route_7,driver_31,VOLKSWAGEN_ATLAS_MK1,836.830,836.8,7524.0,activation,or_v1
ACT_01212,driver_31/route_7,driver_31,VOLKSWAGEN_ATLAS_MK1,875.090,875.1,7485.8,activation,or_v1
ACT_01213,driver_31/route_7,driver_31,VOLKSWAGEN_ATLAS_MK1,1198.540,1198.5,7162.3,activation,or_v1
ACT_01214,driver_31/route_7,driver_31,VOLKSWAGEN_ATLAS_MK1,1258.180,1258.2,7102.7,activation,or_v1
ACT_01215,driver_31/route_7,driver_31,VOLKSWAGEN_ATLAS_MK1,1307.440,1307.4,7053.4,activation,or_v1
ACT_01216,driver_31/route_7,driver_31,VOLKSWAGEN_ATLAS_MK1,1457.180,1457.2,6903.7,activation,or_v1
ACT_01217,driver_31/route_7,driver_31,VOLKSWAGEN_ATLAS_MK1,1494.100,1494.1,6866.8,activation,or_v1
ACT_01218,driver_31/route_7,driver_31,VOLKSWAGEN_ATLAS_MK1,1547.060,1547.1,6813.8,activation,or_v1
ACT_01219,driver_31/route_7,driver_31,VOLKSWAGEN_ATLAS_MK1,1633.060,1633.1,6727.8,activation,or_v1
ACT_01220,driver_31/route_7,driver_31,VOLKSWAGEN_ATLAS_MK1,1698.160,1698.2,6662.7,activation,or_v1
ACT_01221,driver_31/route_7,driver_31,VOLKSWAGEN_ATLAS_MK1,1850.170,1850.2,6510.7,activation,or_v1
ACT_01222,driver_31/route_7,driver_31,VOLKSWAGEN_ATLAS_MK1,1883.530,1883.5,6477.3,activation,or_v1
ACT_01223,driver_31/route_7,driver_31,VOLKSWAGEN_ATLAS_MK1,1959.290,1959.3,6401.6,activation,or_v1
ACT_01224,driver_31/route_7,driver_31,VOLKSWAGEN_ATLAS_MK1,2208.230,2208.2,6152.6,activation,or_v1
ACT_01225,driver_31/route_7,driver_31,VOLKSWAGEN_ATLAS_MK1,2596.200,2596.2,5764.7,activation,or_v1
ACT_01226,driver_31/route_7,driver_31,VOLKSWAGEN_ATLAS_MK1,2659.400,2659.4,5701.5,activation,or_v1
ACT_01227,driver_31/route_7,driver_31,VOLKSWAGEN_ATLAS_MK1,2777.660,2777.7,5583.2,activation,or_v1
ACT_01228,driver_31/route_7,driver_31,VOLKSWAGEN_ATLAS_MK1,2893.680,2893.7,5467.2,activation,or_v1
ACT_01229,driver_31/route_7,driver_31,VOLKSWAGEN_ATLAS_MK1,3006.790,3006.8,5354.1,activation,or_v1
ACT_01230,driver_31/route_7,driver_31,VOLKSWAGEN_ATLAS_MK1,3746.870,3746.9,4614.0,activation,or_v1
ACT_01231,driver_31/route_7,driver_31,VOLKSWAGEN_ATLAS_MK1,3869.680,3869.7,4491.2,activation,or_v1
ACT_01232,driver_31/route_7,driver_31,VOLKSWAGEN_ATLAS_MK1,4076.470,4076.5,4284.4,activation,or_v1
ACT_01233,driver_31/route_7,driver_31,VOLKSWAGEN_ATLAS_MK1,4201.950,4201.9,4158.9,activation,or_v1
ACT_01234,driver_31/route_7,driver_31,VOLKSWAGEN_ATLAS_MK1,4448.830,4448.8,3912.0,activation,or_v1
ACT_01235,driver_31/route_7,driver_31,VOLKSWAGEN_ATLAS_MK1,4698.380,4698.4,3662.5,activation,or_v1
ACT_01236,driver_31/route_7,driver_31,VOLKSWAGEN_ATLAS_MK1,5133.540,5133.5,3227.3,activation,or_v1
ACT_01237,driver_31/route_7,driver_31,VOLKSWAGEN_ATLAS_MK1,5166.760,5166.8,3194.1,activation,or_v1
ACT_01238,driver_31/route_7,driver_31,VOLKSWAGEN_ATLAS_MK1,5440.940,5440.9,2919.9,activation,or_v1
ACT_01239,driver_31/route_7,driver_31,VOLKSWAGEN_ATLAS_MK1,5478.310,5478.3,2882.6,activation,or_v1
ACT_01240,driver_31/route_7,driver_31,VOLKSWAGEN_ATLAS_MK1,5538.130,5538.1,2822.7,activation,or_v1
ACT_01241,driver_31/route_7,driver_31,VOLKSWAGEN_ATLAS_MK1,5813.100,5813.1,2547.8,activation,or_v1
ACT_01242,driver_31/route_7,driver_31,VOLKSWAGEN_ATLAS_MK1,5961.950,5961.9,2398.9,activation,or_v1
ACT_01243,driver_31/route_7,driver_31,VOLKSWAGEN_ATLAS_MK1,6044.950,6044.9,2315.9,activation,or_v1
ACT_01244,driver_31/route_7,driver_31,VOLKSWAGEN_ATLAS_MK1,6234.730,6234.7,2126.1,activation,or_v1
ACT_01245,driver_31/route_7,driver_31,VOLKSWAGEN_ATLAS_MK1,6367.280,6367.3,1993.6,activation,or_v1
ACT_01246,driver_31/route_7,driver_31,VOLKSWAGEN_ATLAS_MK1,6497.040,6497.0,1863.8,activation,or_v1
ACT_01247,driver_31/route_7,driver_31,VOLKSWAGEN_ATLAS_MK1,6606.860,6606.9,1754.0,activation,or_v1
ACT_01248,driver_31/route_7,driver_31,VOLKSWAGEN_ATLAS_MK1,6714.360,6714.4,1646.5,activation,or_v1
ACT_01249,driver_31/route_7,driver_31,VOLKSWAGEN_ATLAS_MK1,6726.080,6726.1,1634.8,activation,or_v1
ACT_01250,driver_31/route_7,driver_31,VOLKSWAGEN_ATLAS_MK1,6890.150,6890.1,1470.7,activation,or_v1
ACT_01251,driver_31/route_7,driver_31,VOLKSWAGEN_ATLAS_MK1,7471.820,7471.8,889.1,activation,or_v1
ACT_01252,driver_31/route_7,driver_31,VOLKSWAGEN_ATLAS_MK1,7531.190,7531.2,829.7,activation,or_v1
ACT_01253,driver_31/route_7,driver_31,VOLKSWAGEN_ATLAS_MK1,7610.370,7610.4,750.5,activation,or_v1
ACT_01254,driver_31/route_7,driver_31,VOLKSWAGEN_ATLAS_MK1,7695.770,7695.8,665.1,activation,or_v1
ACT_01255,driver_31/route_7,driver_31,VOLKSWAGEN_ATLAS_MK1,7768.330,7768.3,592.5,activation,or_v1
ACT_01256,driver_31/route_7,driver_31,VOLKSWAGEN_ATLAS_MK1,7879.220,7879.2,481.7,activation,or_v1
ACT_01257,driver_31/route_7,driver_31,VOLKSWAGEN_ATLAS_MK1,7911.980,7912.0,448.9,activation,or_v1
ACT_01258,driver_31/route_7,driver_31,VOLKSWAGEN_ATLAS_MK1,7966.280,7966.3,394.6,activation,or_v1
ACT_01259,driver_31/route_7,driver_31,VOLKSWAGEN_ATLAS_MK1,8106.120,8106.1,254.8,activation,or_v1
ACT_01260,driver_31/route_8,driver_31,VOLKSWAGEN_ATLAS_MK1,353.150,353.1,1507.8,activation,or_v1
ACT_01261,driver_31/route_8,driver_31,VOLKSWAGEN_ATLAS_MK1,542.440,542.4,1318.5,activation,or_v1
ACT_01262,driver_31/route_8,driver_31,VOLKSWAGEN_ATLAS_MK1,593.310,593.3,1267.7,activation,or_v1
ACT_01263,driver_31/route_8,driver_31,VOLKSWAGEN_ATLAS_MK1,679.720,679.7,1181.3,activation,or_v1
ACT_01264,driver_31/route_9,driver_31,VOLKSWAGEN_ATLAS_MK1,94.920,94.9,1165.8,activation,or_v1
ACT_01265,driver_31/route_9,driver_31,VOLKSWAGEN_ATLAS_MK1,192.780,192.8,1068.0,activation,or_v1
ACT_01266,driver_31/route_9,driver_31,VOLKSWAGEN_ATLAS_MK1,660.410,660.4,600.4,activation,or_v1
ACT_01267,driver_31/route_9,driver_31,VOLKSWAGEN_ATLAS_MK1,754.100,754.1,506.7,activation,or_v1
ACT_01268,driver_31/route_9,driver_31,VOLKSWAGEN_ATLAS_MK1,950.360,950.4,310.4,activation,or_v1
ACT_01269,driver_31/route_9,driver_31,VOLKSWAGEN_ATLAS_MK1,1028.600,1028.6,232.2,activation,or_v1
ACT_01270,driver_31/route_9,driver_31,VOLKSWAGEN_ATLAS_MK1,1132.100,1132.1,128.7,activation,or_v1
ACT_01271,driver_127/route_1,driver_127,VOLKSWAGEN_CADDY_3RD-GEN,21.600,21.6,150.6,activation,or_v1
ACT_01272,driver_127/route_1,driver_127,VOLKSWAGEN_CADDY_3RD-GEN,76.190,76.2,96.0,activation,or_v1
ACT_01273,driver_127/route_1,driver_127,VOLKSWAGEN_CADDY_3RD-GEN,81.810,81.8,90.4,activation,or_v1
ACT_01274,driver_127/route_1,driver_127,VOLKSWAGEN_CADDY_3RD-GEN,131.710,131.7,40.5,activation,or_v1
ACT_01275,driver_127/route_2,driver_127,VOLKSWAGEN_CADDY_3RD-GEN,41.080,41.1,1639.9,activation,or_v1
ACT_01276,driver_127/route_2,driver_127,VOLKSWAGEN_CADDY_3RD-GEN,409.240,409.2,1271.7,activation,or_v1
ACT_01277,driver_127/route_2,driver_127,VOLKSWAGEN_CADDY_3RD-GEN,447.910,447.9,1233.1,activation,or_v1
ACT_01278,driver_127/route_2,driver_127,VOLKSWAGEN_CADDY_3RD-GEN,747.280,747.3,933.7,activation,or_v1
ACT_01279,driver_127/route_2,driver_127,VOLKSWAGEN_CADDY_3RD-GEN,1252.020,1252.0,429.0,activation,or_v1
ACT_01280,driver_127/route_2,driver_127,VOLKSWAGEN_CADDY_3RD-GEN,1416.980,1417.0,264.0,activation,or_v1
ACT_01281,driver_127/route_2,driver_127,VOLKSWAGEN_CADDY_3RD-GEN,1577.270,1577.3,103.7,activation,or_v1
ACT_01282,driver_22/route_1,driver_22,VOLKSWAGEN_GOLF_MK7,36.580,36.6,203.8,activation,or_v1
ACT_01283,driver_22/route_1,driver_22,VOLKSWAGEN_GOLF_MK7,136.010,136.0,104.4,activation,or_v1
ACT_01284,driver_22/route_1,driver_22,VOLKSWAGEN_GOLF_MK7,207.140,207.1,33.2,activation,or_v1
ACT_01285,driver_125/route_1,driver_125,VOLKSWAGEN_ID4_MK1,38.860,38.9,1043.5,activation,or_v1
ACT_01286,driver_92/route_1,driver_92,VOLKSWAGEN_JETTA_MK7,114.500,114.5,290.5,activation,or_v1
ACT_01287,driver_92/route_1,driver_92,VOLKSWAGEN_JETTA_MK7,193.820,193.8,211.2,activation,or_v1
ACT_01288,driver_92/route_2,driver_92,VOLKSWAGEN_JETTA_MK7,88.180,88.2,358.7,activation,or_v1
ACT_01289,driver_92/route_2,driver_92,VOLKSWAGEN_JETTA_MK7,151.180,151.2,295.7,activation,or_v1
ACT_01290,driver_92/route_2,driver_92,VOLKSWAGEN_JETTA_MK7,281.070,281.1,165.8,activation,or_v1
ACT_01291,driver_92/route_2,driver_92,VOLKSWAGEN_JETTA_MK7,321.720,321.7,125.1,activation,or_v1
ACT_01292,driver_92/route_3,driver_92,VOLKSWAGEN_JETTA_MK7,51.100,51.1,2248.2,activation,or_v1
ACT_01293,driver_92/route_3,driver_92,VOLKSWAGEN_JETTA_MK7,158.100,158.1,2141.2,activation,or_v1
ACT_01294,driver_92/route_3,driver_92,VOLKSWAGEN_JETTA_MK7,183.500,183.5,2115.8,activation,or_v1
ACT_01295,driver_92/route_3,driver_92,VOLKSWAGEN_JETTA_MK7,306.070,306.1,1993.3,activation,or_v1
ACT_01296,driver_92/route_3,driver_92,VOLKSWAGEN_JETTA_MK7,333.850,333.9,1965.5,activation,or_v1
ACT_01297,driver_92/route_3,driver_92,VOLKSWAGEN_JETTA_MK7,534.360,534.4,1765.0,activation,or_v1
ACT_01298,driver_92/route_3,driver_92,VOLKSWAGEN_JETTA_MK7,582.360,582.4,1717.0,activation,or_v1
ACT_01299,driver_92/route_3,driver_92,VOLKSWAGEN_JETTA_MK7,629.480,629.5,1669.8,activation,or_v1
ACT_01300,driver_92/route_3,driver_92,VOLKSWAGEN_JETTA_MK7,693.770,693.8,1605.6,activation,or_v1
ACT_01301,driver_92/route_3,driver_92,VOLKSWAGEN_JETTA_MK7,759.080,759.1,1540.2,activation,or_v1
ACT_01302,driver_92/route_3,driver_92,VOLKSWAGEN_JETTA_MK7,776.330,776.3,1523.0,activation,or_v1
ACT_01303,driver_92/route_3,driver_92,VOLKSWAGEN_JETTA_MK7,787.100,787.1,1512.2,activation,or_v1
ACT_01304,driver_92/route_3,driver_92,VOLKSWAGEN_JETTA_MK7,818.330,818.3,1481.0,activation,or_v1
ACT_01305,driver_92/route_3,driver_92,VOLKSWAGEN_JETTA_MK7,857.660,857.7,1441.7,activation,or_v1
ACT_01306,driver_92/route_3,driver_92,VOLKSWAGEN_JETTA_MK7,886.670,886.7,1412.7,activation,or_v1
ACT_01307,driver_92/route_3,driver_92,VOLKSWAGEN_JETTA_MK7,929.590,929.6,1369.7,activation,or_v1
ACT_01308,driver_92/route_3,driver_92,VOLKSWAGEN_JETTA_MK7,1076.770,1076.8,1222.6,activation,or_v1
ACT_01309,driver_92/route_3,driver_92,VOLKSWAGEN_JETTA_MK7,1109.680,1109.7,1189.6,activation,or_v1
ACT_01310,driver_92/route_3,driver_92,VOLKSWAGEN_JETTA_MK7,1180.530,1180.5,1118.8,activation,or_v1
ACT_01311,driver_92/route_3,driver_92,VOLKSWAGEN_JETTA_MK7,1342.530,1342.5,956.8,activation,or_v1
ACT_01312,driver_92/route_3,driver_92,VOLKSWAGEN_JETTA_MK7,1469.330,1469.3,830.0,activation,or_v1
ACT_01313,driver_92/route_3,driver_92,VOLKSWAGEN_JETTA_MK7,1497.620,1497.6,801.7,activation,or_v1
ACT_01314,driver_92/route_3,driver_92,VOLKSWAGEN_JETTA_MK7,1517.060,1517.1,782.3,activation,or_v1
ACT_01315,driver_92/route_3,driver_92,VOLKSWAGEN_JETTA_MK7,1546.550,1546.5,752.8,activation,or_v1
ACT_01316,driver_92/route_3,driver_92,VOLKSWAGEN_JETTA_MK7,1576.970,1577.0,722.4,activation,or_v1
ACT_01317,driver_92/route_3,driver_92,VOLKSWAGEN_JETTA_MK7,1604.540,1604.5,694.8,activation,or_v1
ACT_01318,driver_92/route_3,driver_92,VOLKSWAGEN_JETTA_MK7,1652.900,1652.9,646.4,activation,or_v1
ACT_01319,driver_92/route_3,driver_92,VOLKSWAGEN_JETTA_MK7,1735.540,1735.5,563.8,activation,or_v1
ACT_01320,driver_92/route_3,driver_92,VOLKSWAGEN_JETTA_MK7,1811.380,1811.4,487.9,activation,or_v1
ACT_01321,driver_92/route_3,driver_92,VOLKSWAGEN_JETTA_MK7,2065.620,2065.6,233.7,activation,or_v1
ACT_01322,driver_92/route_3,driver_92,VOLKSWAGEN_JETTA_MK7,2109.270,2109.3,190.1,activation,or_v1
ACT_01323,driver_92/route_4,driver_92,VOLKSWAGEN_JETTA_MK7,14.030,14.0,67.9,activation,or_v1
ACT_01324,driver_92/route_4,driver_92,VOLKSWAGEN_JETTA_MK7,26.420,26.4,55.5,activation,or_v1
ACT_01325,driver_92/route_5,driver_92,VOLKSWAGEN_JETTA_MK7,38.370,38.4,81.6,activation,or_v1
ACT_01326,driver_92/route_6,driver_92,VOLKSWAGEN_JETTA_MK7,172.340,172.3,187.7,activation,or_v1
ACT_01327,driver_92/route_6,driver_92,VOLKSWAGEN_JETTA_MK7,238.880,238.9,121.1,activation,or_v1
ACT_01328,driver_44/route_1,driver_44,VOLKSWAGEN_PASSAT_MK8,527.150,527.1,20136.0,activation,or_v1
ACT_01329,driver_44/route_1,driver_44,VOLKSWAGEN_PASSAT_MK8,671.450,671.5,19991.7,activation,or_v1
ACT_01330,driver_44/route_1,driver_44,VOLKSWAGEN_PASSAT_MK8,773.900,773.9,19889.2,activation,or_v1
ACT_01331,driver_44/route_1,driver_44,VOLKSWAGEN_PASSAT_MK8,970.640,970.6,19692.5,activation,or_v1
ACT_01332,driver_44/route_1,driver_44,VOLKSWAGEN_PASSAT_MK8,1079.430,1079.4,19583.7,activation,or_v1
ACT_01333,driver_44/route_1,driver_44,VOLKSWAGEN_PASSAT_MK8,1231.670,1231.7,19431.5,activation,or_v1
ACT_01334,driver_44/route_1,driver_44,VOLKSWAGEN_PASSAT_MK8,1432.000,1432.0,19231.1,activation,or_v1
ACT_01335,driver_44/route_1,driver_44,VOLKSWAGEN_PASSAT_MK8,1630.730,1630.7,19032.4,activation,or_v1
ACT_01336,driver_44/route_1,driver_44,VOLKSWAGEN_PASSAT_MK8,1836.950,1837.0,18826.2,activation,or_v1
ACT_01337,driver_44/route_1,driver_44,VOLKSWAGEN_PASSAT_MK8,2447.420,2447.4,18215.7,activation,or_v1
ACT_01338,driver_44/route_1,driver_44,VOLKSWAGEN_PASSAT_MK8,2471.880,2471.9,18191.2,activation,or_v1
ACT_01339,driver_44/route_1,driver_44,VOLKSWAGEN_PASSAT_MK8,2644.530,2644.5,18018.6,activation,or_v1
ACT_01340,driver_44/route_1,driver_44,VOLKSWAGEN_PASSAT_MK8,3415.000,3415.0,17248.1,activation,or_v1
ACT_01341,driver_44/route_1,driver_44,VOLKSWAGEN_PASSAT_MK8,3474.740,3474.7,17188.4,activation,or_v1
ACT_01342,driver_44/route_1,driver_44,VOLKSWAGEN_PASSAT_MK8,3788.730,3788.7,16874.4,activation,or_v1
ACT_01343,driver_44/route_1,driver_44,VOLKSWAGEN_PASSAT_MK8,3952.500,3952.5,16710.6,activation,or_v1
ACT_01344,driver_44/route_1,driver_44,VOLKSWAGEN_PASSAT_MK8,3973.560,3973.6,16689.6,activation,or_v1
ACT_01345,driver_44/route_1,driver_44,VOLKSWAGEN_PASSAT_MK8,4468.500,4468.5,16194.6,activation,or_v1
ACT_01346,driver_44/route_1,driver_44,VOLKSWAGEN_PASSAT_MK8,4538.250,4538.2,16124.9,activation,or_v1
ACT_01347,driver_44/route_1,driver_44,VOLKSWAGEN_PASSAT_MK8,4908.760,4908.8,15754.4,activation,or_v1
ACT_01348,driver_44/route_1,driver_44,VOLKSWAGEN_PASSAT_MK8,4941.920,4941.9,15721.2,activation,or_v1
ACT_01349,driver_44/route_1,driver_44,VOLKSWAGEN_PASSAT_MK8,4969.240,4969.2,15693.9,activation,or_v1
ACT_01350,driver_44/route_1,driver_44,VOLKSWAGEN_PASSAT_MK8,5092.410,5092.4,15570.7,activation,or_v1
ACT_01351,driver_44/route_1,driver_44,VOLKSWAGEN_PASSAT_MK8,5099.830,5099.8,15563.3,activation,or_v1
ACT_01352,driver_44/route_1,driver_44,VOLKSWAGEN_PASSAT_MK8,5165.650,5165.6,15497.5,activation,or_v1
ACT_01353,driver_44/route_1,driver_44,VOLKSWAGEN_PASSAT_MK8,5302.120,5302.1,15361.0,activation,or_v1
ACT_01354,driver_44/route_1,driver_44,VOLKSWAGEN_PASSAT_MK8,5530.270,5530.3,15132.9,activation,or_v1
ACT_01355,driver_44/route_1,driver_44,VOLKSWAGEN_PASSAT_MK8,5584.970,5585.0,15078.2,activation,or_v1
ACT_01356,driver_44/route_1,driver_44,VOLKSWAGEN_PASSAT_MK8,5670.520,5670.5,14992.6,activation,or_v1
ACT_01357,driver_44/route_1,driver_44,VOLKSWAGEN_PASSAT_MK8,5726.000,5726.0,14937.1,activation,or_v1
ACT_01358,driver_44/route_1,driver_44,VOLKSWAGEN_PASSAT_MK8,5845.480,5845.5,14817.7,activation,or_v1
ACT_01359,driver_44/route_1,driver_44,VOLKSWAGEN_PASSAT_MK8,5897.920,5897.9,14765.2,activation,or_v1
ACT_01360,driver_44/route_1,driver_44,VOLKSWAGEN_PASSAT_MK8,5967.430,5967.4,14695.7,activation,or_v1
ACT_01361,driver_44/route_1,driver_44,VOLKSWAGEN_PASSAT_MK8,6470.390,6470.4,14192.7,activation,or_v1
ACT_01362,driver_44/route_1,driver_44,VOLKSWAGEN_PASSAT_MK8,6730.500,6730.5,13932.6,activation,or_v1
ACT_01363,driver_44/route_1,driver_44,VOLKSWAGEN_PASSAT_MK8,6744.840,6744.8,13918.3,activation,or_v1
ACT_01364,driver_44/route_1,driver_44,VOLKSWAGEN_PASSAT_MK8,7128.740,7128.7,13534.4,activation,or_v1
ACT_01365,driver_44/route_1,driver_44,VOLKSWAGEN_PASSAT_MK8,7158.800,7158.8,13504.3,activation,or_v1
ACT_01366,driver_44/route_1,driver_44,VOLKSWAGEN_PASSAT_MK8,7283.020,7283.0,13380.1,activation,or_v1
ACT_01367,driver_44/route_1,driver_44,VOLKSWAGEN_PASSAT_MK8,7295.800,7295.8,13367.3,activation,or_v1
ACT_01368,driver_44/route_1,driver_44,VOLKSWAGEN_PASSAT_MK8,7319.410,7319.4,13343.7,activation,or_v1
ACT_01369,driver_44/route_1,driver_44,VOLKSWAGEN_PASSAT_MK8,7328.480,7328.5,13334.7,activation,or_v1
ACT_01370,driver_44/route_1,driver_44,VOLKSWAGEN_PASSAT_MK8,7356.480,7356.5,13306.7,activation,or_v1
ACT_01371,driver_44/route_1,driver_44,VOLKSWAGEN_PASSAT_MK8,7390.150,7390.1,13273.0,activation,or_v1
ACT_01372,driver_44/route_1,driver_44,VOLKSWAGEN_PASSAT_MK8,7445.770,7445.8,13217.4,activation,or_v1
ACT_01373,driver_44/route_1,driver_44,VOLKSWAGEN_PASSAT_MK8,7666.560,7666.6,12996.6,activation,or_v1
ACT_01374,driver_44/route_1,driver_44,VOLKSWAGEN_PASSAT_MK8,8270.990,8271.0,12392.1,activation,or_v1
ACT_01375,driver_44/route_1,driver_44,VOLKSWAGEN_PASSAT_MK8,8331.670,8331.7,12331.5,activation,or_v1
ACT_01376,driver_44/route_1,driver_44,VOLKSWAGEN_PASSAT_MK8,8718.100,8718.1,11945.0,activation,or_v1
ACT_01377,driver_44/route_1,driver_44,VOLKSWAGEN_PASSAT_MK8,8736.440,8736.4,11926.7,activation,or_v1
ACT_01378,driver_44/route_1,driver_44,VOLKSWAGEN_PASSAT_MK8,8806.850,8806.9,11856.3,activation,or_v1
ACT_01379,driver_44/route_1,driver_44,VOLKSWAGEN_PASSAT_MK8,9043.000,9043.0,11620.1,activation,or_v1
ACT_01380,driver_44/route_1,driver_44,VOLKSWAGEN_PASSAT_MK8,9240.730,9240.7,11422.4,activation,or_v1
ACT_01381,driver_44/route_1,driver_44,VOLKSWAGEN_PASSAT_MK8,9320.510,9320.5,11342.6,activation,or_v1
ACT_01382,driver_44/route_1,driver_44,VOLKSWAGEN_PASSAT_MK8,9401.130,9401.1,11262.0,activation,or_v1
ACT_01383,driver_44/route_1,driver_44,VOLKSWAGEN_PASSAT_MK8,9512.800,9512.8,11150.3,activation,or_v1
ACT_01384,driver_44/route_1,driver_44,VOLKSWAGEN_PASSAT_MK8,9558.920,9558.9,11104.2,activation,or_v1
ACT_01385,driver_44/route_1,driver_44,VOLKSWAGEN_PASSAT_MK8,9674.420,9674.4,10988.7,activation,or_v1
ACT_01386,driver_44/route_1,driver_44,VOLKSWAGEN_PASSAT_MK8,9719.960,9720.0,10943.2,activation,or_v1
ACT_01387,driver_44/route_1,driver_44,VOLKSWAGEN_PASSAT_MK8,9830.230,9830.2,10832.9,activation,or_v1
ACT_01388,driver_44/route_1,driver_44,VOLKSWAGEN_PASSAT_MK8,9975.210,9975.2,10687.9,activation,or_v1
ACT_01389,driver_44/route_1,driver_44,VOLKSWAGEN_PASSAT_MK8,10313.190,10313.2,10349.9,activation,or_v1
ACT_01390,driver_44/route_1,driver_44,VOLKSWAGEN_PASSAT_MK8,10384.430,10384.4,10278.7,activation,or_v1
ACT_01391,driver_44/route_1,driver_44,VOLKSWAGEN_PASSAT_MK8,10638.140,10638.1,10025.0,activation,or_v1
ACT_01392,driver_44/route_1,driver_44,VOLKSWAGEN_PASSAT_MK8,13380.920,13380.9,7282.2,activation,or_v1
ACT_01393,driver_44/route_1,driver_44,VOLKSWAGEN_PASSAT_MK8,13744.150,13744.1,6919.0,activation,or_v1
ACT_01394,driver_44/route_1,driver_44,VOLKSWAGEN_PASSAT_MK8,14229.090,14229.1,6434.0,activation,or_v1
ACT_01395,driver_44/route_1,driver_44,VOLKSWAGEN_PASSAT_MK8,14350.000,14350.0,6313.1,activation,or_v1
ACT_01396,driver_44/route_1,driver_44,VOLKSWAGEN_PASSAT_MK8,14951.780,14951.8,5711.4,activation,or_v1
ACT_01397,driver_44/route_1,driver_44,VOLKSWAGEN_PASSAT_MK8,15102.590,15102.6,5560.5,activation,or_v1
ACT_01398,driver_44/route_1,driver_44,VOLKSWAGEN_PASSAT_MK8,15745.520,15745.5,4917.6,activation,or_v1
ACT_01399,driver_44/route_1,driver_44,VOLKSWAGEN_PASSAT_MK8,15844.460,15844.5,4818.7,activation,or_v1
ACT_01400,driver_44/route_1,driver_44,VOLKSWAGEN_PASSAT_MK8,15890.660,15890.7,4772.5,activation,or_v1
ACT_01401,driver_44/route_1,driver_44,VOLKSWAGEN_PASSAT_MK8,15920.440,15920.4,4742.7,activation,or_v1
ACT_01402,driver_44/route_1,driver_44,VOLKSWAGEN_PASSAT_MK8,16055.230,16055.2,4607.9,activation,or_v1
ACT_01403,driver_44/route_1,driver_44,VOLKSWAGEN_PASSAT_MK8,16701.080,16701.1,3962.0,activation,or_v1
ACT_01404,driver_44/route_1,driver_44,VOLKSWAGEN_PASSAT_MK8,17236.580,17236.6,3426.5,activation,or_v1
ACT_01405,driver_44/route_1,driver_44,VOLKSWAGEN_PASSAT_MK8,17291.590,17291.6,3371.5,activation,or_v1
ACT_01406,driver_44/route_1,driver_44,VOLKSWAGEN_PASSAT_MK8,17370.410,17370.4,3292.7,activation,or_v1
ACT_01407,driver_44/route_1,driver_44,VOLKSWAGEN_PASSAT_MK8,17584.160,17584.2,3079.0,activation,or_v1
ACT_01408,driver_44/route_1,driver_44,VOLKSWAGEN_PASSAT_MK8,17633.300,17633.3,3029.8,activation,or_v1
ACT_01409,driver_44/route_1,driver_44,VOLKSWAGEN_PASSAT_MK8,17703.600,17703.6,2959.5,activation,or_v1
ACT_01410,driver_44/route_1,driver_44,VOLKSWAGEN_PASSAT_MK8,17727.460,17727.5,2935.7,activation,or_v1
ACT_01411,driver_44/route_1,driver_44,VOLKSWAGEN_PASSAT_MK8,17777.520,17777.5,2885.6,activation,or_v1
ACT_01412,driver_44/route_1,driver_44,VOLKSWAGEN_PASSAT_MK8,17891.090,17891.1,2772.0,activation,or_v1
ACT_01413,driver_44/route_1,driver_44,VOLKSWAGEN_PASSAT_MK8,17981.070,17981.1,2682.1,activation,or_v1
ACT_01414,driver_44/route_1,driver_44,VOLKSWAGEN_PASSAT_MK8,18093.220,18093.2,2569.9,activation,or_v1
ACT_01415,driver_44/route_1,driver_44,VOLKSWAGEN_PASSAT_MK8,18128.680,18128.7,2534.5,activation,or_v1
ACT_01416,driver_44/route_1,driver_44,VOLKSWAGEN_PASSAT_MK8,18294.230,18294.2,2368.9,activation,or_v1
ACT_01417,driver_44/route_1,driver_44,VOLKSWAGEN_PASSAT_MK8,18549.000,18549.0,2114.1,activation,or_v1
ACT_01418,driver_44/route_1,driver_44,VOLKSWAGEN_PASSAT_MK8,18629.400,18629.4,2033.7,activation,or_v1
ACT_01419,driver_44/route_1,driver_44,VOLKSWAGEN_PASSAT_MK8,18672.060,18672.1,1991.1,activation,or_v1
ACT_01420,driver_44/route_1,driver_44,VOLKSWAGEN_PASSAT_MK8,18825.810,18825.8,1837.3,activation,or_v1
ACT_01421,driver_44/route_1,driver_44,VOLKSWAGEN_PASSAT_MK8,18866.310,18866.3,1796.8,activation,or_v1
ACT_01422,driver_44/route_1,driver_44,VOLKSWAGEN_PASSAT_MK8,18920.490,18920.5,1742.6,activation,or_v1
ACT_01423,driver_44/route_1,driver_44,VOLKSWAGEN_PASSAT_MK8,18984.660,18984.7,1678.5,activation,or_v1
ACT_01424,driver_44/route_1,driver_44,VOLKSWAGEN_PASSAT_MK8,19040.220,19040.2,1622.9,activation,or_v1
ACT_01425,driver_44/route_1,driver_44,VOLKSWAGEN_PASSAT_MK8,19064.420,19064.4,1598.7,activation,or_v1
ACT_01426,driver_44/route_1,driver_44,VOLKSWAGEN_PASSAT_MK8,19094.960,19095.0,1568.2,activation,or_v1
ACT_01427,driver_44/route_1,driver_44,VOLKSWAGEN_PASSAT_MK8,19177.660,19177.7,1485.5,activation,or_v1
ACT_01428,driver_44/route_1,driver_44,VOLKSWAGEN_PASSAT_MK8,19266.710,19266.7,1396.4,activation,or_v1
ACT_01429,driver_44/route_1,driver_44,VOLKSWAGEN_PASSAT_MK8,19439.400,19439.4,1223.7,activation,or_v1
ACT_01430,driver_44/route_1,driver_44,VOLKSWAGEN_PASSAT_MK8,19527.980,19528.0,1135.2,activation,or_v1
ACT_01431,driver_44/route_1,driver_44,VOLKSWAGEN_PASSAT_MK8,19953.660,19953.7,709.5,activation,or_v1
ACT_01432,driver_44/route_1,driver_44,VOLKSWAGEN_PASSAT_MK8,20115.340,20115.3,547.8,activation,or_v1
ACT_01433,driver_44/route_1,driver_44,VOLKSWAGEN_PASSAT_MK8,20156.770,20156.8,506.4,activation,or_v1
ACT_01434,driver_44/route_1,driver_44,VOLKSWAGEN_PASSAT_MK8,20244.570,20244.6,418.6,activation,or_v1
ACT_01435,driver_44/route_1,driver_44,VOLKSWAGEN_PASSAT_MK8,20319.090,20319.1,344.0,activation,or_v1
ACT_01436,driver_44/route_1,driver_44,VOLKSWAGEN_PASSAT_MK8,20335.450,20335.5,327.7,activation,or_v1
ACT_01437,driver_44/route_1,driver_44,VOLKSWAGEN_PASSAT_MK8,20415.700,20415.7,247.4,activation,or_v1
ACT_01438,driver_44/route_1,driver_44,VOLKSWAGEN_PASSAT_MK8,20465.920,20465.9,197.2,activation,or_v1
ACT_01439,driver_14/route_3,driver_14,VOLKSWAGEN_PASSAT_NMS,13.110,13.1,108.3,activation,or_v1
ACT_01440,driver_14/route_3,driver_14,VOLKSWAGEN_PASSAT_NMS,25.350,25.4,96.0,activation,or_v1
ACT_01441,driver_14/route_3,driver_14,VOLKSWAGEN_PASSAT_NMS,70.920,70.9,50.5,activation,or_v1
ACT_01442,driver_14/route_3,driver_14,VOLKSWAGEN_PASSAT_NMS,80.440,80.4,40.9,activation,or_v1
ACT_01443,driver_14/route_3,driver_14,VOLKSWAGEN_PASSAT_NMS,97.230,97.2,24.1,activation,or_v1
ACT_01444,driver_14/route_3,driver_14,VOLKSWAGEN_PASSAT_NMS,108.290,108.3,13.1,activation,or_v1
ACT_01445,driver_14/route_4,driver_14,VOLKSWAGEN_PASSAT_NMS,135.720,135.7,285.7,activation,or_v1
ACT_01446,driver_14/route_4,driver_14,VOLKSWAGEN_PASSAT_NMS,160.800,160.8,260.6,activation,or_v1
ACT_01447,driver_14/route_4,driver_14,VOLKSWAGEN_PASSAT_NMS,264.320,264.3,157.1,activation,or_v1
ACT_01448,driver_14/route_4,driver_14,VOLKSWAGEN_PASSAT_NMS,379.220,379.2,42.2,activation,or_v1
ACT_01449,driver_14/route_6,driver_14,VOLKSWAGEN_PASSAT_NMS,145.800,145.8,2135.0,activation,or_v1
ACT_01450,driver_14/route_6,driver_14,VOLKSWAGEN_PASSAT_NMS,235.000,235.0,2045.8,activation,or_v1
ACT_01451,driver_14/route_7,driver_14,VOLKSWAGEN_PASSAT_NMS,11.050,11.1,75.8,activation,or_v1
ACT_01452,driver_115/route_1,driver_115,VOLKSWAGEN_SHARAN_MK2,23.520,23.5,29.8,activation,or_v1
ACT_01453,driver_25/route_1,driver_25,VOLKSWAGEN_TIGUAN_MK2,165.360,165.4,137.7,activation,or_v1
ACT_01454,driver_25/route_1,driver_25,VOLKSWAGEN_TIGUAN_MK2,217.460,217.5,85.6,activation,or_v1
ACT_01455,driver_25/route_2,driver_25,VOLKSWAGEN_TIGUAN_MK2,102.060,102.1,5179.9,activation,or_v1
ACT_01456,driver_25/route_2,driver_25,VOLKSWAGEN_TIGUAN_MK2,1444.270,1444.3,3837.7,activation,or_v1
ACT_01457,driver_25/route_2,driver_25,VOLKSWAGEN_TIGUAN_MK2,1460.530,1460.5,3821.4,activation,or_v1
ACT_01458,driver_25/route_2,driver_25,VOLKSWAGEN_TIGUAN_MK2,2973.670,2973.7,2308.3,activation,or_v1
ACT_01459,driver_25/route_2,driver_25,VOLKSWAGEN_TIGUAN_MK2,5211.570,5211.6,70.4,activation,or_v1
ACT_01460,driver_25/route_2,driver_25,VOLKSWAGEN_TIGUAN_MK2,5268.270,5268.3,13.7,activation,or_v1
