event_id,route_id,driver_id,vehicle_model,event_time_sec,pre_context_sec,post_context_sec,event_type,definition_version
TAKE_00001,driver_98/route_2,driver_98,ACURA_MDX_3G_MMR,5.050,5.0,6129.4,takeover,or_v1
TAKE_00002,driver_98/route_2,driver_98,ACURA_MDX_3G_MMR,43.030,43.0,6091.5,takeover,or_v1
TAKE_00003,driver_98/route_2,driver_98,ACURA_MDX_3G_MMR,105.930,105.9,6028.6,takeover,or_v1
TAKE_00004,driver_98/route_2,driver_98,ACURA_MDX_3G_MMR,178.410,178.4,5956.1,takeover,or_v1
TAKE_00005,driver_98/route_2,driver_98,ACURA_MDX_3G_MMR,1266.540,1266.5,4867.9,takeover,or_v1
TAKE_00006,driver_98/route_2,driver_98,ACURA_MDX_3G_MMR,1392.550,1392.5,4741.9,takeover,or_v1
TAKE_00007,driver_98/route_2,driver_98,ACURA_MDX_3G_MMR,1844.330,1844.3,4290.2,takeover,or_v1
TAKE_00008,driver_98/route_2,driver_98,ACURA_MDX_3G_MMR,2072.750,2072.8,4061.7,takeover,or_v1
TAKE_00009,driver_98/route_2,driver_98,ACURA_MDX_3G_MMR,2092.700,2092.7,4041.8,takeover,or_v1
TAKE_00010,driver_98/route_2,driver_98,ACURA_MDX_3G_MMR,2141.470,2141.5,3993.0,takeover,or_v1
TAKE_00011,driver_98/route_2,driver_98,ACURA_MDX_3G_MMR,2192.930,2192.9,3941.6,takeover,or_v1
TAKE_00012,driver_98/route_2,driver_98,ACURA_MDX_3G_MMR,4601.780,4601.8,1532.7,takeover,or_v1
TAKE_00013,driver_98/route_2,driver_98,ACURA_MDX_3G_MMR,4637.550,4637.6,1496.9,takeover,or_v1
TAKE_00014,driver_98/route_2,driver_98,ACURA_MDX_3G_MMR,4709.800,4709.8,1424.7,takeover,or_v1
TAKE_00015,driver_98/route_2,driver_98,ACURA_MDX_3G_MMR,4991.660,4991.7,1142.8,takeover,or_v1
TAKE_00016,driver_98/route_2,driver_98,ACURA_MDX_3G_MMR,5724.380,5724.4,410.1,takeover,or_v1
TAKE_00017,driver_98/route_2,driver_98,ACURA_MDX_3G_MMR,5818.490,5818.5,316.0,takeover,or_v1
TAKE_00018,driver_98/route_2,driver_98,ACURA_MDX_3G_MMR,6002.340,6002.3,132.1,takeover,or_v1
TAKE_00019,driver_98/route_2,driver_98,ACURA_MDX_3G_MMR,6050.760,6050.8,83.7,takeover,or_v1
TAKE_00020,driver_23/route_1,driver_23,CHEVROLET_BOLT_EUV,4.620,4.6,1015.6,takeover,or_v1
TAKE_00021,driver_23/route_1,driver_23,CHEVROLET_BOLT_EUV,385.280,385.3,635.0,takeover,or_v1
TAKE_00022,driver_23/route_1,driver_23,CHEVROLET_BOLT_EUV,454.290,454.3,565.9,takeover,or_v1
TAKE_00023,driver_23/route_1,driver_23,CHEVROLET_BOLT_EUV,549.430,549.4,470.8,takeover,or_v1
TAKE_00024,driver_23/route_1,driver_23,CHEVROLET_BOLT_EUV,561.160,561.2,459.1,takeover,or_v1
TAKE_00025,driver_23/route_1,driver_23,CHEVROLET_BOLT_EUV,581.410,581.4,438.8,takeover,or_v1
TAKE_00026,driver_23/route_1,driver_23,CHEVROLET_BOLT_EUV,619.480,619.5,400.8,takeover,or_v1
TAKE_00027,driver_23/route_1,driver_23,CHEVROLET_BOLT_EUV,697.450,697.5,322.8,takeover,or_v1
TAKE_00028,driver_23/route_1,driver_23,CHEVROLET_BOLT_EUV,794.260,794.3,226.0,takeover,or_v1
TAKE_00029,driver_23/route_1,driver_23,CHEVROLET_BOLT_EUV,920.690,920.7,99.5,takeover,or_v1
TAKE_00030,driver_23/route_1,driver_23,CHEVROLET_BOLT_EUV,1010.340,1010.3,9.9,takeover,or_v1
TAKE_00031,driver_49/route_1,driver_49,CHEVROLET_BOLT_EUV,56.870,56.9,1383.9,takeover,or_v1
TAKE_00032,driver_49/route_1,driver_49,CHEVROLET_BOLT_EUV,387.310,387.3,1053.4,takeover,or_v1
TAKE_00033,driver_49/route_1,driver_49,CHEVROLET_BOLT_EUV,619.490,619.5,821.3,takeover,or_v1
TAKE_00034,driver_49/route_1,driver_49,CHEVROLET_BOLT_EUV,1305.670,1305.7,135.1,takeover,or_v1
TAKE_00035,driver_49/route_1,driver_49,CHEVROLET_BOLT_EUV,1423.300,1423.3,17.5,takeover,or_v1
TAKE_00036,driver_79/route_1,driver_79,CHEVROLET_BOLT_EUV,686.350,686.4,214.7,takeover,or_v1
TAKE_00037,driver_79/route_5,driver_79,CHEVROLET_BOLT_EUV,68.270,68.3,3298.6,takeover,or_v1
TAKE_00038,driver_79/route_5,driver_79,CHEVROLET_BOLT_EUV,468.450,468.4,2898.4,takeover,or_v1
TAKE_00039,driver_79/route_5,driver_79,CHEVROLET_BOLT_EUV,964.870,964.9,2402.0,takeover,or_v1
TAKE_00040,driver_79/route_5,driver_79,CHEVROLET_BOLT_EUV,2151.810,2151.8,1215.0,takeover,or_v1
TAKE_00041,driver_79/route_5,driver_79,CHEVROLET_BOLT_EUV,2751.890,2751.9,615.0,takeover,or_v1
TAKE_00042,driver_79/route_5,driver_79,CHEVROLET_BOLT_EUV,2945.030,2945.0,421.8,takeover,or_v1
TAKE_00043,driver_79/route_5,driver_79,CHEVROLET_BOLT_EUV,3132.050,3132.1,234.8,takeover,or_v1
TAKE_00044,driver_79/route_5,driver_79,CHEVROLET_BOLT_EUV,3244.880,3244.9,122.0,takeover,or_v1
TAKE_00045,driver_36/route_1,driver_36,CHEVROLET_BOLT_EUV_2022,47.290,47.3,1153.7,takeover,or_v1
TAKE_00046,driver_36/route_1,driver_36,CHEVROLET_BOLT_EUV_2022,122.060,122.1,1078.9,takeover,or_v1
TAKE_00047,driver_36/route_1,driver_36,CHEVROLET_BOLT_EUV_2022,165.210,165.2,1035.7,takeover,or_v1
TAKE_00048,driver_36/route_1,driver_36,CHEVROLET_BOLT_EUV_2022,284.920,284.9,916.0,takeover,or_v1
TAKE_00049,driver_36/route_1,driver_36,CHEVROLET_BOLT_EUV_2022,417.110,417.1,783.8,takeover,or_v1
TAKE_00050,driver_36/route_1,driver_36,CHEVROLET_BOLT_EUV_2022,856.340,856.3,344.6,takeover,or_v1
TAKE_00051,driver_36/route_1,driver_36,CHEVROLET_BOLT_EUV_2022,950.820,950.8,250.1,takeover,or_v1
TAKE_00052,driver_36/route_1,driver_36,CHEVROLET_BOLT_EUV_2022,1058.690,1058.7,142.3,takeover,or_v1
TAKE_00053,driver_36/route_1,driver_36,CHEVROLET_BOLT_EUV_2022,1093.620,1093.6,107.3,takeover,or_v1
TAKE_00054,driver_36/route_1,driver_36,CHEVROLET_BOLT_EUV_2022,1142.870,1142.9,58.1,takeover,or_v1
TAKE_00055,driver_36/route_1,driver_36,CHEVROLET_BOLT_EUV_2022,1172.280,1172.3,28.7,takeover,or_v1
TAKE_00056,driver_56/route_1,driver_56,CHEVROLET_SILVERADO,121.350,121.3,3498.9,takeover,or_v1
TAKE_00057,driver_56/route_1,driver_56,CHEVROLET_SILVERADO,200.930,200.9,3419.3,takeover,or_v1
TAKE_00058,driver_56/route_1,driver_56,CHEVROLET_SILVERADO,226.000,226.0,3394.2,takeover,or_v1
TAKE_00059,driver_56/route_1,driver_56,CHEVROLET_SILVERADO,502.080,502.1,3118.2,takeover,or_v1
TAKE_00060,driver_56/route_1,driver_56,CHEVROLET_SILVERADO,838.040,838.0,2782.2,takeover,or_v1
TAKE_00061,driver_56/route_1,driver_56,CHEVROLET_SILVERADO,1805.350,1805.3,1814.9,takeover,or_v1
TAKE_00062,driver_56/route_1,driver_56,CHEVROLET_SILVERADO,1989.330,1989.3,1630.9,takeover,or_v1
TAKE_00063,driver_56/route_1,driver_56,CHEVROLET_SILVERADO,2037.060,2037.1,1583.2,takeover,or_v1
TAKE_00064,driver_56/route_1,driver_56,CHEVROLET_SILVERADO,2069.790,2069.8,1550.4,takeover,or_v1
TAKE_00065,driver_56/route_1,driver_56,CHEVROLET_SILVERADO,2829.770,2829.8,790.5,takeover,or_v1
TAKE_00066,driver_56/route_1,driver_56,CHEVROLET_SILVERADO,2905.320,2905.3,714.9,takeover,or_v1
TAKE_00067,driver_56/route_1,driver_56,CHEVROLET_SILVERADO,3343.570,3343.6,276.7,takeover,or_v1
TAKE_00068,driver_56/route_1,driver_56,CHEVROLET_SILVERADO,3460.130,3460.1,160.1,takeover,or_v1
TAKE_00069,driver_56/route_1,driver_56,CHEVROLET_SILVERADO,3582.860,3582.9,37.4,takeover,or_v1
TAKE_00070,driver_56/route_2,driver_56,CHEVROLET_SILVERADO,222.060,222.1,2541.3,takeover,or_v1
TAKE_00071,driver_56/route_2,driver_56,CHEVROLET_SILVERADO,1461.300,1461.3,1302.1,takeover,or_v1
TAKE_00072,driver_56/route_2,driver_56,CHEVROLET_SILVERADO,1637.460,1637.5,1125.9,takeover,or_v1
TAKE_00073,driver_56/route_2,driver_56,CHEVROLET_SILVERADO,2075.980,2076.0,687.4,takeover,or_v1
TAKE_00074,driver_56/route_2,driver_56,CHEVROLET_SILVERADO,2203.090,2203.1,560.3,takeover,or_v1
TAKE_00075,driver_62/route_1,driver_62,CHEVROLET_SILVERADO,113.340,113.3,187.6,takeover,or_v1
TAKE_00076,driver_62/route_1,driver_62,CHEVROLET_SILVERADO,181.340,181.3,119.6,takeover,or_v1
TAKE_00077,driver_62/route_1,driver_62,CHEVROLET_SILVERADO,199.390,199.4,101.6,takeover,or_v1
TAKE_00078,driver_62/route_1,driver_62,CHEVROLET_SILVERADO,214.290,214.3,86.7,takeover,or_v1
TAKE_00079,driver_62/route_1,driver_62,CHEVROLET_SILVERADO,283.740,283.7,17.2,takeover,or_v1
TAKE_00080,driver_62/route_3,driver_62,CHEVROLET_SILVERADO,955.130,955.1,416.7,takeover,or_v1
TAKE_00081,driver_62/route_3,driver_62,CHEVROLET_SILVERADO,991.580,991.6,380.2,takeover,or_v1
TAKE_00082,driver_62/route_8,driver_62,CHEVROLET_SILVERADO,40.540,40.5,499.4,takeover,or_v1
TAKE_00083,driver_62/route_8,driver_62,CHEVROLET_SILVERADO,124.890,124.9,415.1,takeover,or_v1
TAKE_00084,driver_62/route_8,driver_62,CHEVROLET_SILVERADO,249.120,249.1,290.9,takeover,or_v1
TAKE_00085,driver_62/route_8,driver_62,CHEVROLET_SILVERADO,484.180,484.2,55.8,takeover,or_v1
TAKE_00086,driver_62/route_9,driver_62,CHEVROLET_SILVERADO,70.030,70.0,290.0,takeover,or_v1
TAKE_00087,driver_62/route_9,driver_62,CHEVROLET_SILVERADO,89.670,89.7,270.3,takeover,or_v1
TAKE_00088,driver_62/route_9,driver_62,CHEVROLET_SILVERADO,225.980,226.0,134.0,takeover,or_v1
TAKE_00089,driver_62/route_9,driver_62,CHEVROLET_SILVERADO,237.450,237.4,122.6,takeover,or_v1
TAKE_00090,driver_62/route_10,driver_62,CHEVROLET_SILVERADO,381.420,381.4,734.7,takeover,or_v1
TAKE_00091,driver_62/route_10,driver_62,CHEVROLET_SILVERADO,497.120,497.1,619.0,takeover,or_v1
TAKE_00092,driver_62/route_10,driver_62,CHEVROLET_SILVERADO,588.120,588.1,528.0,takeover,or_v1
TAKE_00093,driver_62/route_10,driver_62,CHEVROLET_SILVERADO,743.470,743.5,372.6,takeover,or_v1
TAKE_00094,driver_62/route_11,driver_62,CHEVROLET_SILVERADO,88.150,88.2,1036.5,takeover,or_v1
TAKE_00095,driver_62/route_11,driver_62,CHEVROLET_SILVERADO,193.810,193.8,930.9,takeover,or_v1
TAKE_00096,driver_62/route_11,driver_62,CHEVROLET_SILVERADO,337.260,337.3,787.4,takeover,or_v1
TAKE_00097,driver_62/route_11,driver_62,CHEVROLET_SILVERADO,396.560,396.6,728.1,takeover,or_v1
TAKE_00098,driver_62/route_11,driver_62,CHEVROLET_SILVERADO,513.190,513.2,611.5,takeover,or_v1
TAKE_00099,driver_62/route_11,driver_62,CHEVROLET_SILVERADO,534.350,534.4,590.3,takeover,or_v1
TAKE_00100,driver_62/route_11,driver_62,CHEVROLET_SILVERADO,1014.910,1014.9,109.8,takeover,or_v1
TAKE_00101,driver_62/route_12,driver_62,CHEVROLET_SILVERADO,127.400,127.4,52.6,takeover,or_v1
TAKE_00102,driver_62/route_13,driver_62,CHEVROLET_SILVERADO,13.220,13.2,106.8,takeover,or_v1
TAKE_00103,driver_62/route_13,driver_62,CHEVROLET_SILVERADO,61.320,61.3,58.7,takeover,or_v1
TAKE_00104,driver_50/route_1,driver_50,CHEVROLET_TRAILBLAZER,297.020,297.0,582.9,takeover,or_v1
TAKE_00105,driver_50/route_1,driver_50,CHEVROLET_TRAILBLAZER,706.360,706.4,173.6,takeover,or_v1
TAKE_00106,driver_50/route_1,driver_50,CHEVROLET_TRAILBLAZER,823.060,823.1,56.9,takeover,or_v1
TAKE_00107,driver_50/route_1,driver_50,CHEVROLET_TRAILBLAZER,852.920,852.9,27.0,takeover,or_v1
TAKE_00108,driver_50/route_2,driver_50,CHEVROLET_TRAILBLAZER,2339.750,2339.8,2279.5,takeover,or_v1
TAKE_00109,driver_50/route_2,driver_50,CHEVROLET_TRAILBLAZER,2700.260,2700.3,1919.0,takeover,or_v1
TAKE_00110,driver_50/route_2,driver_50,CHEVROLET_TRAILBLAZER,3684.050,3684.1,935.2,takeover,or_v1
TAKE_00111,driver_50/route_2,driver_50,CHEVROLET_TRAILBLAZER,4451.560,4451.6,167.7,takeover,or_v1
TAKE_00112,driver_50/route_3,driver_50,CHEVROLET_TRAILBLAZER,37.600,37.6,621.5,takeover,or_v1
TAKE_00113,driver_50/route_3,driver_50,CHEVROLET_TRAILBLAZER,144.480,144.5,514.7,takeover,or_v1
TAKE_00114,driver_50/route_3,driver_50,CHEVROLET_TRAILBLAZER,193.480,193.5,465.7,takeover,or_v1
TAKE_00115,driver_50/route_3,driver_50,CHEVROLET_TRAILBLAZER,311.200,311.2,347.9,takeover,or_v1
TAKE_00116,driver_50/route_3,driver_50,CHEVROLET_TRAILBLAZER,377.700,377.7,281.4,takeover,or_v1
TAKE_00117,driver_50/route_4,driver_50,CHEVROLET_TRAILBLAZER,42.510,42.5,138.0,takeover,or_v1
TAKE_00118,driver_50/route_4,driver_50,CHEVROLET_TRAILBLAZER,62.140,62.1,118.4,takeover,or_v1
TAKE_00119,driver_50/route_4,driver_50,CHEVROLET_TRAILBLAZER,104.770,104.8,75.8,takeover,or_v1
TAKE_00120,driver_66/route_1,driver_66,FORD_BRONCO_SPORT_MK1,1369.700,1369.7,3824.8,takeover,or_v1
TAKE_00121,driver_66/route_1,driver_66,FORD_BRONCO_SPORT_MK1,2891.960,2892.0,2302.5,takeover,or_v1
TAKE_00122,driver_66/route_1,driver_66,FORD_BRONCO_SPORT_MK1,3278.790,3278.8,1915.7,takeover,or_v1
TAKE_00123,driver_66/route_1,driver_66,FORD_BRONCO_SPORT_MK1,4440.720,4440.7,753.7,takeover,or_v1
TAKE_00124,driver_102/route_3,driver_102,FORD_ESCAPE_MK4_5,557.740,557.7,822.0,takeover,or_v1
TAKE_00125,driver_102/route_3,driver_102,FORD_ESCAPE_MK4_5,590.190,590.2,789.6,takeover,or_v1
TAKE_00126,driver_102/route_3,driver_102,FORD_ESCAPE_MK4_5,1124.950,1125.0,254.8,takeover,or_v1
TAKE_00127,driver_102/route_3,driver_102,FORD_ESCAPE_MK4_5,1242.440,1242.4,137.3,takeover,or_v1
TAKE_00128,driver_102/route_3,driver_102,FORD_ESCAPE_MK4_5,1371.270,1371.3,8.5,takeover,or_v1
TAKE_00129,driver_93/route_1,driver_93,FORD_F_150_MK14,269.990,270.0,64.5,takeover,or_v1
TAKE_00130,driver_27/route_1,driver_27,FORD_MAVERICK_MK1,129.140,129.1,312.1,takeover,or_v1
TAKE_00131,driver_27/route_1,driver_27,FORD_MAVERICK_MK1,438.280,438.3,2.9,takeover,or_v1
TAKE_00132,driver_108/route_1,driver_108,FORD_MUSTANG_MACH_E_MK1,925.900,925.9,1631.4,takeover,or_v1
TAKE_00133,driver_108/route_1,driver_108,FORD_MUSTANG_MACH_E_MK1,1983.140,1983.1,574.2,takeover,or_v1
TAKE_00134,driver_108/route_1,driver_108,FORD_MUSTANG_MACH_E_MK1,2228.230,2228.2,329.1,takeover,or_v1
TAKE_00135,driver_94/route_1,driver_94,GENESIS_G70_2024,103.270,103.3,736.7,takeover,or_v1
TAKE_00136,driver_94/route_1,driver_94,GENESIS_G70_2024,206.030,206.0,633.9,takeover,or_v1
TAKE_00137,driver_51/route_1,driver_51,HONDA_CIVIC,300.980,301.0,1799.8,takeover,or_v1
TAKE_00138,driver_51/route_1,driver_51,HONDA_CIVIC,399.170,399.2,1701.6,takeover,or_v1
TAKE_00139,driver_51/route_1,driver_51,HONDA_CIVIC,2052.850,2052.8,48.0,takeover,or_v1
TAKE_00140,driver_51/route_2,driver_51,HONDA_CIVIC,52.690,52.7,67.3,takeover,or_v1
TAKE_00141,driver_68/route_1,driver_68,HONDA_CIVIC,319.550,319.6,4062.2,takeover,or_v1
TAKE_00142,driver_68/route_1,driver_68,HONDA_CIVIC,596.310,596.3,3785.5,takeover,or_v1
TAKE_00143,driver_68/route_1,driver_68,HONDA_CIVIC,1176.850,1176.8,3205.0,takeover,or_v1
TAKE_00144,driver_68/route_1,driver_68,HONDA_CIVIC,1215.700,1215.7,3166.1,takeover,or_v1
TAKE_00145,driver_68/route_1,driver_68,HONDA_CIVIC,1845.640,1845.6,2536.2,takeover,or_v1
TAKE_00146,driver_68/route_1,driver_68,HONDA_CIVIC,2762.850,2762.8,1619.0,takeover,or_v1
TAKE_00147,driver_68/route_1,driver_68,HONDA_CIVIC,2936.700,2936.7,1445.1,takeover,or_v1
TAKE_00148,driver_68/route_1,driver_68,HONDA_CIVIC,3128.170,3128.2,1253.6,takeover,or_v1
TAKE_00149,driver_68/route_1,driver_68,HONDA_CIVIC,3231.650,3231.7,1150.2,takeover,or_v1
TAKE_00150,driver_68/route_1,driver_68,HONDA_CIVIC,3373.420,3373.4,1008.4,takeover,or_v1
TAKE_00151,driver_68/route_1,driver_68,HONDA_CIVIC,4304.940,4304.9,76.9,takeover,or_v1
TAKE_00152,driver_97/route_21,driver_97,HONDA_CIVIC,4544.780,4544.8,860.4,takeover,or_v1
TAKE_00153,driver_97/route_21,driver_97,HONDA_CIVIC,4576.780,4576.8,828.4,takeover,or_v1
TAKE_00154,driver_97/route_21,driver_97,HONDA_CIVIC,4650.080,4650.1,755.1,takeover,or_v1
TAKE_00155,driver_97/route_21,driver_97,HONDA_CIVIC,4693.710,4693.7,711.5,takeover,or_v1
TAKE_00156,driver_97/route_21,driver_97,HONDA_CIVIC,4783.000,4783.0,622.2,takeover,or_v1
TAKE_00157,driver_97/route_21,driver_97,HONDA_CIVIC,4902.920,4902.9,502.3,takeover,or_v1
TAKE_00158,driver_97/route_21,driver_97,HONDA_CIVIC,5056.020,5056.0,349.2,takeover,or_v1
TAKE_00159,driver_97/route_21,driver_97,HONDA_CIVIC,5150.400,5150.4,254.8,takeover,or_v1
TAKE_00160,driver_97/route_21,driver_97,HONDA_CIVIC,5247.750,5247.8,157.4,takeover,or_v1
TAKE_00161,driver_97/route_22,driver_97,HONDA_CIVIC,612.930,612.9,4114.2,takeover,or_v1
TAKE_00162,driver_97/route_22,driver_97,HONDA_CIVIC,3265.240,3265.2,1461.9,takeover,or_v1
TAKE_00163,driver_97/route_22,driver_97,HONDA_CIVIC,3903.250,3903.2,823.9,takeover,or_v1
TAKE_00164,driver_97/route_22,driver_97,HONDA_CIVIC,3922.430,3922.4,804.7,takeover,or_v1
TAKE_00165,driver_97/route_22,driver_97,HONDA_CIVIC,3944.690,3944.7,782.5,takeover,or_v1
TAKE_00166,driver_97/route_22,driver_97,HONDA_CIVIC,3979.400,3979.4,747.8,takeover,or_v1
TAKE_00167,driver_97/route_23,driver_97,HONDA_CIVIC,102.700,102.7,1470.2,takeover,or_v1
TAKE_00168,driver_97/route_23,driver_97,HONDA_CIVIC,264.950,264.9,1307.9,takeover,or_v1
TAKE_00169,driver_97/route_23,driver_97,HONDA_CIVIC,650.650,650.6,922.2,takeover,or_v1
TAKE_00170,driver_97/route_23,driver_97,HONDA_CIVIC,964.790,964.8,608.1,takeover,or_v1
TAKE_00171,driver_97/route_23,driver_97,HONDA_CIVIC,1037.610,1037.6,535.3,takeover,or_v1
TAKE_00172,driver_97/route_23,driver_97,HONDA_CIVIC,1092.640,1092.6,480.2,takeover,or_v1
TAKE_00173,driver_97/route_23,driver_97,HONDA_CIVIC,1173.200,1173.2,399.7,takeover,or_v1
TAKE_00174,driver_97/route_23,driver_97,HONDA_CIVIC,1227.960,1228.0,344.9,takeover,or_v1
TAKE_00175,driver_97/route_23,driver_97,HONDA_CIVIC,1417.640,1417.6,155.2,takeover,or_v1
TAKE_00176,driver_97/route_23,driver_97,HONDA_CIVIC,1474.520,1474.5,98.3,takeover,or_v1
TAKE_00177,driver_97/route_24,driver_97,HONDA_CIVIC,76.050,76.0,2091.5,takeover,or_v1
TAKE_00178,driver_97/route_24,driver_97,HONDA_CIVIC,99.000,99.0,2068.5,takeover,or_v1
TAKE_00179,driver_97/route_24,driver_97,HONDA_CIVIC,127.790,127.8,2039.8,takeover,or_v1
TAKE_00180,driver_97/route_24,driver_97,HONDA_CIVIC,182.770,182.8,1984.8,takeover,or_v1
TAKE_00181,driver_97/route_24,driver_97,HONDA_CIVIC,289.160,289.2,1878.4,takeover,or_v1
TAKE_00182,driver_97/route_24,driver_97,HONDA_CIVIC,386.940,386.9,1780.6,takeover,or_v1
TAKE_00183,driver_97/route_24,driver_97,HONDA_CIVIC,1182.030,1182.0,985.5,takeover,or_v1
TAKE_00184,driver_97/route_24,driver_97,HONDA_CIVIC,1483.390,1483.4,684.1,takeover,or_v1
TAKE_00185,driver_97/route_25,driver_97,HONDA_CIVIC,933.380,933.4,5768.4,takeover,or_v1
TAKE_00186,driver_97/route_25,driver_97,HONDA_CIVIC,1064.120,1064.1,5637.7,takeover,or_v1
TAKE_00187,driver_97/route_25,driver_97,HONDA_CIVIC,1624.290,1624.3,5077.5,takeover,or_v1
TAKE_00188,driver_97/route_25,driver_97,HONDA_CIVIC,1965.040,1965.0,4736.8,takeover,or_v1
TAKE_00189,driver_97/route_25,driver_97,HONDA_CIVIC,2505.530,2505.5,4196.3,takeover,or_v1
TAKE_00190,driver_97/route_25,driver_97,HONDA_CIVIC,2614.150,2614.2,4087.6,takeover,or_v1
TAKE_00191,driver_97/route_25,driver_97,HONDA_CIVIC,2885.540,2885.5,3816.2,takeover,or_v1
TAKE_00192,driver_97/route_25,driver_97,HONDA_CIVIC,3906.620,3906.6,2795.2,takeover,or_v1
TAKE_00193,driver_97/route_25,driver_97,HONDA_CIVIC,5134.270,5134.3,1567.5,takeover,or_v1
TAKE_00194,driver_97/route_25,driver_97,HONDA_CIVIC,6539.040,6539.0,162.8,takeover,or_v1
TAKE_00195,driver_97/route_27,driver_97,HONDA_CIVIC,523.230,523.2,506.0,takeover,or_v1
TAKE_00196,driver_97/route_27,driver_97,HONDA_CIVIC,886.390,886.4,142.8,takeover,or_v1
TAKE_00197,driver_97/route_28,driver_97,HONDA_CIVIC,134.880,134.9,1648.4,takeover,or_v1
TAKE_00198,driver_97/route_28,driver_97,HONDA_CIVIC,213.540,213.5,1569.8,takeover,or_v1
TAKE_00199,driver_97/route_28,driver_97,HONDA_CIVIC,298.680,298.7,1484.6,takeover,or_v1
TAKE_00200,driver_97/route_28,driver_97,HONDA_CIVIC,500.730,500.7,1282.6,takeover,or_v1
TAKE_00201,driver_97/route_28,driver_97,HONDA_CIVIC,961.320,961.3,822.0,takeover,or_v1
TAKE_00202,driver_97/route_28,driver_97,HONDA_CIVIC,1350.430,1350.4,432.9,takeover,or_v1
TAKE_00203,driver_97/route_29,driver_97,HONDA_CIVIC,133.420,133.4,166.6,takeover,or_v1
TAKE_00204,driver_97/route_30,driver_97,HONDA_CIVIC,392.500,392.5,1438.0,takeover,or_v1
TAKE_00205,driver_97/route_30,driver_97,HONDA_CIVIC,406.530,406.5,1424.0,takeover,or_v1
TAKE_00206,driver_97/route_30,driver_97,HONDA_CIVIC,459.580,459.6,1371.0,takeover,or_v1
TAKE_00207,driver_97/route_30,driver_97,HONDA_CIVIC,475.720,475.7,1354.8,takeover,or_v1
TAKE_00208,driver_97/route_30,driver_97,HONDA_CIVIC,700.380,700.4,1130.2,takeover,or_v1
TAKE_00209,driver_97/route_30,driver_97,HONDA_CIVIC,773.810,773.8,1056.7,takeover,or_v1
TAKE_00210,driver_97/route_30,driver_97,HONDA_CIVIC,1475.180,1475.2,355.4,takeover,or_v1
TAKE_00211,driver_97/route_31,driver_97,HONDA_CIVIC,882.690,882.7,8124.1,takeover,or_v1
TAKE_00212,driver_97/route_31,driver_97,HONDA_CIVIC,1392.230,1392.2,7614.6,takeover,or_v1
TAKE_00213,driver_97/route_31,driver_97,HONDA_CIVIC,1676.730,1676.7,7330.1,takeover,or_v1
TAKE_00214,driver_97/route_31,driver_97,HONDA_CIVIC,2056.420,2056.4,6950.4,takeover,or_v1
TAKE_00215,driver_97/route_31,driver_97,HONDA_CIVIC,2252.450,2252.4,6754.4,takeover,or_v1
TAKE_00216,driver_97/route_31,driver_97,HONDA_CIVIC,2656.110,2656.1,6350.7,takeover,or_v1
TAKE_00217,driver_97/route_31,driver_97,HONDA_CIVIC,3162.830,3162.8,5844.0,takeover,or_v1
TAKE_00218,driver_97/route_31,driver_97,HONDA_CIVIC,4114.500,4114.5,4892.3,takeover,or_v1
TAKE_00219,driver_97/route_31,driver_97,HONDA_CIVIC,4213.310,4213.3,4793.5,takeover,or_v1
TAKE_00220,driver_97/route_31,driver_97,HONDA_CIVIC,4347.930,4347.9,4658.9,takeover,or_v1
TAKE_00221,driver_97/route_31,driver_97,HONDA_CIVIC,4357.330,4357.3,4649.5,takeover,or_v1
TAKE_00222,driver_97/route_31,driver_97,HONDA_CIVIC,4442.010,4442.0,4564.8,takeover,or_v1
TAKE_00223,driver_97/route_31,driver_97,HONDA_CIVIC,5932.040,5932.0,3074.8,takeover,or_v1
TAKE_00224,driver_97/route_31,driver_97,HONDA_CIVIC,6359.640,6359.6,2647.2,takeover,or_v1
TAKE_00225,driver_97/route_31,driver_97,HONDA_CIVIC,7049.220,7049.2,1957.6,takeover,or_v1
TAKE_00226,driver_97/route_31,driver_97,HONDA_CIVIC,7345.260,7345.3,1661.6,takeover,or_v1
TAKE_00227,driver_97/route_31,driver_97,HONDA_CIVIC,7521.490,7521.5,1485.3,takeover,or_v1
TAKE_00228,driver_97/route_31,driver_97,HONDA_CIVIC,8763.870,8763.9,243.0,takeover,or_v1
TAKE_00229,driver_26/route_3,driver_26,HONDA_CIVIC_2022,517.850,517.9,382.1,takeover,or_v1
TAKE_00230,driver_26/route_3,driver_26,HONDA_CIVIC_2022,603.570,603.6,296.4,takeover,or_v1
TAKE_00231,driver_26/route_3,driver_26,HONDA_CIVIC_2022,623.180,623.2,276.8,takeover,or_v1
TAKE_00232,driver_26/route_3,driver_26,HONDA_CIVIC_2022,634.170,634.2,265.8,takeover,or_v1
TAKE_00233,driver_26/route_3,driver_26,HONDA_CIVIC_2022,649.200,649.2,250.8,takeover,or_v1
TAKE_00234,driver_26/route_3,driver_26,HONDA_CIVIC_2022,748.840,748.8,151.1,takeover,or_v1
TAKE_00235,driver_26/route_3,driver_26,HONDA_CIVIC_2022,789.290,789.3,110.7,takeover,or_v1
TAKE_00236,driver_26/route_3,driver_26,HONDA_CIVIC_2022,884.020,884.0,16.0,takeover,or_v1
TAKE_00237,driver_26/route_4,driver_26,HONDA_CIVIC_2022,2.480,2.5,117.5,takeover,or_v1
TAKE_00238,driver_26/route_4,driver_26,HONDA_CIVIC_2022,88.440,88.4,31.5,takeover,or_v1
TAKE_00239,driver_91/route_2,driver_91,HONDA_CIVIC_BOSCH,15.180,15.2,816.8,takeover,or_v1
TAKE_00240,driver_91/route_2,driver_91,HONDA_CIVIC_BOSCH,26.280,26.3,805.7,takeover,or_v1
TAKE_00241,driver_91/route_2,driver_91,HONDA_CIVIC_BOSCH,81.220,81.2,750.8,takeover,or_v1
TAKE_00242,driver_91/route_2,driver_91,HONDA_CIVIC_BOSCH,371.240,371.2,460.8,takeover,or_v1
TAKE_00243,driver_91/route_2,driver_91,HONDA_CIVIC_BOSCH,750.030,750.0,82.0,takeover,or_v1
TAKE_00244,driver_91/route_2,driver_91,HONDA_CIVIC_BOSCH,803.110,803.1,28.9,takeover,or_v1
TAKE_00245,driver_91/route_2,driver_91,HONDA_CIVIC_BOSCH,816.520,816.5,15.5,takeover,or_v1
TAKE_00246,driver_91/route_2,driver_91,HONDA_CIVIC_BOSCH,828.340,828.3,3.7,takeover,or_v1
TAKE_00247,driver_122/route_1,driver_122,HONDA_CIVIC_BOSCH,883.140,883.1,3667.2,takeover,or_v1
TAKE_00248,driver_122/route_1,driver_122,HONDA_CIVIC_BOSCH,1677.160,1677.2,2873.2,takeover,or_v1
TAKE_00249,driver_122/route_1,driver_122,HONDA_CIVIC_BOSCH,2136.690,2136.7,2413.7,takeover,or_v1
TAKE_00250,driver_122/route_1,driver_122,HONDA_CIVIC_BOSCH,3073.490,3073.5,1476.9,takeover,or_v1
TAKE_00251,driver_122/route_1,driver_122,HONDA_CIVIC_BOSCH,3588.720,3588.7,961.6,takeover,or_v1
TAKE_00252,driver_122/route_1,driver_122,HONDA_CIVIC_BOSCH,4094.170,4094.2,456.2,takeover,or_v1
TAKE_00253,driver_59/route_1,driver_59,HONDA_ODYSSEY_2018,3596.730,3596.7,304.2,takeover,or_v1
TAKE_00254,driver_24/route_1,driver_24,HYUNDAI_ELANTRA_2022_NON_SCC,248.920,248.9,1681.3,takeover,or_v1
TAKE_00255,driver_24/route_1,driver_24,HYUNDAI_ELANTRA_2022_NON_SCC,346.520,346.5,1583.7,takeover,or_v1
TAKE_00256,driver_24/route_1,driver_24,HYUNDAI_ELANTRA_2022_NON_SCC,462.130,462.1,1468.1,takeover,or_v1
TAKE_00257,driver_24/route_1,driver_24,HYUNDAI_ELANTRA_2022_NON_SCC,569.870,569.9,1360.3,takeover,or_v1
TAKE_00258,driver_24/route_1,driver_24,HYUNDAI_ELANTRA_2022_NON_SCC,617.970,618.0,1312.2,takeover,or_v1
TAKE_00259,driver_24/route_1,driver_24,HYUNDAI_ELANTRA_2022_NON_SCC,1252.740,1252.7,677.4,takeover,or_v1
TAKE_00260,driver_24/route_1,driver_24,HYUNDAI_ELANTRA_2022_NON_SCC,1313.210,1313.2,617.0,takeover,or_v1
TAKE_00261,driver_24/route_1,driver_24,HYUNDAI_ELANTRA_2022_NON_SCC,1372.590,1372.6,557.6,takeover,or_v1
TAKE_00262,driver_24/route_1,driver_24,HYUNDAI_ELANTRA_2022_NON_SCC,1469.430,1469.4,460.8,takeover,or_v1
TAKE_00263,driver_24/route_1,driver_24,HYUNDAI_ELANTRA_2022_NON_SCC,1489.400,1489.4,440.8,takeover,or_v1
TAKE_00264,driver_24/route_2,driver_24,HYUNDAI_ELANTRA_2022_NON_SCC,531.500,531.5,1575.4,takeover,or_v1
TAKE_00265,driver_24/route_2,driver_24,HYUNDAI_ELANTRA_2022_NON_SCC,643.900,643.9,1463.0,takeover,or_v1
TAKE_00266,driver_24/route_2,driver_24,HYUNDAI_ELANTRA_2022_NON_SCC,760.730,760.7,1346.2,takeover,or_v1
TAKE_00267,driver_24/route_2,driver_24,HYUNDAI_ELANTRA_2022_NON_SCC,932.940,932.9,1173.9,takeover,or_v1
TAKE_00268,driver_24/route_2,driver_24,HYUNDAI_ELANTRA_2022_NON_SCC,1090.140,1090.1,1016.7,takeover,or_v1
TAKE_00269,driver_24/route_2,driver_24,HYUNDAI_ELANTRA_2022_NON_SCC,1368.830,1368.8,738.1,takeover,or_v1
TAKE_00270,driver_24/route_2,driver_24,HYUNDAI_ELANTRA_2022_NON_SCC,1508.900,1508.9,598.0,takeover,or_v1
TAKE_00271,driver_24/route_2,driver_24,HYUNDAI_ELANTRA_2022_NON_SCC,1589.470,1589.5,517.4,takeover,or_v1
TAKE_00272,driver_24/route_2,driver_24,HYUNDAI_ELANTRA_2022_NON_SCC,1632.820,1632.8,474.1,takeover,or_v1
TAKE_00273,driver_24/route_2,driver_24,HYUNDAI_ELANTRA_2022_NON_SCC,1735.480,1735.5,371.4,takeover,or_v1
TAKE_00274,driver_24/route_2,driver_24,HYUNDAI_ELANTRA_2022_NON_SCC,1820.480,1820.5,286.4,takeover,or_v1
TAKE_00275,driver_24/route_2,driver_24,HYUNDAI_ELANTRA_2022_NON_SCC,1979.020,1979.0,127.9,takeover,or_v1
TAKE_00276,driver_24/route_2,driver_24,HYUNDAI_ELANTRA_2022_NON_SCC,2012.330,2012.3,94.6,takeover,or_v1
TAKE_00277,driver_24/route_2,driver_24,HYUNDAI_ELANTRA_2022_NON_SCC,2101.540,2101.5,5.3,takeover,or_v1
TAKE_00278,driver_70/route_1,driver_70,HYUNDAI_ELANTRA_HEV_2021,259.570,259.6,176.6,takeover,or_v1
TAKE_00279,driver_70/route_1,driver_70,HYUNDAI_ELANTRA_HEV_2021,379.790,379.8,56.3,takeover,or_v1
TAKE_00280,driver_70/route_2,driver_70,HYUNDAI_ELANTRA_HEV_2021,67.500,67.5,3965.0,takeover,or_v1
TAKE_00281,driver_70/route_2,driver_70,HYUNDAI_ELANTRA_HEV_2021,94.030,94.0,3938.4,takeover,or_v1
TAKE_00282,driver_70/route_2,driver_70,HYUNDAI_ELANTRA_HEV_2021,202.480,202.5,3830.0,takeover,or_v1
TAKE_00283,driver_70/route_2,driver_70,HYUNDAI_ELANTRA_HEV_2021,285.640,285.6,3746.8,takeover,or_v1
TAKE_00284,driver_70/route_2,driver_70,HYUNDAI_ELANTRA_HEV_2021,1630.020,1630.0,2402.4,takeover,or_v1
TAKE_00285,driver_70/route_2,driver_70,HYUNDAI_ELANTRA_HEV_2021,1780.360,1780.4,2252.1,takeover,or_v1
TAKE_00286,driver_70/route_2,driver_70,HYUNDAI_ELANTRA_HEV_2021,2209.230,2209.2,1823.2,takeover,or_v1
TAKE_00287,driver_70/route_2,driver_70,HYUNDAI_ELANTRA_HEV_2021,2213.370,2213.4,1819.1,takeover,or_v1
TAKE_00288,driver_70/route_2,driver_70,HYUNDAI_ELANTRA_HEV_2021,3217.210,3217.2,815.2,takeover,or_v1
TAKE_00289,driver_70/route_2,driver_70,HYUNDAI_ELANTRA_HEV_2021,3361.620,3361.6,670.8,takeover,or_v1
TAKE_00290,driver_70/route_2,driver_70,HYUNDAI_ELANTRA_HEV_2021,3368.900,3368.9,663.6,takeover,or_v1
TAKE_00291,driver_70/route_2,driver_70,HYUNDAI_ELANTRA_HEV_2021,4025.810,4025.8,6.7,takeover,or_v1
TAKE_00292,driver_70/route_3,driver_70,HYUNDAI_ELANTRA_HEV_2021,201.300,201.3,1298.9,takeover,or_v1
TAKE_00293,driver_70/route_3,driver_70,HYUNDAI_ELANTRA_HEV_2021,959.420,959.4,540.8,takeover,or_v1
TAKE_00294,driver_70/route_3,driver_70,HYUNDAI_ELANTRA_HEV_2021,966.180,966.2,534.0,takeover,or_v1
TAKE_00295,driver_70/route_4,driver_70,HYUNDAI_ELANTRA_HEV_2021,35.720,35.7,210.7,takeover,or_v1
TAKE_00296,driver_70/route_4,driver_70,HYUNDAI_ELANTRA_HEV_2021,63.590,63.6,182.8,takeover,or_v1
TAKE_00297,driver_70/route_4,driver_70,HYUNDAI_ELANTRA_HEV_2021,139.370,139.4,107.0,takeover,or_v1
TAKE_00298,driver_70/route_4,driver_70,HYUNDAI_ELANTRA_HEV_2021,225.040,225.0,21.3,takeover,or_v1
TAKE_00299,driver_123/route_1,driver_123,HYUNDAI_IONIQ_5,1001.360,1001.4,921.3,takeover,or_v1
TAKE_00300,driver_123/route_1,driver_123,HYUNDAI_IONIQ_5,1044.010,1044.0,878.7,takeover,or_v1
TAKE_00301,driver_123/route_1,driver_123,HYUNDAI_IONIQ_5,1112.940,1112.9,809.7,takeover,or_v1
TAKE_00302,driver_123/route_1,driver_123,HYUNDAI_IONIQ_5,1179.110,1179.1,743.6,takeover,or_v1
TAKE_00303,driver_123/route_1,driver_123,HYUNDAI_IONIQ_5,1251.650,1251.7,671.0,takeover,or_v1
TAKE_00304,driver_123/route_1,driver_123,HYUNDAI_IONIQ_5,1376.450,1376.5,546.2,takeover,or_v1
TAKE_00305,driver_123/route_1,driver_123,HYUNDAI_IONIQ_5,1773.170,1773.2,149.5,takeover,or_v1
TAKE_00306,driver_65/route_1,driver_65,HYUNDAI_IONIQ_5_2022,174.230,174.2,1478.6,takeover,or_v1
TAKE_00307,driver_65/route_1,driver_65,HYUNDAI_IONIQ_5_2022,380.350,380.4,1272.5,takeover,or_v1
TAKE_00308,driver_65/route_1,driver_65,HYUNDAI_IONIQ_5_2022,648.150,648.1,1004.7,takeover,or_v1
TAKE_00309,driver_65/route_1,driver_65,HYUNDAI_IONIQ_5_2022,927.250,927.2,725.6,takeover,or_v1
TAKE_00310,driver_65/route_1,driver_65,HYUNDAI_IONIQ_5_2022,967.490,967.5,685.4,takeover,or_v1
TAKE_00311,driver_65/route_1,driver_65,HYUNDAI_IONIQ_5_2022,1085.050,1085.0,567.8,takeover,or_v1
TAKE_00312,driver_65/route_1,driver_65,HYUNDAI_IONIQ_5_2022,1565.030,1565.0,87.8,takeover,or_v1
TAKE_00313,driver_65/route_2,driver_65,HYUNDAI_IONIQ_5_2022,137.400,137.4,1698.3,takeover,or_v1
TAKE_00314,driver_65/route_2,driver_65,HYUNDAI_IONIQ_5_2022,206.310,206.3,1629.4,takeover,or_v1
TAKE_00315,driver_65/route_2,driver_65,HYUNDAI_IONIQ_5_2022,443.690,443.7,1392.0,takeover,or_v1
TAKE_00316,driver_65/route_2,driver_65,HYUNDAI_IONIQ_5_2022,1323.430,1323.4,512.3,takeover,or_v1
TAKE_00317,driver_65/route_2,driver_65,HYUNDAI_IONIQ_5_2022,1757.050,1757.0,78.7,takeover,or_v1
TAKE_00318,driver_65/route_3,driver_65,HYUNDAI_IONIQ_5_2022,2.910,2.9,778.1,takeover,or_v1
TAKE_00319,driver_65/route_3,driver_65,HYUNDAI_IONIQ_5_2022,9.220,9.2,771.8,takeover,or_v1
TAKE_00320,driver_65/route_3,driver_65,HYUNDAI_IONIQ_5_2022,60.250,60.2,720.8,takeover,or_v1
TAKE_00321,driver_65/route_3,driver_65,HYUNDAI_IONIQ_5_2022,162.960,163.0,618.0,takeover,or_v1
TAKE_00322,driver_65/route_3,driver_65,HYUNDAI_IONIQ_5_2022,208.040,208.0,573.0,takeover,or_v1
TAKE_00323,driver_65/route_3,driver_65,HYUNDAI_IONIQ_5_2022,380.500,380.5,400.5,takeover,or_v1
TAKE_00324,driver_65/route_3,driver_65,HYUNDAI_IONIQ_5_2022,472.570,472.6,308.4,takeover,or_v1
TAKE_00325,driver_65/route_3,driver_65,HYUNDAI_IONIQ_5_2022,503.610,503.6,277.4,takeover,or_v1
TAKE_00326,driver_65/route_3,driver_65,HYUNDAI_IONIQ_5_2022,527.510,527.5,253.5,takeover,or_v1
TAKE_00327,driver_65/route_3,driver_65,HYUNDAI_IONIQ_5_2022,582.260,582.3,198.7,takeover,or_v1
TAKE_00328,driver_65/route_3,driver_65,HYUNDAI_IONIQ_5_2022,658.370,658.4,122.6,takeover,or_v1
TAKE_00329,driver_39/route_1,driver_39,HYUNDAI_IONIQ_6,357.540,357.5,6496.1,takeover,or_v1
TAKE_00330,driver_39/route_1,driver_39,HYUNDAI_IONIQ_6,4807.680,4807.7,2046.0,takeover,or_v1
TAKE_00331,driver_39/route_1,driver_39,HYUNDAI_IONIQ_6,4913.220,4913.2,1940.4,takeover,or_v1
TAKE_00332,driver_39/route_1,driver_39,HYUNDAI_IONIQ_6,6461.920,6461.9,391.7,takeover,or_v1
TAKE_00333,driver_39/route_1,driver_39,HYUNDAI_IONIQ_6,6790.690,6790.7,63.0,takeover,or_v1
TAKE_00334,driver_39/route_2,driver_39,HYUNDAI_IONIQ_6,176.290,176.3,687.1,takeover,or_v1
TAKE_00335,driver_39/route_2,driver_39,HYUNDAI_IONIQ_6,199.650,199.7,663.7,takeover,or_v1
TAKE_00336,driver_39/route_2,driver_39,HYUNDAI_IONIQ_6,728.520,728.5,134.9,takeover,or_v1
TAKE_00337,driver_45/route_1,driver_45,HYUNDAI_IONIQ_HEV_2022,114.860,114.9,239.4,takeover,or_v1
TAKE_00338,driver_45/route_1,driver_45,HYUNDAI_IONIQ_HEV_2022,137.880,137.9,216.3,takeover,or_v1
TAKE_00339,driver_45/route_1,driver_45,HYUNDAI_IONIQ_HEV_2022,239.550,239.6,114.7,takeover,or_v1
TAKE_00340,driver_45/route_1,driver_45,HYUNDAI_IONIQ_HEV_2022,272.310,272.3,81.9,takeover,or_v1
TAKE_00341,driver_45/route_1,driver_45,HYUNDAI_IONIQ_HEV_2022,300.210,300.2,54.0,takeover,or_v1
TAKE_00342,driver_45/route_1,driver_45,HYUNDAI_IONIQ_HEV_2022,310.800,310.8,43.4,takeover,or_v1
TAKE_00343,driver_61/route_1,driver_61,HYUNDAI_KONA,127.070,127.1,258.0,takeover,or_v1
TAKE_00344,driver_61/route_1,driver_61,HYUNDAI_KONA,289.460,289.5,95.6,takeover,or_v1
TAKE_00345,driver_61/route_1,driver_61,HYUNDAI_KONA,350.290,350.3,34.8,takeover,or_v1
TAKE_00346,driver_12/route_1,driver_12,HYUNDAI_PALISADE_2023,158.740,158.7,1107.0,takeover,or_v1
TAKE_00347,driver_12/route_1,driver_12,HYUNDAI_PALISADE_2023,277.330,277.3,988.4,takeover,or_v1
TAKE_00348,driver_12/route_2,driver_12,HYUNDAI_PALISADE_2023,15.190,15.2,1809.7,takeover,or_v1
TAKE_00349,driver_12/route_2,driver_12,HYUNDAI_PALISADE_2023,30.470,30.5,1794.4,takeover,or_v1
TAKE_00350,driver_12/route_2,driver_12,HYUNDAI_PALISADE_2023,57.070,57.1,1767.8,takeover,or_v1
TAKE_00351,driver_12/route_2,driver_12,HYUNDAI_PALISADE_2023,91.400,91.4,1733.5,takeover,or_v1
TAKE_00352,driver_12/route_2,driver_12,HYUNDAI_PALISADE_2023,99.220,99.2,1725.7,takeover,or_v1
TAKE_00353,driver_12/route_2,driver_12,HYUNDAI_PALISADE_2023,102.720,102.7,1722.2,takeover,or_v1
TAKE_00354,driver_12/route_2,driver_12,HYUNDAI_PALISADE_2023,110.440,110.4,1714.5,takeover,or_v1
TAKE_00355,driver_12/route_2,driver_12,HYUNDAI_PALISADE_2023,154.210,154.2,1670.7,takeover,or_v1
TAKE_00356,driver_12/route_2,driver_12,HYUNDAI_PALISADE_2023,256.910,256.9,1568.0,takeover,or_v1
TAKE_00357,driver_12/route_2,driver_12,HYUNDAI_PALISADE_2023,285.990,286.0,1538.9,takeover,or_v1
TAKE_00358,driver_12/route_2,driver_12,HYUNDAI_PALISADE_2023,717.360,717.4,1107.5,takeover,or_v1
TAKE_00359,driver_12/route_2,driver_12,HYUNDAI_PALISADE_2023,1120.940,1120.9,704.0,takeover,or_v1
TAKE_00360,driver_12/route_3,driver_12,HYUNDAI_PALISADE_2023,24.710,24.7,157.2,takeover,or_v1
TAKE_00361,driver_12/route_3,driver_12,HYUNDAI_PALISADE_2023,95.320,95.3,86.5,takeover,or_v1
TAKE_00362,driver_12/route_4,driver_12,HYUNDAI_PALISADE_2023,638.650,638.6,746.4,takeover,or_v1
TAKE_00363,driver_12/route_4,driver_12,HYUNDAI_PALISADE_2023,1142.050,1142.0,243.0,takeover,or_v1
TAKE_00364,driver_21/route_3,driver_21,HYUNDAI_PALISADE_2023,285.610,285.6,886.5,takeover,or_v1
TAKE_00365,driver_21/route_3,driver_21,HYUNDAI_PALISADE_2023,903.580,903.6,268.6,takeover,or_v1
TAKE_00366,driver_95/route_6,driver_95,HYUNDAI_PALISADE_2023,244.360,244.4,60.9,takeover,or_v1
TAKE_00367,driver_95/route_6,driver_95,HYUNDAI_PALISADE_2023,251.810,251.8,53.4,takeover,or_v1
TAKE_00368,driver_95/route_6,driver_95,HYUNDAI_PALISADE_2023,265.240,265.2,40.0,takeover,or_v1
TAKE_00369,driver_86/route_1,driver_86,HYUNDAI_SONATA,246.440,246.4,174.7,takeover,or_v1
TAKE_00370,driver_86/route_1,driver_86,HYUNDAI_SONATA,364.090,364.1,57.1,takeover,or_v1
TAKE_00371,driver_86/route_2,driver_86,HYUNDAI_SONATA,270.420,270.4,270.9,takeover,or_v1
TAKE_00372,driver_86/route_2,driver_86,HYUNDAI_SONATA,293.980,294.0,247.3,takeover,or_v1
TAKE_00373,driver_86/route_2,driver_86,HYUNDAI_SONATA,404.480,404.5,136.8,takeover,or_v1
TAKE_00374,driver_86/route_2,driver_86,HYUNDAI_SONATA,455.050,455.1,86.2,takeover,or_v1
TAKE_00375,driver_86/route_2,driver_86,HYUNDAI_SONATA,489.780,489.8,51.5,takeover,or_v1
TAKE_00376,driver_86/route_4,driver_86,HYUNDAI_SONATA,272.280,272.3,5204.6,takeover,or_v1
TAKE_00377,driver_86/route_4,driver_86,HYUNDAI_SONATA,530.270,530.3,4946.6,takeover,or_v1
TAKE_00378,driver_86/route_4,driver_86,HYUNDAI_SONATA,685.660,685.7,4791.2,takeover,or_v1
TAKE_00379,driver_86/route_4,driver_86,HYUNDAI_SONATA,1593.690,1593.7,3883.2,takeover,or_v1
TAKE_00380,driver_86/route_4,driver_86,HYUNDAI_SONATA,1668.230,1668.2,3808.6,takeover,or_v1
TAKE_00381,driver_86/route_4,driver_86,HYUNDAI_SONATA,2056.220,2056.2,3420.6,takeover,or_v1
TAKE_00382,driver_86/route_4,driver_86,HYUNDAI_SONATA,2312.720,2312.7,3164.1,takeover,or_v1
TAKE_00383,driver_86/route_4,driver_86,HYUNDAI_SONATA,2370.280,2370.3,3106.6,takeover,or_v1
TAKE_00384,driver_86/route_4,driver_86,HYUNDAI_SONATA,3640.070,3640.1,1836.8,takeover,or_v1
TAKE_00385,driver_86/route_4,driver_86,HYUNDAI_SONATA,3735.980,3736.0,1740.9,takeover,or_v1
TAKE_00386,driver_86/route_4,driver_86,HYUNDAI_SONATA,3763.580,3763.6,1713.3,takeover,or_v1
TAKE_00387,driver_86/route_4,driver_86,HYUNDAI_SONATA,4079.100,4079.1,1397.8,takeover,or_v1
TAKE_00388,driver_86/route_4,driver_86,HYUNDAI_SONATA,4157.440,4157.4,1319.4,takeover,or_v1
TAKE_00389,driver_86/route_4,driver_86,HYUNDAI_SONATA,4314.490,4314.5,1162.4,takeover,or_v1
TAKE_00390,driver_86/route_4,driver_86,HYUNDAI_SONATA,4528.710,4528.7,948.1,takeover,or_v1
TAKE_00391,driver_86/route_4,driver_86,HYUNDAI_SONATA,4638.320,4638.3,838.5,takeover,or_v1
TAKE_00392,driver_86/route_4,driver_86,HYUNDAI_SONATA,4712.760,4712.8,764.1,takeover,or_v1
TAKE_00393,driver_86/route_4,driver_86,HYUNDAI_SONATA,4831.150,4831.1,645.7,takeover,or_v1
TAKE_00394,driver_86/route_4,driver_86,HYUNDAI_SONATA,4897.140,4897.1,579.7,takeover,or_v1
TAKE_00395,driver_86/route_4,driver_86,HYUNDAI_SONATA,5017.360,5017.4,459.5,takeover,or_v1
TAKE_00396,driver_86/route_4,driver_86,HYUNDAI_SONATA,5235.880,5235.9,241.0,takeover,or_v1
TAKE_00397,driver_86/route_4,driver_86,HYUNDAI_SONATA,5310.780,5310.8,166.1,takeover,or_v1
TAKE_00398,driver_86/route_5,driver_86,HYUNDAI_SONATA,150.150,150.2,870.9,takeover,or_v1
TAKE_00399,driver_86/route_5,driver_86,HYUNDAI_SONATA,261.600,261.6,759.4,takeover,or_v1
TAKE_00400,driver_86/route_6,driver_86,HYUNDAI_SONATA,46.220,46.2,280.5,takeover,or_v1
TAKE_00401,driver_86/route_6,driver_86,HYUNDAI_SONATA,128.630,128.6,198.1,takeover,or_v1
TAKE_00402,driver_86/route_6,driver_86,HYUNDAI_SONATA,137.680,137.7,189.1,takeover,or_v1
TAKE_00403,driver_86/route_6,driver_86,HYUNDAI_SONATA,147.650,147.7,179.1,takeover,or_v1
TAKE_00404,driver_86/route_6,driver_86,HYUNDAI_SONATA,152.650,152.7,174.1,takeover,or_v1
TAKE_00405,driver_86/route_6,driver_86,HYUNDAI_SONATA,164.210,164.2,162.5,takeover,or_v1
TAKE_00406,driver_41/route_1,driver_41,HYUNDAI_SONATA_2024,55.140,55.1,424.9,takeover,or_v1
TAKE_00407,driver_41/route_1,driver_41,HYUNDAI_SONATA_2024,63.290,63.3,416.7,takeover,or_v1
TAKE_00408,driver_41/route_1,driver_41,HYUNDAI_SONATA_2024,268.340,268.3,211.7,takeover,or_v1
TAKE_00409,driver_41/route_1,driver_41,HYUNDAI_SONATA_2024,430.930,430.9,49.1,takeover,or_v1
TAKE_00410,driver_41/route_1,driver_41,HYUNDAI_SONATA_2024,472.420,472.4,7.6,takeover,or_v1
TAKE_00411,driver_55/route_1,driver_55,HYUNDAI_SONATA_HEV_2024,12.070,12.1,47.9,takeover,or_v1
TAKE_00412,driver_55/route_2,driver_55,HYUNDAI_SONATA_HEV_2024,627.480,627.5,1353.2,takeover,or_v1
TAKE_00413,driver_55/route_2,driver_55,HYUNDAI_SONATA_HEV_2024,1019.220,1019.2,961.5,takeover,or_v1
TAKE_00414,driver_55/route_2,driver_55,HYUNDAI_SONATA_HEV_2024,1195.010,1195.0,785.7,takeover,or_v1
TAKE_00415,driver_55/route_2,driver_55,HYUNDAI_SONATA_HEV_2024,1273.610,1273.6,707.1,takeover,or_v1
TAKE_00416,driver_55/route_2,driver_55,HYUNDAI_SONATA_HEV_2024,1286.860,1286.9,693.8,takeover,or_v1
TAKE_00417,driver_55/route_2,driver_55,HYUNDAI_SONATA_HEV_2024,1462.770,1462.8,517.9,takeover,or_v1
TAKE_00418,driver_55/route_2,driver_55,HYUNDAI_SONATA_HEV_2024,1559.780,1559.8,420.9,takeover,or_v1
TAKE_00419,driver_55/route_3,driver_55,HYUNDAI_SONATA_HEV_2024,37.220,37.2,1522.7,takeover,or_v1
TAKE_00420,driver_55/route_3,driver_55,HYUNDAI_SONATA_HEV_2024,204.490,204.5,1355.5,takeover,or_v1
TAKE_00421,driver_55/route_3,driver_55,HYUNDAI_SONATA_HEV_2024,263.810,263.8,1296.2,takeover,or_v1
TAKE_00422,driver_55/route_3,driver_55,HYUNDAI_SONATA_HEV_2024,1067.510,1067.5,492.5,takeover,or_v1
TAKE_00423,driver_55/route_3,driver_55,HYUNDAI_SONATA_HEV_2024,1135.550,1135.5,424.4,takeover,or_v1
TAKE_00424,driver_55/route_3,driver_55,HYUNDAI_SONATA_HEV_2024,1275.070,1275.1,284.9,takeover,or_v1
TAKE_00425,driver_55/route_3,driver_55,HYUNDAI_SONATA_HEV_2024,1398.170,1398.2,161.8,takeover,or_v1
TAKE_00426,driver_55/route_3,driver_55,HYUNDAI_SONATA_HEV_2024,1414.170,1414.2,145.8,takeover,or_v1
TAKE_00427,driver_55/route_3,driver_55,HYUNDAI_SONATA_HEV_2024,1459.640,1459.6,100.3,takeover,or_v1
TAKE_00428,driver_55/route_4,driver_55,HYUNDAI_SONATA_HEV_2024,5.220,5.2,4025.9,takeover,or_v1
TAKE_00429,driver_55/route_4,driver_55,HYUNDAI_SONATA_HEV_2024,53.600,53.6,3977.5,takeover,or_v1
TAKE_00430,driver_55/route_4,driver_55,HYUNDAI_SONATA_HEV_2024,101.010,101.0,3930.1,takeover,or_v1
TAKE_00431,driver_55/route_4,driver_55,HYUNDAI_SONATA_HEV_2024,161.870,161.9,3869.3,takeover,or_v1
TAKE_00432,driver_55/route_4,driver_55,HYUNDAI_SONATA_HEV_2024,285.250,285.2,3745.9,takeover,or_v1
TAKE_00433,driver_55/route_4,driver_55,HYUNDAI_SONATA_HEV_2024,332.910,332.9,3698.2,takeover,or_v1
TAKE_00434,driver_55/route_4,driver_55,HYUNDAI_SONATA_HEV_2024,400.700,400.7,3630.4,takeover,or_v1
TAKE_00435,driver_55/route_4,driver_55,HYUNDAI_SONATA_HEV_2024,428.300,428.3,3602.8,takeover,or_v1
TAKE_00436,driver_55/route_4,driver_55,HYUNDAI_SONATA_HEV_2024,512.840,512.8,3518.3,takeover,or_v1
TAKE_00437,driver_55/route_4,driver_55,HYUNDAI_SONATA_HEV_2024,548.740,548.7,3482.4,takeover,or_v1
TAKE_00438,driver_55/route_4,driver_55,HYUNDAI_SONATA_HEV_2024,805.890,805.9,3225.2,takeover,or_v1
TAKE_00439,driver_55/route_4,driver_55,HYUNDAI_SONATA_HEV_2024,901.000,901.0,3130.1,takeover,or_v1
TAKE_00440,driver_55/route_4,driver_55,HYUNDAI_SONATA_HEV_2024,950.060,950.1,3081.1,takeover,or_v1
TAKE_00441,driver_55/route_4,driver_55,HYUNDAI_SONATA_HEV_2024,1148.280,1148.3,2882.9,takeover,or_v1
TAKE_00442,driver_55/route_4,driver_55,HYUNDAI_SONATA_HEV_2024,1325.030,1325.0,2706.1,takeover,or_v1
TAKE_00443,driver_55/route_4,driver_55,HYUNDAI_SONATA_HEV_2024,1460.540,1460.5,2570.6,takeover,or_v1
TAKE_00444,driver_55/route_4,driver_55,HYUNDAI_SONATA_HEV_2024,1469.980,1470.0,2561.2,takeover,or_v1
TAKE_00445,driver_55/route_4,driver_55,HYUNDAI_SONATA_HEV_2024,1504.120,1504.1,2527.0,takeover,or_v1
TAKE_00446,driver_55/route_4,driver_55,HYUNDAI_SONATA_HEV_2024,1684.830,1684.8,2346.3,takeover,or_v1
TAKE_00447,driver_55/route_4,driver_55,HYUNDAI_SONATA_HEV_2024,1747.060,1747.1,2284.1,takeover,or_v1
TAKE_00448,driver_55/route_4,driver_55,HYUNDAI_SONATA_HEV_2024,1813.120,1813.1,2218.0,takeover,or_v1
TAKE_00449,driver_55/route_4,driver_55,HYUNDAI_SONATA_HEV_2024,1841.150,1841.2,2190.0,takeover,or_v1
TAKE_00450,driver_55/route_4,driver_55,HYUNDAI_SONATA_HEV_2024,2006.930,2006.9,2024.2,takeover,or_v1
TAKE_00451,driver_55/route_4,driver_55,HYUNDAI_SONATA_HEV_2024,2039.040,2039.0,1992.1,takeover,or_v1
TAKE_00452,driver_55/route_4,driver_55,HYUNDAI_SONATA_HEV_2024,2252.580,2252.6,1778.6,takeover,or_v1
TAKE_00453,driver_55/route_4,driver_55,HYUNDAI_SONATA_HEV_2024,2535.770,2535.8,1495.4,takeover,or_v1
TAKE_00454,driver_55/route_4,driver_55,HYUNDAI_SONATA_HEV_2024,2690.950,2690.9,1340.2,takeover,or_v1
TAKE_00455,driver_55/route_4,driver_55,HYUNDAI_SONATA_HEV_2024,2799.900,2799.9,1231.2,takeover,or_v1
TAKE_00456,driver_55/route_4,driver_55,HYUNDAI_SONATA_HEV_2024,3080.140,3080.1,951.0,takeover,or_v1
TAKE_00457,driver_55/route_4,driver_55,HYUNDAI_SONATA_HEV_2024,3569.960,3570.0,461.2,takeover,or_v1
TAKE_00458,driver_55/route_4,driver_55,HYUNDAI_SONATA_HEV_2024,3601.510,3601.5,429.6,takeover,or_v1
TAKE_00459,driver_55/route_4,driver_55,HYUNDAI_SONATA_HEV_2024,3655.220,3655.2,375.9,takeover,or_v1
TAKE_00460,driver_55/route_4,driver_55,HYUNDAI_SONATA_HEV_2024,3901.800,3901.8,129.3,takeover,or_v1
TAKE_00461,driver_55/route_4,driver_55,HYUNDAI_SONATA_HEV_2024,3989.840,3989.8,41.3,takeover,or_v1
TAKE_00462,driver_76/route_2,driver_76,HYUNDAI_SONATA_HEV_2024,1140.040,1140.0,60.0,takeover,or_v1
TAKE_00463,driver_17/route_1,driver_17,HYUNDAI_TUCSON_HEV_2025,197.660,197.7,642.3,takeover,or_v1
TAKE_00464,driver_17/route_1,driver_17,HYUNDAI_TUCSON_HEV_2025,339.250,339.2,500.7,takeover,or_v1
TAKE_00465,driver_17/route_1,driver_17,HYUNDAI_TUCSON_HEV_2025,673.100,673.1,166.8,takeover,or_v1
TAKE_00466,driver_17/route_1,driver_17,HYUNDAI_TUCSON_HEV_2025,792.360,792.4,47.6,takeover,or_v1
TAKE_00467,driver_17/route_1,driver_17,HYUNDAI_TUCSON_HEV_2025,808.330,808.3,31.6,takeover,or_v1
TAKE_00468,driver_17/route_2,driver_17,HYUNDAI_TUCSON_HEV_2025,127.440,127.4,875.5,takeover,or_v1
TAKE_00469,driver_17/route_2,driver_17,HYUNDAI_TUCSON_HEV_2025,194.350,194.3,808.6,takeover,or_v1
TAKE_00470,driver_17/route_2,driver_17,HYUNDAI_TUCSON_HEV_2025,322.500,322.5,680.4,takeover,or_v1
TAKE_00471,driver_17/route_2,driver_17,HYUNDAI_TUCSON_HEV_2025,378.630,378.6,624.3,takeover,or_v1
TAKE_00472,driver_17/route_2,driver_17,HYUNDAI_TUCSON_HEV_2025,775.350,775.4,227.6,takeover,or_v1
TAKE_00473,driver_17/route_2,driver_17,HYUNDAI_TUCSON_HEV_2025,835.890,835.9,167.0,takeover,or_v1
TAKE_00474,driver_17/route_2,driver_17,HYUNDAI_TUCSON_HEV_2025,868.320,868.3,134.6,takeover,or_v1
TAKE_00475,driver_17/route_2,driver_17,HYUNDAI_TUCSON_HEV_2025,941.070,941.1,61.8,takeover,or_v1
TAKE_00476,driver_17/route_3,driver_17,HYUNDAI_TUCSON_HEV_2025,111.120,111.1,900.7,takeover,or_v1
TAKE_00477,driver_17/route_3,driver_17,HYUNDAI_TUCSON_HEV_2025,206.030,206.0,805.8,takeover,or_v1
TAKE_00478,driver_17/route_3,driver_17,HYUNDAI_TUCSON_HEV_2025,325.400,325.4,686.5,takeover,or_v1
TAKE_00479,driver_17/route_3,driver_17,HYUNDAI_TUCSON_HEV_2025,429.660,429.7,582.2,takeover,or_v1
TAKE_00480,driver_17/route_3,driver_17,HYUNDAI_TUCSON_HEV_2025,496.060,496.1,515.8,takeover,or_v1
TAKE_00481,driver_17/route_3,driver_17,HYUNDAI_TUCSON_HEV_2025,625.520,625.5,386.3,takeover,or_v1
TAKE_00482,driver_17/route_3,driver_17,HYUNDAI_TUCSON_HEV_2025,767.240,767.2,244.6,takeover,or_v1
TAKE_00483,driver_17/route_3,driver_17,HYUNDAI_TUCSON_HEV_2025,826.070,826.1,185.8,takeover,or_v1
TAKE_00484,driver_17/route_3,driver_17,HYUNDAI_TUCSON_HEV_2025,874.450,874.5,137.4,takeover,or_v1
TAKE_00485,driver_67/route_1,driver_67,JEEP_GRAND_CHEROKEE_2019,190.470,190.5,380.2,takeover,or_v1
TAKE_00486,driver_67/route_1,driver_67,JEEP_GRAND_CHEROKEE_2019,334.170,334.2,236.5,takeover,or_v1
TAKE_00487,driver_67/route_1,driver_67,JEEP_GRAND_CHEROKEE_2019,474.380,474.4,96.3,takeover,or_v1
TAKE_00488,driver_101/route_2,driver_101,KIA_CARNIVAL_4TH_GEN,65.410,65.4,1009.8,takeover,or_v1
TAKE_00489,driver_101/route_2,driver_101,KIA_CARNIVAL_4TH_GEN,232.350,232.3,842.8,takeover,or_v1
TAKE_00490,driver_101/route_2,driver_101,KIA_CARNIVAL_4TH_GEN,525.670,525.7,549.5,takeover,or_v1
TAKE_00491,driver_101/route_2,driver_101,KIA_CARNIVAL_4TH_GEN,604.060,604.1,471.1,takeover,or_v1
TAKE_00492,driver_101/route_2,driver_101,KIA_CARNIVAL_4TH_GEN,695.670,695.7,379.5,takeover,or_v1
TAKE_00493,driver_101/route_2,driver_101,KIA_CARNIVAL_4TH_GEN,725.830,725.8,349.4,takeover,or_v1
TAKE_00494,driver_101/route_3,driver_101,KIA_CARNIVAL_4TH_GEN,241.300,241.3,478.3,takeover,or_v1
TAKE_00495,driver_101/route_3,driver_101,KIA_CARNIVAL_4TH_GEN,353.200,353.2,366.4,takeover,or_v1
TAKE_00496,driver_101/route_3,driver_101,KIA_CARNIVAL_4TH_GEN,591.540,591.5,128.1,takeover,or_v1
TAKE_00497,driver_101/route_3,driver_101,KIA_CARNIVAL_4TH_GEN,606.920,606.9,112.7,takeover,or_v1
TAKE_00498,driver_3/route_1,driver_3,KIA_CEED,270.070,270.1,1691.8,takeover,or_v1
TAKE_00499,driver_3/route_1,driver_3,KIA_CEED,426.140,426.1,1535.7,takeover,or_v1
TAKE_00500,driver_3/route_1,driver_3,KIA_CEED,470.280,470.3,1491.6,takeover,or_v1
TAKE_00501,driver_3/route_1,driver_3,KIA_CEED,594.960,595.0,1366.9,takeover,or_v1
TAKE_00502,driver_3/route_1,driver_3,KIA_CEED,886.270,886.3,1075.6,takeover,or_v1
TAKE_00503,driver_3/route_1,driver_3,KIA_CEED,967.190,967.2,994.7,takeover,or_v1
TAKE_00504,driver_3/route_1,driver_3,KIA_CEED,991.890,991.9,970.0,takeover,or_v1
TAKE_00505,driver_3/route_1,driver_3,KIA_CEED,1004.270,1004.3,957.6,takeover,or_v1
TAKE_00506,driver_3/route_1,driver_3,KIA_CEED,1137.150,1137.2,824.7,takeover,or_v1
TAKE_00507,driver_3/route_1,driver_3,KIA_CEED,1329.620,1329.6,632.2,takeover,or_v1
TAKE_00508,driver_3/route_1,driver_3,KIA_CEED,1380.890,1380.9,581.0,takeover,or_v1
TAKE_00509,driver_3/route_1,driver_3,KIA_CEED,1443.920,1443.9,517.9,takeover,or_v1
TAKE_00510,driver_3/route_1,driver_3,KIA_CEED,1575.660,1575.7,386.2,takeover,or_v1
TAKE_00511,driver_3/route_1,driver_3,KIA_CEED,1645.090,1645.1,316.8,takeover,or_v1
TAKE_00512,driver_63/route_2,driver_63,KIA_EV6,178.690,178.7,1276.4,takeover,or_v1
TAKE_00513,driver_63/route_2,driver_63,KIA_EV6,766.990,767.0,688.1,takeover,or_v1
TAKE_00514,driver_63/route_2,driver_63,KIA_EV6,1012.800,1012.8,442.3,takeover,or_v1
TAKE_00515,driver_63/route_2,driver_63,KIA_EV6,1058.320,1058.3,396.8,takeover,or_v1
TAKE_00516,driver_71/route_2,driver_71,KIA_EV6,362.680,362.7,801.3,takeover,or_v1
TAKE_00517,driver_71/route_2,driver_71,KIA_EV6,404.530,404.5,759.4,takeover,or_v1
TAKE_00518,driver_71/route_2,driver_71,KIA_EV6,437.200,437.2,726.8,takeover,or_v1
TAKE_00519,driver_71/route_2,driver_71,KIA_EV6,598.180,598.2,565.8,takeover,or_v1
TAKE_00520,driver_71/route_2,driver_71,KIA_EV6,793.150,793.1,370.8,takeover,or_v1
TAKE_00521,driver_71/route_3,driver_71,KIA_EV6,519.330,519.3,1092.8,takeover,or_v1
TAKE_00522,driver_71/route_3,driver_71,KIA_EV6,665.330,665.3,946.8,takeover,or_v1
TAKE_00523,driver_71/route_3,driver_71,KIA_EV6,776.320,776.3,835.8,takeover,or_v1
TAKE_00524,driver_71/route_3,driver_71,KIA_EV6,784.170,784.2,828.0,takeover,or_v1
TAKE_00525,driver_71/route_3,driver_71,KIA_EV6,800.880,800.9,811.3,takeover,or_v1
TAKE_00526,driver_71/route_3,driver_71,KIA_EV6,827.550,827.5,784.6,takeover,or_v1
TAKE_00527,driver_71/route_3,driver_71,KIA_EV6,910.630,910.6,701.5,takeover,or_v1
TAKE_00528,driver_71/route_3,driver_71,KIA_EV6,927.820,927.8,684.3,takeover,or_v1
TAKE_00529,driver_71/route_3,driver_71,KIA_EV6,934.520,934.5,677.6,takeover,or_v1
TAKE_00530,driver_71/route_3,driver_71,KIA_EV6,1521.120,1521.1,91.0,takeover,or_v1
TAKE_00531,driver_71/route_3,driver_71,KIA_EV6,1539.600,1539.6,72.5,takeover,or_v1
TAKE_00532,driver_71/route_3,driver_71,KIA_EV6,1592.620,1592.6,19.5,takeover,or_v1
TAKE_00533,driver_71/route_4,driver_71,KIA_EV6,187.810,187.8,112.6,takeover,or_v1
TAKE_00534,driver_71/route_4,driver_71,KIA_EV6,204.380,204.4,96.0,takeover,or_v1
TAKE_00535,driver_71/route_4,driver_71,KIA_EV6,222.720,222.7,77.7,takeover,or_v1
TAKE_00536,driver_82/route_1,driver_82,KIA_EV6,847.040,847.0,567.1,takeover,or_v1
TAKE_00537,driver_82/route_1,driver_82,KIA_EV6,910.980,911.0,503.2,takeover,or_v1
TAKE_00538,driver_82/route_1,driver_82,KIA_EV6,970.850,970.9,443.3,takeover,or_v1
TAKE_00539,driver_82/route_1,driver_82,KIA_EV6,1062.530,1062.5,351.6,takeover,or_v1
TAKE_00540,driver_82/route_1,driver_82,KIA_EV6,1162.070,1162.1,252.1,takeover,or_v1
TAKE_00541,driver_82/route_1,driver_82,KIA_EV6,1189.610,1189.6,224.5,takeover,or_v1
TAKE_00542,driver_82/route_1,driver_82,KIA_EV6,1248.620,1248.6,165.5,takeover,or_v1
TAKE_00543,driver_82/route_1,driver_82,KIA_EV6,1346.290,1346.3,67.9,takeover,or_v1
TAKE_00544,driver_82/route_2,driver_82,KIA_EV6,111.370,111.4,2102.1,takeover,or_v1
TAKE_00545,driver_82/route_2,driver_82,KIA_EV6,430.330,430.3,1783.2,takeover,or_v1
TAKE_00546,driver_82/route_2,driver_82,KIA_EV6,899.980,900.0,1313.5,takeover,or_v1
TAKE_00547,driver_82/route_2,driver_82,KIA_EV6,945.360,945.4,1268.1,takeover,or_v1
TAKE_00548,driver_82/route_2,driver_82,KIA_EV6,1257.420,1257.4,956.1,takeover,or_v1
TAKE_00549,driver_82/route_2,driver_82,KIA_EV6,1331.460,1331.5,882.0,takeover,or_v1
TAKE_00550,driver_82/route_2,driver_82,KIA_EV6,1607.770,1607.8,605.7,takeover,or_v1
TAKE_00551,driver_82/route_2,driver_82,KIA_EV6,2130.820,2130.8,82.7,takeover,or_v1
TAKE_00552,driver_110/route_1,driver_110,KIA_EV6_2022,57.650,57.6,440.6,takeover,or_v1
TAKE_00553,driver_110/route_1,driver_110,KIA_EV6_2022,102.920,102.9,395.3,takeover,or_v1
TAKE_00554,driver_110/route_1,driver_110,KIA_EV6_2022,484.620,484.6,13.6,takeover,or_v1
TAKE_00555,driver_69/route_4,driver_69,KIA_EV6_2025,277.430,277.4,378.2,takeover,or_v1
TAKE_00556,driver_69/route_4,driver_69,KIA_EV6_2025,507.810,507.8,147.8,takeover,or_v1
TAKE_00557,driver_69/route_4,driver_69,KIA_EV6_2025,536.780,536.8,118.8,takeover,or_v1
TAKE_00558,driver_69/route_4,driver_69,KIA_EV6_2025,557.450,557.5,98.2,takeover,or_v1
TAKE_00559,driver_69/route_4,driver_69,KIA_EV6_2025,566.420,566.4,89.2,takeover,or_v1
TAKE_00560,driver_69/route_4,driver_69,KIA_EV6_2025,580.980,581.0,74.6,takeover,or_v1
TAKE_00561,driver_69/route_4,driver_69,KIA_EV6_2025,606.600,606.6,49.0,takeover,or_v1
TAKE_00562,driver_69/route_4,driver_69,KIA_EV6_2025,622.990,623.0,32.6,takeover,or_v1
TAKE_00563,driver_69/route_4,driver_69,KIA_EV6_2025,631.920,631.9,23.7,takeover,or_v1
TAKE_00564,driver_69/route_4,driver_69,KIA_EV6_2025,649.920,649.9,5.7,takeover,or_v1
TAKE_00565,driver_47/route_1,driver_47,KIA_NIRO_EV,755.560,755.6,250.0,takeover,or_v1
TAKE_00566,driver_47/route_1,driver_47,KIA_NIRO_EV,816.390,816.4,189.2,takeover,or_v1
TAKE_00567,driver_47/route_1,driver_47,KIA_NIRO_EV,872.450,872.5,133.1,takeover,or_v1
TAKE_00568,driver_47/route_1,driver_47,KIA_NIRO_EV,897.510,897.5,108.1,takeover,or_v1
TAKE_00569,driver_47/route_1,driver_47,KIA_NIRO_EV,919.390,919.4,86.2,takeover,or_v1
TAKE_00570,driver_47/route_1,driver_47,KIA_NIRO_EV,990.350,990.4,15.2,takeover,or_v1
TAKE_00571,driver_106/route_1,driver_106,KIA_NIRO_EV,983.150,983.1,1417.8,takeover,or_v1
TAKE_00572,driver_106/route_1,driver_106,KIA_NIRO_EV,1291.390,1291.4,1109.5,takeover,or_v1
TAKE_00573,driver_106/route_1,driver_106,KIA_NIRO_EV,2391.690,2391.7,9.2,takeover,or_v1
TAKE_00574,driver_99/route_1,driver_99,KIA_NIRO_EV_2020,566.460,566.5,641.8,takeover,or_v1
TAKE_00575,driver_99/route_4,driver_99,KIA_NIRO_EV_2020,256.890,256.9,15.6,takeover,or_v1
TAKE_00576,driver_114/route_4,driver_114,KIA_NIRO_HYBRID_2ND_GEN,294.210,294.2,812.9,takeover,or_v1
TAKE_00577,driver_114/route_4,driver_114,KIA_NIRO_HYBRID_2ND_GEN,991.620,991.6,115.5,takeover,or_v1
TAKE_00578,driver_114/route_4,driver_114,KIA_NIRO_HYBRID_2ND_GEN,1067.100,1067.1,40.0,takeover,or_v1
TAKE_00579,driver_114/route_4,driver_114,KIA_NIRO_HYBRID_2ND_GEN,1078.770,1078.8,28.4,takeover,or_v1
TAKE_00580,driver_114/route_5,driver_114,KIA_NIRO_HYBRID_2ND_GEN,2220.350,2220.3,53.2,takeover,or_v1
TAKE_00581,driver_114/route_5,driver_114,KIA_NIRO_HYBRID_2ND_GEN,2254.900,2254.9,18.6,takeover,or_v1
TAKE_00582,driver_114/route_6,driver_114,KIA_NIRO_HYBRID_2ND_GEN,20.520,20.5,7617.1,takeover,or_v1
TAKE_00583,driver_114/route_6,driver_114,KIA_NIRO_HYBRID_2ND_GEN,2194.520,2194.5,5443.1,takeover,or_v1
TAKE_00584,driver_114/route_6,driver_114,KIA_NIRO_HYBRID_2ND_GEN,3091.730,3091.7,4545.9,takeover,or_v1
TAKE_00585,driver_114/route_6,driver_114,KIA_NIRO_HYBRID_2ND_GEN,3175.630,3175.6,4462.0,takeover,or_v1
TAKE_00586,driver_114/route_6,driver_114,KIA_NIRO_HYBRID_2ND_GEN,3966.800,3966.8,3670.9,takeover,or_v1
TAKE_00587,driver_114/route_6,driver_114,KIA_NIRO_HYBRID_2ND_GEN,4720.460,4720.5,2917.2,takeover,or_v1
TAKE_00588,driver_114/route_6,driver_114,KIA_NIRO_HYBRID_2ND_GEN,5550.440,5550.4,2087.2,takeover,or_v1
TAKE_00589,driver_114/route_6,driver_114,KIA_NIRO_HYBRID_2ND_GEN,6859.330,6859.3,778.3,takeover,or_v1
TAKE_00590,driver_114/route_6,driver_114,KIA_NIRO_HYBRID_2ND_GEN,6897.180,6897.2,740.5,takeover,or_v1
TAKE_00591,driver_114/route_6,driver_114,KIA_NIRO_HYBRID_2ND_GEN,7099.450,7099.4,538.2,takeover,or_v1
TAKE_00592,driver_114/route_6,driver_114,KIA_NIRO_HYBRID_2ND_GEN,7141.180,7141.2,496.5,takeover,or_v1
TAKE_00593,driver_114/route_6,driver_114,KIA_NIRO_HYBRID_2ND_GEN,7237.860,7237.9,399.8,takeover,or_v1
TAKE_00594,driver_114/route_6,driver_114,KIA_NIRO_HYBRID_2ND_GEN,7365.250,7365.2,272.4,takeover,or_v1
TAKE_00595,driver_114/route_6,driver_114,KIA_NIRO_HYBRID_2ND_GEN,7404.360,7404.4,233.3,takeover,or_v1
TAKE_00596,driver_114/route_6,driver_114,KIA_NIRO_HYBRID_2ND_GEN,7545.340,7545.3,92.3,takeover,or_v1
TAKE_00597,driver_114/route_6,driver_114,KIA_NIRO_HYBRID_2ND_GEN,7580.520,7580.5,57.1,takeover,or_v1
TAKE_00598,driver_114/route_7,driver_114,KIA_NIRO_HYBRID_2ND_GEN,57.250,57.2,440.3,takeover,or_v1
TAKE_00599,driver_114/route_7,driver_114,KIA_NIRO_HYBRID_2ND_GEN,273.260,273.3,224.2,takeover,or_v1
TAKE_00600,driver_114/route_7,driver_114,KIA_NIRO_HYBRID_2ND_GEN,413.570,413.6,83.9,takeover,or_v1
TAKE_00601,driver_114/route_7,driver_114,KIA_NIRO_HYBRID_2ND_GEN,494.900,494.9,2.6,takeover,or_v1
TAKE_00602,driver_7/route_1,driver_7,KIA_NIRO_PHEV_2022,31.390,31.4,1348.8,takeover,or_v1
TAKE_00603,driver_7/route_1,driver_7,KIA_NIRO_PHEV_2022,40.050,40.0,1340.1,takeover,or_v1
TAKE_00604,driver_7/route_1,driver_7,KIA_NIRO_PHEV_2022,209.790,209.8,1170.4,takeover,or_v1
TAKE_00605,driver_7/route_1,driver_7,KIA_NIRO_PHEV_2022,232.520,232.5,1147.7,takeover,or_v1
TAKE_00606,driver_7/route_1,driver_7,KIA_NIRO_PHEV_2022,263.300,263.3,1116.9,takeover,or_v1
TAKE_00607,driver_7/route_1,driver_7,KIA_NIRO_PHEV_2022,328.240,328.2,1051.9,takeover,or_v1
TAKE_00608,driver_7/route_1,driver_7,KIA_NIRO_PHEV_2022,389.340,389.3,990.8,takeover,or_v1
TAKE_00609,driver_7/route_1,driver_7,KIA_NIRO_PHEV_2022,532.340,532.3,847.8,takeover,or_v1
TAKE_00610,driver_7/route_1,driver_7,KIA_NIRO_PHEV_2022,1151.070,1151.1,229.1,takeover,or_v1
TAKE_00611,driver_7/route_1,driver_7,KIA_NIRO_PHEV_2022,1194.200,1194.2,186.0,takeover,or_v1
TAKE_00612,driver_7/route_2,driver_7,KIA_NIRO_PHEV_2022,2.600,2.6,57.4,takeover,or_v1
TAKE_00613,driver_105/route_2,driver_105,KIA_NIRO_PHEV_2022,14.510,14.5,105.5,takeover,or_v1
TAKE_00614,driver_105/route_5,driver_105,KIA_NIRO_PHEV_2022,136.010,136.0,1784.0,takeover,or_v1
TAKE_00615,driver_105/route_5,driver_105,KIA_NIRO_PHEV_2022,305.080,305.1,1614.9,takeover,or_v1
TAKE_00616,driver_105/route_5,driver_105,KIA_NIRO_PHEV_2022,535.790,535.8,1384.2,takeover,or_v1
TAKE_00617,driver_105/route_5,driver_105,KIA_NIRO_PHEV_2022,741.020,741.0,1179.0,takeover,or_v1
TAKE_00618,driver_105/route_5,driver_105,KIA_NIRO_PHEV_2022,1399.580,1399.6,520.4,takeover,or_v1
TAKE_00619,driver_105/route_5,driver_105,KIA_NIRO_PHEV_2022,1538.240,1538.2,381.8,takeover,or_v1
TAKE_00620,driver_105/route_5,driver_105,KIA_NIRO_PHEV_2022,1623.050,1623.0,297.0,takeover,or_v1
TAKE_00621,driver_6/route_1,driver_6,KIA_SPORTAGE_5TH_GEN,195.070,195.1,926.5,takeover,or_v1
TAKE_00622,driver_6/route_1,driver_6,KIA_SPORTAGE_5TH_GEN,427.110,427.1,694.4,takeover,or_v1
TAKE_00623,driver_6/route_1,driver_6,KIA_SPORTAGE_5TH_GEN,552.250,552.2,569.3,takeover,or_v1
TAKE_00624,driver_6/route_1,driver_6,KIA_SPORTAGE_5TH_GEN,609.640,609.6,511.9,takeover,or_v1
TAKE_00625,driver_6/route_1,driver_6,KIA_SPORTAGE_5TH_GEN,709.750,709.8,411.8,takeover,or_v1
TAKE_00626,driver_6/route_1,driver_6,KIA_SPORTAGE_5TH_GEN,739.250,739.2,382.3,takeover,or_v1
TAKE_00627,driver_6/route_1,driver_6,KIA_SPORTAGE_5TH_GEN,832.360,832.4,289.2,takeover,or_v1
TAKE_00628,driver_6/route_1,driver_6,KIA_SPORTAGE_5TH_GEN,1030.280,1030.3,91.3,takeover,or_v1
TAKE_00629,driver_6/route_1,driver_6,KIA_SPORTAGE_5TH_GEN,1064.040,1064.0,57.5,takeover,or_v1
TAKE_00630,driver_6/route_2,driver_6,KIA_SPORTAGE_5TH_GEN,50.320,50.3,190.5,takeover,or_v1
TAKE_00631,driver_6/route_3,driver_6,KIA_SPORTAGE_5TH_GEN,178.020,178.0,2006.4,takeover,or_v1
TAKE_00632,driver_6/route_3,driver_6,KIA_SPORTAGE_5TH_GEN,391.090,391.1,1793.4,takeover,or_v1
TAKE_00633,driver_6/route_3,driver_6,KIA_SPORTAGE_5TH_GEN,692.110,692.1,1492.3,takeover,or_v1
TAKE_00634,driver_6/route_3,driver_6,KIA_SPORTAGE_5TH_GEN,987.050,987.0,1197.4,takeover,or_v1
TAKE_00635,driver_6/route_3,driver_6,KIA_SPORTAGE_5TH_GEN,1021.010,1021.0,1163.4,takeover,or_v1
TAKE_00636,driver_6/route_3,driver_6,KIA_SPORTAGE_5TH_GEN,1059.210,1059.2,1125.2,takeover,or_v1
TAKE_00637,driver_6/route_3,driver_6,KIA_SPORTAGE_5TH_GEN,1578.870,1578.9,605.6,takeover,or_v1
TAKE_00638,driver_6/route_3,driver_6,KIA_SPORTAGE_5TH_GEN,1785.730,1785.7,398.7,takeover,or_v1
TAKE_00639,driver_6/route_3,driver_6,KIA_SPORTAGE_5TH_GEN,1938.480,1938.5,246.0,takeover,or_v1
TAKE_00640,driver_6/route_3,driver_6,KIA_SPORTAGE_5TH_GEN,2042.380,2042.4,142.1,takeover,or_v1
TAKE_00641,driver_6/route_3,driver_6,KIA_SPORTAGE_5TH_GEN,2125.770,2125.8,58.7,takeover,or_v1
TAKE_00642,driver_6/route_3,driver_6,KIA_SPORTAGE_5TH_GEN,2131.240,2131.2,53.2,takeover,or_v1
TAKE_00643,driver_6/route_3,driver_6,KIA_SPORTAGE_5TH_GEN,2178.390,2178.4,6.1,takeover,or_v1
TAKE_00644,driver_6/route_4,driver_6,KIA_SPORTAGE_5TH_GEN,92.630,92.6,28.7,takeover,or_v1
TAKE_00645,driver_6/route_5,driver_6,KIA_SPORTAGE_5TH_GEN,195.480,195.5,573.4,takeover,or_v1
TAKE_00646,driver_6/route_5,driver_6,KIA_SPORTAGE_5TH_GEN,407.800,407.8,361.1,takeover,or_v1
TAKE_00647,driver_6/route_5,driver_6,KIA_SPORTAGE_5TH_GEN,531.820,531.8,237.1,takeover,or_v1
TAKE_00648,driver_6/route_5,driver_6,KIA_SPORTAGE_5TH_GEN,651.190,651.2,117.7,takeover,or_v1
TAKE_00649,driver_6/route_5,driver_6,KIA_SPORTAGE_5TH_GEN,667.500,667.5,101.4,takeover,or_v1
TAKE_00650,driver_6/route_5,driver_6,KIA_SPORTAGE_5TH_GEN,672.280,672.3,96.6,takeover,or_v1
TAKE_00651,driver_6/route_5,driver_6,KIA_SPORTAGE_5TH_GEN,692.230,692.2,76.7,takeover,or_v1
TAKE_00652,driver_42/route_1,driver_42,KIA_SPORTAGE_5TH_GEN,118.880,118.9,390.1,takeover,or_v1
TAKE_00653,driver_42/route_1,driver_42,KIA_SPORTAGE_5TH_GEN,312.410,312.4,196.6,takeover,or_v1
TAKE_00654,driver_42/route_1,driver_42,KIA_SPORTAGE_5TH_GEN,444.170,444.2,64.8,takeover,or_v1
TAKE_00655,driver_74/route_1,driver_74,LEXUS_RC_TSS2,124.560,124.6,760.4,takeover,or_v1
TAKE_00656,driver_74/route_1,driver_74,LEXUS_RC_TSS2,400.330,400.3,484.7,takeover,or_v1
TAKE_00657,driver_74/route_1,driver_74,LEXUS_RC_TSS2,797.280,797.3,87.7,takeover,or_v1
TAKE_00658,driver_116/route_2,driver_116,MAZDA_CX5_2022,190.680,190.7,40.4,takeover,or_v1
TAKE_00659,driver_116/route_3,driver_116,MAZDA_CX5_2022,330.220,330.2,96.7,takeover,or_v1
TAKE_00660,driver_116/route_4,driver_116,MAZDA_CX5_2022,148.670,148.7,169.3,takeover,or_v1
TAKE_00661,driver_116/route_4,driver_116,MAZDA_CX5_2022,209.230,209.2,108.8,takeover,or_v1
TAKE_00662,driver_9/route_1,driver_9,NISSAN_LEAF,331.330,331.3,767.7,takeover,or_v1
TAKE_00663,driver_9/route_1,driver_9,NISSAN_LEAF,371.380,371.4,727.6,takeover,or_v1
TAKE_00664,driver_9/route_1,driver_9,NISSAN_LEAF,521.930,521.9,577.1,takeover,or_v1
TAKE_00665,driver_9/route_1,driver_9,NISSAN_LEAF,808.670,808.7,290.4,takeover,or_v1
TAKE_00666,driver_9/route_1,driver_9,NISSAN_LEAF,954.920,954.9,144.1,takeover,or_v1
TAKE_00667,driver_53/route_1,driver_53,NISSAN_LEAF,2155.050,2155.1,5.7,takeover,or_v1
TAKE_00668,driver_53/route_3,driver_53,NISSAN_LEAF,110.800,110.8,363.3,takeover,or_v1
TAKE_00669,driver_53/route_3,driver_53,NISSAN_LEAF,252.470,252.5,221.6,takeover,or_v1
TAKE_00670,driver_53/route_3,driver_53,NISSAN_LEAF,371.460,371.5,102.6,takeover,or_v1
TAKE_00671,driver_53/route_3,driver_53,NISSAN_LEAF,465.720,465.7,8.3,takeover,or_v1
TAKE_00672,driver_53/route_4,driver_53,NISSAN_LEAF,112.820,112.8,367.4,takeover,or_v1
TAKE_00673,driver_53/route_4,driver_53,NISSAN_LEAF,435.940,435.9,44.3,takeover,or_v1
TAKE_00674,driver_53/route_4,driver_53,NISSAN_LEAF,445.560,445.6,34.7,takeover,or_v1
TAKE_00675,driver_53/route_6,driver_53,NISSAN_LEAF,50.510,50.5,10.0,takeover,or_v1
TAKE_00676,driver_53/route_7,driver_53,NISSAN_LEAF,333.950,333.9,2704.4,takeover,or_v1
TAKE_00677,driver_53/route_7,driver_53,NISSAN_LEAF,444.420,444.4,2593.9,takeover,or_v1
TAKE_00678,driver_53/route_7,driver_53,NISSAN_LEAF,531.110,531.1,2507.2,takeover,or_v1
TAKE_00679,driver_53/route_7,driver_53,NISSAN_LEAF,737.690,737.7,2300.6,takeover,or_v1
TAKE_00680,driver_53/route_7,driver_53,NISSAN_LEAF,869.810,869.8,2168.5,takeover,or_v1
TAKE_00681,driver_53/route_7,driver_53,NISSAN_LEAF,1521.780,1521.8,1516.5,takeover,or_v1
TAKE_00682,driver_53/route_7,driver_53,NISSAN_LEAF,1535.430,1535.4,1502.9,takeover,or_v1
TAKE_00683,driver_53/route_7,driver_53,NISSAN_LEAF,1695.320,1695.3,1343.0,takeover,or_v1
TAKE_00684,driver_53/route_7,driver_53,NISSAN_LEAF,1979.160,1979.2,1059.2,takeover,or_v1
TAKE_00685,driver_48/route_1,driver_48,NISSAN_LEAF_2018,127.330,127.3,143.5,takeover,or_v1
TAKE_00686,driver_48/route_1,driver_48,NISSAN_LEAF_2018,141.550,141.6,129.3,takeover,or_v1
TAKE_00687,driver_48/route_1,driver_48,NISSAN_LEAF_2018,192.670,192.7,78.2,takeover,or_v1
TAKE_00688,driver_37/route_1,driver_37,RAM_HD_5TH_GEN,259.040,259.0,3849.1,takeover,or_v1
TAKE_00689,driver_37/route_1,driver_37,RAM_HD_5TH_GEN,3483.250,3483.2,624.9,takeover,or_v1
TAKE_00690,driver_37/route_1,driver_37,RAM_HD_5TH_GEN,3491.060,3491.1,617.0,takeover,or_v1
TAKE_00691,driver_37/route_1,driver_37,RAM_HD_5TH_GEN,3543.660,3543.7,564.4,takeover,or_v1
TAKE_00692,driver_37/route_1,driver_37,RAM_HD_5TH_GEN,3551.850,3551.8,556.3,takeover,or_v1
TAKE_00693,driver_37/route_1,driver_37,RAM_HD_5TH_GEN,3655.150,3655.2,453.0,takeover,or_v1
TAKE_00694,driver_37/route_1,driver_37,RAM_HD_5TH_GEN,3922.620,3922.6,185.5,takeover,or_v1
TAKE_00695,driver_37/route_1,driver_37,RAM_HD_5TH_GEN,3996.970,3997.0,111.1,takeover,or_v1
TAKE_00696,driver_37/route_1,driver_37,RAM_HD_5TH_GEN,4054.970,4055.0,53.1,takeover,or_v1
TAKE_00697,driver_100/route_1,driver_100,RAM_HD_5TH_GEN,857.830,857.8,3162.8,takeover,or_v1
TAKE_00698,driver_100/route_1,driver_100,RAM_HD_5TH_GEN,908.350,908.4,3112.2,takeover,or_v1
TAKE_00699,driver_100/route_1,driver_100,RAM_HD_5TH_GEN,3828.580,3828.6,192.0,takeover,or_v1
TAKE_00700,driver_100/route_2,driver_100,RAM_HD_5TH_GEN,410.160,410.2,1284.4,takeover,or_v1
TAKE_00701,driver_100/route_3,driver_100,RAM_HD_5TH_GEN,14.860,14.9,9165.1,takeover,or_v1
TAKE_00702,driver_100/route_3,driver_100,RAM_HD_5TH_GEN,312.240,312.2,8867.7,takeover,or_v1
TAKE_00703,driver_100/route_3,driver_100,RAM_HD_5TH_GEN,741.660,741.7,8438.3,takeover,or_v1
TAKE_00704,driver_100/route_3,driver_100,RAM_HD_5TH_GEN,799.080,799.1,8380.9,takeover,or_v1
TAKE_00705,driver_100/route_3,driver_100,RAM_HD_5TH_GEN,1592.960,1593.0,7587.0,takeover,or_v1
TAKE_00706,driver_100/route_3,driver_100,RAM_HD_5TH_GEN,4352.230,4352.2,4827.8,takeover,or_v1
TAKE_00707,driver_100/route_3,driver_100,RAM_HD_5TH_GEN,8721.240,8721.2,458.7,takeover,or_v1
TAKE_00708,driver_100/route_4,driver_100,RAM_HD_5TH_GEN,288.300,288.3,4387.4,takeover,or_v1
TAKE_00709,driver_100/route_4,driver_100,RAM_HD_5TH_GEN,315.400,315.4,4360.3,takeover,or_v1
TAKE_00710,driver_100/route_4,driver_100,RAM_HD_5TH_GEN,2441.130,2441.1,2234.6,takeover,or_v1
TAKE_00711,driver_100/route_4,driver_100,RAM_HD_5TH_GEN,2489.630,2489.6,2186.1,takeover,or_v1
TAKE_00712,driver_100/route_4,driver_100,RAM_HD_5TH_GEN,3318.170,3318.2,1357.5,takeover,or_v1
TAKE_00713,driver_100/route_4,driver_100,RAM_HD_5TH_GEN,4093.270,4093.3,582.4,takeover,or_v1
TAKE_00714,driver_4/route_1,driver_4,RIVIAN_R1_GEN1,3982.540,3982.5,1478.2,takeover,or_v1
TAKE_00715,driver_4/route_1,driver_4,RIVIAN_R1_GEN1,4816.880,4816.9,643.9,takeover,or_v1
TAKE_00716,driver_4/route_1,driver_4,RIVIAN_R1_GEN1,5400.330,5400.3,60.4,takeover,or_v1
TAKE_00717,driver_4/route_1,driver_4,RIVIAN_R1_GEN1,5427.390,5427.4,33.3,takeover,or_v1
TAKE_00718,driver_4/route_2,driver_4,RIVIAN_R1_GEN1,539.920,539.9,3779.6,takeover,or_v1
TAKE_00719,driver_4/route_2,driver_4,RIVIAN_R1_GEN1,1121.980,1122.0,3197.5,takeover,or_v1
TAKE_00720,driver_4/route_2,driver_4,RIVIAN_R1_GEN1,2123.240,2123.2,2196.3,takeover,or_v1
TAKE_00721,driver_4/route_2,driver_4,RIVIAN_R1_GEN1,2296.370,2296.4,2023.2,takeover,or_v1
TAKE_00722,driver_4/route_2,driver_4,RIVIAN_R1_GEN1,2485.470,2485.5,1834.1,takeover,or_v1
TAKE_00723,driver_4/route_2,driver_4,RIVIAN_R1_GEN1,2501.070,2501.1,1818.5,takeover,or_v1
TAKE_00724,driver_4/route_2,driver_4,RIVIAN_R1_GEN1,3475.580,3475.6,843.9,takeover,or_v1
TAKE_00725,driver_4/route_2,driver_4,RIVIAN_R1_GEN1,4215.440,4215.4,104.1,takeover,or_v1
TAKE_00726,driver_29/route_1,driver_29,RIVIAN_R1_GEN1,276.190,276.2,1164.5,takeover,or_v1
TAKE_00727,driver_29/route_1,driver_29,RIVIAN_R1_GEN1,309.880,309.9,1130.8,takeover,or_v1
TAKE_00728,driver_29/route_1,driver_29,RIVIAN_R1_GEN1,326.320,326.3,1114.3,takeover,or_v1
TAKE_00729,driver_29/route_1,driver_29,RIVIAN_R1_GEN1,357.670,357.7,1083.0,takeover,or_v1
TAKE_00730,driver_29/route_1,driver_29,RIVIAN_R1_GEN1,443.420,443.4,997.2,takeover,or_v1
TAKE_00731,driver_29/route_1,driver_29,RIVIAN_R1_GEN1,519.730,519.7,920.9,takeover,or_v1
TAKE_00732,driver_29/route_1,driver_29,RIVIAN_R1_GEN1,1211.000,1211.0,229.7,takeover,or_v1
TAKE_00733,driver_29/route_1,driver_29,RIVIAN_R1_GEN1,1304.160,1304.2,136.5,takeover,or_v1
TAKE_00734,driver_29/route_2,driver_29,RIVIAN_R1_GEN1,1026.050,1026.0,152.5,takeover,or_v1
TAKE_00735,driver_29/route_2,driver_29,RIVIAN_R1_GEN1,1033.840,1033.8,144.7,takeover,or_v1
TAKE_00736,driver_29/route_2,driver_29,RIVIAN_R1_GEN1,1040.110,1040.1,138.5,takeover,or_v1
TAKE_00737,driver_29/route_2,driver_29,RIVIAN_R1_GEN1,1117.030,1117.0,61.5,takeover,or_v1
TAKE_00738,driver_29/route_2,driver_29,RIVIAN_R1_GEN1,1148.790,1148.8,29.8,takeover,or_v1
TAKE_00739,driver_29/route_4,driver_29,RIVIAN_R1_GEN1,562.010,562.0,1343.1,takeover,or_v1
TAKE_00740,driver_29/route_4,driver_29,RIVIAN_R1_GEN1,597.360,597.4,1307.7,takeover,or_v1
TAKE_00741,driver_29/route_4,driver_29,RIVIAN_R1_GEN1,616.560,616.6,1288.5,takeover,or_v1
TAKE_00742,driver_29/route_4,driver_29,RIVIAN_R1_GEN1,684.030,684.0,1221.0,takeover,or_v1
TAKE_00743,driver_29/route_4,driver_29,RIVIAN_R1_GEN1,706.870,706.9,1198.2,takeover,or_v1
TAKE_00744,driver_29/route_4,driver_29,RIVIAN_R1_GEN1,733.160,733.2,1171.9,takeover,or_v1
TAKE_00745,driver_29/route_4,driver_29,RIVIAN_R1_GEN1,748.420,748.4,1156.7,takeover,or_v1
TAKE_00746,driver_29/route_4,driver_29,RIVIAN_R1_GEN1,792.340,792.3,1112.7,takeover,or_v1
TAKE_00747,driver_29/route_4,driver_29,RIVIAN_R1_GEN1,1668.770,1668.8,236.3,takeover,or_v1
TAKE_00748,driver_29/route_4,driver_29,RIVIAN_R1_GEN1,1893.360,1893.4,11.7,takeover,or_v1
TAKE_00749,driver_29/route_5,driver_29,RIVIAN_R1_GEN1,141.980,142.0,624.0,takeover,or_v1
TAKE_00750,driver_29/route_5,driver_29,RIVIAN_R1_GEN1,159.700,159.7,606.3,takeover,or_v1
TAKE_00751,driver_29/route_5,driver_29,RIVIAN_R1_GEN1,248.720,248.7,517.3,takeover,or_v1
TAKE_00752,driver_29/route_5,driver_29,RIVIAN_R1_GEN1,268.170,268.2,497.8,takeover,or_v1
TAKE_00753,driver_29/route_5,driver_29,RIVIAN_R1_GEN1,279.250,279.2,486.8,takeover,or_v1
TAKE_00754,driver_29/route_5,driver_29,RIVIAN_R1_GEN1,319.460,319.5,446.6,takeover,or_v1
TAKE_00755,driver_29/route_5,driver_29,RIVIAN_R1_GEN1,328.650,328.6,437.4,takeover,or_v1
TAKE_00756,driver_29/route_5,driver_29,RIVIAN_R1_GEN1,348.190,348.2,417.8,takeover,or_v1
TAKE_00757,driver_29/route_5,driver_29,RIVIAN_R1_GEN1,562.000,562.0,204.0,takeover,or_v1
TAKE_00758,driver_29/route_5,driver_29,RIVIAN_R1_GEN1,608.410,608.4,157.6,takeover,or_v1
TAKE_00759,driver_29/route_5,driver_29,RIVIAN_R1_GEN1,617.440,617.4,148.6,takeover,or_v1
TAKE_00760,driver_29/route_5,driver_29,RIVIAN_R1_GEN1,733.340,733.3,32.7,takeover,or_v1
TAKE_00761,driver_29/route_7,driver_29,RIVIAN_R1_GEN1,66.220,66.2,460.1,takeover,or_v1
TAKE_00762,driver_29/route_7,driver_29,RIVIAN_R1_GEN1,323.060,323.1,203.3,takeover,or_v1
TAKE_00763,driver_29/route_7,driver_29,RIVIAN_R1_GEN1,343.680,343.7,182.7,takeover,or_v1
TAKE_00764,driver_29/route_7,driver_29,RIVIAN_R1_GEN1,505.280,505.3,21.1,takeover,or_v1
TAKE_00765,driver_29/route_8,driver_29,RIVIAN_R1_GEN1,94.720,94.7,1678.7,takeover,or_v1
TAKE_00766,driver_29/route_8,driver_29,RIVIAN_R1_GEN1,115.960,116.0,1657.5,takeover,or_v1
TAKE_00767,driver_29/route_8,driver_29,RIVIAN_R1_GEN1,122.350,122.3,1651.1,takeover,or_v1
TAKE_00768,driver_29/route_8,driver_29,RIVIAN_R1_GEN1,268.960,269.0,1504.5,takeover,or_v1
TAKE_00769,driver_29/route_8,driver_29,RIVIAN_R1_GEN1,466.010,466.0,1307.4,takeover,or_v1
TAKE_00770,driver_29/route_8,driver_29,RIVIAN_R1_GEN1,946.810,946.8,826.6,takeover,or_v1
TAKE_00771,driver_29/route_8,driver_29,RIVIAN_R1_GEN1,1517.340,1517.3,256.1,takeover,or_v1
TAKE_00772,driver_29/route_8,driver_29,RIVIAN_R1_GEN1,1534.520,1534.5,238.9,takeover,or_v1
TAKE_00773,driver_29/route_8,driver_29,RIVIAN_R1_GEN1,1551.270,1551.3,222.2,takeover,or_v1
TAKE_00774,driver_29/route_8,driver_29,RIVIAN_R1_GEN1,1566.210,1566.2,207.2,takeover,or_v1
TAKE_00775,driver_29/route_8,driver_29,RIVIAN_R1_GEN1,1586.620,1586.6,186.8,takeover,or_v1
TAKE_00776,driver_29/route_8,driver_29,RIVIAN_R1_GEN1,1605.250,1605.2,168.2,takeover,or_v1
TAKE_00777,driver_29/route_8,driver_29,RIVIAN_R1_GEN1,1612.050,1612.0,161.4,takeover,or_v1
TAKE_00778,driver_29/route_8,driver_29,RIVIAN_R1_GEN1,1619.270,1619.3,154.2,takeover,or_v1
TAKE_00779,driver_29/route_8,driver_29,RIVIAN_R1_GEN1,1715.920,1715.9,57.5,takeover,or_v1
TAKE_00780,driver_29/route_9,driver_29,RIVIAN_R1_GEN1,105.220,105.2,142.2,takeover,or_v1
TAKE_00781,driver_29/route_9,driver_29,RIVIAN_R1_GEN1,115.080,115.1,132.3,takeover,or_v1
TAKE_00782,driver_29/route_9,driver_29,RIVIAN_R1_GEN1,143.580,143.6,103.8,takeover,or_v1
TAKE_00783,driver_29/route_10,driver_29,RIVIAN_R1_GEN1,229.640,229.6,5663.4,takeover,or_v1
TAKE_00784,driver_29/route_10,driver_29,RIVIAN_R1_GEN1,247.340,247.3,5645.7,takeover,or_v1
TAKE_00785,driver_29/route_10,driver_29,RIVIAN_R1_GEN1,310.290,310.3,5582.8,takeover,or_v1
TAKE_00786,driver_29/route_10,driver_29,RIVIAN_R1_GEN1,331.320,331.3,5561.7,takeover,or_v1
TAKE_00787,driver_29/route_10,driver_29,RIVIAN_R1_GEN1,367.260,367.3,5525.8,takeover,or_v1
TAKE_00788,driver_29/route_10,driver_29,RIVIAN_R1_GEN1,687.310,687.3,5205.8,takeover,or_v1
TAKE_00789,driver_29/route_10,driver_29,RIVIAN_R1_GEN1,860.370,860.4,5032.7,takeover,or_v1
TAKE_00790,driver_29/route_10,driver_29,RIVIAN_R1_GEN1,1226.960,1227.0,4666.1,takeover,or_v1
TAKE_00791,driver_29/route_10,driver_29,RIVIAN_R1_GEN1,1311.480,1311.5,4581.6,takeover,or_v1
TAKE_00792,driver_29/route_10,driver_29,RIVIAN_R1_GEN1,1368.350,1368.3,4524.7,takeover,or_v1
TAKE_00793,driver_29/route_10,driver_29,RIVIAN_R1_GEN1,1457.780,1457.8,4435.3,takeover,or_v1
TAKE_00794,driver_29/route_10,driver_29,RIVIAN_R1_GEN1,4303.470,4303.5,1589.6,takeover,or_v1
TAKE_00795,driver_29/route_10,driver_29,RIVIAN_R1_GEN1,4525.190,4525.2,1367.9,takeover,or_v1
TAKE_00796,driver_29/route_10,driver_29,RIVIAN_R1_GEN1,5525.910,5525.9,367.2,takeover,or_v1
TAKE_00797,driver_29/route_10,driver_29,RIVIAN_R1_GEN1,5777.980,5778.0,115.1,takeover,or_v1
TAKE_00798,driver_29/route_11,driver_29,RIVIAN_R1_GEN1,86.310,86.3,1695.9,takeover,or_v1
TAKE_00799,driver_29/route_11,driver_29,RIVIAN_R1_GEN1,211.700,211.7,1570.5,takeover,or_v1
TAKE_00800,driver_29/route_11,driver_29,RIVIAN_R1_GEN1,465.060,465.1,1317.2,takeover,or_v1
TAKE_00801,driver_29/route_11,driver_29,RIVIAN_R1_GEN1,490.930,490.9,1291.3,takeover,or_v1
TAKE_00802,driver_29/route_11,driver_29,RIVIAN_R1_GEN1,867.900,867.9,914.3,takeover,or_v1
TAKE_00803,driver_29/route_11,driver_29,RIVIAN_R1_GEN1,982.660,982.7,799.6,takeover,or_v1
TAKE_00804,driver_29/route_11,driver_29,RIVIAN_R1_GEN1,1252.580,1252.6,529.6,takeover,or_v1
TAKE_00805,driver_29/route_11,driver_29,RIVIAN_R1_GEN1,1314.330,1314.3,467.9,takeover,or_v1
TAKE_00806,driver_29/route_11,driver_29,RIVIAN_R1_GEN1,1516.890,1516.9,265.3,takeover,or_v1
TAKE_00807,driver_29/route_11,driver_29,RIVIAN_R1_GEN1,1702.010,1702.0,80.2,takeover,or_v1
TAKE_00808,driver_29/route_11,driver_29,RIVIAN_R1_GEN1,1742.580,1742.6,39.6,takeover,or_v1
TAKE_00809,driver_29/route_12,driver_29,RIVIAN_R1_GEN1,169.600,169.6,402.7,takeover,or_v1
TAKE_00810,driver_29/route_12,driver_29,RIVIAN_R1_GEN1,253.410,253.4,318.9,takeover,or_v1
TAKE_00811,driver_29/route_12,driver_29,RIVIAN_R1_GEN1,323.890,323.9,248.4,takeover,or_v1
TAKE_00812,driver_29/route_12,driver_29,RIVIAN_R1_GEN1,389.180,389.2,183.2,takeover,or_v1
TAKE_00813,driver_29/route_12,driver_29,RIVIAN_R1_GEN1,403.710,403.7,168.6,takeover,or_v1
TAKE_00814,driver_29/route_13,driver_29,RIVIAN_R1_GEN1,82.340,82.3,1184.2,takeover,or_v1
TAKE_00815,driver_29/route_13,driver_29,RIVIAN_R1_GEN1,159.720,159.7,1106.8,takeover,or_v1
TAKE_00816,driver_29/route_13,driver_29,RIVIAN_R1_GEN1,171.340,171.3,1095.2,takeover,or_v1
TAKE_00817,driver_29/route_13,driver_29,RIVIAN_R1_GEN1,366.440,366.4,900.1,takeover,or_v1
TAKE_00818,driver_29/route_13,driver_29,RIVIAN_R1_GEN1,655.940,655.9,610.6,takeover,or_v1
TAKE_00819,driver_29/route_13,driver_29,RIVIAN_R1_GEN1,810.660,810.7,455.9,takeover,or_v1
TAKE_00820,driver_29/route_13,driver_29,RIVIAN_R1_GEN1,1017.670,1017.7,248.9,takeover,or_v1
TAKE_00821,driver_29/route_13,driver_29,RIVIAN_R1_GEN1,1089.890,1089.9,176.7,takeover,or_v1
TAKE_00822,driver_29/route_13,driver_29,RIVIAN_R1_GEN1,1229.860,1229.9,36.7,takeover,or_v1
TAKE_00823,driver_29/route_14,driver_29,RIVIAN_R1_GEN1,1424.130,1424.1,1770.5,takeover,or_v1
TAKE_00824,driver_29/route_14,driver_29,RIVIAN_R1_GEN1,2935.170,2935.2,259.5,takeover,or_v1
TAKE_00825,driver_29/route_14,driver_29,RIVIAN_R1_GEN1,3038.300,3038.3,156.3,takeover,or_v1
TAKE_00826,driver_29/route_14,driver_29,RIVIAN_R1_GEN1,3179.900,3179.9,14.7,takeover,or_v1
TAKE_00827,driver_29/route_15,driver_29,RIVIAN_R1_GEN1,174.290,174.3,2945.4,takeover,or_v1
TAKE_00828,driver_29/route_15,driver_29,RIVIAN_R1_GEN1,180.920,180.9,2938.8,takeover,or_v1
TAKE_00829,driver_29/route_15,driver_29,RIVIAN_R1_GEN1,207.490,207.5,2912.2,takeover,or_v1
TAKE_00830,driver_29/route_15,driver_29,RIVIAN_R1_GEN1,722.900,722.9,2396.8,takeover,or_v1
TAKE_00831,driver_29/route_15,driver_29,RIVIAN_R1_GEN1,995.470,995.5,2124.2,takeover,or_v1
TAKE_00832,driver_29/route_15,driver_29,RIVIAN_R1_GEN1,1096.100,1096.1,2023.6,takeover,or_v1
TAKE_00833,driver_29/route_15,driver_29,RIVIAN_R1_GEN1,2538.010,2538.0,581.7,takeover,or_v1
TAKE_00834,driver_29/route_15,driver_29,RIVIAN_R1_GEN1,2546.400,2546.4,573.3,takeover,or_v1
TAKE_00835,driver_29/route_15,driver_29,RIVIAN_R1_GEN1,2555.010,2555.0,564.7,takeover,or_v1
TAKE_00836,driver_29/route_15,driver_29,RIVIAN_R1_GEN1,2619.370,2619.4,500.3,takeover,or_v1
TAKE_00837,driver_29/route_15,driver_29,RIVIAN_R1_GEN1,2774.950,2774.9,344.7,takeover,or_v1
TAKE_00838,driver_29/route_15,driver_29,RIVIAN_R1_GEN1,2923.360,2923.4,196.3,takeover,or_v1
TAKE_00839,driver_29/route_15,driver_29,RIVIAN_R1_GEN1,2963.800,2963.8,155.9,takeover,or_v1
TAKE_00840,driver_29/route_15,driver_29,RIVIAN_R1_GEN1,2995.590,2995.6,124.1,takeover,or_v1
TAKE_00841,driver_29/route_15,driver_29,RIVIAN_R1_GEN1,3093.420,3093.4,26.2,takeover,or_v1
TAKE_00842,driver_29/route_16,driver_29,RIVIAN_R1_GEN1,872.060,872.1,180.6,takeover,or_v1
TAKE_00843,driver_29/route_16,driver_29,RIVIAN_R1_GEN1,1011.810,1011.8,40.9,takeover,or_v1
TAKE_00844,driver_29/route_17,driver_29,RIVIAN_R1_GEN1,93.380,93.4,2731.5,takeover,or_v1
TAKE_00845,driver_29/route_17,driver_29,RIVIAN_R1_GEN1,124.210,124.2,2700.7,takeover,or_v1
TAKE_00846,driver_29/route_17,driver_29,RIVIAN_R1_GEN1,180.980,181.0,2643.9,takeover,or_v1
TAKE_00847,driver_29/route_17,driver_29,RIVIAN_R1_GEN1,493.160,493.2,2331.7,takeover,or_v1
TAKE_00848,driver_29/route_17,driver_29,RIVIAN_R1_GEN1,680.730,680.7,2144.1,takeover,or_v1
TAKE_00849,driver_29/route_17,driver_29,RIVIAN_R1_GEN1,1139.850,1139.8,1685.0,takeover,or_v1
TAKE_00850,driver_29/route_17,driver_29,RIVIAN_R1_GEN1,1558.710,1558.7,1266.2,takeover,or_v1
TAKE_00851,driver_29/route_17,driver_29,RIVIAN_R1_GEN1,1569.880,1569.9,1255.0,takeover,or_v1
TAKE_00852,driver_29/route_17,driver_29,RIVIAN_R1_GEN1,1576.040,1576.0,1248.8,takeover,or_v1
TAKE_00853,driver_29/route_17,driver_29,RIVIAN_R1_GEN1,1588.290,1588.3,1236.6,takeover,or_v1
TAKE_00854,driver_29/route_17,driver_29,RIVIAN_R1_GEN1,1619.820,1619.8,1205.0,takeover,or_v1
TAKE_00855,driver_29/route_17,driver_29,RIVIAN_R1_GEN1,1803.730,1803.7,1021.1,takeover,or_v1
TAKE_00856,driver_29/route_17,driver_29,RIVIAN_R1_GEN1,1859.250,1859.2,965.6,takeover,or_v1
TAKE_00857,driver_29/route_17,driver_29,RIVIAN_R1_GEN1,2053.400,2053.4,771.5,takeover,or_v1
TAKE_00858,driver_29/route_17,driver_29,RIVIAN_R1_GEN1,2113.710,2113.7,711.2,takeover,or_v1
TAKE_00859,driver_29/route_17,driver_29,RIVIAN_R1_GEN1,2188.420,2188.4,636.4,takeover,or_v1
TAKE_00860,driver_29/route_17,driver_29,RIVIAN_R1_GEN1,2716.170,2716.2,108.7,takeover,or_v1
TAKE_00861,driver_29/route_18,driver_29,RIVIAN_R1_GEN1,147.460,147.5,179.0,takeover,or_v1
TAKE_00862,driver_29/route_18,driver_29,RIVIAN_R1_GEN1,320.110,320.1,6.3,takeover,or_v1
TAKE_00863,driver_60/route_1,driver_60,RIVIAN_R1_GEN1,43.690,43.7,677.0,takeover,or_v1
TAKE_00864,driver_60/route_1,driver_60,RIVIAN_R1_GEN1,93.350,93.3,627.3,takeover,or_v1
TAKE_00865,driver_60/route_1,driver_60,RIVIAN_R1_GEN1,156.260,156.3,564.4,takeover,or_v1
TAKE_00866,driver_60/route_1,driver_60,RIVIAN_R1_GEN1,206.310,206.3,514.4,takeover,or_v1
TAKE_00867,driver_60/route_1,driver_60,RIVIAN_R1_GEN1,306.650,306.6,414.0,takeover,or_v1
TAKE_00868,driver_60/route_1,driver_60,RIVIAN_R1_GEN1,397.240,397.2,323.5,takeover,or_v1
TAKE_00869,driver_60/route_1,driver_60,RIVIAN_R1_GEN1,511.080,511.1,209.6,takeover,or_v1
TAKE_00870,driver_60/route_1,driver_60,RIVIAN_R1_GEN1,581.090,581.1,139.6,takeover,or_v1
TAKE_00871,driver_60/route_2,driver_60,RIVIAN_R1_GEN1,13.240,13.2,6761.7,takeover,or_v1
TAKE_00872,driver_60/route_2,driver_60,RIVIAN_R1_GEN1,31.290,31.3,6743.6,takeover,or_v1
TAKE_00873,driver_60/route_2,driver_60,RIVIAN_R1_GEN1,119.380,119.4,6655.6,takeover,or_v1
TAKE_00874,driver_60/route_2,driver_60,RIVIAN_R1_GEN1,135.730,135.7,6639.2,takeover,or_v1
TAKE_00875,driver_60/route_2,driver_60,RIVIAN_R1_GEN1,159.220,159.2,6615.7,takeover,or_v1
TAKE_00876,driver_60/route_2,driver_60,RIVIAN_R1_GEN1,177.320,177.3,6597.6,takeover,or_v1
TAKE_00877,driver_60/route_2,driver_60,RIVIAN_R1_GEN1,223.870,223.9,6551.1,takeover,or_v1
TAKE_00878,driver_60/route_2,driver_60,RIVIAN_R1_GEN1,341.830,341.8,6433.1,takeover,or_v1
TAKE_00879,driver_60/route_2,driver_60,RIVIAN_R1_GEN1,401.290,401.3,6373.6,takeover,or_v1
TAKE_00880,driver_60/route_2,driver_60,RIVIAN_R1_GEN1,907.500,907.5,5867.4,takeover,or_v1
TAKE_00881,driver_60/route_2,driver_60,RIVIAN_R1_GEN1,1037.050,1037.0,5737.9,takeover,or_v1
TAKE_00882,driver_60/route_2,driver_60,RIVIAN_R1_GEN1,5867.520,5867.5,907.4,takeover,or_v1
TAKE_00883,driver_60/route_2,driver_60,RIVIAN_R1_GEN1,6628.870,6628.9,146.1,takeover,or_v1
TAKE_00884,driver_60/route_2,driver_60,RIVIAN_R1_GEN1,6653.430,6653.4,121.5,takeover,or_v1
TAKE_00885,driver_60/route_2,driver_60,RIVIAN_R1_GEN1,6667.770,6667.8,107.2,takeover,or_v1
TAKE_00886,driver_60/route_2,driver_60,RIVIAN_R1_GEN1,6718.070,6718.1,56.9,takeover,or_v1
TAKE_00887,driver_60/route_2,driver_60,RIVIAN_R1_GEN1,6732.660,6732.7,42.3,takeover,or_v1
TAKE_00888,driver_60/route_3,driver_60,RIVIAN_R1_GEN1,119.410,119.4,3196.9,takeover,or_v1
TAKE_00889,driver_60/route_3,driver_60,RIVIAN_R1_GEN1,137.640,137.6,3178.6,takeover,or_v1
TAKE_00890,driver_60/route_3,driver_60,RIVIAN_R1_GEN1,253.410,253.4,3062.9,takeover,or_v1
TAKE_00891,driver_60/route_3,driver_60,RIVIAN_R1_GEN1,356.410,356.4,2959.9,takeover,or_v1
TAKE_00892,driver_60/route_3,driver_60,RIVIAN_R1_GEN1,619.890,619.9,2696.4,takeover,or_v1
TAKE_00893,driver_60/route_3,driver_60,RIVIAN_R1_GEN1,893.320,893.3,2422.9,takeover,or_v1
TAKE_00894,driver_60/route_3,driver_60,RIVIAN_R1_GEN1,972.350,972.4,2343.9,takeover,or_v1
TAKE_00895,driver_60/route_3,driver_60,RIVIAN_R1_GEN1,1263.570,1263.6,2052.7,takeover,or_v1
TAKE_00896,driver_60/route_3,driver_60,RIVIAN_R1_GEN1,1321.570,1321.6,1994.7,takeover,or_v1
TAKE_00897,driver_60/route_3,driver_60,RIVIAN_R1_GEN1,1337.700,1337.7,1978.6,takeover,or_v1
TAKE_00898,driver_60/route_3,driver_60,RIVIAN_R1_GEN1,1395.520,1395.5,1920.8,takeover,or_v1
TAKE_00899,driver_118/route_2,driver_118,RIVIAN_R1_GEN1,174.170,174.2,65.8,takeover,or_v1
TAKE_00900,driver_118/route_3,driver_118,RIVIAN_R1_GEN1,233.260,233.3,507.1,takeover,or_v1
TAKE_00901,driver_118/route_3,driver_118,RIVIAN_R1_GEN1,547.860,547.9,192.5,takeover,or_v1
TAKE_00902,driver_119/route_1,driver_119,RIVIAN_R1_GEN1,927.790,927.8,92.3,takeover,or_v1
TAKE_00903,driver_119/route_1,driver_119,RIVIAN_R1_GEN1,1013.000,1013.0,7.1,takeover,or_v1
TAKE_00904,driver_13/route_2,driver_13,SKODA_SUPERB_MK3,57.370,57.4,483.2,takeover,or_v1
TAKE_00905,driver_13/route_4,driver_13,SKODA_SUPERB_MK3,55.200,55.2,4.8,takeover,or_v1
TAKE_00906,driver_2/route_1,driver_2,SUBARU_IMPREZA_2020,72.950,73.0,167.0,takeover,or_v1
TAKE_00907,driver_96/route_1,driver_96,SUBARU_IMPREZA_2020,44.250,44.2,75.8,takeover,or_v1
TAKE_00908,driver_34/route_1,driver_34,SUBARU_LEGACY_2025,95.590,95.6,924.4,takeover,or_v1
TAKE_00909,driver_34/route_1,driver_34,SUBARU_LEGACY_2025,108.130,108.1,911.9,takeover,or_v1
TAKE_00910,driver_34/route_1,driver_34,SUBARU_LEGACY_2025,121.350,121.3,898.6,takeover,or_v1
TAKE_00911,driver_40/route_2,driver_40,TESLA_AP3_MODEL_3,82.410,82.4,885.1,takeover,or_v1
TAKE_00912,driver_40/route_2,driver_40,TESLA_AP3_MODEL_3,142.650,142.7,824.9,takeover,or_v1
TAKE_00913,driver_40/route_2,driver_40,TESLA_AP3_MODEL_3,217.740,217.7,749.8,takeover,or_v1
TAKE_00914,driver_40/route_2,driver_40,TESLA_AP3_MODEL_3,334.580,334.6,633.0,takeover,or_v1
TAKE_00915,driver_40/route_2,driver_40,TESLA_AP3_MODEL_3,504.350,504.4,463.2,takeover,or_v1
TAKE_00916,driver_40/route_2,driver_40,TESLA_AP3_MODEL_3,612.660,612.7,354.9,takeover,or_v1
TAKE_00917,driver_40/route_2,driver_40,TESLA_AP3_MODEL_3,743.120,743.1,224.4,takeover,or_v1
TAKE_00918,driver_40/route_2,driver_40,TESLA_AP3_MODEL_3,788.770,788.8,178.8,takeover,or_v1
TAKE_00919,driver_40/route_2,driver_40,TESLA_AP3_MODEL_3,875.560,875.6,92.0,takeover,or_v1
TAKE_00920,driver_54/route_1,driver_54,TESLA_AP3_MODEL_3,2328.070,2328.1,3913.6,takeover,or_v1
TAKE_00921,driver_54/route_1,driver_54,TESLA_AP3_MODEL_3,3447.740,3447.7,2794.0,takeover,or_v1
TAKE_00922,driver_54/route_1,driver_54,TESLA_AP3_MODEL_3,3743.780,3743.8,2497.9,takeover,or_v1
TAKE_00923,driver_54/route_1,driver_54,TESLA_AP3_MODEL_3,5091.580,5091.6,1150.1,takeover,or_v1
TAKE_00924,driver_54/route_1,driver_54,TESLA_AP3_MODEL_3,5226.280,5226.3,1015.4,takeover,or_v1
TAKE_00925,driver_54/route_1,driver_54,TESLA_AP3_MODEL_3,5645.980,5646.0,595.7,takeover,or_v1
TAKE_00926,driver_54/route_3,driver_54,TESLA_AP3_MODEL_3,546.680,546.7,174.9,takeover,or_v1
TAKE_00927,driver_54/route_8,driver_54,TESLA_AP3_MODEL_3,42.000,42.0,1151.8,takeover,or_v1
TAKE_00928,driver_54/route_8,driver_54,TESLA_AP3_MODEL_3,942.980,943.0,250.8,takeover,or_v1
TAKE_00929,driver_54/route_9,driver_54,TESLA_AP3_MODEL_3,777.540,777.5,93.4,takeover,or_v1
TAKE_00930,driver_54/route_10,driver_54,TESLA_AP3_MODEL_3,1210.360,1210.4,86.6,takeover,or_v1
TAKE_00931,driver_54/route_11,driver_54,TESLA_AP3_MODEL_3,1414.310,1414.3,160.7,takeover,or_v1
TAKE_00932,driver_54/route_12,driver_54,TESLA_AP3_MODEL_3,368.160,368.2,1598.3,takeover,or_v1
TAKE_00933,driver_54/route_12,driver_54,TESLA_AP3_MODEL_3,517.870,517.9,1448.6,takeover,or_v1
TAKE_00934,driver_54/route_12,driver_54,TESLA_AP3_MODEL_3,1495.250,1495.2,471.2,takeover,or_v1
TAKE_00935,driver_54/route_12,driver_54,TESLA_AP3_MODEL_3,1730.530,1730.5,235.9,takeover,or_v1
TAKE_00936,driver_54/route_13,driver_54,TESLA_AP3_MODEL_3,1441.290,1441.3,187.9,takeover,or_v1
TAKE_00937,driver_54/route_14,driver_54,TESLA_AP3_MODEL_3,2384.690,2384.7,212.1,takeover,or_v1
TAKE_00938,driver_54/route_14,driver_54,TESLA_AP3_MODEL_3,2499.720,2499.7,97.1,takeover,or_v1
TAKE_00939,driver_54/route_17,driver_54,TESLA_AP3_MODEL_3,1313.400,1313.4,184.0,takeover,or_v1
TAKE_00940,driver_54/route_18,driver_54,TESLA_AP3_MODEL_3,1480.490,1480.5,64.6,takeover,or_v1
TAKE_00941,driver_54/route_19,driver_54,TESLA_AP3_MODEL_3,1758.590,1758.6,28.0,takeover,or_v1
TAKE_00942,driver_58/route_1,driver_58,TESLA_AP3_MODEL_3,41.160,41.2,288.4,takeover,or_v1
TAKE_00943,driver_58/route_1,driver_58,TESLA_AP3_MODEL_3,60.320,60.3,269.3,takeover,or_v1
TAKE_00944,driver_58/route_1,driver_58,TESLA_AP3_MODEL_3,99.600,99.6,230.0,takeover,or_v1
TAKE_00945,driver_58/route_1,driver_58,TESLA_AP3_MODEL_3,122.200,122.2,207.4,takeover,or_v1
TAKE_00946,driver_58/route_2,driver_58,TESLA_AP3_MODEL_3,317.490,317.5,687.1,takeover,or_v1
TAKE_00947,driver_58/route_2,driver_58,TESLA_AP3_MODEL_3,335.230,335.2,669.4,takeover,or_v1
TAKE_00948,driver_58/route_2,driver_58,TESLA_AP3_MODEL_3,471.580,471.6,533.0,takeover,or_v1
TAKE_00949,driver_58/route_2,driver_58,TESLA_AP3_MODEL_3,531.030,531.0,473.6,takeover,or_v1
TAKE_00950,driver_58/route_2,driver_58,TESLA_AP3_MODEL_3,827.830,827.8,176.8,takeover,or_v1
TAKE_00951,driver_58/route_2,driver_58,TESLA_AP3_MODEL_3,908.780,908.8,95.8,takeover,or_v1
TAKE_00952,driver_58/route_2,driver_58,TESLA_AP3_MODEL_3,945.970,946.0,58.6,takeover,or_v1
TAKE_00953,driver_72/route_1,driver_72,TESLA_AP3_MODEL_3,107.130,107.1,569.4,takeover,or_v1
TAKE_00954,driver_72/route_1,driver_72,TESLA_AP3_MODEL_3,373.620,373.6,302.9,takeover,or_v1
TAKE_00955,driver_72/route_1,driver_72,TESLA_AP3_MODEL_3,536.590,536.6,139.9,takeover,or_v1
TAKE_00956,driver_72/route_1,driver_72,TESLA_AP3_MODEL_3,602.970,603.0,73.5,takeover,or_v1
TAKE_00957,driver_72/route_1,driver_72,TESLA_AP3_MODEL_3,626.860,626.9,49.7,takeover,or_v1
TAKE_00958,driver_103/route_1,driver_103,TESLA_AP3_MODEL_3,265.470,265.5,873.2,takeover,or_v1
TAKE_00959,driver_103/route_1,driver_103,TESLA_AP3_MODEL_3,325.950,325.9,812.7,takeover,or_v1
TAKE_00960,driver_103/route_1,driver_103,TESLA_AP3_MODEL_3,365.870,365.9,772.8,takeover,or_v1
TAKE_00961,driver_103/route_1,driver_103,TESLA_AP3_MODEL_3,457.620,457.6,681.1,takeover,or_v1
TAKE_00962,driver_103/route_1,driver_103,TESLA_AP3_MODEL_3,540.320,540.3,598.4,takeover,or_v1
TAKE_00963,driver_103/route_1,driver_103,TESLA_AP3_MODEL_3,592.610,592.6,546.1,takeover,or_v1
TAKE_00964,driver_103/route_1,driver_103,TESLA_AP3_MODEL_3,627.020,627.0,511.7,takeover,or_v1
TAKE_00965,driver_103/route_1,driver_103,TESLA_AP3_MODEL_3,641.750,641.8,496.9,takeover,or_v1
TAKE_00966,driver_103/route_1,driver_103,TESLA_AP3_MODEL_3,902.290,902.3,236.4,takeover,or_v1
TAKE_00967,driver_103/route_1,driver_103,TESLA_AP3_MODEL_3,927.680,927.7,211.0,takeover,or_v1
TAKE_00968,driver_103/route_1,driver_103,TESLA_AP3_MODEL_3,1013.780,1013.8,124.9,takeover,or_v1
TAKE_00969,driver_103/route_2,driver_103,TESLA_AP3_MODEL_3,147.560,147.6,57.8,takeover,or_v1
TAKE_00970,driver_103/route_3,driver_103,TESLA_AP3_MODEL_3,25.140,25.1,2255.3,takeover,or_v1
TAKE_00971,driver_103/route_3,driver_103,TESLA_AP3_MODEL_3,78.120,78.1,2202.4,takeover,or_v1
TAKE_00972,driver_103/route_3,driver_103,TESLA_AP3_MODEL_3,188.870,188.9,2091.6,takeover,or_v1
TAKE_00973,driver_103/route_3,driver_103,TESLA_AP3_MODEL_3,222.390,222.4,2058.1,takeover,or_v1
TAKE_00974,driver_103/route_3,driver_103,TESLA_AP3_MODEL_3,463.670,463.7,1816.8,takeover,or_v1
TAKE_00975,driver_103/route_3,driver_103,TESLA_AP3_MODEL_3,507.330,507.3,1773.2,takeover,or_v1
TAKE_00976,driver_103/route_3,driver_103,TESLA_AP3_MODEL_3,525.430,525.4,1755.1,takeover,or_v1
TAKE_00977,driver_103/route_3,driver_103,TESLA_AP3_MODEL_3,695.240,695.2,1585.2,takeover,or_v1
TAKE_00978,driver_103/route_3,driver_103,TESLA_AP3_MODEL_3,868.000,868.0,1412.5,takeover,or_v1
TAKE_00979,driver_103/route_3,driver_103,TESLA_AP3_MODEL_3,1108.180,1108.2,1172.3,takeover,or_v1
TAKE_00980,driver_103/route_3,driver_103,TESLA_AP3_MODEL_3,1280.300,1280.3,1000.2,takeover,or_v1
TAKE_00981,driver_103/route_3,driver_103,TESLA_AP3_MODEL_3,1419.390,1419.4,861.1,takeover,or_v1
TAKE_00982,driver_103/route_3,driver_103,TESLA_AP3_MODEL_3,1451.590,1451.6,828.9,takeover,or_v1
TAKE_00983,driver_103/route_3,driver_103,TESLA_AP3_MODEL_3,1487.840,1487.8,792.6,takeover,or_v1
TAKE_00984,driver_103/route_3,driver_103,TESLA_AP3_MODEL_3,1671.140,1671.1,609.3,takeover,or_v1
TAKE_00985,driver_103/route_3,driver_103,TESLA_AP3_MODEL_3,1742.200,1742.2,538.3,takeover,or_v1
TAKE_00986,driver_103/route_3,driver_103,TESLA_AP3_MODEL_3,1863.920,1863.9,416.6,takeover,or_v1
TAKE_00987,driver_103/route_3,driver_103,TESLA_AP3_MODEL_3,1880.640,1880.6,399.8,takeover,or_v1
TAKE_00988,driver_103/route_3,driver_103,TESLA_AP3_MODEL_3,1910.470,1910.5,370.0,takeover,or_v1
TAKE_00989,driver_103/route_3,driver_103,TESLA_AP3_MODEL_3,1991.600,1991.6,288.9,takeover,or_v1
TAKE_00990,driver_103/route_3,driver_103,TESLA_AP3_MODEL_3,2011.920,2011.9,268.6,takeover,or_v1
TAKE_00991,driver_103/route_3,driver_103,TESLA_AP3_MODEL_3,2040.910,2040.9,239.6,takeover,or_v1
TAKE_00992,driver_103/route_3,driver_103,TESLA_AP3_MODEL_3,2106.520,2106.5,174.0,takeover,or_v1
TAKE_00993,driver_103/route_3,driver_103,TESLA_AP3_MODEL_3,2197.400,2197.4,83.1,takeover,or_v1
TAKE_00994,driver_103/route_3,driver_103,TESLA_AP3_MODEL_3,2227.780,2227.8,52.7,takeover,or_v1
TAKE_00995,driver_103/route_4,driver_103,TESLA_AP3_MODEL_3,527.150,527.1,1710.3,takeover,or_v1
TAKE_00996,driver_103/route_4,driver_103,TESLA_AP3_MODEL_3,603.130,603.1,1634.3,takeover,or_v1
TAKE_00997,driver_103/route_4,driver_103,TESLA_AP3_MODEL_3,644.440,644.4,1593.0,takeover,or_v1
TAKE_00998,driver_103/route_4,driver_103,TESLA_AP3_MODEL_3,695.640,695.6,1541.8,takeover,or_v1
TAKE_00999,driver_103/route_4,driver_103,TESLA_AP3_MODEL_3,715.920,715.9,1521.5,takeover,or_v1
TAKE_01000,driver_103/route_4,driver_103,TESLA_AP3_MODEL_3,1123.610,1123.6,1113.9,takeover,or_v1
TAKE_01001,driver_103/route_4,driver_103,TESLA_AP3_MODEL_3,1233.560,1233.6,1003.9,takeover,or_v1
TAKE_01002,driver_103/route_4,driver_103,TESLA_AP3_MODEL_3,1375.880,1375.9,861.6,takeover,or_v1
TAKE_01003,driver_103/route_4,driver_103,TESLA_AP3_MODEL_3,1402.700,1402.7,834.8,takeover,or_v1
TAKE_01004,driver_103/route_4,driver_103,TESLA_AP3_MODEL_3,1442.970,1443.0,794.5,takeover,or_v1
TAKE_01005,driver_103/route_4,driver_103,TESLA_AP3_MODEL_3,1465.170,1465.2,772.3,takeover,or_v1
TAKE_01006,driver_103/route_4,driver_103,TESLA_AP3_MODEL_3,1574.410,1574.4,663.0,takeover,or_v1
TAKE_01007,driver_103/route_4,driver_103,TESLA_AP3_MODEL_3,1584.230,1584.2,653.2,takeover,or_v1
TAKE_01008,driver_103/route_4,driver_103,TESLA_AP3_MODEL_3,1610.300,1610.3,627.2,takeover,or_v1
TAKE_01009,driver_103/route_4,driver_103,TESLA_AP3_MODEL_3,1641.110,1641.1,596.4,takeover,or_v1
TAKE_01010,driver_103/route_4,driver_103,TESLA_AP3_MODEL_3,1693.180,1693.2,544.3,takeover,or_v1
TAKE_01011,driver_103/route_4,driver_103,TESLA_AP3_MODEL_3,1729.070,1729.1,508.4,takeover,or_v1
TAKE_01012,driver_103/route_4,driver_103,TESLA_AP3_MODEL_3,1794.680,1794.7,442.8,takeover,or_v1
TAKE_01013,driver_103/route_4,driver_103,TESLA_AP3_MODEL_3,1851.020,1851.0,386.4,takeover,or_v1
TAKE_01014,driver_103/route_4,driver_103,TESLA_AP3_MODEL_3,2071.240,2071.2,166.2,takeover,or_v1
TAKE_01015,driver_109/route_1,driver_109,TESLA_MODELY,70.580,70.6,2805.7,takeover,or_v1
TAKE_01016,driver_109/route_1,driver_109,TESLA_MODELY,81.220,81.2,2795.0,takeover,or_v1
TAKE_01017,driver_109/route_1,driver_109,TESLA_MODELY,93.730,93.7,2782.5,takeover,or_v1
TAKE_01018,driver_109/route_1,driver_109,TESLA_MODELY,127.660,127.7,2748.6,takeover,or_v1
TAKE_01019,driver_109/route_1,driver_109,TESLA_MODELY,161.100,161.1,2715.1,takeover,or_v1
TAKE_01020,driver_109/route_1,driver_109,TESLA_MODELY,350.900,350.9,2525.3,takeover,or_v1
TAKE_01021,driver_109/route_1,driver_109,TESLA_MODELY,527.950,528.0,2348.3,takeover,or_v1
TAKE_01022,driver_109/route_1,driver_109,TESLA_MODELY,686.630,686.6,2189.6,takeover,or_v1
TAKE_01023,driver_109/route_1,driver_109,TESLA_MODELY,782.180,782.2,2094.1,takeover,or_v1
TAKE_01024,driver_109/route_1,driver_109,TESLA_MODELY,968.730,968.7,1907.5,takeover,or_v1
TAKE_01025,driver_109/route_1,driver_109,TESLA_MODELY,1397.830,1397.8,1478.4,takeover,or_v1
TAKE_01026,driver_109/route_1,driver_109,TESLA_MODELY,2433.430,2433.4,442.8,takeover,or_v1
TAKE_01027,driver_109/route_1,driver_109,TESLA_MODELY,2646.910,2646.9,229.3,takeover,or_v1
TAKE_01028,driver_109/route_1,driver_109,TESLA_MODELY,2775.910,2775.9,100.3,takeover,or_v1
TAKE_01029,driver_85/route_1,driver_85,TESLA_MODEL_S_RAVEN,305.420,305.4,355.5,takeover,or_v1
TAKE_01030,driver_5/route_1,driver_5,TOYOTA_COROLLA,76.540,76.5,417.4,takeover,or_v1
TAKE_01031,driver_5/route_1,driver_5,TOYOTA_COROLLA,142.280,142.3,351.7,takeover,or_v1
TAKE_01032,driver_5/route_1,driver_5,TOYOTA_COROLLA,167.420,167.4,326.6,takeover,or_v1
TAKE_01033,driver_5/route_1,driver_5,TOYOTA_COROLLA,207.620,207.6,286.4,takeover,or_v1
TAKE_01034,driver_5/route_1,driver_5,TOYOTA_COROLLA,265.840,265.8,228.1,takeover,or_v1
TAKE_01035,driver_5/route_1,driver_5,TOYOTA_COROLLA,350.110,350.1,143.9,takeover,or_v1
TAKE_01036,driver_5/route_1,driver_5,TOYOTA_COROLLA,420.790,420.8,73.2,takeover,or_v1
TAKE_01037,driver_5/route_1,driver_5,TOYOTA_COROLLA,483.690,483.7,10.3,takeover,or_v1
TAKE_01038,driver_5/route_3,driver_5,TOYOTA_COROLLA,31.680,31.7,328.3,takeover,or_v1
TAKE_01039,driver_8/route_1,driver_8,TOYOTA_COROLLA,137.700,137.7,9.7,takeover,or_v1
TAKE_01040,driver_33/route_1,driver_33,TOYOTA_COROLLA,619.720,619.7,160.7,takeover,or_v1
TAKE_01041,driver_33/route_1,driver_33,TOYOTA_COROLLA,726.680,726.7,53.7,takeover,or_v1
TAKE_01042,driver_35/route_1,driver_35,TOYOTA_COROLLA_TSS2,620.690,620.7,5859.4,takeover,or_v1
TAKE_01043,driver_90/route_1,driver_90,TOYOTA_COROLLA_TSS2,310.190,310.2,460.0,takeover,or_v1
TAKE_01044,driver_90/route_1,driver_90,TOYOTA_COROLLA_TSS2,499.320,499.3,270.8,takeover,or_v1
TAKE_01045,driver_90/route_1,driver_90,TOYOTA_COROLLA_TSS2,756.420,756.4,13.7,takeover,or_v1
TAKE_01046,driver_126/route_2,driver_126,TOYOTA_COROLLA_TSS2,62.550,62.5,57.5,takeover,or_v1
TAKE_01047,driver_78/route_1,driver_78,TOYOTA_HIGHLANDER_HYBRID_2020,946.910,946.9,118.2,takeover,or_v1
TAKE_01048,driver_78/route_1,driver_78,TOYOTA_HIGHLANDER_HYBRID_2020,966.590,966.6,98.6,takeover,or_v1
TAKE_01049,driver_78/route_1,driver_78,TOYOTA_HIGHLANDER_HYBRID_2020,974.070,974.1,91.1,takeover,or_v1
TAKE_01050,driver_114/route_2,driver_114,TOYOTA_HIGHLANDER_TSS2,35.680,35.7,127.0,takeover,or_v1
TAKE_01051,driver_114/route_2,driver_114,TOYOTA_HIGHLANDER_TSS2,155.140,155.1,7.5,takeover,or_v1
TAKE_01052,driver_114/route_3,driver_114,TOYOTA_HIGHLANDER_TSS2,46.240,46.2,14.2,takeover,or_v1
TAKE_01053,driver_28/route_1,driver_28,TOYOTA_PRIUS,750.360,750.4,1752.9,takeover,or_v1
TAKE_01054,driver_28/route_1,driver_28,TOYOTA_PRIUS,1117.290,1117.3,1385.9,takeover,or_v1
TAKE_01055,driver_28/route_1,driver_28,TOYOTA_PRIUS,2294.310,2294.3,208.9,takeover,or_v1
TAKE_01056,driver_28/route_2,driver_28,TOYOTA_PRIUS,1491.320,1491.3,369.6,takeover,or_v1
TAKE_01057,driver_28/route_2,driver_28,TOYOTA_PRIUS,1707.660,1707.7,153.2,takeover,or_v1
TAKE_01058,driver_57/route_1,driver_57,TOYOTA_PRIUS,517.980,518.0,159.6,takeover,or_v1
TAKE_01059,driver_75/route_2,driver_75,TOYOTA_PRIUS,76.530,76.5,1628.2,takeover,or_v1
TAKE_01060,driver_75/route_2,driver_75,TOYOTA_PRIUS,1271.560,1271.6,433.2,takeover,or_v1
TAKE_01061,driver_75/route_2,driver_75,TOYOTA_PRIUS,1533.890,1533.9,170.9,takeover,or_v1
TAKE_01062,driver_75/route_4,driver_75,TOYOTA_PRIUS,121.590,121.6,119.2,takeover,or_v1
TAKE_01063,driver_75/route_4,driver_75,TOYOTA_PRIUS,226.890,226.9,13.9,takeover,or_v1
TAKE_01064,driver_88/route_1,driver_88,TOYOTA_PRIUS,2070.900,2070.9,102.1,takeover,or_v1
TAKE_01065,driver_88/route_2,driver_88,TOYOTA_PRIUS,1326.180,1326.2,3952.0,takeover,or_v1
TAKE_01066,driver_88/route_2,driver_88,TOYOTA_PRIUS,1456.930,1456.9,3821.3,takeover,or_v1
TAKE_01067,driver_88/route_2,driver_88,TOYOTA_PRIUS,1501.800,1501.8,3776.4,takeover,or_v1
TAKE_01068,driver_88/route_2,driver_88,TOYOTA_PRIUS,2301.510,2301.5,2976.7,takeover,or_v1
TAKE_01069,driver_88/route_2,driver_88,TOYOTA_PRIUS,3182.560,3182.6,2095.6,takeover,or_v1
TAKE_01070,driver_88/route_2,driver_88,TOYOTA_PRIUS,3770.500,3770.5,1507.7,takeover,or_v1
TAKE_01071,driver_88/route_2,driver_88,TOYOTA_PRIUS,3775.110,3775.1,1503.1,takeover,or_v1
TAKE_01072,driver_88/route_2,driver_88,TOYOTA_PRIUS,4706.470,4706.5,571.7,takeover,or_v1
TAKE_01073,driver_88/route_2,driver_88,TOYOTA_PRIUS,4918.510,4918.5,359.7,takeover,or_v1
TAKE_01074,driver_88/route_2,driver_88,TOYOTA_PRIUS,5113.550,5113.6,164.6,takeover,or_v1
TAKE_01075,driver_88/route_2,driver_88,TOYOTA_PRIUS,5133.440,5133.4,144.8,takeover,or_v1
TAKE_01076,driver_88/route_2,driver_88,TOYOTA_PRIUS,5195.560,5195.6,82.6,takeover,or_v1
TAKE_01077,driver_88/route_3,driver_88,TOYOTA_PRIUS,64.830,64.8,201.7,takeover,or_v1
TAKE_01078,driver_88/route_3,driver_88,TOYOTA_PRIUS,254.410,254.4,12.1,takeover,or_v1
TAKE_01079,driver_88/route_4,driver_88,TOYOTA_PRIUS,153.750,153.8,632.8,takeover,or_v1
TAKE_01080,driver_88/route_4,driver_88,TOYOTA_PRIUS,223.680,223.7,562.9,takeover,or_v1
TAKE_01081,driver_88/route_4,driver_88,TOYOTA_PRIUS,244.760,244.8,541.8,takeover,or_v1
TAKE_01082,driver_88/route_4,driver_88,TOYOTA_PRIUS,359.250,359.2,427.3,takeover,or_v1
TAKE_01083,driver_88/route_4,driver_88,TOYOTA_PRIUS,410.230,410.2,376.4,takeover,or_v1
TAKE_01084,driver_88/route_4,driver_88,TOYOTA_PRIUS,633.440,633.4,153.1,takeover,or_v1
TAKE_01085,driver_88/route_5,driver_88,TOYOTA_PRIUS,126.150,126.2,367.8,takeover,or_v1
TAKE_01086,driver_88/route_5,driver_88,TOYOTA_PRIUS,289.620,289.6,204.4,takeover,or_v1
TAKE_01087,driver_88/route_5,driver_88,TOYOTA_PRIUS,366.940,366.9,127.1,takeover,or_v1
TAKE_01088,driver_88/route_5,driver_88,TOYOTA_PRIUS,439.480,439.5,54.5,takeover,or_v1
TAKE_01089,driver_88/route_5,driver_88,TOYOTA_PRIUS,484.810,484.8,9.2,takeover,or_v1
TAKE_01090,driver_88/route_6,driver_88,TOYOTA_PRIUS,1386.990,1387.0,113.2,takeover,or_v1
TAKE_01091,driver_88/route_6,driver_88,TOYOTA_PRIUS,1460.850,1460.8,39.4,takeover,or_v1
TAKE_01092,driver_88/route_7,driver_88,TOYOTA_PRIUS,279.300,279.3,702.5,takeover,or_v1
TAKE_01093,driver_88/route_7,driver_88,TOYOTA_PRIUS,353.960,354.0,627.8,takeover,or_v1
TAKE_01094,driver_88/route_7,driver_88,TOYOTA_PRIUS,453.310,453.3,528.5,takeover,or_v1
TAKE_01095,driver_88/route_7,driver_88,TOYOTA_PRIUS,527.140,527.1,454.6,takeover,or_v1
TAKE_01096,driver_88/route_7,driver_88,TOYOTA_PRIUS,678.680,678.7,303.1,takeover,or_v1
TAKE_01097,driver_88/route_7,driver_88,TOYOTA_PRIUS,935.540,935.5,46.2,takeover,or_v1
TAKE_01098,driver_88/route_8,driver_88,TOYOTA_PRIUS,415.770,415.8,103.1,takeover,or_v1
TAKE_01099,driver_88/route_8,driver_88,TOYOTA_PRIUS,479.480,479.5,39.4,takeover,or_v1
TAKE_01100,driver_88/route_9,driver_88,TOYOTA_PRIUS,88.290,88.3,32.5,takeover,or_v1
TAKE_01101,driver_88/route_11,driver_88,TOYOTA_PRIUS,121.840,121.8,45.5,takeover,or_v1
TAKE_01102,driver_88/route_11,driver_88,TOYOTA_PRIUS,165.200,165.2,2.2,takeover,or_v1
TAKE_01103,driver_88/route_12,driver_88,TOYOTA_PRIUS,172.590,172.6,127.6,takeover,or_v1
TAKE_01104,driver_88/route_14,driver_88,TOYOTA_PRIUS,135.340,135.3,421.0,takeover,or_v1
TAKE_01105,driver_88/route_14,driver_88,TOYOTA_PRIUS,401.150,401.1,155.2,takeover,or_v1
TAKE_01106,driver_88/route_14,driver_88,TOYOTA_PRIUS,487.130,487.1,69.2,takeover,or_v1
TAKE_01107,driver_88/route_15,driver_88,TOYOTA_PRIUS,95.530,95.5,448.5,takeover,or_v1
TAKE_01108,driver_88/route_15,driver_88,TOYOTA_PRIUS,121.670,121.7,422.3,takeover,or_v1
TAKE_01109,driver_88/route_15,driver_88,TOYOTA_PRIUS,157.860,157.9,386.2,takeover,or_v1
TAKE_01110,driver_88/route_15,driver_88,TOYOTA_PRIUS,231.600,231.6,312.4,takeover,or_v1
TAKE_01111,driver_88/route_15,driver_88,TOYOTA_PRIUS,465.640,465.6,78.4,takeover,or_v1
TAKE_01112,driver_88/route_15,driver_88,TOYOTA_PRIUS,515.510,515.5,28.5,takeover,or_v1
TAKE_01113,driver_88/route_16,driver_88,TOYOTA_PRIUS,103.030,103.0,499.5,takeover,or_v1
TAKE_01114,driver_88/route_16,driver_88,TOYOTA_PRIUS,235.740,235.7,366.8,takeover,or_v1
TAKE_01115,driver_88/route_16,driver_88,TOYOTA_PRIUS,268.500,268.5,334.0,takeover,or_v1
TAKE_01116,driver_88/route_16,driver_88,TOYOTA_PRIUS,402.010,402.0,200.5,takeover,or_v1
TAKE_01117,driver_88/route_16,driver_88,TOYOTA_PRIUS,529.490,529.5,73.0,takeover,or_v1
TAKE_01118,driver_46/route_1,driver_46,TOYOTA_RAV4_2017,218.020,218.0,413.7,takeover,or_v1
TAKE_01119,driver_46/route_1,driver_46,TOYOTA_RAV4_2017,508.230,508.2,123.5,takeover,or_v1
TAKE_01120,driver_46/route_1,driver_46,TOYOTA_RAV4_2017,557.160,557.2,74.6,takeover,or_v1
TAKE_01121,driver_32/route_1,driver_32,TOYOTA_RAV4_PRIME,1132.060,1132.1,171.5,takeover,or_v1
TAKE_01122,driver_32/route_2,driver_32,TOYOTA_RAV4_PRIME,406.160,406.2,37.9,takeover,or_v1
TAKE_01123,driver_80/route_1,driver_80,TOYOTA_RAV4_PRIME,599.340,599.3,121.8,takeover,or_v1
TAKE_01124,driver_120/route_1,driver_120,TOYOTA_YARIS,80.370,80.4,40.0,takeover,or_v1
TAKE_01125,driver_120/route_2,driver_120,TOYOTA_YARIS,239.360,239.4,3.0,takeover,or_v1
TAKE_01126,driver_120/route_3,driver_120,TOYOTA_YARIS,37.510,37.5,440.6,takeover,or_v1
TAKE_01127,driver_120/route_3,driver_120,TOYOTA_YARIS,145.300,145.3,332.8,takeover,or_v1
TAKE_01128,driver_120/route_3,driver_120,TOYOTA_YARIS,195.790,195.8,282.3,takeover,or_v1
TAKE_01129,driver_120/route_3,driver_120,TOYOTA_YARIS,365.330,365.3,112.8,takeover,or_v1
TAKE_01130,driver_120/route_3,driver_120,TOYOTA_YARIS,475.050,475.1,3.1,takeover,or_v1
TAKE_01131,driver_120/route_4,driver_120,TOYOTA_YARIS,194.850,194.8,545.9,takeover,or_v1
TAKE_01132,driver_120/route_4,driver_120,TOYOTA_YARIS,337.600,337.6,403.1,takeover,or_v1
TAKE_01133,driver_120/route_4,driver_120,TOYOTA_YARIS,463.760,463.8,277.0,takeover,or_v1
TAKE_01134,driver_120/route_4,driver_120,TOYOTA_YARIS,491.220,491.2,249.5,takeover,or_v1
TAKE_01135,driver_120/route_4,driver_120,TOYOTA_YARIS,561.380,561.4,179.4,takeover,or_v1
TAKE_01136,driver_120/route_4,driver_120,TOYOTA_YARIS,734.600,734.6,6.1,takeover,or_v1
TAKE_01137,driver_120/route_5,driver_120,TOYOTA_YARIS,279.180,279.2,86.9,takeover,or_v1
TAKE_01138,driver_120/route_5,driver_120,TOYOTA_YARIS,339.020,339.0,27.1,takeover,or_v1
TAKE_01139,driver_16/route_1,driver_16,Unknown,963.580,963.6,1279.3,takeover,or_v1
TAKE_01140,driver_16/route_1,driver_16,Unknown,1151.020,1151.0,1091.9,takeover,or_v1
TAKE_01141,driver_16/route_1,driver_16,Unknown,1212.490,1212.5,1030.4,takeover,or_v1
TAKE_01142,driver_16/route_1,driver_16,Unknown,1793.090,1793.1,449.8,takeover,or_v1
TAKE_01143,driver_16/route_1,driver_16,Unknown,2197.230,2197.2,45.7,takeover,or_v1
TAKE_01144,driver_16/route_2,driver_16,Unknown,313.900,313.9,1372.3,takeover,or_v1
TAKE_01145,driver_16/route_2,driver_16,Unknown,1054.910,1054.9,631.3,takeover,or_v1
TAKE_01146,driver_16/route_2,driver_16,Unknown,1243.080,1243.1,443.2,takeover,or_v1
TAKE_01147,driver_16/route_2,driver_16,Unknown,1642.030,1642.0,44.2,takeover,or_v1
TAKE_01148,driver_16/route_2,driver_16,Unknown,1656.260,1656.3,30.0,takeover,or_v1
TAKE_01149,driver_87/route_1,driver_87,Unknown,302.250,302.2,1142.8,takeover,or_v1
TAKE_01150,driver_87/route_1,driver_87,Unknown,621.760,621.8,823.2,takeover,or_v1
TAKE_01151,driver_87/route_1,driver_87,Unknown,750.800,750.8,694.2,takeover,or_v1
TAKE_01152,driver_87/route_1,driver_87,Unknown,764.940,764.9,680.1,takeover,or_v1
TAKE_01153,driver_87/route_1,driver_87,Unknown,1208.690,1208.7,236.3,takeover,or_v1
TAKE_01154,driver_113/route_1,driver_113,Unknown,188.290,188.3,4791.7,takeover,or_v1
TAKE_01155,driver_113/route_1,driver_113,Unknown,412.200,412.2,4567.8,takeover,or_v1
TAKE_01156,driver_113/route_1,driver_113,Unknown,972.440,972.4,4007.5,takeover,or_v1
TAKE_01157,driver_113/route_1,driver_113,Unknown,1855.960,1856.0,3124.0,takeover,or_v1
TAKE_01158,driver_113/route_1,driver_113,Unknown,2631.220,2631.2,2348.7,takeover,or_v1
TAKE_01159,driver_113/route_1,driver_113,Unknown,2656.380,2656.4,2323.6,takeover,or_v1
TAKE_01160,driver_113/route_1,driver_113,Unknown,2676.800,2676.8,2303.1,takeover,or_v1
TAKE_01161,driver_113/route_1,driver_113,Unknown,2681.190,2681.2,2298.8,takeover,or_v1
TAKE_01162,driver_113/route_1,driver_113,Unknown,2692.430,2692.4,2287.5,takeover,or_v1
TAKE_01163,driver_113/route_1,driver_113,Unknown,2704.080,2704.1,2275.9,takeover,or_v1
TAKE_01164,driver_113/route_1,driver_113,Unknown,2740.740,2740.7,2239.2,takeover,or_v1
TAKE_01165,driver_113/route_1,driver_113,Unknown,2791.300,2791.3,2188.6,takeover,or_v1
TAKE_01166,driver_113/route_1,driver_113,Unknown,3374.310,3374.3,1605.6,takeover,or_v1
TAKE_01167,driver_31/route_1,driver_31,VOLKSWAGEN_ATLAS_MK1,171.710,171.7,491.7,takeover,or_v1
TAKE_01168,driver_31/route_1,driver_31,VOLKSWAGEN_ATLAS_MK1,199.350,199.3,464.1,takeover,or_v1
TAKE_01169,driver_31/route_1,driver_31,VOLKSWAGEN_ATLAS_MK1,587.620,587.6,75.8,takeover,or_v1
TAKE_01170,driver_31/route_2,driver_31,VOLKSWAGEN_ATLAS_MK1,723.930,723.9,302.8,takeover,or_v1
TAKE_01171,driver_31/route_3,driver_31,VOLKSWAGEN_ATLAS_MK1,524.740,524.7,409.0,takeover,or_v1
TAKE_01172,driver_31/route_3,driver_31,VOLKSWAGEN_ATLAS_MK1,695.580,695.6,238.1,takeover,or_v1
TAKE_01173,driver_31/route_3,driver_31,VOLKSWAGEN_ATLAS_MK1,707.960,708.0,225.7,takeover,or_v1
TAKE_01174,driver_31/route_4,driver_31,VOLKSWAGEN_ATLAS_MK1,348.010,348.0,1128.2,takeover,or_v1
TAKE_01175,driver_31/route_4,driver_31,VOLKSWAGEN_ATLAS_MK1,613.890,613.9,862.3,takeover,or_v1
TAKE_01176,driver_31/route_4,driver_31,VOLKSWAGEN_ATLAS_MK1,862.880,862.9,613.3,takeover,or_v1
TAKE_01177,driver_31/route_4,driver_31,VOLKSWAGEN_ATLAS_MK1,1175.000,1175.0,301.2,takeover,or_v1
TAKE_01178,driver_31/route_4,driver_31,VOLKSWAGEN_ATLAS_MK1,1364.010,1364.0,112.2,takeover,or_v1
TAKE_01179,driver_31/route_6,driver_31,VOLKSWAGEN_ATLAS_MK1,598.350,598.4,644.5,takeover,or_v1
TAKE_01180,driver_31/route_6,driver_31,VOLKSWAGEN_ATLAS_MK1,703.910,703.9,539.0,takeover,or_v1
TAKE_01181,driver_31/route_6,driver_31,VOLKSWAGEN_ATLAS_MK1,851.850,851.9,391.0,takeover,or_v1
TAKE_01182,driver_31/route_6,driver_31,VOLKSWAGEN_ATLAS_MK1,903.650,903.6,339.2,takeover,or_v1
TAKE_01183,driver_31/route_6,driver_31,VOLKSWAGEN_ATLAS_MK1,953.670,953.7,289.2,takeover,or_v1
TAKE_01184,driver_31/route_7,driver_31,VOLKSWAGEN_ATLAS_MK1,572.610,572.6,7788.3,takeover,or_v1
TAKE_01185,driver_31/route_7,driver_31,VOLKSWAGEN_ATLAS_MK1,722.210,722.2,7638.7,takeover,or_v1
TAKE_01186,driver_31/route_7,driver_31,VOLKSWAGEN_ATLAS_MK1,800.820,800.8,7560.1,takeover,or_v1
TAKE_01187,driver_31/route_7,driver_31,VOLKSWAGEN_ATLAS_MK1,855.790,855.8,7505.1,takeover,or_v1
TAKE_01188,driver_31/route_7,driver_31,VOLKSWAGEN_ATLAS_MK1,1143.590,1143.6,7217.3,takeover,or_v1
TAKE_01189,driver_31/route_7,driver_31,VOLKSWAGEN_ATLAS_MK1,1210.480,1210.5,7150.4,takeover,or_v1
TAKE_01190,driver_31/route_7,driver_31,VOLKSWAGEN_ATLAS_MK1,1281.000,1281.0,7079.9,takeover,or_v1
TAKE_01191,driver_31/route_7,driver_31,VOLKSWAGEN_ATLAS_MK1,1389.780,1389.8,6971.1,takeover,or_v1
TAKE_01192,driver_31/route_7,driver_31,VOLKSWAGEN_ATLAS_MK1,1478.580,1478.6,6882.3,takeover,or_v1
TAKE_01193,driver_31/route_7,driver_31,VOLKSWAGEN_ATLAS_MK1,1513.980,1514.0,6846.9,takeover,or_v1
TAKE_01194,driver_31/route_7,driver_31,VOLKSWAGEN_ATLAS_MK1,1591.260,1591.3,6769.6,takeover,or_v1
TAKE_01195,driver_31/route_7,driver_31,VOLKSWAGEN_ATLAS_MK1,1658.420,1658.4,6702.5,takeover,or_v1
TAKE_01196,driver_31/route_7,driver_31,VOLKSWAGEN_ATLAS_MK1,1819.920,1819.9,6541.0,takeover,or_v1
TAKE_01197,driver_31/route_7,driver_31,VOLKSWAGEN_ATLAS_MK1,1857.440,1857.4,6503.4,takeover,or_v1
TAKE_01198,driver_31/route_7,driver_31,VOLKSWAGEN_ATLAS_MK1,1924.070,1924.1,6436.8,takeover,or_v1
TAKE_01199,driver_31/route_7,driver_31,VOLKSWAGEN_ATLAS_MK1,1969.350,1969.3,6391.5,takeover,or_v1
TAKE_01200,driver_31/route_7,driver_31,VOLKSWAGEN_ATLAS_MK1,2314.610,2314.6,6046.3,takeover,or_v1
TAKE_01201,driver_31/route_7,driver_31,VOLKSWAGEN_ATLAS_MK1,2636.620,2636.6,5724.3,takeover,or_v1
TAKE_01202,driver_31/route_7,driver_31,VOLKSWAGEN_ATLAS_MK1,2712.730,2712.7,5648.1,takeover,or_v1
TAKE_01203,driver_31/route_7,driver_31,VOLKSWAGEN_ATLAS_MK1,2847.030,2847.0,5513.8,takeover,or_v1
TAKE_01204,driver_31/route_7,driver_31,VOLKSWAGEN_ATLAS_MK1,2964.170,2964.2,5396.7,takeover,or_v1
TAKE_01205,driver_31/route_7,driver_31,VOLKSWAGEN_ATLAS_MK1,3047.700,3047.7,5313.2,takeover,or_v1
TAKE_01206,driver_31/route_7,driver_31,VOLKSWAGEN_ATLAS_MK1,3756.810,3756.8,4604.1,takeover,or_v1
TAKE_01207,driver_31/route_7,driver_31,VOLKSWAGEN_ATLAS_MK1,4048.380,4048.4,4312.5,takeover,or_v1
TAKE_01208,driver_31/route_7,driver_31,VOLKSWAGEN_ATLAS_MK1,4102.040,4102.0,4258.8,takeover,or_v1
TAKE_01209,driver_31/route_7,driver_31,VOLKSWAGEN_ATLAS_MK1,4398.130,4398.1,3962.7,takeover,or_v1
TAKE_01210,driver_31/route_7,driver_31,VOLKSWAGEN_ATLAS_MK1,4495.810,4495.8,3865.1,takeover,or_v1
TAKE_01211,driver_31/route_7,driver_31,VOLKSWAGEN_ATLAS_MK1,4709.330,4709.3,3651.5,takeover,or_v1
TAKE_01212,driver_31/route_7,driver_31,VOLKSWAGEN_ATLAS_MK1,5139.800,5139.8,3221.1,takeover,or_v1
TAKE_01213,driver_31/route_7,driver_31,VOLKSWAGEN_ATLAS_MK1,5430.770,5430.8,2930.1,takeover,or_v1
TAKE_01214,driver_31/route_7,driver_31,VOLKSWAGEN_ATLAS_MK1,5452.890,5452.9,2908.0,takeover,or_v1
TAKE_01215,driver_31/route_7,driver_31,VOLKSWAGEN_ATLAS_MK1,5501.290,5501.3,2859.6,takeover,or_v1
TAKE_01216,driver_31/route_7,driver_31,VOLKSWAGEN_ATLAS_MK1,5686.100,5686.1,2674.8,takeover,or_v1
TAKE_01217,driver_31/route_7,driver_31,VOLKSWAGEN_ATLAS_MK1,5954.520,5954.5,2406.4,takeover,or_v1
TAKE_01218,driver_31/route_7,driver_31,VOLKSWAGEN_ATLAS_MK1,5974.550,5974.6,2386.3,takeover,or_v1
TAKE_01219,driver_31/route_7,driver_31,VOLKSWAGEN_ATLAS_MK1,6050.790,6050.8,2310.1,takeover,or_v1
TAKE_01220,driver_31/route_7,driver_31,VOLKSWAGEN_ATLAS_MK1,6252.170,6252.2,2108.7,takeover,or_v1
TAKE_01221,driver_31/route_7,driver_31,VOLKSWAGEN_ATLAS_MK1,6420.620,6420.6,1940.3,takeover,or_v1
TAKE_01222,driver_31/route_7,driver_31,VOLKSWAGEN_ATLAS_MK1,6561.480,6561.5,1799.4,takeover,or_v1
TAKE_01223,driver_31/route_7,driver_31,VOLKSWAGEN_ATLAS_MK1,6689.520,6689.5,1671.4,takeover,or_v1
TAKE_01224,driver_31/route_7,driver_31,VOLKSWAGEN_ATLAS_MK1,6720.240,6720.2,1640.6,takeover,or_v1
TAKE_01225,driver_31/route_7,driver_31,VOLKSWAGEN_ATLAS_MK1,6880.170,6880.2,1480.7,takeover,or_v1
TAKE_01226,driver_31/route_7,driver_31,VOLKSWAGEN_ATLAS_MK1,7269.140,7269.1,1091.7,takeover,or_v1
TAKE_01227,driver_31/route_7,driver_31,VOLKSWAGEN_ATLAS_MK1,7523.850,7523.9,837.0,takeover,or_v1
TAKE_01228,driver_31/route_7,driver_31,VOLKSWAGEN_ATLAS_MK1,7579.430,7579.4,781.4,takeover,or_v1
TAKE_01229,driver_31/route_7,driver_31,VOLKSWAGEN_ATLAS_MK1,7656.630,7656.6,704.2,takeover,or_v1
TAKE_01230,driver_31/route_7,driver_31,VOLKSWAGEN_ATLAS_MK1,7711.570,7711.6,649.3,takeover,or_v1
TAKE_01231,driver_31/route_7,driver_31,VOLKSWAGEN_ATLAS_MK1,7838.130,7838.1,522.7,takeover,or_v1
TAKE_01232,driver_31/route_7,driver_31,VOLKSWAGEN_ATLAS_MK1,7909.200,7909.2,451.7,takeover,or_v1
TAKE_01233,driver_31/route_7,driver_31,VOLKSWAGEN_ATLAS_MK1,7925.530,7925.5,435.3,takeover,or_v1
TAKE_01234,driver_31/route_7,driver_31,VOLKSWAGEN_ATLAS_MK1,8027.300,8027.3,333.6,takeover,or_v1
TAKE_01235,driver_31/route_7,driver_31,VOLKSWAGEN_ATLAS_MK1,8125.420,8125.4,235.5,takeover,or_v1
TAKE_01236,driver_31/route_8,driver_31,VOLKSWAGEN_ATLAS_MK1,499.620,499.6,1361.4,takeover,or_v1
TAKE_01237,driver_31/route_8,driver_31,VOLKSWAGEN_ATLAS_MK1,579.530,579.5,1281.5,takeover,or_v1
TAKE_01238,driver_31/route_8,driver_31,VOLKSWAGEN_ATLAS_MK1,611.010,611.0,1250.0,takeover,or_v1
TAKE_01239,driver_31/route_8,driver_31,VOLKSWAGEN_ATLAS_MK1,714.830,714.8,1146.2,takeover,or_v1
TAKE_01240,driver_31/route_9,driver_31,VOLKSWAGEN_ATLAS_MK1,186.060,186.1,1074.7,takeover,or_v1
TAKE_01241,driver_31/route_9,driver_31,VOLKSWAGEN_ATLAS_MK1,642.950,643.0,617.8,takeover,or_v1
TAKE_01242,driver_31/route_9,driver_31,VOLKSWAGEN_ATLAS_MK1,738.070,738.1,522.7,takeover,or_v1
TAKE_01243,driver_31/route_9,driver_31,VOLKSWAGEN_ATLAS_MK1,920.940,920.9,339.8,takeover,or_v1
TAKE_01244,driver_31/route_9,driver_31,VOLKSWAGEN_ATLAS_MK1,1005.800,1005.8,255.0,takeover,or_v1
TAKE_01245,driver_31/route_9,driver_31,VOLKSWAGEN_ATLAS_MK1,1100.220,1100.2,160.5,takeover,or_v1
TAKE_01246,driver_31/route_9,driver_31,VOLKSWAGEN_ATLAS_MK1,1195.320,1195.3,65.4,takeover,or_v1
TAKE_01247,driver_127/route_1,driver_127,VOLKSWAGEN_CADDY_3RD-GEN,63.700,63.7,108.5,takeover,or_v1
TAKE_01248,driver_127/route_1,driver_127,VOLKSWAGEN_CADDY_3RD-GEN,79.510,79.5,92.7,takeover,or_v1
TAKE_01249,driver_127/route_1,driver_127,VOLKSWAGEN_CADDY_3RD-GEN,129.960,130.0,42.3,takeover,or_v1
TAKE_01250,driver_127/route_1,driver_127,VOLKSWAGEN_CADDY_3RD-GEN,143.260,143.3,29.0,takeover,or_v1
TAKE_01251,driver_127/route_2,driver_127,VOLKSWAGEN_CADDY_3RD-GEN,402.890,402.9,1278.1,takeover,or_v1
TAKE_01252,driver_127/route_2,driver_127,VOLKSWAGEN_CADDY_3RD-GEN,412.000,412.0,1269.0,takeover,or_v1
TAKE_01253,driver_127/route_2,driver_127,VOLKSWAGEN_CADDY_3RD-GEN,739.210,739.2,941.8,takeover,or_v1
TAKE_01254,driver_127/route_2,driver_127,VOLKSWAGEN_CADDY_3RD-GEN,1110.670,1110.7,570.3,takeover,or_v1
TAKE_01255,driver_127/route_2,driver_127,VOLKSWAGEN_CADDY_3RD-GEN,1393.310,1393.3,287.7,takeover,or_v1
TAKE_01256,driver_127/route_2,driver_127,VOLKSWAGEN_CADDY_3RD-GEN,1556.180,1556.2,124.8,takeover,or_v1
TAKE_01257,driver_22/route_1,driver_22,VOLKSWAGEN_GOLF_MK7,109.530,109.5,130.8,takeover,or_v1
TAKE_01258,driver_22/route_1,driver_22,VOLKSWAGEN_GOLF_MK7,166.680,166.7,73.7,takeover,or_v1
TAKE_01259,driver_125/route_1,driver_125,VOLKSWAGEN_ID4_MK1,1060.640,1060.6,21.7,takeover,or_v1
TAKE_01260,driver_92/route_1,driver_92,VOLKSWAGEN_JETTA_MK7,131.080,131.1,273.9,takeover,or_v1
TAKE_01261,driver_92/route_1,driver_92,VOLKSWAGEN_JETTA_MK7,301.190,301.2,103.8,takeover,or_v1
TAKE_01262,driver_92/route_2,driver_92,VOLKSWAGEN_JETTA_MK7,105.900,105.9,341.0,takeover,or_v1
TAKE_01263,driver_92/route_2,driver_92,VOLKSWAGEN_JETTA_MK7,253.940,253.9,192.9,takeover,or_v1
TAKE_01264,driver_92/route_2,driver_92,VOLKSWAGEN_JETTA_MK7,307.820,307.8,139.0,takeover,or_v1
TAKE_01265,driver_92/route_2,driver_92,VOLKSWAGEN_JETTA_MK7,357.310,357.3,89.5,takeover,or_v1
TAKE_01266,driver_92/route_3,driver_92,VOLKSWAGEN_JETTA_MK7,79.640,79.6,2219.7,takeover,or_v1
TAKE_01267,driver_92/route_3,driver_92,VOLKSWAGEN_JETTA_MK7,176.780,176.8,2122.5,takeover,or_v1
TAKE_01268,driver_92/route_3,driver_92,VOLKSWAGEN_JETTA_MK7,284.590,284.6,2014.7,takeover,or_v1
TAKE_01269,driver_92/route_3,driver_92,VOLKSWAGEN_JETTA_MK7,328.820,328.8,1970.5,takeover,or_v1
TAKE_01270,driver_92/route_3,driver_92,VOLKSWAGEN_JETTA_MK7,507.160,507.2,1792.2,takeover,or_v1
TAKE_01271,driver_92/route_3,driver_92,VOLKSWAGEN_JETTA_MK7,573.340,573.3,1726.0,takeover,or_v1
TAKE_01272,driver_92/route_3,driver_92,VOLKSWAGEN_JETTA_MK7,618.280,618.3,1681.0,takeover,or_v1
TAKE_01273,driver_92/route_3,driver_92,VOLKSWAGEN_JETTA_MK7,662.160,662.2,1637.2,takeover,or_v1
TAKE_01274,driver_92/route_3,driver_92,VOLKSWAGEN_JETTA_MK7,726.360,726.4,1573.0,takeover,or_v1
TAKE_01275,driver_92/route_3,driver_92,VOLKSWAGEN_JETTA_MK7,769.310,769.3,1530.0,takeover,or_v1
TAKE_01276,driver_92/route_3,driver_92,VOLKSWAGEN_JETTA_MK7,782.490,782.5,1516.8,takeover,or_v1
TAKE_01277,driver_92/route_3,driver_92,VOLKSWAGEN_JETTA_MK7,798.610,798.6,1500.7,takeover,or_v1
TAKE_01278,driver_92/route_3,driver_92,VOLKSWAGEN_JETTA_MK7,829.710,829.7,1469.6,takeover,or_v1
TAKE_01279,driver_92/route_3,driver_92,VOLKSWAGEN_JETTA_MK7,866.530,866.5,1432.8,takeover,or_v1
TAKE_01280,driver_92/route_3,driver_92,VOLKSWAGEN_JETTA_MK7,924.920,924.9,1374.4,takeover,or_v1
TAKE_01281,driver_92/route_3,driver_92,VOLKSWAGEN_JETTA_MK7,1037.630,1037.6,1261.7,takeover,or_v1
TAKE_01282,driver_92/route_3,driver_92,VOLKSWAGEN_JETTA_MK7,1105.120,1105.1,1194.2,takeover,or_v1
TAKE_01283,driver_92/route_3,driver_92,VOLKSWAGEN_JETTA_MK7,1164.300,1164.3,1135.0,takeover,or_v1
TAKE_01284,driver_92/route_3,driver_92,VOLKSWAGEN_JETTA_MK7,1259.900,1259.9,1039.4,takeover,or_v1
TAKE_01285,driver_92/route_3,driver_92,VOLKSWAGEN_JETTA_MK7,1366.220,1366.2,933.1,takeover,or_v1
TAKE_01286,driver_92/route_3,driver_92,VOLKSWAGEN_JETTA_MK7,1491.220,1491.2,808.1,takeover,or_v1
TAKE_01287,driver_92/route_3,driver_92,VOLKSWAGEN_JETTA_MK7,1512.510,1512.5,786.8,takeover,or_v1
TAKE_01288,driver_92/route_3,driver_92,VOLKSWAGEN_JETTA_MK7,1528.430,1528.4,770.9,takeover,or_v1
TAKE_01289,driver_92/route_3,driver_92,VOLKSWAGEN_JETTA_MK7,1573.010,1573.0,726.3,takeover,or_v1
TAKE_01290,driver_92/route_3,driver_92,VOLKSWAGEN_JETTA_MK7,1585.590,1585.6,713.7,takeover,or_v1
TAKE_01291,driver_92/route_3,driver_92,VOLKSWAGEN_JETTA_MK7,1626.930,1626.9,672.4,takeover,or_v1
TAKE_01292,driver_92/route_3,driver_92,VOLKSWAGEN_JETTA_MK7,1666.050,1666.0,633.3,takeover,or_v1
TAKE_01293,driver_92/route_3,driver_92,VOLKSWAGEN_JETTA_MK7,1799.550,1799.5,499.8,takeover,or_v1
TAKE_01294,driver_92/route_3,driver_92,VOLKSWAGEN_JETTA_MK7,2011.020,2011.0,288.3,takeover,or_v1
TAKE_01295,driver_92/route_3,driver_92,VOLKSWAGEN_JETTA_MK7,2103.260,2103.3,196.1,takeover,or_v1
TAKE_01296,driver_92/route_3,driver_92,VOLKSWAGEN_JETTA_MK7,2141.000,2141.0,158.3,takeover,or_v1
TAKE_01297,driver_92/route_4,driver_92,VOLKSWAGEN_JETTA_MK7,20.730,20.7,61.2,takeover,or_v1
TAKE_01298,driver_92/route_4,driver_92,VOLKSWAGEN_JETTA_MK7,64.850,64.8,17.1,takeover,or_v1
TAKE_01299,driver_92/route_5,driver_92,VOLKSWAGEN_JETTA_MK7,34.130,34.1,85.9,takeover,or_v1
TAKE_01300,driver_92/route_5,driver_92,VOLKSWAGEN_JETTA_MK7,105.470,105.5,14.5,takeover,or_v1
TAKE_01301,driver_92/route_6,driver_92,VOLKSWAGEN_JETTA_MK7,185.250,185.2,174.7,takeover,or_v1
TAKE_01302,driver_92/route_6,driver_92,VOLKSWAGEN_JETTA_MK7,355.600,355.6,4.4,takeover,or_v1
TAKE_01303,driver_92/route_7,driver_92,VOLKSWAGEN_JETTA_MK7,113.000,113.0,52.9,takeover,or_v1
TAKE_01304,driver_44/route_1,driver_44,VOLKSWAGEN_PASSAT_MK8,593.450,593.5,20069.7,takeover,or_v1
TAKE_01305,driver_44/route_1,driver_44,VOLKSWAGEN_PASSAT_MK8,765.120,765.1,19898.0,takeover,or_v1
TAKE_01306,driver_44/route_1,driver_44,VOLKSWAGEN_PASSAT_MK8,954.020,954.0,19709.1,takeover,or_v1
TAKE_01307,driver_44/route_1,driver_44,VOLKSWAGEN_PASSAT_MK8,1063.270,1063.3,19599.9,takeover,or_v1
TAKE_01308,driver_44/route_1,driver_44,VOLKSWAGEN_PASSAT_MK8,1134.310,1134.3,19528.8,takeover,or_v1
TAKE_01309,driver_44/route_1,driver_44,VOLKSWAGEN_PASSAT_MK8,1423.840,1423.8,19239.3,takeover,or_v1
TAKE_01310,driver_44/route_1,driver_44,VOLKSWAGEN_PASSAT_MK8,1610.300,1610.3,19052.8,takeover,or_v1
TAKE_01311,driver_44/route_1,driver_44,VOLKSWAGEN_PASSAT_MK8,1812.950,1813.0,18850.2,takeover,or_v1
TAKE_01312,driver_44/route_1,driver_44,VOLKSWAGEN_PASSAT_MK8,2440.180,2440.2,18223.0,takeover,or_v1
TAKE_01313,driver_44/route_1,driver_44,VOLKSWAGEN_PASSAT_MK8,2461.000,2461.0,18202.1,takeover,or_v1
TAKE_01314,driver_44/route_1,driver_44,VOLKSWAGEN_PASSAT_MK8,2629.850,2629.8,18033.3,takeover,or_v1
TAKE_01315,driver_44/route_1,driver_44,VOLKSWAGEN_PASSAT_MK8,3413.400,3413.4,17249.7,takeover,or_v1
TAKE_01316,driver_44/route_1,driver_44,VOLKSWAGEN_PASSAT_MK8,3472.520,3472.5,17190.6,takeover,or_v1
TAKE_01317,driver_44/route_1,driver_44,VOLKSWAGEN_PASSAT_MK8,3782.700,3782.7,16880.4,takeover,or_v1
TAKE_01318,driver_44/route_1,driver_44,VOLKSWAGEN_PASSAT_MK8,3947.480,3947.5,16715.7,takeover,or_v1
TAKE_01319,driver_44/route_1,driver_44,VOLKSWAGEN_PASSAT_MK8,3971.440,3971.4,16691.7,takeover,or_v1
TAKE_01320,driver_44/route_1,driver_44,VOLKSWAGEN_PASSAT_MK8,4451.860,4451.9,16211.3,takeover,or_v1
TAKE_01321,driver_44/route_1,driver_44,VOLKSWAGEN_PASSAT_MK8,4535.190,4535.2,16127.9,takeover,or_v1
TAKE_01322,driver_44/route_1,driver_44,VOLKSWAGEN_PASSAT_MK8,4907.180,4907.2,15756.0,takeover,or_v1
TAKE_01323,driver_44/route_1,driver_44,VOLKSWAGEN_PASSAT_MK8,4918.100,4918.1,15745.0,takeover,or_v1
TAKE_01324,driver_44/route_1,driver_44,VOLKSWAGEN_PASSAT_MK8,4961.040,4961.0,15702.1,takeover,or_v1
TAKE_01325,driver_44/route_1,driver_44,VOLKSWAGEN_PASSAT_MK8,5074.910,5074.9,15588.2,takeover,or_v1
TAKE_01326,driver_44/route_1,driver_44,VOLKSWAGEN_PASSAT_MK8,5098.310,5098.3,15564.8,takeover,or_v1
TAKE_01327,driver_44/route_1,driver_44,VOLKSWAGEN_PASSAT_MK8,5162.470,5162.5,15500.7,takeover,or_v1
TAKE_01328,driver_44/route_1,driver_44,VOLKSWAGEN_PASSAT_MK8,5294.280,5294.3,15368.9,takeover,or_v1
TAKE_01329,driver_44/route_1,driver_44,VOLKSWAGEN_PASSAT_MK8,5513.110,5513.1,15150.0,takeover,or_v1
TAKE_01330,driver_44/route_1,driver_44,VOLKSWAGEN_PASSAT_MK8,5579.210,5579.2,15083.9,takeover,or_v1
TAKE_01331,driver_44/route_1,driver_44,VOLKSWAGEN_PASSAT_MK8,5660.540,5660.5,15002.6,takeover,or_v1
TAKE_01332,driver_44/route_1,driver_44,VOLKSWAGEN_PASSAT_MK8,5697.900,5697.9,14965.2,takeover,or_v1
TAKE_01333,driver_44/route_1,driver_44,VOLKSWAGEN_PASSAT_MK8,5840.860,5840.9,14822.3,takeover,or_v1
TAKE_01334,driver_44/route_1,driver_44,VOLKSWAGEN_PASSAT_MK8,5890.430,5890.4,14772.7,takeover,or_v1
TAKE_01335,driver_44/route_1,driver_44,VOLKSWAGEN_PASSAT_MK8,5959.350,5959.4,14703.8,takeover,or_v1
TAKE_01336,driver_44/route_1,driver_44,VOLKSWAGEN_PASSAT_MK8,6458.390,6458.4,14204.7,takeover,or_v1
TAKE_01337,driver_44/route_1,driver_44,VOLKSWAGEN_PASSAT_MK8,6720.880,6720.9,13942.2,takeover,or_v1
TAKE_01338,driver_44/route_1,driver_44,VOLKSWAGEN_PASSAT_MK8,6739.640,6739.6,13923.5,takeover,or_v1
TAKE_01339,driver_44/route_1,driver_44,VOLKSWAGEN_PASSAT_MK8,7101.120,7101.1,13562.0,takeover,or_v1
TAKE_01340,driver_44/route_1,driver_44,VOLKSWAGEN_PASSAT_MK8,7147.300,7147.3,13515.8,takeover,or_v1
TAKE_01341,driver_44/route_1,driver_44,VOLKSWAGEN_PASSAT_MK8,7256.040,7256.0,13407.1,takeover,or_v1
TAKE_01342,driver_44/route_1,driver_44,VOLKSWAGEN_PASSAT_MK8,7291.400,7291.4,13371.7,takeover,or_v1
TAKE_01343,driver_44/route_1,driver_44,VOLKSWAGEN_PASSAT_MK8,7300.760,7300.8,13362.4,takeover,or_v1
TAKE_01344,driver_44/route_1,driver_44,VOLKSWAGEN_PASSAT_MK8,7325.850,7325.9,13337.3,takeover,or_v1
TAKE_01345,driver_44/route_1,driver_44,VOLKSWAGEN_PASSAT_MK8,7347.330,7347.3,13315.8,takeover,or_v1
TAKE_01346,driver_44/route_1,driver_44,VOLKSWAGEN_PASSAT_MK8,7374.430,7374.4,13288.7,takeover,or_v1
TAKE_01347,driver_44/route_1,driver_44,VOLKSWAGEN_PASSAT_MK8,7441.090,7441.1,13222.0,takeover,or_v1
TAKE_01348,driver_44/route_1,driver_44,VOLKSWAGEN_PASSAT_MK8,7660.400,7660.4,13002.7,takeover,or_v1
TAKE_01349,driver_44/route_1,driver_44,VOLKSWAGEN_PASSAT_MK8,8258.930,8258.9,12404.2,takeover,or_v1
TAKE_01350,driver_44/route_1,driver_44,VOLKSWAGEN_PASSAT_MK8,8316.150,8316.1,12347.0,takeover,or_v1
TAKE_01351,driver_44/route_1,driver_44,VOLKSWAGEN_PASSAT_MK8,8709.020,8709.0,11954.1,takeover,or_v1
TAKE_01352,driver_44/route_1,driver_44,VOLKSWAGEN_PASSAT_MK8,8729.380,8729.4,11933.8,takeover,or_v1
TAKE_01353,driver_44/route_1,driver_44,VOLKSWAGEN_PASSAT_MK8,8792.930,8792.9,11870.2,takeover,or_v1
TAKE_01354,driver_44/route_1,driver_44,VOLKSWAGEN_PASSAT_MK8,9032.260,9032.3,11630.9,takeover,or_v1
TAKE_01355,driver_44/route_1,driver_44,VOLKSWAGEN_PASSAT_MK8,9207.540,9207.5,11455.6,takeover,or_v1
TAKE_01356,driver_44/route_1,driver_44,VOLKSWAGEN_PASSAT_MK8,9305.710,9305.7,11357.4,takeover,or_v1
TAKE_01357,driver_44/route_1,driver_44,VOLKSWAGEN_PASSAT_MK8,9378.770,9378.8,11284.4,takeover,or_v1
TAKE_01358,driver_44/route_1,driver_44,VOLKSWAGEN_PASSAT_MK8,9420.330,9420.3,11242.8,takeover,or_v1
TAKE_01359,driver_44/route_1,driver_44,VOLKSWAGEN_PASSAT_MK8,9548.460,9548.5,11114.7,takeover,or_v1
TAKE_01360,driver_44/route_1,driver_44,VOLKSWAGEN_PASSAT_MK8,9666.940,9666.9,10996.2,takeover,or_v1
TAKE_01361,driver_44/route_1,driver_44,VOLKSWAGEN_PASSAT_MK8,9714.220,9714.2,10948.9,takeover,or_v1
TAKE_01362,driver_44/route_1,driver_44,VOLKSWAGEN_PASSAT_MK8,9824.330,9824.3,10838.8,takeover,or_v1
TAKE_01363,driver_44/route_1,driver_44,VOLKSWAGEN_PASSAT_MK8,9967.790,9967.8,10695.3,takeover,or_v1
TAKE_01364,driver_44/route_1,driver_44,VOLKSWAGEN_PASSAT_MK8,10301.290,10301.3,10361.8,takeover,or_v1
TAKE_01365,driver_44/route_1,driver_44,VOLKSWAGEN_PASSAT_MK8,10358.550,10358.5,10304.6,takeover,or_v1
TAKE_01366,driver_44/route_1,driver_44,VOLKSWAGEN_PASSAT_MK8,10628.080,10628.1,10035.1,takeover,or_v1
TAKE_01367,driver_44/route_1,driver_44,VOLKSWAGEN_PASSAT_MK8,13373.760,13373.8,7289.4,takeover,or_v1
TAKE_01368,driver_44/route_1,driver_44,VOLKSWAGEN_PASSAT_MK8,13737.270,13737.3,6925.9,takeover,or_v1
TAKE_01369,driver_44/route_1,driver_44,VOLKSWAGEN_PASSAT_MK8,14209.710,14209.7,6453.4,takeover,or_v1
TAKE_01370,driver_44/route_1,driver_44,VOLKSWAGEN_PASSAT_MK8,14308.740,14308.7,6354.4,takeover,or_v1
TAKE_01371,driver_44/route_1,driver_44,VOLKSWAGEN_PASSAT_MK8,14938.240,14938.2,5724.9,takeover,or_v1
TAKE_01372,driver_44/route_1,driver_44,VOLKSWAGEN_PASSAT_MK8,15093.990,15094.0,5569.1,takeover,or_v1
TAKE_01373,driver_44/route_1,driver_44,VOLKSWAGEN_PASSAT_MK8,15719.100,15719.1,4944.0,takeover,or_v1
TAKE_01374,driver_44/route_1,driver_44,VOLKSWAGEN_PASSAT_MK8,15841.240,15841.2,4821.9,takeover,or_v1
TAKE_01375,driver_44/route_1,driver_44,VOLKSWAGEN_PASSAT_MK8,15881.180,15881.2,4782.0,takeover,or_v1
TAKE_01376,driver_44/route_1,driver_44,VOLKSWAGEN_PASSAT_MK8,15916.000,15916.0,4747.1,takeover,or_v1
TAKE_01377,driver_44/route_1,driver_44,VOLKSWAGEN_PASSAT_MK8,16034.750,16034.8,4628.4,takeover,or_v1
TAKE_01378,driver_44/route_1,driver_44,VOLKSWAGEN_PASSAT_MK8,16610.950,16611.0,4052.2,takeover,or_v1
TAKE_01379,driver_44/route_1,driver_44,VOLKSWAGEN_PASSAT_MK8,17229.040,17229.0,3434.1,takeover,or_v1
TAKE_01380,driver_44/route_1,driver_44,VOLKSWAGEN_PASSAT_MK8,17241.000,17241.0,3422.1,takeover,or_v1
TAKE_01381,driver_44/route_1,driver_44,VOLKSWAGEN_PASSAT_MK8,17356.690,17356.7,3306.4,takeover,or_v1
TAKE_01382,driver_44/route_1,driver_44,VOLKSWAGEN_PASSAT_MK8,17432.390,17432.4,3230.7,takeover,or_v1
TAKE_01383,driver_44/route_1,driver_44,VOLKSWAGEN_PASSAT_MK8,17619.940,17619.9,3043.2,takeover,or_v1
TAKE_01384,driver_44/route_1,driver_44,VOLKSWAGEN_PASSAT_MK8,17699.040,17699.0,2964.1,takeover,or_v1
TAKE_01385,driver_44/route_1,driver_44,VOLKSWAGEN_PASSAT_MK8,17706.180,17706.2,2957.0,takeover,or_v1
TAKE_01386,driver_44/route_1,driver_44,VOLKSWAGEN_PASSAT_MK8,17763.660,17763.7,2899.5,takeover,or_v1
TAKE_01387,driver_44/route_1,driver_44,VOLKSWAGEN_PASSAT_MK8,17791.270,17791.3,2871.9,takeover,or_v1
TAKE_01388,driver_44/route_1,driver_44,VOLKSWAGEN_PASSAT_MK8,17951.430,17951.4,2711.7,takeover,or_v1
TAKE_01389,driver_44/route_1,driver_44,VOLKSWAGEN_PASSAT_MK8,18088.380,18088.4,2574.8,takeover,or_v1
TAKE_01390,driver_44/route_1,driver_44,VOLKSWAGEN_PASSAT_MK8,18098.020,18098.0,2565.1,takeover,or_v1
TAKE_01391,driver_44/route_1,driver_44,VOLKSWAGEN_PASSAT_MK8,18238.910,18238.9,2424.2,takeover,or_v1
TAKE_01392,driver_44/route_1,driver_44,VOLKSWAGEN_PASSAT_MK8,18526.560,18526.6,2136.6,takeover,or_v1
TAKE_01393,driver_44/route_1,driver_44,VOLKSWAGEN_PASSAT_MK8,18576.400,18576.4,2086.7,takeover,or_v1
TAKE_01394,driver_44/route_1,driver_44,VOLKSWAGEN_PASSAT_MK8,18668.920,18668.9,1994.2,takeover,or_v1
TAKE_01395,driver_44/route_1,driver_44,VOLKSWAGEN_PASSAT_MK8,18819.930,18819.9,1843.2,takeover,or_v1
TAKE_01396,driver_44/route_1,driver_44,VOLKSWAGEN_PASSAT_MK8,18838.250,18838.2,1824.9,takeover,or_v1
TAKE_01397,driver_44/route_1,driver_44,VOLKSWAGEN_PASSAT_MK8,18907.810,18907.8,1755.3,takeover,or_v1
TAKE_01398,driver_44/route_1,driver_44,VOLKSWAGEN_PASSAT_MK8,18925.110,18925.1,1738.0,takeover,or_v1
TAKE_01399,driver_44/route_1,driver_44,VOLKSWAGEN_PASSAT_MK8,18996.820,18996.8,1666.3,takeover,or_v1
TAKE_01400,driver_44/route_1,driver_44,VOLKSWAGEN_PASSAT_MK8,19053.200,19053.2,1609.9,takeover,or_v1
TAKE_01401,driver_44/route_1,driver_44,VOLKSWAGEN_PASSAT_MK8,19073.680,19073.7,1589.5,takeover,or_v1
TAKE_01402,driver_44/route_1,driver_44,VOLKSWAGEN_PASSAT_MK8,19132.500,19132.5,1530.6,takeover,or_v1
TAKE_01403,driver_44/route_1,driver_44,VOLKSWAGEN_PASSAT_MK8,19262.430,19262.4,1400.7,takeover,or_v1
TAKE_01404,driver_44/route_1,driver_44,VOLKSWAGEN_PASSAT_MK8,19276.690,19276.7,1386.4,takeover,or_v1
TAKE_01405,driver_44/route_1,driver_44,VOLKSWAGEN_PASSAT_MK8,19510.180,19510.2,1153.0,takeover,or_v1
TAKE_01406,driver_44/route_1,driver_44,VOLKSWAGEN_PASSAT_MK8,19533.960,19534.0,1129.2,takeover,or_v1
TAKE_01407,driver_44/route_1,driver_44,VOLKSWAGEN_PASSAT_MK8,19971.100,19971.1,692.0,takeover,or_v1
TAKE_01408,driver_44/route_1,driver_44,VOLKSWAGEN_PASSAT_MK8,20128.050,20128.0,535.1,takeover,or_v1
TAKE_01409,driver_44/route_1,driver_44,VOLKSWAGEN_PASSAT_MK8,20196.070,20196.1,467.1,takeover,or_v1
TAKE_01410,driver_44/route_1,driver_44,VOLKSWAGEN_PASSAT_MK8,20269.790,20269.8,393.3,takeover,or_v1
TAKE_01411,driver_44/route_1,driver_44,VOLKSWAGEN_PASSAT_MK8,20328.170,20328.2,335.0,takeover,or_v1
TAKE_01412,driver_44/route_1,driver_44,VOLKSWAGEN_PASSAT_MK8,20379.610,20379.6,283.5,takeover,or_v1
TAKE_01413,driver_44/route_1,driver_44,VOLKSWAGEN_PASSAT_MK8,20452.620,20452.6,210.5,takeover,or_v1
TAKE_01414,driver_44/route_1,driver_44,VOLKSWAGEN_PASSAT_MK8,20474.300,20474.3,188.8,takeover,or_v1
TAKE_01415,driver_14/route_3,driver_14,VOLKSWAGEN_PASSAT_NMS,21.140,21.1,100.2,takeover,or_v1
TAKE_01416,driver_14/route_3,driver_14,VOLKSWAGEN_PASSAT_NMS,44.560,44.6,76.8,takeover,or_v1
TAKE_01417,driver_14/route_3,driver_14,VOLKSWAGEN_PASSAT_NMS,77.610,77.6,43.8,takeover,or_v1
TAKE_01418,driver_14/route_3,driver_14,VOLKSWAGEN_PASSAT_NMS,93.170,93.2,28.2,takeover,or_v1
TAKE_01419,driver_14/route_3,driver_14,VOLKSWAGEN_PASSAT_NMS,106.630,106.6,14.7,takeover,or_v1
TAKE_01420,driver_14/route_4,driver_14,VOLKSWAGEN_PASSAT_NMS,158.500,158.5,262.9,takeover,or_v1
TAKE_01421,driver_14/route_4,driver_14,VOLKSWAGEN_PASSAT_NMS,263.000,263.0,158.4,takeover,or_v1
TAKE_01422,driver_14/route_4,driver_14,VOLKSWAGEN_PASSAT_NMS,351.130,351.1,70.3,takeover,or_v1
TAKE_01423,driver_14/route_6,driver_14,VOLKSWAGEN_PASSAT_NMS,218.740,218.7,2062.1,takeover,or_v1
TAKE_01424,driver_14/route_6,driver_14,VOLKSWAGEN_PASSAT_NMS,1157.720,1157.7,1123.1,takeover,or_v1
TAKE_01425,driver_115/route_1,driver_115,VOLKSWAGEN_SHARAN_MK2,26.840,26.8,26.5,takeover,or_v1
TAKE_01426,driver_25/route_1,driver_25,VOLKSWAGEN_TIGUAN_MK2,209.740,209.7,93.3,takeover,or_v1
TAKE_01427,driver_25/route_1,driver_25,VOLKSWAGEN_TIGUAN_MK2,273.900,273.9,29.1,takeover,or_v1
TAKE_01428,driver_25/route_2,driver_25,VOLKSWAGEN_TIGUAN_MK2,1415.860,1415.9,3866.1,takeover,or_v1
TAKE_01429,driver_25/route_2,driver_25,VOLKSWAGEN_TIGUAN_MK2,1447.860,1447.9,3834.1,takeover,or_v1
TAKE_01430,driver_25/route_2,driver_25,VOLKSWAGEN_TIGUAN_MK2,2960.070,2960.1,2321.9,takeover,or_v1
TAKE_01431,driver_25/route_2,driver_25,VOLKSWAGEN_TIGUAN_MK2,5073.470,5073.5,208.5,takeover,or_v1
TAKE_01432,driver_25/route_2,driver_25,VOLKSWAGEN_TIGUAN_MK2,5217.770,5217.8,64.2,takeover,or_v1
