time_s,gps_lat,gps_lon,gps_alt,gps_speed,gps_bearing,gps_hAcc,gps_vAcc,gps_speedAcc,gps_bearingAcc,gps_unixTimestamp,gps_hasFix,gps_source,gps_flags,gps_phone_lat,gps_phone_lon,gps_phone_alt,gps_phone_speed,gps_phone_bearing,gps_phone_hAcc,gps_phone_hasFix
0.000000,,,,,,,,,,,,,,28.130285,-82.324158,-10.851861,3.964042,0.315560,0.000000,1
0.100000,,,,,,,,,,,,,,28.130285,-82.324158,-10.851861,3.964042,0.315560,0.000000,1
0.200000,,,,,,,,,,,,,,28.130285,-82.324158,-10.851861,3.964042,0.315560,0.000000,1
0.300000,,,,,,,,,,,,,,28.130285,-82.324158,-10.851861,3.964042,0.315560,0.000000,1
0.400000,,,,,,,,,,,,,,28.130285,-82.324158,-10.851861,3.964042,0.315560,0.000000,1
0.500000,,,,,,,,,,,,,,28.130285,-82.324158,-10.851861,3.964042,0.315560,0.000000,1
0.600000,,,,,,,,,,,,,,28.130285,-82.324158,-10.851861,3.964042,0.315560,0.000000,1
0.700000,,,,,,,,,,,,,,28.130285,-82.324158,-10.851861,3.964042,0.315560,0.000000,1
0.800000,,,,,,,,,,,,,,28.130285,-82.324158,-10.851861,3.964042,0.315560,0.000000,1
0.900000,,,,,,,,,,,,,,28.130285,-82.324158,-10.851861,3.964042,0.315560,0.000000,1
1.000000,,,,,,,,,,,,,,28.130285,-82.324158,-10.851861,3.964042,0.315560,0.000000,1
1.100000,,,,,,,,,,,,,,28.130285,-82.324158,-10.851861,3.964042,0.315560,0.000000,1
1.200000,,,,,,,,,,,,,,28.130285,-82.324158,-10.851861,3.964042,0.315560,0.000000,1
1.300000,,,,,,,,,,,,,,28.130285,-82.324158,-10.851861,3.964042,0.315560,0.000000,1
1.400000,,,,,,,,,,,,,,28.130285,-82.324158,-10.851861,3.964042,0.315560,0.000000,1
1.500000,,,,,,,,,,,,,,28.130285,-82.324158,-10.851861,3.964042,0.315560,0.000000,1
1.600000,,,,,,,,,,,,,,28.130285,-82.324158,-10.851861,3.964042,0.315560,0.000000,1
1.700000,,,,,,,,,,,,,,28.130285,-82.324158,-10.851861,3.964042,0.315560,0.000000,1
1.800000,,,,,,,,,,,,,,28.130285,-82.324158,-10.851861,3.964042,0.315560,0.000000,1
1.900000,,,,,,,,,,,,,,28.130285,-82.324158,-10.851861,3.964042,0.315560,0.000000,1
2.000000,,,,,,,,,,,,,,28.130285,-82.324158,-10.851861,3.964042,0.315560,0.000000,1
2.100000,,,,,,,,,,,,,,28.130285,-82.324158,-10.851861,3.964042,0.315560,0.000000,1
2.200000,,,,,,,,,,,,,,28.130285,-82.324158,-10.851861,3.964042,0.315560,0.000000,1
2.300000,,,,,,,,,,,,,,28.130285,-82.324158,-10.851861,3.964042,0.315560,0.000000,1
2.400000,,,,,,,,,,,,,,28.130285,-82.324158,-10.851861,3.964042,0.315560,0.000000,1
2.500000,,,,,,,,,,,,,,28.130285,-82.324158,-10.851861,3.964042,0.315560,0.000000,1
2.600000,,,,,,,,,,,,,,28.130285,-82.324158,-10.851861,3.964042,0.315560,0.000000,1
2.700000,,,,,,,,,,,,,,28.130285,-82.324158,-10.851861,3.964042,0.315560,0.000000,1
2.800000,,,,,,,,,,,,,,28.130285,-82.324158,-10.851861,3.964042,0.315560,0.000000,1
2.900000,,,,,,,,,,,,,,28.130285,-82.324158,-10.851861,3.964042,0.315560,0.000000,1
3.000000,,,,,,,,,,,,,,28.130285,-82.324158,-10.851861,3.964042,0.315560,0.000000,1
3.100000,,,,,,,,,,,,,,28.130285,-82.324158,-10.851861,3.964042,0.315560,0.000000,1
3.200000,,,,,,,,,,,,,,28.130285,-82.324158,-10.851861,3.964042,0.315560,0.000000,1
3.300000,,,,,,,,,,,,,,28.130285,-82.324158,-10.851861,3.964042,0.315560,0.000000,1
3.400000,,,,,,,,,,,,,,28.130285,-82.324158,-10.851861,3.964042,0.315560,0.000000,1
3.500000,,,,,,,,,,,,,,28.130285,-82.324158,-10.851861,3.964042,0.315560,0.000000,1
3.600000,,,,,,,,,,,,,,28.130285,-82.324158,-10.851861,3.964042,0.315560,0.000000,1
3.700000,,,,,,,,,,,,,,28.130285,-82.324158,-10.851861,3.964042,0.315560,0.000000,1
3.800000,,,,,,,,,,,,,,28.130285,-82.324158,-10.851861,3.964042,0.315560,0.000000,1
3.900000,,,,,,,,,,,,,,28.130285,-82.324158,-10.851861,3.964042,0.315560,0.000000,1
4.000000,,,,,,,,,,,,,,28.130285,-82.324158,-10.851861,3.964042,0.315560,0.000000,1
4.100000,,,,,,,,,,,,,,28.130285,-82.324158,-10.851861,3.964042,0.315560,0.000000,1
4.200000,,,,,,,,,,,,,,28.130285,-82.324158,-10.851861,3.964042,0.315560,0.000000,1
4.300000,,,,,,,,,,,,,,28.130285,-82.324158,-10.851861,3.964042,0.315560,0.000000,1
4.400000,,,,,,,,,,,,,,28.130285,-82.324158,-10.851861,3.964042,0.315560,0.000000,1
4.500000,,,,,,,,,,,,,,28.130285,-82.324158,-10.851861,3.964042,0.315560,0.000000,1
4.600000,,,,,,,,,,,,,,28.130285,-82.324158,-10.851861,3.964042,0.315560,0.000000,1
4.700000,,,,,,,,,,,,,,28.130285,-82.324158,-10.851861,3.964042,0.315560,0.000000,1
4.800000,,,,,,,,,,,,,,28.130285,-82.324158,-10.851861,3.964042,0.315560,0.000000,1
4.900000,,,,,,,,,,,,,,28.130285,-82.324158,-10.851861,3.964042,0.315560,0.000000,1
5.000000,,,,,,,,,,,,,,28.130285,-82.324158,-10.851861,3.964042,0.315560,0.000000,1
5.100000,,,,,,,,,,,,,,28.130285,-82.324158,-10.851861,3.964042,0.315560,0.000000,1
5.200000,,,,,,,,,,,,,,28.130285,-82.324158,-10.851861,3.964042,0.315560,0.000000,1
5.300000,,,,,,,,,,,,,,28.130285,-82.324158,-10.851861,3.964042,0.315560,0.000000,1
5.400000,,,,,,,,,,,,,,28.130285,-82.324158,-10.851861,3.964042,0.315560,0.000000,1
5.500000,,,,,,,,,,,,,,28.130285,-82.324158,-10.851861,3.964042,0.315560,0.000000,1
5.600000,,,,,,,,,,,,,,28.130285,-82.324158,-10.851861,3.964042,0.315560,0.000000,1
5.700000,,,,,,,,,,,,,,28.130285,-82.324158,-10.851861,3.964042,0.315560,0.000000,1
5.800000,,,,,,,,,,,,,,28.130285,-82.324158,-10.851861,3.964042,0.315560,0.000000,1
5.900000,,,,,,,,,,,,,,28.130285,-82.324158,-10.851861,3.964042,0.315560,0.000000,1
6.000000,,,,,,,,,,,,,,28.130285,-82.324158,-10.851861,3.964042,0.315560,0.000000,1
6.100000,,,,,,,,,,,,,,28.130285,-82.324158,-10.851861,3.964042,0.315560,0.000000,1
6.200000,,,,,,,,,,,,,,28.130285,-82.324158,-10.851861,3.964042,0.315560,0.000000,1
6.300000,,,,,,,,,,,,,,28.130285,-82.324158,-10.851861,3.964042,0.315560,0.000000,1
6.400000,,,,,,,,,,,,,,28.130285,-82.324158,-10.851861,3.964042,0.315560,0.000000,1
6.500000,,,,,,,,,,,,,,28.130285,-82.324158,-10.851861,3.964042,0.315560,0.000000,1
6.600000,,,,,,,,,,,,,,28.130285,-82.324158,-10.851861,3.964042,0.315560,0.000000,1
6.700000,,,,,,,,,,,,,,28.130285,-82.324158,-10.851861,3.964042,0.315560,0.000000,1
6.800000,,,,,,,,,,,,,,28.130285,-82.324158,-10.851861,3.964042,0.315560,0.000000,1
6.900000,,,,,,,,,,,,,,28.130285,-82.324158,-10.851861,3.964042,0.315560,0.000000,1
7.000000,,,,,,,,,,,,,,28.130285,-82.324158,-10.851861,3.964042,0.315560,0.000000,1
7.100000,,,,,,,,,,,,,,28.130285,-82.324158,-10.851861,3.964042,0.315560,0.000000,1
7.200000,,,,,,,,,,,,,,28.130285,-82.324158,-10.851861,3.964042,0.315560,0.000000,1
7.300000,,,,,,,,,,,,,,28.130285,-82.324158,-10.851861,3.964042,0.315560,0.000000,1
7.400000,,,,,,,,,,,,,,28.130285,-82.324158,-10.851861,3.964042,0.315560,0.000000,1
7.500000,,,,,,,,,,,,,,28.130285,-82.324158,-10.851861,3.964042,0.315560,0.000000,1
7.600000,,,,,,,,,,,,,,28.130285,-82.324158,-10.851861,3.964042,0.315560,0.000000,1
7.700000,,,,,,,,,,,,,,28.130285,-82.324158,-10.851861,3.964042,0.315560,0.000000,1
7.800000,,,,,,,,,,,,,,28.130285,-82.324158,-10.851861,3.964042,0.315560,0.000000,1
7.900000,,,,,,,,,,,,,,28.130285,-82.324158,-10.851861,3.964042,0.315560,0.000000,1
8.000000,,,,,,,,,,,,,,28.130285,-82.324158,-10.851861,3.964042,0.315560,0.000000,1
8.100000,,,,,,,,,,,,,,28.130285,-82.324158,-10.851861,3.964042,0.315560,0.000000,1
8.200000,,,,,,,,,,,,,,28.130285,-82.324158,-10.851861,3.964042,0.315560,0.000000,1
8.300000,,,,,,,,,,,,,,28.130285,-82.324158,-10.851861,3.964042,0.315560,0.000000,1
8.400000,,,,,,,,,,,,,,28.130285,-82.324158,-10.851861,3.964042,0.315560,0.000000,1
8.500000,,,,,,,,,,,,,,28.130285,-82.324158,-10.851861,3.964042,0.315560,0.000000,1
8.600000,,,,,,,,,,,,,,28.130285,-82.324158,-10.851861,3.964042,0.315560,0.000000,1
8.700000,,,,,,,,,,,,,,28.130285,-82.324158,-10.851861,3.964042,0.315560,0.000000,1
8.800000,,,,,,,,,,,,,,28.130285,-82.324158,-10.851861,3.964042,0.315560,0.000000,1
8.900000,,,,,,,,,,,,,,28.130285,-82.324158,-10.851861,3.964042,0.315560,0.000000,1
9.000000,,,,,,,,,,,,,,28.130285,-82.324158,-10.851861,3.964042,0.315560,0.000000,1
9.100000,,,,,,,,,,,,,,28.130285,-82.324158,-10.851861,3.964042,0.315560,0.000000,1
9.200000,,,,,,,,,,,,,,28.130285,-82.324158,-10.851861,3.964042,0.315560,0.000000,1
9.300000,,,,,,,,,,,,,,28.130285,-82.324158,-10.851861,3.964042,0.315560,0.000000,1
9.400000,,,,,,,,,,,,,,28.130285,-82.324158,-10.851861,3.964042,0.315560,0.000000,1
9.500000,,,,,,,,,,,,,,28.130285,-82.324158,-10.851861,3.964042,0.315560,0.000000,1
9.600000,,,,,,,,,,,,,,28.130285,-82.324158,-10.851861,3.964042,0.315560,0.000000,1
9.700000,,,,,,,,,,,,,,28.130285,-82.324158,-10.851861,3.964042,0.315560,0.000000,1
9.800000,,,,,,,,,,,,,,28.130285,-82.324158,-10.851861,3.964042,0.315560,0.000000,1
9.900000,,,,,,,,,,,,,,28.130285,-82.324158,-10.851861,3.964042,0.315560,0.000000,1
10.000000,,,,,,,,,,,,,,28.130285,-82.324158,-10.851861,3.964042,0.315560,0.000000,1
10.100000,,,,,,,,,,,,,,28.130285,-82.324158,-10.851861,3.964042,0.315560,0.000000,1
10.200000,,,,,,,,,,,,,,28.130285,-82.324158,-10.851861,3.964042,0.315560,0.000000,1
10.300000,,,,,,,,,,,,,,28.130285,-82.324158,-10.851861,3.964042,0.315560,0.000000,1
10.400000,,,,,,,,,,,,,,28.130285,-82.324158,-10.851861,3.964042,0.315560,0.000000,1
10.500000,,,,,,,,,,,,,,28.130285,-82.324158,-10.851861,3.964042,0.315560,0.000000,1
10.600000,,,,,,,,,,,,,,28.130285,-82.324158,-10.851861,3.964042,0.315560,0.000000,1
10.700000,,,,,,,,,,,,,,28.130285,-82.324158,-10.851861,3.964042,0.315560,0.000000,1
10.800000,,,,,,,,,,,,,,28.130285,-82.324158,-10.851861,3.964042,0.315560,0.000000,1
10.900000,,,,,,,,,,,,,,28.130285,-82.324158,-10.851861,3.964042,0.315560,0.000000,1
11.000000,,,,,,,,,,,,,,28.130285,-82.324158,-10.851861,3.964042,0.315560,0.000000,1
11.100000,,,,,,,,,,,,,,28.130285,-82.324158,-10.851861,3.964042,0.315560,0.000000,1
11.200000,,,,,,,,,,,,,,28.130285,-82.324158,-10.851861,3.964042,0.315560,0.000000,1
11.300000,,,,,,,,,,,,,,28.130285,-82.324158,-10.851861,3.964042,0.315560,0.000000,1
11.400000,,,,,,,,,,,,,,28.130285,-82.324158,-10.851861,3.964042,0.315560,0.000000,1
11.500000,,,,,,,,,,,,,,28.130285,-82.324158,-10.851861,3.964042,0.315560,0.000000,1
11.600000,,,,,,,,,,,,,,28.130285,-82.324158,-10.851861,3.964042,0.315560,0.000000,1
11.700000,,,,,,,,,,,,,,28.130285,-82.324158,-10.851861,3.964042,0.315560,0.000000,1
11.800000,,,,,,,,,,,,,,28.130285,-82.324158,-10.851861,3.964042,0.315560,0.000000,1
11.900000,,,,,,,,,,,,,,28.130285,-82.324158,-10.851861,3.964042,0.315560,0.000000,1
12.000000,,,,,,,,,,,,,,28.130285,-82.324158,-10.851861,3.964042,0.315560,0.000000,1
12.100000,,,,,,,,,,,,,,28.130285,-82.324158,-10.851861,3.964042,0.315560,0.000000,1
12.200000,,,,,,,,,,,,,,28.130285,-82.324158,-10.851861,3.964042,0.315560,0.000000,1
12.300000,,,,,,,,,,,,,,28.130285,-82.324158,-10.851861,3.964042,0.315560,0.000000,1
12.400000,,,,,,,,,,,,,,28.130285,-82.324158,-10.851861,3.964042,0.315560,0.000000,1
12.500000,,,,,,,,,,,,,,28.130285,-82.324158,-10.851861,3.964042,0.315560,0.000000,1
12.600000,,,,,,,,,,,,,,28.130285,-82.324158,-10.851861,3.964042,0.315560,0.000000,1
12.700000,,,,,,,,,,,,,,28.130285,-82.324158,-10.851861,3.964042,0.315560,0.000000,1
12.800000,,,,,,,,,,,,,,28.130285,-82.324158,-10.851861,3.964042,0.315560,0.000000,1
12.900000,,,,,,,,,,,,,,28.130285,-82.324158,-10.851861,3.964042,0.315560,0.000000,1
13.000000,,,,,,,,,,,,,,28.130285,-82.324158,-10.851861,3.964042,0.315560,0.000000,1
13.100000,,,,,,,,,,,,,,28.130285,-82.324158,-10.851861,3.964042,0.315560,0.000000,1
13.200000,,,,,,,,,,,,,,28.130285,-82.324158,-10.851861,3.964042,0.315560,0.000000,1
13.300000,,,,,,,,,,,,,,28.130285,-82.324158,-10.851861,3.964042,0.315560,0.000000,1
13.400000,,,,,,,,,,,,,,28.130285,-82.324158,-10.851861,3.964042,0.315560,0.000000,1
13.500000,,,,,,,,,,,,,,28.130285,-82.324158,-10.851861,3.964042,0.315560,0.000000,1
13.600000,,,,,,,,,,,,,,28.130285,-82.324158,-10.851861,3.964042,0.315560,0.000000,1
13.700000,,,,,,,,,,,,,,28.130285,-82.324158,-10.851861,3.964042,0.315560,0.000000,1
13.800000,,,,,,,,,,,,,,28.130285,-82.324158,-10.851861,3.964042,0.315560,0.000000,1
13.900000,,,,,,,,,,,,,,28.130285,-82.324158,-10.851861,3.964042,0.315560,0.000000,1
14.000000,,,,,,,,,,,,,,28.130285,-82.324158,-10.851861,3.964042,0.315560,0.000000,1
14.100000,,,,,,,,,,,,,,28.130285,-82.324158,-10.851861,3.964042,0.315560,0.000000,1
14.200000,,,,,,,,,,,,,,28.130285,-82.324158,-10.851861,3.964042,0.315560,0.000000,1
14.300000,,,,,,,,,,,,,,28.130285,-82.324158,-10.851861,3.964042,0.315560,0.000000,1
14.400000,,,,,,,,,,,,,,28.130285,-82.324158,-10.851861,3.964042,0.315560,0.000000,1
14.500000,,,,,,,,,,,,,,28.130285,-82.324158,-10.851861,3.964042,0.315560,0.000000,1
14.600000,,,,,,,,,,,,,,28.130285,-82.324158,-10.851861,3.964042,0.315560,0.000000,1
14.700000,,,,,,,,,,,,,,28.130285,-82.324158,-10.851861,3.964042,0.315560,0.000000,1
14.800000,,,,,,,,,,,,,,28.130285,-82.324158,-10.851861,3.964042,0.315560,0.000000,1
14.900000,,,,,,,,,,,,,,28.130285,-82.324158,-10.851861,3.964042,0.315560,0.000000,1
15.000000,,,,,,,,,,,,,,28.130285,-82.324158,-10.851861,3.964042,0.315560,0.000000,1
15.100000,,,,,,,,,,,,,,28.130285,-82.324158,-10.851861,3.964042,0.315560,0.000000,1
15.200000,,,,,,,,,,,,,,28.130285,-82.324158,-10.851861,3.964042,0.315560,0.000000,1
15.300000,,,,,,,,,,,,,,28.130285,-82.324158,-10.851861,3.964042,0.315560,0.000000,1
15.400000,,,,,,,,,,,,,,28.130285,-82.324158,-10.851861,3.964042,0.315560,0.000000,1
15.500000,,,,,,,,,,,,,,28.130285,-82.324158,-10.851861,3.964042,0.315560,0.000000,1
15.600000,,,,,,,,,,,,,,28.130285,-82.324158,-10.851861,3.964042,0.315560,0.000000,1
15.700000,,,,,,,,,,,,,,28.130285,-82.324158,-10.851861,3.964042,0.315560,0.000000,1
15.800000,,,,,,,,,,,,,,28.130285,-82.324158,-10.851861,3.964042,0.315560,0.000000,1
15.900000,,,,,,,,,,,,,,28.130285,-82.324158,-10.851861,3.964042,0.315560,0.000000,1
16.000000,,,,,,,,,,,,,,28.130285,-82.324158,-10.851861,3.964042,0.315560,0.000000,1
16.100000,,,,,,,,,,,,,,28.130285,-82.324158,-10.851861,3.964042,0.315560,0.000000,1
16.200000,,,,,,,,,,,,,,28.130285,-82.324158,-10.851861,3.964042,0.315560,0.000000,1
16.300000,,,,,,,,,,,,,,28.130285,-82.324158,-10.851861,3.964042,0.315560,0.000000,1
16.400000,,,,,,,,,,,,,,28.130285,-82.324158,-10.851861,3.964042,0.315560,0.000000,1
16.500000,,,,,,,,,,,,,,28.130285,-82.324158,-10.851861,3.964042,0.315560,0.000000,1
16.600000,,,,,,,,,,,,,,28.130285,-82.324158,-10.851861,3.964042,0.315560,0.000000,1
16.700000,,,,,,,,,,,,,,28.130285,-82.324158,-10.851861,3.964042,0.315560,0.000000,1
16.800000,,,,,,,,,,,,,,28.130285,-82.324158,-10.851861,3.964042,0.315560,0.000000,1
16.900000,,,,,,,,,,,,,,28.130285,-82.324158,-10.851861,3.964042,0.315560,0.000000,1
17.000000,,,,,,,,,,,,,,28.130285,-82.324158,-10.851861,3.964042,0.315560,0.000000,1
17.100000,,,,,,,,,,,,,,28.130285,-82.324158,-10.851861,3.964042,0.315560,0.000000,1
17.200000,,,,,,,,,,,,,,28.130285,-82.324158,-10.851861,3.964042,0.315560,0.000000,1
17.300000,,,,,,,,,,,,,,28.130285,-82.324158,-10.851861,3.964042,0.315560,0.000000,1
17.400000,,,,,,,,,,,,,,28.130285,-82.324158,-10.851861,3.964042,0.315560,0.000000,1
17.500000,,,,,,,,,,,,,,28.130285,-82.324158,-10.851861,3.964042,0.315560,0.000000,1
17.600000,,,,,,,,,,,,,,28.130285,-82.324158,-10.851861,3.964042,0.315560,0.000000,1
17.700000,,,,,,,,,,,,,,28.130285,-82.324158,-10.851861,3.964042,0.315560,0.000000,1
17.800000,,,,,,,,,,,,,,28.130285,-82.324158,-10.851861,3.964042,0.315560,0.000000,1
17.900000,,,,,,,,,,,,,,28.130285,-82.324158,-10.851861,3.964042,0.315560,0.000000,1
18.000000,,,,,,,,,,,,,,28.130285,-82.324158,-10.851861,3.964042,0.315560,0.000000,1
18.100000,,,,,,,,,,,,,,28.130285,-82.324158,-10.851861,3.964042,0.315560,0.000000,1
18.200000,,,,,,,,,,,,,,28.130285,-82.324158,-10.851861,3.964042,0.315560,0.000000,1
18.300000,,,,,,,,,,,,,,28.130285,-82.324158,-10.851861,3.964042,0.315560,0.000000,1
18.400000,,,,,,,,,,,,,,28.130285,-82.324158,-10.851861,3.964042,0.315560,0.000000,1
18.500000,,,,,,,,,,,,,,28.130285,-82.324158,-10.851861,3.964042,0.315560,0.000000,1
18.600000,,,,,,,,,,,,,,28.130285,-82.324158,-10.851861,3.964042,0.315560,0.000000,1
18.700000,,,,,,,,,,,,,,28.130285,-82.324158,-10.851861,3.964042,0.315560,0.000000,1
18.800000,,,,,,,,,,,,,,28.130285,-82.324158,-10.851861,3.964042,0.315560,0.000000,1
18.900000,,,,,,,,,,,,,,28.130285,-82.324158,-10.851861,3.964042,0.315560,0.000000,1
19.000000,,,,,,,,,,,,,,28.130285,-82.324158,-10.851861,3.964042,0.315560,0.000000,1
19.100000,,,,,,,,,,,,,,28.130285,-82.324158,-10.851861,3.964042,0.315560,0.000000,1
19.200000,,,,,,,,,,,,,,28.130285,-82.324158,-10.851861,3.964042,0.315560,0.000000,1
19.300000,,,,,,,,,,,,,,28.130285,-82.324158,-10.851861,3.964042,0.315560,0.000000,1
19.400000,,,,,,,,,,,,,,28.130285,-82.324158,-10.851861,3.964042,0.315560,0.000000,1
19.500000,,,,,,,,,,,,,,28.130285,-82.324158,-10.851861,3.964042,0.315560,0.000000,1
19.600000,,,,,,,,,,,,,,28.130285,-82.324158,-10.851861,3.964042,0.315560,0.000000,1
19.700000,,,,,,,,,,,,,,28.130285,-82.324158,-10.851861,3.964042,0.315560,0.000000,1
19.800000,,,,,,,,,,,,,,28.130285,-82.324158,-10.851861,3.964042,0.315560,0.000000,1
19.900000,,,,,,,,,,,,,,28.130285,-82.324158,-10.851861,3.964042,0.315560,0.000000,1
20.000000,,,,,,,,,,,,,,28.130285,-82.324158,-10.851861,3.964042,0.315560,0.000000,1
20.100000,,,,,,,,,,,,,,28.130285,-82.324158,-10.851861,3.964042,0.315560,0.000000,1
20.200000,,,,,,,,,,,,,,28.130285,-82.324158,-10.851861,3.964042,0.315560,0.000000,1
20.300000,,,,,,,,,,,,,,28.130285,-82.324158,-10.851861,3.964042,0.315560,0.000000,1
20.400000,,,,,,,,,,,,,,28.130285,-82.324158,-10.851861,3.964042,0.315560,0.000000,1
20.500000,,,,,,,,,,,,,,28.130285,-82.324158,-10.851861,3.964042,0.315560,0.000000,1
20.600000,,,,,,,,,,,,,,28.130285,-82.324158,-10.851861,3.964042,0.315560,0.000000,1
20.700000,,,,,,,,,,,,,,28.130285,-82.324158,-10.851861,3.964042,0.315560,0.000000,1
20.800000,,,,,,,,,,,,,,28.130285,-82.324158,-10.851861,3.964042,0.315560,0.000000,1
20.900000,,,,,,,,,,,,,,28.130285,-82.324158,-10.851861,3.964042,0.315560,0.000000,1
21.000000,,,,,,,,,,,,,,28.130285,-82.324158,-10.851861,3.964042,0.315560,0.000000,1
21.100000,,,,,,,,,,,,,,28.130285,-82.324158,-10.851861,3.964042,0.315560,0.000000,1
21.200000,,,,,,,,,,,,,,28.130285,-82.324158,-10.851861,3.964042,0.315560,0.000000,1
21.300000,,,,,,,,,,,,,,28.130285,-82.324158,-10.851861,3.964042,0.315560,0.000000,1
21.400000,,,,,,,,,,,,,,28.130285,-82.324158,-10.851861,3.964042,0.315560,0.000000,1
21.500000,,,,,,,,,,,,,,28.130285,-82.324158,-10.851861,3.964042,0.315560,0.000000,1
21.600000,,,,,,,,,,,,,,28.130285,-82.324158,-10.851861,3.964042,0.315560,0.000000,1
21.700000,,,,,,,,,,,,,,28.130285,-82.324158,-10.851861,3.964042,0.315560,0.000000,1
21.800000,,,,,,,,,,,,,,28.130285,-82.324158,-10.851861,3.964042,0.315560,0.000000,1
21.900000,,,,,,,,,,,,,,28.130285,-82.324158,-10.851861,3.964042,0.315560,0.000000,1
22.000000,,,,,,,,,,,,,,28.130285,-82.324158,-10.851861,3.964042,0.315560,0.000000,1
22.100000,,,,,,,,,,,,,,28.130285,-82.324158,-10.851861,3.964042,0.315560,0.000000,1
22.200000,,,,,,,,,,,,,,28.130285,-82.324158,-10.851861,3.964042,0.315560,0.000000,1
22.300000,,,,,,,,,,,,,,28.130285,-82.324158,-10.851861,3.964042,0.315560,0.000000,1
22.400000,,,,,,,,,,,,,,28.130285,-82.324158,-10.851861,3.964042,0.315560,0.000000,1
22.500000,,,,,,,,,,,,,,28.130285,-82.324158,-10.851861,3.964042,0.315560,0.000000,1
22.600000,,,,,,,,,,,,,,28.130285,-82.324158,-10.851861,3.964042,0.315560,0.000000,1
22.700000,,,,,,,,,,,,,,28.130285,-82.324158,-10.851861,3.964042,0.315560,0.000000,1
22.800000,,,,,,,,,,,,,,28.130285,-82.324158,-10.851861,3.964042,0.315560,0.000000,1
22.900000,,,,,,,,,,,,,,28.130285,-82.324158,-10.851861,3.964042,0.315560,0.000000,1
23.000000,,,,,,,,,,,,,,28.130285,-82.324158,-10.851861,3.964042,0.315560,0.000000,1
23.100000,,,,,,,,,,,,,,28.130285,-82.324158,-10.851861,3.964042,0.315560,0.000000,1
23.200000,,,,,,,,,,,,,,28.130285,-82.324158,-10.851861,3.964042,0.315560,0.000000,1
23.300000,,,,,,,,,,,,,,28.130285,-82.324158,-10.851861,3.964042,0.315560,0.000000,1
23.400000,,,,,,,,,,,,,,28.130285,-82.324158,-10.851861,3.964042,0.315560,0.000000,1
23.500000,,,,,,,,,,,,,,28.130285,-82.324158,-10.851861,3.964042,0.315560,0.000000,1
23.600000,,,,,,,,,,,,,,28.130285,-82.324158,-10.851861,3.964042,0.315560,0.000000,1
23.700000,,,,,,,,,,,,,,28.130285,-82.324158,-10.851861,3.964042,0.315560,0.000000,1
23.800000,,,,,,,,,,,,,,28.130285,-82.324158,-10.851861,3.964042,0.315560,0.000000,1
23.900000,,,,,,,,,,,,,,28.130285,-82.324158,-10.851861,3.964042,0.315560,0.000000,1
24.000000,,,,,,,,,,,,,,28.130285,-82.324158,-10.851861,3.964042,0.315560,0.000000,1
24.100000,,,,,,,,,,,,,,28.130285,-82.324158,-10.851861,3.964042,0.315560,0.000000,1
24.200000,,,,,,,,,,,,,,28.130285,-82.324158,-10.851861,3.964042,0.315560,0.000000,1
24.300000,,,,,,,,,,,,,,28.130285,-82.324158,-10.851861,3.964042,0.315560,0.000000,1
24.400000,,,,,,,,,,,,,,28.130285,-82.324158,-10.851861,3.964042,0.315560,0.000000,1
24.500000,,,,,,,,,,,,,,28.130285,-82.324158,-10.851861,3.964042,0.315560,0.000000,1
24.600000,,,,,,,,,,,,,,28.130285,-82.324158,-10.851861,3.964042,0.315560,0.000000,1
24.700000,,,,,,,,,,,,,,28.130285,-82.324158,-10.851861,3.964042,0.315560,0.000000,1
24.800000,,,,,,,,,,,,,,28.130285,-82.324158,-10.851861,3.964042,0.315560,0.000000,1
24.900000,,,,,,,,,,,,,,28.130285,-82.324158,-10.851861,3.964042,0.315560,0.000000,1
25.000000,,,,,,,,,,,,,,28.130285,-82.324158,-10.851861,3.964042,0.315560,0.000000,1
25.100000,,,,,,,,,,,,,,28.130285,-82.324158,-10.851861,3.964042,0.315560,0.000000,1
25.200000,,,,,,,,,,,,,,28.130285,-82.324158,-10.851861,3.964042,0.315560,0.000000,1
25.300000,,,,,,,,,,,,,,28.130285,-82.324158,-10.851861,3.964042,0.315560,0.000000,1
25.400000,,,,,,,,,,,,,,28.130285,-82.324158,-10.851861,3.964042,0.315560,0.000000,1
25.500000,,,,,,,,,,,,,,28.130285,-82.324158,-10.851861,3.964042,0.315560,0.000000,1
25.600000,,,,,,,,,,,,,,28.130285,-82.324158,-10.851861,3.964042,0.315560,0.000000,1
25.700000,,,,,,,,,,,,,,28.130285,-82.324158,-10.851861,3.964042,0.315560,0.000000,1
25.800000,,,,,,,,,,,,,,28.130285,-82.324158,-10.851861,3.964042,0.315560,0.000000,1
25.900000,,,,,,,,,,,,,,28.130285,-82.324158,-10.851861,3.964042,0.315560,0.000000,1
26.000000,,,,,,,,,,,,,,28.130285,-82.324158,-10.851861,3.964042,0.315560,0.000000,1
26.100000,,,,,,,,,,,,,,28.130285,-82.324158,-10.851861,3.964042,0.315560,0.000000,1
26.200000,,,,,,,,,,,,,,28.130285,-82.324158,-10.851861,3.964042,0.315560,0.000000,1
26.300000,,,,,,,,,,,,,,28.130285,-82.324158,-10.851861,3.964042,0.315560,0.000000,1
26.400000,,,,,,,,,,,,,,28.130285,-82.324158,-10.851861,3.964042,0.315560,0.000000,1
26.500000,,,,,,,,,,,,,,28.130285,-82.324158,-10.851861,3.964042,0.315560,0.000000,1
26.600000,,,,,,,,,,,,,,28.130285,-82.324158,-10.851861,3.964042,0.315560,0.000000,1
26.700000,,,,,,,,,,,,,,28.130285,-82.324158,-10.851861,3.964042,0.315560,0.000000,1
26.800000,,,,,,,,,,,,,,28.130285,-82.324158,-10.851861,3.964042,0.315560,0.000000,1
26.900000,,,,,,,,,,,,,,28.130285,-82.324158,-10.851861,3.964042,0.315560,0.000000,1
27.000000,,,,,,,,,,,,,,28.130285,-82.324158,-10.851861,3.964042,0.315560,0.000000,1
27.100000,,,,,,,,,,,,,,28.130285,-82.324158,-10.851861,3.964042,0.315560,0.000000,1
27.200000,,,,,,,,,,,,,,28.130285,-82.324158,-10.851861,3.964042,0.315560,0.000000,1
27.300000,,,,,,,,,,,,,,28.130285,-82.324158,-10.851861,3.964042,0.315560,0.000000,1
27.400000,,,,,,,,,,,,,,28.130285,-82.324158,-10.851861,3.964042,0.315560,0.000000,1
27.500000,,,,,,,,,,,,,,28.130285,-82.324158,-10.851861,3.964042,0.315560,0.000000,1
27.600000,,,,,,,,,,,,,,28.130285,-82.324158,-10.851861,3.964042,0.315560,0.000000,1
27.700000,,,,,,,,,,,,,,28.130285,-82.324158,-10.851861,3.964042,0.315560,0.000000,1
27.800000,,,,,,,,,,,,,,28.130285,-82.324158,-10.851861,3.964042,0.315560,0.000000,1
27.900000,,,,,,,,,,,,,,28.130285,-82.324158,-10.851861,3.964042,0.315560,0.000000,1
28.000000,,,,,,,,,,,,,,28.130285,-82.324158,-10.851861,3.964042,0.315560,0.000000,1
28.100000,,,,,,,,,,,,,,28.130285,-82.324158,-10.851861,3.964042,0.315560,0.000000,1
28.200000,,,,,,,,,,,,,,28.130285,-82.324158,-10.851861,3.964042,0.315560,0.000000,1
28.300000,,,,,,,,,,,,,,28.130285,-82.324158,-10.851861,3.964042,0.315560,0.000000,1
28.400000,,,,,,,,,,,,,,28.130285,-82.324158,-10.851861,3.964042,0.315560,0.000000,1
28.500000,,,,,,,,,,,,,,28.130285,-82.324158,-10.851861,3.964042,0.315560,0.000000,1
28.600000,,,,,,,,,,,,,,28.130285,-82.324158,-10.851861,3.964042,0.315560,0.000000,1
28.700000,,,,,,,,,,,,,,28.130285,-82.324158,-10.851861,3.964042,0.315560,0.000000,1
28.800000,,,,,,,,,,,,,,28.130285,-82.324158,-10.851861,3.964042,0.315560,0.000000,1
28.900000,,,,,,,,,,,,,,28.130285,-82.324158,-10.851861,3.964042,0.315560,0.000000,1
29.000000,,,,,,,,,,,,,,28.130285,-82.324158,-10.851861,3.964042,0.315560,0.000000,1
29.100000,,,,,,,,,,,,,,28.130285,-82.324158,-10.851861,3.964042,0.315560,0.000000,1
29.200000,,,,,,,,,,,,,,28.130285,-82.324158,-10.851861,3.964042,0.315560,0.000000,1
29.300000,,,,,,,,,,,,,,28.130285,-82.324158,-10.851861,3.964042,0.315560,0.000000,1
29.400000,,,,,,,,,,,,,,28.130285,-82.324158,-10.851861,3.964042,0.315560,0.000000,1
29.500000,,,,,,,,,,,,,,28.130285,-82.324158,-10.851861,3.964042,0.315560,0.000000,1
29.600000,,,,,,,,,,,,,,28.130285,-82.324158,-10.851861,3.964042,0.315560,0.000000,1
29.700000,,,,,,,,,,,,,,28.130285,-82.324158,-10.851861,3.964042,0.315560,0.000000,1
29.800000,,,,,,,,,,,,,,28.130285,-82.324158,-10.851861,3.964042,0.315560,0.000000,1
29.900000,,,,,,,,,,,,,,28.130285,-82.324158,-10.851861,3.964042,0.315560,0.000000,1
30.000000,,,,,,,,,,,,,,28.130285,-82.324158,-10.851861,3.964042,0.315560,0.000000,1
30.100000,,,,,,,,,,,,,,28.130285,-82.324158,-10.851861,3.964042,0.315560,0.000000,1
30.200000,,,,,,,,,,,,,,28.130285,-82.324158,-10.851861,3.964042,0.315560,0.000000,1
30.300000,,,,,,,,,,,,,,28.130285,-82.324158,-10.851861,3.964042,0.315560,0.000000,1
30.400000,,,,,,,,,,,,,,28.130285,-82.324158,-10.851861,3.964042,0.315560,0.000000,1
30.500000,,,,,,,,,,,,,,28.130285,-82.324158,-10.851861,3.964042,0.315560,0.000000,1
30.600000,,,,,,,,,,,,,,28.130285,-82.324158,-10.851861,3.964042,0.315560,0.000000,1
30.700000,,,,,,,,,,,,,,28.130285,-82.324158,-10.851861,3.964042,0.315560,0.000000,1
30.800000,,,,,,,,,,,,,,28.130285,-82.324158,-10.851861,3.964042,0.315560,0.000000,1
30.900000,,,,,,,,,,,,,,28.130285,-82.324158,-10.851861,3.964042,0.315560,0.000000,1
31.000000,,,,,,,,,,,,,,28.130285,-82.324158,-10.851861,3.964042,0.315560,0.000000,1
31.100000,,,,,,,,,,,,,,28.130285,-82.324158,-10.851861,3.964042,0.315560,0.000000,1
31.200000,,,,,,,,,,,,,,28.130285,-82.324158,-10.851861,3.964042,0.315560,0.000000,1
31.300000,,,,,,,,,,,,,,28.130285,-82.324158,-10.851861,3.964042,0.315560,0.000000,1
31.400000,,,,,,,,,,,,,,28.130285,-82.324158,-10.851861,3.964042,0.315560,0.000000,1
31.500000,,,,,,,,,,,,,,28.130285,-82.324158,-10.851861,3.964042,0.315560,0.000000,1
31.600000,,,,,,,,,,,,,,28.130285,-82.324158,-10.851861,3.964042,0.315560,0.000000,1
31.700000,,,,,,,,,,,,,,28.130285,-82.324158,-10.851861,3.964042,0.315560,0.000000,1
31.800000,,,,,,,,,,,,,,28.130285,-82.324158,-10.851861,3.964042,0.315560,0.000000,1
31.900000,,,,,,,,,,,,,,28.130285,-82.324158,-10.851861,3.964042,0.315560,0.000000,1
32.000000,,,,,,,,,,,,,,28.130285,-82.324158,-10.851861,3.964042,0.315560,0.000000,1
32.100000,,,,,,,,,,,,,,28.130285,-82.324158,-10.851861,3.964042,0.315560,0.000000,1
32.200000,,,,,,,,,,,,,,28.130285,-82.324158,-10.851861,3.964042,0.315560,0.000000,1
32.300000,,,,,,,,,,,,,,28.130285,-82.324158,-10.851861,3.964042,0.315560,0.000000,1
32.400000,,,,,,,,,,,,,,28.130285,-82.324158,-10.851861,3.964042,0.315560,0.000000,1
32.500000,,,,,,,,,,,,,,28.130285,-82.324158,-10.851861,3.964042,0.315560,0.000000,1
32.600000,,,,,,,,,,,,,,28.130285,-82.324158,-10.851861,3.964042,0.315560,0.000000,1
32.700000,,,,,,,,,,,,,,28.130285,-82.324158,-10.851861,3.964042,0.315560,0.000000,1
32.800000,,,,,,,,,,,,,,28.130285,-82.324158,-10.851861,3.964042,0.315560,0.000000,1
32.900000,,,,,,,,,,,,,,28.130285,-82.324158,-10.851861,3.964042,0.315560,0.000000,1
33.000000,,,,,,,,,,,,,,28.130285,-82.324158,-10.851861,3.964042,0.315560,0.000000,1
33.100000,,,,,,,,,,,,,,28.130285,-82.324158,-10.851861,3.964042,0.315560,0.000000,1
33.200000,,,,,,,,,,,,,,28.130285,-82.324158,-10.851861,3.964042,0.315560,0.000000,1
33.300000,,,,,,,,,,,,,,28.130285,-82.324158,-10.851861,3.964042,0.315560,0.000000,1
33.400000,,,,,,,,,,,,,,28.130285,-82.324158,-10.851861,3.964042,0.315560,0.000000,1
33.500000,,,,,,,,,,,,,,28.130285,-82.324158,-10.851861,3.964042,0.315560,0.000000,1
33.600000,,,,,,,,,,,,,,28.130285,-82.324158,-10.851861,3.964042,0.315560,0.000000,1
33.700000,,,,,,,,,,,,,,28.130285,-82.324158,-10.851861,3.964042,0.315560,0.000000,1
33.800000,,,,,,,,,,,,,,28.130285,-82.324158,-10.851861,3.964042,0.315560,0.000000,1
33.900000,,,,,,,,,,,,,,28.130285,-82.324158,-10.851861,3.964042,0.315560,0.000000,1
34.000000,,,,,,,,,,,,,,28.130285,-82.324158,-10.851861,3.964042,0.315560,0.000000,1
34.100000,,,,,,,,,,,,,,28.130285,-82.324158,-10.851861,3.964042,0.315560,0.000000,1
34.200000,,,,,,,,,,,,,,28.130285,-82.324158,-10.851861,3.964042,0.315560,0.000000,1
34.300000,,,,,,,,,,,,,,28.130285,-82.324158,-10.851861,3.964042,0.315560,0.000000,1
34.400000,,,,,,,,,,,,,,28.130285,-82.324158,-10.851861,3.964042,0.315560,0.000000,1
34.500000,,,,,,,,,,,,,,28.130285,-82.324158,-10.851861,3.964042,0.315560,0.000000,1
34.600000,,,,,,,,,,,,,,28.130285,-82.324158,-10.851861,3.964042,0.315560,0.000000,1
34.700000,,,,,,,,,,,,,,28.130285,-82.324158,-10.851861,3.964042,0.315560,0.000000,1
34.800000,,,,,,,,,,,,,,28.130285,-82.324158,-10.851861,3.964042,0.315560,0.000000,1
34.900000,,,,,,,,,,,,,,28.130285,-82.324158,-10.851861,3.964042,0.315560,0.000000,1
35.000000,,,,,,,,,,,,,,28.130285,-82.324158,-10.851861,3.964042,0.315560,0.000000,1
35.100000,,,,,,,,,,,,,,28.130285,-82.324158,-10.851861,3.964042,0.315560,0.000000,1
35.200000,,,,,,,,,,,,,,28.130285,-82.324158,-10.851861,3.964042,0.315560,0.000000,1
35.300000,,,,,,,,,,,,,,28.130285,-82.324158,-10.851861,3.964042,0.315560,0.000000,1
35.400000,,,,,,,,,,,,,,28.130285,-82.324158,-10.851861,3.964042,0.315560,0.000000,1
35.500000,,,,,,,,,,,,,,28.130285,-82.324158,-10.851861,3.964042,0.315560,0.000000,1
35.600000,,,,,,,,,,,,,,28.130285,-82.324158,-10.851861,3.964042,0.315560,0.000000,1
35.700000,,,,,,,,,,,,,,28.130285,-82.324158,-10.851861,3.964042,0.315560,0.000000,1
35.800000,,,,,,,,,,,,,,28.130285,-82.324158,-10.851861,3.964042,0.315560,0.000000,1
35.900000,,,,,,,,,,,,,,28.130285,-82.324158,-10.851861,3.964042,0.315560,0.000000,1
36.000000,,,,,,,,,,,,,,28.130285,-82.324158,-10.851861,3.964042,0.315560,0.000000,1
36.100000,,,,,,,,,,,,,,28.130285,-82.324158,-10.851861,3.964042,0.315560,0.000000,1
36.200000,,,,,,,,,,,,,,28.130285,-82.324158,-10.851861,3.964042,0.315560,0.000000,1
36.300000,,,,,,,,,,,,,,28.130285,-82.324158,-10.851861,3.964042,0.315560,0.000000,1
36.400000,,,,,,,,,,,,,,28.130285,-82.324158,-10.851861,3.964042,0.315560,0.000000,1
36.500000,,,,,,,,,,,,,,28.130285,-82.324158,-10.851861,3.964042,0.315560,0.000000,1
36.600000,,,,,,,,,,,,,,28.130285,-82.324158,-10.851861,3.964042,0.315560,0.000000,1
36.700000,,,,,,,,,,,,,,28.130285,-82.324158,-10.851861,3.964042,0.315560,0.000000,1
36.800000,,,,,,,,,,,,,,28.130285,-82.324158,-10.851861,3.964042,0.315560,0.000000,1
36.900000,,,,,,,,,,,,,,28.130285,-82.324158,-10.851861,3.964042,0.315560,0.000000,1
37.000000,,,,,,,,,,,,,,28.130285,-82.324158,-10.851861,3.964042,0.315560,0.000000,1
37.100000,,,,,,,,,,,,,,28.130285,-82.324158,-10.851861,3.964042,0.315560,0.000000,1
37.200000,,,,,,,,,,,,,,28.130285,-82.324158,-10.851861,3.964042,0.315560,0.000000,1
37.300000,,,,,,,,,,,,,,28.130285,-82.324158,-10.851861,3.964042,0.315560,0.000000,1
37.400000,,,,,,,,,,,,,,28.130285,-82.324158,-10.851861,3.964042,0.315560,0.000000,1
37.500000,,,,,,,,,,,,,,28.130285,-82.324158,-10.851861,3.964042,0.315560,0.000000,1
37.600000,,,,,,,,,,,,,,28.130285,-82.324158,-10.851861,3.964042,0.315560,0.000000,1
37.700000,,,,,,,,,,,,,,28.130285,-82.324158,-10.851861,3.964042,0.315560,0.000000,1
37.800000,,,,,,,,,,,,,,28.130285,-82.324158,-10.851861,3.964042,0.315560,0.000000,1
37.900000,,,,,,,,,,,,,,28.130285,-82.324158,-10.851861,3.964042,0.315560,0.000000,1
38.000000,,,,,,,,,,,,,,28.130285,-82.324158,-10.851861,3.964042,0.315560,0.000000,1
38.100000,,,,,,,,,,,,,,28.130285,-82.324158,-10.851861,3.964042,0.315560,0.000000,1
38.200000,,,,,,,,,,,,,,28.130285,-82.324158,-10.851861,3.964042,0.315560,0.000000,1
38.300000,,,,,,,,,,,,,,28.130285,-82.324158,-10.851861,3.964042,0.315560,0.000000,1
38.400000,,,,,,,,,,,,,,28.130285,-82.324158,-10.851861,3.964042,0.315560,0.000000,1
38.500000,,,,,,,,,,,,,,28.130285,-82.324158,-10.851861,3.964042,0.315560,0.000000,1
38.600000,,,,,,,,,,,,,,28.130285,-82.324158,-10.851861,3.964042,0.315560,0.000000,1
38.700000,,,,,,,,,,,,,,28.130285,-82.324158,-10.851861,3.964042,0.315560,0.000000,1
38.800000,,,,,,,,,,,,,,28.130285,-82.324158,-10.851861,3.964042,0.315560,0.000000,1
38.900000,,,,,,,,,,,,,,28.130285,-82.324158,-10.851861,3.964042,0.315560,0.000000,1
39.000000,,,,,,,,,,,,,,28.130285,-82.324158,-10.851861,3.964042,0.315560,0.000000,1
39.100000,,,,,,,,,,,,,,28.130285,-82.324158,-10.851861,3.964042,0.315560,0.000000,1
39.200000,,,,,,,,,,,,,,28.130285,-82.324158,-10.851861,3.964042,0.315560,0.000000,1
39.300000,,,,,,,,,,,,,,28.130285,-82.324158,-10.851861,3.964042,0.315560,0.000000,1
39.400000,,,,,,,,,,,,,,28.130285,-82.324158,-10.851861,3.964042,0.315560,0.000000,1
39.500000,,,,,,,,,,,,,,28.130285,-82.324158,-10.851861,3.964042,0.315560,0.000000,1
39.600000,,,,,,,,,,,,,,28.130285,-82.324158,-10.851861,3.964042,0.315560,0.000000,1
39.700000,,,,,,,,,,,,,,28.130285,-82.324158,-10.851861,3.964042,0.315560,0.000000,1
39.800000,,,,,,,,,,,,,,28.130285,-82.324158,-10.851861,3.964042,0.315560,0.000000,1
39.900000,,,,,,,,,,,,,,28.130285,-82.324158,-10.851861,3.964042,0.315560,0.000000,1
40.000000,,,,,,,,,,,,,,28.130285,-82.324158,-10.851861,3.964042,0.315560,0.000000,1
40.100000,,,,,,,,,,,,,,28.130285,-82.324158,-10.851861,3.964042,0.315560,0.000000,1
40.200000,,,,,,,,,,,,,,28.130285,-82.324158,-10.851861,3.964042,0.315560,0.000000,1
40.300000,,,,,,,,,,,,,,28.130285,-82.324158,-10.851861,3.964042,0.315560,0.000000,1
40.400000,,,,,,,,,,,,,,28.130285,-82.324158,-10.851861,3.964042,0.315560,0.000000,1
40.500000,,,,,,,,,,,,,,28.130285,-82.324158,-10.851861,3.964042,0.315560,0.000000,1
40.600000,,,,,,,,,,,,,,28.130285,-82.324158,-10.851861,3.964042,0.315560,0.000000,1
40.700000,,,,,,,,,,,,,,28.130285,-82.324158,-10.851861,3.964042,0.315560,0.000000,1
40.800000,,,,,,,,,,,,,,28.130285,-82.324158,-10.851861,3.964042,0.315560,0.000000,1
40.900000,,,,,,,,,,,,,,28.130285,-82.324158,-10.851861,3.964042,0.315560,0.000000,1
41.000000,,,,,,,,,,,,,,28.130285,-82.324158,-10.851861,3.964042,0.315560,0.000000,1
41.100000,,,,,,,,,,,,,,28.130285,-82.324158,-10.851861,3.964042,0.315560,0.000000,1
41.200000,,,,,,,,,,,,,,28.130285,-82.324158,-10.851861,3.964042,0.315560,0.000000,1
41.300000,,,,,,,,,,,,,,28.130285,-82.324158,-10.851861,3.964042,0.315560,0.000000,1
41.400000,,,,,,,,,,,,,,28.130285,-82.324158,-10.851861,3.964042,0.315560,0.000000,1
41.500000,,,,,,,,,,,,,,28.130285,-82.324158,-10.851861,3.964042,0.315560,0.000000,1
41.600000,,,,,,,,,,,,,,28.130285,-82.324158,-10.851861,3.964042,0.315560,0.000000,1
41.700000,,,,,,,,,,,,,,28.130285,-82.324158,-10.851861,3.964042,0.315560,0.000000,1
41.800000,,,,,,,,,,,,,,28.130285,-82.324158,-10.851861,3.964042,0.315560,0.000000,1
41.900000,,,,,,,,,,,,,,28.130285,-82.324158,-10.851861,3.964042,0.315560,0.000000,1
42.000000,,,,,,,,,,,,,,28.130285,-82.324158,-10.851861,3.964042,0.315560,0.000000,1
42.100000,,,,,,,,,,,,,,28.130285,-82.324158,-10.851861,3.964042,0.315560,0.000000,1
42.200000,,,,,,,,,,,,,,28.130285,-82.324158,-10.851861,3.964042,0.315560,0.000000,1
42.300000,,,,,,,,,,,,,,28.130285,-82.324158,-10.851861,3.964042,0.315560,0.000000,1
42.400000,,,,,,,,,,,,,,28.130285,-82.324158,-10.851861,3.964042,0.315560,0.000000,1
42.500000,,,,,,,,,,,,,,28.130285,-82.324158,-10.851861,3.964042,0.315560,0.000000,1
42.600000,,,,,,,,,,,,,,28.130285,-82.324158,-10.851861,3.964042,0.315560,0.000000,1
42.700000,,,,,,,,,,,,,,28.130285,-82.324158,-10.851861,3.964042,0.315560,0.000000,1
42.800000,,,,,,,,,,,,,,28.130285,-82.324158,-10.851861,3.964042,0.315560,0.000000,1
42.900000,,,,,,,,,,,,,,28.130285,-82.324158,-10.851861,3.964042,0.315560,0.000000,1
43.000000,,,,,,,,,,,,,,28.130285,-82.324158,-10.851861,3.964042,0.315560,0.000000,1
43.100000,,,,,,,,,,,,,,28.130285,-82.324158,-10.851861,3.964042,0.315560,0.000000,1
43.200000,,,,,,,,,,,,,,28.130285,-82.324158,-10.851861,3.964042,0.315560,0.000000,1
43.300000,,,,,,,,,,,,,,28.130285,-82.324158,-10.851861,3.964042,0.315560,0.000000,1
43.400000,,,,,,,,,,,,,,28.130285,-82.324158,-10.851861,3.964042,0.315560,0.000000,1
43.500000,,,,,,,,,,,,,,28.130285,-82.324158,-10.851861,3.964042,0.315560,0.000000,1
43.600000,,,,,,,,,,,,,,28.130285,-82.324158,-10.851861,3.964042,0.315560,0.000000,1
43.700000,,,,,,,,,,,,,,28.130285,-82.324158,-10.851861,3.964042,0.315560,0.000000,1
43.800000,,,,,,,,,,,,,,28.130285,-82.324158,-10.851861,3.964042,0.315560,0.000000,1
43.900000,,,,,,,,,,,,,,28.130285,-82.324158,-10.851861,3.964042,0.315560,0.000000,1
44.000000,,,,,,,,,,,,,,28.130285,-82.324158,-10.851861,3.964042,0.315560,0.000000,1
44.100000,,,,,,,,,,,,,,28.130285,-82.324158,-10.851861,3.964042,0.315560,0.000000,1
44.200000,,,,,,,,,,,,,,28.130285,-82.324158,-10.851861,3.964042,0.315560,0.000000,1
44.300000,,,,,,,,,,,,,,28.130285,-82.324158,-10.851861,3.964042,0.315560,0.000000,1
44.400000,,,,,,,,,,,,,,28.130285,-82.324158,-10.851861,3.964042,0.315560,0.000000,1
44.500000,,,,,,,,,,,,,,28.130285,-82.324158,-10.851861,3.964042,0.315560,0.000000,1
44.600000,,,,,,,,,,,,,,28.130285,-82.324158,-10.851861,3.964042,0.315560,0.000000,1
44.700000,,,,,,,,,,,,,,28.130285,-82.324158,-10.851861,3.964042,0.315560,0.000000,1
44.800000,,,,,,,,,,,,,,28.130285,-82.324158,-10.851861,3.964042,0.315560,0.000000,1
44.900000,,,,,,,,,,,,,,28.130285,-82.324158,-10.851861,3.964042,0.315560,0.000000,1
45.000000,,,,,,,,,,,,,,28.130285,-82.324158,-10.851861,3.964042,0.315560,0.000000,1
45.100000,,,,,,,,,,,,,,28.130285,-82.324158,-10.851861,3.964042,0.315560,0.000000,1
45.200000,,,,,,,,,,,,,,28.130285,-82.324158,-10.851861,3.964042,0.315560,0.000000,1
45.300000,,,,,,,,,,,,,,28.130285,-82.324158,-10.851861,3.964042,0.315560,0.000000,1
45.400000,,,,,,,,,,,,,,28.130285,-82.324158,-10.851861,3.964042,0.315560,0.000000,1
45.500000,,,,,,,,,,,,,,28.130285,-82.324158,-10.851861,3.964042,0.315560,0.000000,1
45.600000,,,,,,,,,,,,,,28.130285,-82.324158,-10.851861,3.964042,0.315560,0.000000,1
45.700000,,,,,,,,,,,,,,28.130285,-82.324158,-10.851861,3.964042,0.315560,0.000000,1
45.800000,,,,,,,,,,,,,,28.130285,-82.324158,-10.851861,3.964042,0.315560,0.000000,1
45.900000,,,,,,,,,,,,,,28.130285,-82.324158,-10.851861,3.964042,0.315560,0.000000,1
46.000000,,,,,,,,,,,,,,28.130285,-82.324158,-10.851861,3.964042,0.315560,0.000000,1
46.100000,,,,,,,,,,,,,,28.130285,-82.324158,-10.851861,3.964042,0.315560,0.000000,1
46.200000,,,,,,,,,,,,,,28.130285,-82.324158,-10.851861,3.964042,0.315560,0.000000,1
46.300000,,,,,,,,,,,,,,28.130285,-82.324158,-10.851861,3.964042,0.315560,0.000000,1
46.400000,,,,,,,,,,,,,,28.130285,-82.324158,-10.851861,3.964042,0.315560,0.000000,1
46.500000,,,,,,,,,,,,,,28.130285,-82.324158,-10.851861,3.964042,0.315560,0.000000,1
46.600000,,,,,,,,,,,,,,28.130285,-82.324158,-10.851861,3.964042,0.315560,0.000000,1
46.700000,,,,,,,,,,,,,,28.130285,-82.324158,-10.851861,3.964042,0.315560,0.000000,1
46.800000,,,,,,,,,,,,,,28.130285,-82.324158,-10.851861,3.964042,0.315560,0.000000,1
46.900000,,,,,,,,,,,,,,28.130285,-82.324158,-10.851861,3.964042,0.315560,0.000000,1
47.000000,,,,,,,,,,,,,,28.130285,-82.324158,-10.851861,3.964042,0.315560,0.000000,1
47.100000,,,,,,,,,,,,,,28.130285,-82.324158,-10.851861,3.964042,0.315560,0.000000,1
47.200000,,,,,,,,,,,,,,28.130285,-82.324158,-10.851861,3.964042,0.315560,0.000000,1
47.300000,,,,,,,,,,,,,,28.130285,-82.324158,-10.851861,3.964042,0.315560,0.000000,1
47.400000,,,,,,,,,,,,,,28.130285,-82.324158,-10.851861,3.964042,0.315560,0.000000,1
47.500000,,,,,,,,,,,,,,28.130285,-82.324158,-10.851861,3.964042,0.315560,0.000000,1
47.600000,,,,,,,,,,,,,,28.130285,-82.324158,-10.851861,3.964042,0.315560,0.000000,1
47.700000,,,,,,,,,,,,,,28.130285,-82.324158,-10.851861,3.964042,0.315560,0.000000,1
47.800000,,,,,,,,,,,,,,28.130285,-82.324158,-10.851861,3.964042,0.315560,0.000000,1
47.900000,,,,,,,,,,,,,,28.130285,-82.324158,-10.851861,3.964042,0.315560,0.000000,1
48.000000,,,,,,,,,,,,,,28.130285,-82.324158,-10.851861,3.964042,0.315560,0.000000,1
48.100000,,,,,,,,,,,,,,28.130285,-82.324158,-10.851861,3.964042,0.315560,0.000000,1
48.200000,,,,,,,,,,,,,,28.130285,-82.324158,-10.851861,3.964042,0.315560,0.000000,1
48.300000,,,,,,,,,,,,,,28.130285,-82.324158,-10.851861,3.964042,0.315560,0.000000,1
48.400000,,,,,,,,,,,,,,28.130285,-82.324158,-10.851861,3.964042,0.315560,0.000000,1
48.500000,,,,,,,,,,,,,,28.130285,-82.324158,-10.851861,3.964042,0.315560,0.000000,1
48.600000,,,,,,,,,,,,,,28.130285,-82.324158,-10.851861,3.964042,0.315560,0.000000,1
48.700000,,,,,,,,,,,,,,28.130285,-82.324158,-10.851861,3.964042,0.315560,0.000000,1
48.800000,,,,,,,,,,,,,,28.130285,-82.324158,-10.851861,3.964042,0.315560,0.000000,1
48.900000,,,,,,,,,,,,,,28.130285,-82.324158,-10.851861,3.964042,0.315560,0.000000,1
49.000000,,,,,,,,,,,,,,28.130285,-82.324158,-10.851861,3.964042,0.315560,0.000000,1
49.100000,,,,,,,,,,,,,,28.130285,-82.324158,-10.851861,3.964042,0.315560,0.000000,1
49.200000,,,,,,,,,,,,,,28.130285,-82.324158,-10.851861,3.964042,0.315560,0.000000,1
49.300000,,,,,,,,,,,,,,28.130285,-82.324158,-10.851861,3.964042,0.315560,0.000000,1
49.400000,,,,,,,,,,,,,,28.130285,-82.324158,-10.851861,3.964042,0.315560,0.000000,1
49.500000,,,,,,,,,,,,,,28.130285,-82.324158,-10.851861,3.964042,0.315560,0.000000,1
49.600000,,,,,,,,,,,,,,28.130285,-82.324158,-10.851861,3.964042,0.315560,0.000000,1
49.700000,,,,,,,,,,,,,,28.130285,-82.324158,-10.851861,3.964042,0.315560,0.000000,1
49.800000,,,,,,,,,,,,,,28.130285,-82.324158,-10.851861,3.964042,0.315560,0.000000,1
49.900000,,,,,,,,,,,,,,28.130285,-82.324158,-10.851861,3.964042,0.315560,0.000000,1
50.000000,,,,,,,,,,,,,,28.130285,-82.324158,-10.851861,3.964042,0.315560,0.000000,1
50.100000,,,,,,,,,,,,,,28.130285,-82.324158,-10.851861,3.964042,0.315560,0.000000,1
50.200000,,,,,,,,,,,,,,28.130285,-82.324158,-10.851861,3.964042,0.315560,0.000000,1
50.300000,,,,,,,,,,,,,,28.130285,-82.324158,-10.851861,3.964042,0.315560,0.000000,1
50.400000,,,,,,,,,,,,,,28.130285,-82.324158,-10.851861,3.964042,0.315560,0.000000,1
50.500000,,,,,,,,,,,,,,28.130285,-82.324158,-10.851861,3.964042,0.315560,0.000000,1
50.600000,,,,,,,,,,,,,,28.130285,-82.324158,-10.851861,3.964042,0.315560,0.000000,1
50.700000,,,,,,,,,,,,,,28.130285,-82.324158,-10.851861,3.964042,0.315560,0.000000,1
50.800000,,,,,,,,,,,,,,28.130285,-82.324158,-10.851861,3.964042,0.315560,0.000000,1
50.900000,,,,,,,,,,,,,,28.130285,-82.324158,-10.851861,3.964042,0.315560,0.000000,1
51.000000,,,,,,,,,,,,,,28.130285,-82.324158,-10.851861,3.964042,0.315560,0.000000,1
51.100000,,,,,,,,,,,,,,28.130285,-82.324158,-10.851861,3.964042,0.315560,0.000000,1
51.200000,,,,,,,,,,,,,,28.130285,-82.324158,-10.851861,3.964042,0.315560,0.000000,1
51.300000,,,,,,,,,,,,,,28.130285,-82.324158,-10.851861,3.964042,0.315560,0.000000,1
51.400000,,,,,,,,,,,,,,28.130285,-82.324158,-10.851861,3.964042,0.315560,0.000000,1
51.500000,,,,,,,,,,,,,,28.130285,-82.324158,-10.851861,3.964042,0.315560,0.000000,1
51.600000,,,,,,,,,,,,,,28.130285,-82.324158,-10.851861,3.964042,0.315560,0.000000,1
51.700000,,,,,,,,,,,,,,28.130285,-82.324158,-10.851861,3.964042,0.315560,0.000000,1
51.800000,,,,,,,,,,,,,,28.130285,-82.324158,-10.851861,3.964042,0.315560,0.000000,1
51.900000,,,,,,,,,,,,,,28.130285,-82.324158,-10.851861,3.964042,0.315560,0.000000,1
52.000000,,,,,,,,,,,,,,28.130285,-82.324158,-10.851861,3.964042,0.315560,0.000000,1
52.100000,,,,,,,,,,,,,,28.130285,-82.324158,-10.851861,3.964042,0.315560,0.000000,1
52.200000,,,,,,,,,,,,,,28.130285,-82.324158,-10.851861,3.964042,0.315560,0.000000,1
52.300000,,,,,,,,,,,,,,28.130285,-82.324158,-10.851861,3.964042,0.315560,0.000000,1
52.400000,,,,,,,,,,,,,,28.130285,-82.324158,-10.851861,3.964042,0.315560,0.000000,1
52.500000,,,,,,,,,,,,,,28.130285,-82.324158,-10.851861,3.964042,0.315560,0.000000,1
52.600000,,,,,,,,,,,,,,28.130285,-82.324158,-10.851861,3.964042,0.315560,0.000000,1
52.700000,,,,,,,,,,,,,,28.130285,-82.324158,-10.851861,3.964042,0.315560,0.000000,1
52.800000,,,,,,,,,,,,,,28.130285,-82.324158,-10.851861,3.964042,0.315560,0.000000,1
52.900000,,,,,,,,,,,,,,28.130285,-82.324158,-10.851861,3.964042,0.315560,0.000000,1
53.000000,,,,,,,,,,,,,,28.130285,-82.324158,-10.851861,3.964042,0.315560,0.000000,1
53.100000,,,,,,,,,,,,,,28.130285,-82.324158,-10.851861,3.964042,0.315560,0.000000,1
53.200000,,,,,,,,,,,,,,28.130285,-82.324158,-10.851861,3.964042,0.315560,0.000000,1
53.300000,,,,,,,,,,,,,,28.130285,-82.324158,-10.851861,3.964042,0.315560,0.000000,1
53.400000,,,,,,,,,,,,,,28.130285,-82.324158,-10.851861,3.964042,0.315560,0.000000,1
53.500000,,,,,,,,,,,,,,28.130285,-82.324158,-10.851861,3.964042,0.315560,0.000000,1
53.600000,,,,,,,,,,,,,,28.130285,-82.324158,-10.851861,3.964042,0.315560,0.000000,1
53.700000,,,,,,,,,,,,,,28.130285,-82.324158,-10.851861,3.964042,0.315560,0.000000,1
53.800000,,,,,,,,,,,,,,28.130285,-82.324158,-10.851861,3.964042,0.315560,0.000000,1
53.900000,,,,,,,,,,,,,,28.130285,-82.324158,-10.851861,3.964042,0.315560,0.000000,1
54.000000,,,,,,,,,,,,,,28.130285,-82.324158,-10.851861,3.964042,0.315560,0.000000,1
54.100000,,,,,,,,,,,,,,28.130285,-82.324158,-10.851861,3.964042,0.315560,0.000000,1
54.200000,,,,,,,,,,,,,,28.130285,-82.324158,-10.851861,3.964042,0.315560,0.000000,1
54.300000,,,,,,,,,,,,,,28.130285,-82.324158,-10.851861,3.964042,0.315560,0.000000,1
54.400000,,,,,,,,,,,,,,28.130285,-82.324158,-10.851861,3.964042,0.315560,0.000000,1
54.500000,,,,,,,,,,,,,,28.130285,-82.324158,-10.851861,3.964042,0.315560,0.000000,1
54.600000,,,,,,,,,,,,,,28.130285,-82.324158,-10.851861,3.964042,0.315560,0.000000,1
54.700000,,,,,,,,,,,,,,28.130285,-82.324158,-10.851861,3.964042,0.315560,0.000000,1
54.800000,,,,,,,,,,,,,,28.130285,-82.324158,-10.851861,3.964042,0.315560,0.000000,1
54.900000,,,,,,,,,,,,,,28.130285,-82.324158,-10.851861,3.964042,0.315560,0.000000,1
55.000000,,,,,,,,,,,,,,28.130285,-82.324158,-10.851861,3.964042,0.315560,0.000000,1
55.100000,,,,,,,,,,,,,,28.130285,-82.324158,-10.851861,3.964042,0.315560,0.000000,1
55.200000,,,,,,,,,,,,,,28.130285,-82.324158,-10.851861,3.964042,0.315560,0.000000,1
55.300000,,,,,,,,,,,,,,28.130285,-82.324158,-10.851861,3.964042,0.315560,0.000000,1
55.400000,,,,,,,,,,,,,,28.130285,-82.324158,-10.851861,3.964042,0.315560,0.000000,1
55.500000,,,,,,,,,,,,,,28.130285,-82.324158,-10.851861,3.964042,0.315560,0.000000,1
55.600000,,,,,,,,,,,,,,28.130285,-82.324158,-10.851861,3.964042,0.315560,0.000000,1
55.700000,,,,,,,,,,,,,,28.130285,-82.324158,-10.851861,3.964042,0.315560,0.000000,1
55.800000,,,,,,,,,,,,,,28.130285,-82.324158,-10.851861,3.964042,0.315560,0.000000,1
55.900000,,,,,,,,,,,,,,28.130285,-82.324158,-10.851861,3.964042,0.315560,0.000000,1
56.000000,,,,,,,,,,,,,,28.130287,-82.324157,-10.959930,3.916103,17.048069,0.000000,1
56.100000,,,,,,,,,,,,,,28.130290,-82.324156,-11.173557,3.821339,50.124220,0.000000,1
56.200000,,,,,,,,,,,,,,28.130293,-82.324154,-11.387183,3.726574,83.200371,0.000000,1
56.300000,,,,,,,,,,,,,,28.130296,-82.324153,-11.600810,3.631810,116.276522,0.000000,1
56.400000,,,,,,,,,,,,,,28.130299,-82.324151,-11.814436,3.537046,149.352673,0.000000,1
56.500000,,,,,,,,,,,,,,28.130302,-82.324150,-12.028063,3.442282,182.428824,0.000000,1
56.600000,,,,,,,,,,,,,,28.130305,-82.324148,-12.241690,3.347518,215.504975,0.000000,1
56.700000,,,,,,,,,,,,,,28.130308,-82.324147,-12.455316,3.252754,248.581126,0.000000,1
56.800000,,,,,,,,,,,,,,28.130311,-82.324145,-12.668943,3.157990,281.657277,0.000000,1
56.900000,,,,,,,,,,,,,,28.130314,-82.324144,-12.882570,3.063226,314.733428,0.000000,1
57.000000,,,,,,,,,,,,,,28.130317,-82.324142,-13.096196,2.968462,347.809580,0.000000,1
57.100000,,,,,,,,,,,,,,28.130320,-82.324143,-12.998177,2.886876,359.525866,0.000000,1
57.200000,,,,,,,,,,,,,,28.130322,-82.324144,-12.728881,2.812533,359.502958,0.000000,1
57.300000,,,,,,,,,,,,,,28.130325,-82.324145,-12.459585,2.738189,359.480050,0.000000,1
57.400000,,,,,,,,,,,,,,28.130328,-82.324147,-12.190289,2.663846,359.457142,0.000000,1
57.500000,,,,,,,,,,,,,,28.130331,-82.324148,-11.920993,2.589503,359.434234,0.000000,1
57.600000,,,,,,,,,,,,,,28.130334,-82.324149,-11.651697,2.515159,359.411326,0.000000,1
57.700000,,,,,,,,,,,,,,28.130336,-82.324151,-11.382400,2.440816,359.388418,0.000000,1
57.800000,,,,,,,,,,,,,,28.130339,-82.324152,-11.113104,2.366473,359.365510,0.000000,1
57.900000,,,,,,,,,,,,,,28.130342,-82.324153,-10.843808,2.292129,359.342603,0.000000,1
58.000000,,,,,,,,,,,,,,28.130345,-82.324155,-10.574512,2.217786,359.319695,0.000000,1
58.100000,,,,,,,,,,,,,,28.130347,-82.324156,-10.477568,2.150101,358.935767,0.000000,1
58.200000,,,,,,,,,,,,,,28.130349,-82.324156,-10.465022,2.085677,358.375053,0.000000,1
58.300000,,,,,,,,,,,,,,28.130351,-82.324156,-10.452476,2.021252,357.814339,0.000000,1
58.400000,,,,,,,,,,,,,,28.130353,-82.324157,-10.439930,1.956828,357.253625,0.000000,1
58.500000,,,,,,,,,,,,,,28.130354,-82.324157,-10.427384,1.892403,356.692911,0.000000,1
58.600000,,,,,,,,,,,,,,28.130356,-82.324158,-10.414838,1.827979,356.132197,0.000000,1
58.700000,,,,,,,,,,,,,,28.130358,-82.324158,-10.402293,1.763555,355.571483,0.000000,1
58.800000,,,,,,,,,,,,,,28.130360,-82.324159,-10.389747,1.699130,355.010769,0.000000,1
58.900000,,,,,,,,,,,,,,28.130362,-82.324159,-10.377201,1.634706,354.450055,0.000000,1
59.000000,,,,,,,,,,,,,,28.130364,-82.324160,-10.364655,1.570281,353.889341,0.000000,1
59.100000,,,,,,,,,,,,,,28.130366,-82.324160,-10.458668,1.557366,354.042221,0.000000,1
59.200000,,,,,,,,,,,,,,28.130367,-82.324160,-10.590523,1.562742,354.448514,0.000000,1
59.300000,,,,,,,,,,,,,,28.130369,-82.324159,-10.722378,1.568119,354.854807,0.000000,1
59.400000,,,,,,,,,,,,,,28.130371,-82.324159,-10.854233,1.573495,355.261100,0.000000,1
59.500000,,,,,,,,,,,,,,28.130373,-82.324159,-10.986088,1.578871,355.667392,0.000000,1
59.600000,,,,,,,,,,,,,,28.130375,-82.324159,-11.117943,1.584248,356.073685,0.000000,1
59.700000,,,,,,,,,,,,,,28.130376,-82.324159,-11.249798,1.589624,356.479978,0.000000,1
59.800000,,,,,,,,,,,,,,28.130378,-82.324159,-11.381653,1.595001,356.886271,0.000000,1
59.900000,,,,,,,,,,,,,,28.130380,-82.324159,-11.513507,1.600377,357.292564,0.000000,1
60.000000,,,,,,,,,,,,,,28.130382,-82.324159,-11.645362,1.605753,357.698856,0.000000,1
60.100000,,,,,,,,,,,,,,28.130384,-82.324159,-11.743164,1.686596,357.626478,0.000000,1
60.200000,,,,,,,,,,,,,,28.130385,-82.324160,-11.825571,1.801554,357.337705,0.000000,1
60.300000,,,,,,,,,,,,,,28.130387,-82.324161,-11.907978,1.916513,357.048931,0.000000,1
60.400000,,,,,,,,,,,,,,28.130388,-82.324161,-11.990384,2.031471,356.760158,0.000000,1
60.500000,,,,,,,,,,,,,,28.130390,-82.324162,-12.072791,2.146430,356.471384,0.000000,1
60.600000,,,,,,,,,,,,,,28.130392,-82.324163,-12.155198,2.261388,356.182610,0.000000,1
60.700000,,,,,,,,,,,,,,28.130393,-82.324163,-12.237605,2.376347,355.893837,0.000000,1
60.800000,,,,,,,,,,,,,,28.130395,-82.324164,-12.320012,2.491306,355.605063,0.000000,1
60.900000,,,,,,,,,,,,,,28.130397,-82.324165,-12.402419,2.606264,355.316289,0.000000,1
61.000000,,,,,,,,,,,,,,28.130398,-82.324165,-12.484826,2.721223,355.027516,0.000000,1
61.100000,,,,,,,,,,,,,,28.130401,-82.324166,-12.585557,2.860770,355.052581,0.000000,1
61.200000,,,,,,,,,,,,,,28.130404,-82.324166,-12.694677,3.011573,355.221327,0.000000,1
61.300000,,,,,,,,,,,,,,28.130406,-82.324167,-12.803797,3.162377,355.390073,0.000000,1
61.400000,,,,,,,,,,,,,,28.130409,-82.324167,-12.912917,3.313181,355.558819,0.000000,1
61.500000,,,,,,,,,,,,,,28.130412,-82.324168,-13.022037,3.463985,355.727565,0.000000,1
61.600000,,,,,,,,,,,,,,28.130415,-82.324168,-13.131157,3.614789,355.896311,0.000000,1
61.700000,,,,,,,,,,,,,,28.130418,-82.324168,-13.240277,3.765592,356.065057,0.000000,1
61.800000,,,,,,,,,,,,,,28.130421,-82.324169,-13.349397,3.916396,356.233802,0.000000,1
61.900000,,,,,,,,,,,,,,28.130424,-82.324169,-13.458517,4.067200,356.402548,0.000000,1
62.000000,,,,,,,,,,,,,,28.130426,-82.324170,-13.567637,4.218004,356.571294,0.000000,1
62.100000,,,,,,,,,,,,,,28.130430,-82.324170,-13.853243,4.362955,356.653703,0.000000,1
62.200000,,,,,,,,,,,,,,28.130433,-82.324171,-14.230486,4.504869,356.691283,0.000000,1
62.300000,,,,,,,,,,,,,,28.130437,-82.324171,-14.607728,4.646782,356.728862,0.000000,1
62.400000,,,,,,,,,,,,,,28.130440,-82.324172,-14.984971,4.788695,356.766442,0.000000,1
62.500000,,,,,,,,,,,,,,28.130444,-82.324173,-15.362214,4.930608,356.804022,0.000000,1
62.600000,,,,,,,,,,,,,,28.130448,-82.324173,-15.739457,5.072522,356.841601,0.000000,1
62.700000,,,,,,,,,,,,,,28.130451,-82.324174,-16.116700,5.214435,356.879181,0.000000,1
62.800000,,,,,,,,,,,,,,28.130455,-82.324174,-16.493943,5.356348,356.916761,0.000000,1
62.900000,,,,,,,,,,,,,,28.130458,-82.324175,-16.871186,5.498261,356.954340,0.000000,1
63.000000,,,,,,,,,,,,,,28.130462,-82.324176,-17.248429,5.640175,356.991920,0.000000,1
63.100000,,,,,,,,,,,,,,28.130466,-82.324176,-17.413008,5.758376,357.024563,0.000000,1
63.200000,,,,,,,,,,,,,,28.130471,-82.324177,-17.468791,5.864447,357.054680,0.000000,1
63.300000,,,,,,,,,,,,,,28.130476,-82.324177,-17.524574,5.970517,357.084797,0.000000,1
63.400000,,,,,,,,,,,,,,28.130481,-82.324178,-17.580357,6.076588,357.114914,0.000000,1
63.500000,,,,,,,,,,,,,,28.130485,-82.324179,-17.636140,6.182659,357.145031,0.000000,1
63.600000,,,,,,,,,,,,,,28.130490,-82.324179,-17.691923,6.288729,357.175148,0.000000,1
63.700000,,,,,,,,,,,,,,28.130495,-82.324180,-17.747706,6.394800,357.205265,0.000000,1
63.800000,,,,,,,,,,,,,,28.130500,-82.324181,-17.803489,6.500871,357.235382,0.000000,1
63.900000,,,,,,,,,,,,,,28.130505,-82.324181,-17.859272,6.606942,357.265499,0.000000,1
64.000000,,,,,,,,,,,,,,28.130510,-82.324182,-17.915056,6.713012,357.295616,0.000000,1
64.100000,,,,,,,,,,,,,,28.130515,-82.324182,-17.909531,6.788182,357.394868,0.000000,1
64.200000,,,,,,,,,,,,,,28.130522,-82.324183,-17.873732,6.848092,357.528262,0.000000,1
64.300000,,,,,,,,,,,,,,28.130528,-82.324184,-17.837932,6.908002,357.661655,0.000000,1
64.400000,,,,,,,,,,,,,,28.130534,-82.324184,-17.802132,6.967912,357.795049,0.000000,1
64.500000,,,,,,,,,,,,,,28.130540,-82.324185,-17.766332,7.027822,357.928442,0.000000,1
64.600000,,,,,,,,,,,,,,28.130547,-82.324186,-17.730532,7.087732,358.061836,0.000000,1
64.700000,,,,,,,,,,,,,,28.130553,-82.324186,-17.694732,7.147642,358.195229,0.000000,1
64.800000,,,,,,,,,,,,,,28.130559,-82.324187,-17.658933,7.207552,358.328623,0.000000,1
64.900000,,,,,,,,,,,,,,28.130565,-82.324188,-17.623133,7.267462,358.462016,0.000000,1
65.000000,,,,,,,,,,,,,,28.130572,-82.324188,-17.587333,7.327372,358.595410,0.000000,1
65.100000,,,,,,,,,,,,,,28.130578,-82.324189,-17.602725,7.421969,358.554273,0.000000,1
65.200000,,,,,,,,,,,,,,28.130585,-82.324190,-17.642713,7.533232,358.429277,0.000000,1
65.300000,,,,,,,,,,,,,,28.130592,-82.324191,-17.682702,7.644495,358.304281,0.000000,1
65.400000,,,,,,,,,,,,,,28.130599,-82.324192,-17.722691,7.755758,358.179285,0.000000,1
65.500000,,,,,,,,,,,,,,28.130606,-82.324193,-17.762679,7.867020,358.054289,0.000000,1
65.600000,,,,,,,,,,,,,,28.130613,-82.324194,-17.802668,7.978283,357.929293,0.000000,1
65.700000,,,,,,,,,,,,,,28.130619,-82.324194,-17.842657,8.089546,357.804297,0.000000,1
65.800000,,,,,,,,,,,,,,28.130626,-82.324195,-17.882645,8.200809,357.679300,0.000000,1
65.900000,,,,,,,,,,,,,,28.130633,-82.324196,-17.922634,8.312072,357.554304,0.000000,1
66.000000,,,,,,,,,,,,,,28.130640,-82.324197,-17.962623,8.423335,357.429308,0.000000,1
66.100000,,,,,,,,,,,,,,28.130648,-82.324197,-17.911232,8.489058,357.523492,0.000000,1
66.200000,,,,,,,,,,,,,,28.130656,-82.324196,-17.815970,8.532919,357.722904,0.000000,1
66.300000,,,,,,,,,,,,,,28.130665,-82.324196,-17.720708,8.576779,357.922315,0.000000,1
66.400000,,,,,,,,,,,,,,28.130673,-82.324195,-17.625447,8.620640,358.121727,0.000000,1
66.500000,,,,,,,,,,,,,,28.130682,-82.324195,-17.530185,8.664500,358.321138,0.000000,1
66.600000,,,,,,,,,,,,,,28.130690,-82.324194,-17.434923,8.708361,358.520550,0.000000,1
66.700000,,,,,,,,,,,,,,28.130699,-82.324194,-17.339662,8.752221,358.719961,0.000000,1
66.800000,,,,,,,,,,,,,,28.130707,-82.324193,-17.244400,8.796081,358.919373,0.000000,1
66.900000,,,,,,,,,,,,,,28.130716,-82.324193,-17.149138,8.839942,359.118784,0.000000,1
67.000000,,,,,,,,,,,,,,28.130724,-82.324192,-17.053877,8.883802,359.318196,0.000000,1
67.100000,,,,,,,,,,,,,,28.130732,-82.324192,-17.004537,8.906299,359.412683,0.000000,1
67.200000,,,,,,,,,,,,,,28.130740,-82.324192,-16.978979,8.917733,359.452834,0.000000,1
67.300000,,,,,,,,,,,,,,28.130748,-82.324191,-16.953420,8.929167,359.492985,0.000000,1
67.400000,,,,,,,,,,,,,,28.130756,-82.324191,-16.927862,8.940601,359.533136,0.000000,1
67.500000,,,,,,,,,,,,,,28.130763,-82.324191,-16.902303,8.952035,359.573287,0.000000,1
67.600000,,,,,,,,,,,,,,28.130771,-82.324191,-16.876745,8.963469,359.613438,0.000000,1
67.700000,,,,,,,,,,,,,,28.130779,-82.324191,-16.851186,8.974903,359.653590,0.000000,1
67.800000,,,,,,,,,,,,,,28.130787,-82.324190,-16.825628,8.986337,359.693741,0.000000,1
67.900000,,,,,,,,,,,,,,28.130795,-82.324190,-16.800070,8.997771,359.733892,0.000000,1
68.000000,,,,,,,,,,,,,,28.130802,-82.324190,-16.774511,9.009205,359.774043,0.000000,1
68.100000,,,,,,,,,,,,,,28.130810,-82.324190,-16.764515,9.023104,336.426129,0.000000,1
68.200000,,,,,,,,,,,,,,28.130819,-82.324190,-16.762612,9.038286,300.913793,0.000000,1
68.300000,,,,,,,,,,,,,,28.130827,-82.324190,-16.760709,9.053468,265.401457,0.000000,1
68.400000,,,,,,,,,,,,,,28.130835,-82.324190,-16.758807,9.068650,229.889121,0.000000,1
68.500000,,,,,,,,,,,,,,28.130844,-82.324191,-16.756904,9.083832,194.376785,0.000000,1
68.600000,,,,,,,,,,,,,,28.130852,-82.324191,-16.755002,9.099014,158.864449,0.000000,1
68.700000,,,,,,,,,,,,,,28.130860,-82.324191,-16.753099,9.114196,123.352113,0.000000,1
68.800000,,,,,,,,,,,,,,28.130869,-82.324191,-16.751197,9.129378,87.839776,0.000000,1
68.900000,,,,,,,,,,,,,,28.130877,-82.324191,-16.749294,9.144560,52.327440,0.000000,1
69.000000,,,,,,,,,,,,,,28.130885,-82.324191,-16.747391,9.159742,16.815104,0.000000,1
69.100000,,,,,,,,,,,,,,28.130894,-82.324190,-16.636521,9.215604,2.958794,0.000000,1
69.200000,,,,,,,,,,,,,,28.130903,-82.324189,-16.455291,9.297733,3.085726,0.000000,1
69.300000,,,,,,,,,,,,,,28.130911,-82.324188,-16.274061,9.379862,3.212658,0.000000,1
69.400000,,,,,,,,,,,,,,28.130920,-82.324187,-16.092831,9.461992,3.339590,0.000000,1
69.500000,,,,,,,,,,,,,,28.130929,-82.324186,-15.911600,9.544121,3.466522,0.000000,1
69.600000,,,,,,,,,,,,,,28.130938,-82.324185,-15.730370,9.626250,3.593455,0.000000,1
69.700000,,,,,,,,,,,,,,28.130947,-82.324184,-15.549140,9.708379,3.720387,0.000000,1
69.800000,,,,,,,,,,,,,,28.130955,-82.324182,-15.367910,9.790508,3.847319,0.000000,1
69.900000,,,,,,,,,,,,,,28.130964,-82.324181,-15.186680,9.872637,3.974251,0.000000,1
70.000000,,,,,,,,,,,,,,28.130973,-82.324180,-15.028469,9.927701,4.108516,0.000000,1
70.100000,,,,,,,,,,,,,,28.130981,-82.324178,-14.930210,9.912283,4.261876,0.000000,1
70.200000,,,,,,,,,,,,,,28.130990,-82.324177,-14.831950,9.896864,4.415236,0.000000,1
70.300000,,,,,,,,,,,,,,28.130998,-82.324175,-14.733690,9.881446,4.568596,0.000000,1
70.400000,,,,,,,,,,,,,,28.131006,-82.324174,-14.635430,9.866027,4.721956,0.000000,1
70.500000,,,,,,,,,,,,,,28.131015,-82.324172,-14.537170,9.850609,4.875316,0.000000,1
70.600000,,,,,,,,,,,,,,28.131023,-82.324171,-14.438910,9.835190,5.028676,0.000000,1
70.700000,,,,,,,,,,,,,,28.131031,-82.324169,-14.340650,9.819772,5.182037,0.000000,1
70.800000,,,,,,,,,,,,,,28.131040,-82.324168,-14.242390,9.804353,5.335397,0.000000,1
70.900000,,,,,,,,,,,,,,28.131048,-82.324166,-14.144130,9.788935,5.488757,0.000000,1
71.000000,,,,,,,,,,,,,,28.131056,-82.324165,-14.045870,9.773516,5.642117,0.000000,1
71.100000,,,,,,,,,,,,,,28.131065,-82.324164,-14.014812,9.789041,5.652865,0.000000,1
71.200000,,,,,,,,,,,,,,28.131074,-82.324163,-14.021965,9.822161,5.582524,0.000000,1
71.300000,,,,,,,,,,,,,,28.131083,-82.324162,-14.029119,9.855281,5.512182,0.000000,1
71.400000,,,,,,,,,,,,,,28.131093,-82.324161,-14.036272,9.888401,5.441841,0.000000,1
71.500000,,,,,,,,,,,,,,28.131102,-82.324160,-14.043425,9.921521,5.371500,0.000000,1
71.600000,,,,,,,,,,,,,,28.131111,-82.324159,-14.050578,9.954641,5.301158,0.000000,1
71.700000,,,,,,,,,,,,,,28.131120,-82.324158,-14.057731,9.987761,5.230817,0.000000,1
71.800000,,,,,,,,,,,,,,28.131129,-82.324158,-14.064884,10.020881,5.160476,0.000000,1
71.900000,,,,,,,,,,,,,,28.131138,-82.324157,-14.072038,10.054001,5.090135,0.000000,1
72.000000,,,,,,,,,,,,,,28.131147,-82.324156,-14.079191,10.087121,5.019793,0.000000,1
72.100000,,,,,,,,,,,,,,28.131157,-82.324155,-14.107699,10.093977,4.999530,0.000000,1
72.200000,,,,,,,,,,,,,,28.131166,-82.324154,-14.147713,10.086681,5.006250,0.000000,1
72.300000,,,,,,,,,,,,,,28.131175,-82.324153,-14.187728,10.079386,5.012970,0.000000,1
72.400000,,,,,,,,,,,,,,28.131184,-82.324151,-14.227743,10.072091,5.019689,0.000000,1
72.500000,,,,,,,,,,,,,,28.131193,-82.324150,-14.267757,10.064795,5.026409,0.000000,1
72.600000,,,,,,,,,,,,,,28.131203,-82.324149,-14.307772,10.057500,5.033129,0.000000,1
72.700000,,,,,,,,,,,,,,28.131212,-82.324148,-14.347787,10.050205,5.039849,0.000000,1
72.800000,,,,,,,,,,,,,,28.131221,-82.324147,-14.387801,10.042909,5.046569,0.000000,1
72.900000,,,,,,,,,,,,,,28.131230,-82.324146,-14.427816,10.035614,5.053289,0.000000,1
73.000000,,,,,,,,,,,,,,28.131239,-82.324145,-14.467831,10.028318,5.060009,0.000000,1
73.100000,,,,,,,,,,,,,,28.131248,-82.324144,-14.488169,10.008714,5.056161,0.000000,1
73.200000,,,,,,,,,,,,,,28.131257,-82.324143,-14.497161,9.982010,5.046218,0.000000,1
73.300000,,,,,,,,,,,,,,28.131266,-82.324141,-14.506153,9.955306,5.036276,0.000000,1
73.400000,,,,,,,,,,,,,,28.131275,-82.324140,-14.515144,9.928602,5.026334,0.000000,1
73.500000,,,,,,,,,,,,,,28.131284,-82.324139,-14.524136,9.901898,5.016391,0.000000,1
73.600000,,,,,,,,,,,,,,28.131293,-82.324137,-14.533128,9.875194,5.006449,0.000000,1
73.700000,,,,,,,,,,,,,,28.131302,-82.324136,-14.542119,9.848491,4.996506,0.000000,1
73.800000,,,,,,,,,,,,,,28.131310,-82.324135,-14.551111,9.821787,4.986564,0.000000,1
73.900000,,,,,,,,,,,,,,28.131319,-82.324133,-14.560103,9.795083,4.976621,0.000000,1
74.000000,,,,,,,,,,,,,,28.131328,-82.324132,-14.569094,9.768379,4.966679,0.000000,1
74.100000,,,,,,,,,,,,,,28.131337,-82.324131,-14.390280,9.752753,4.993405,0.000000,1
74.200000,,,,,,,,,,,,,,28.131345,-82.324129,-14.113675,9.742895,5.039225,0.000000,1
74.300000,,,,,,,,,,,,,,28.131353,-82.324128,-13.837069,9.733038,5.085045,0.000000,1
74.400000,,,,,,,,,,,,,,28.131362,-82.324127,-13.560464,9.723180,5.130864,0.000000,1
74.500000,,,,,,,,,,,,,,28.131370,-82.324126,-13.283858,9.713322,5.176684,0.000000,1
74.600000,,,,,,,,,,,,,,28.131378,-82.324125,-13.007253,9.703465,5.222504,0.000000,1
74.700000,,,,,,,,,,,,,,28.131386,-82.324123,-12.730647,9.693607,5.268324,0.000000,1
74.800000,,,,,,,,,,,,,,28.131395,-82.324122,-12.454042,9.683749,5.314143,0.000000,1
74.900000,,,,,,,,,,,,,,28.131403,-82.324121,-12.177436,9.673892,5.359963,0.000000,1
75.000000,,,,,,,,,,,,,,28.131411,-82.324120,-11.900831,9.664034,5.405783,0.000000,1
75.100000,,,,,,,,,,,,,,28.131420,-82.324119,-11.942765,9.659683,5.383389,0.000000,1
75.200000,,,,,,,,,,,,,,28.131429,-82.324119,-12.225404,9.659494,5.309450,0.000000,1
75.300000,,,,,,,,,,,,,,28.131438,-82.324118,-12.508043,9.659305,5.235511,0.000000,1
75.400000,,,,,,,,,,,,,,28.131448,-82.324118,-12.790683,9.659115,5.161572,0.000000,1
75.500000,,,,,,,,,,,,,,28.131457,-82.324118,-13.073322,9.658926,5.087633,0.000000,1
75.600000,,,,,,,,,,,,,,28.131466,-82.324118,-13.355961,9.658737,5.013694,0.000000,1
75.700000,,,,,,,,,,,,,,28.131475,-82.324117,-13.638601,9.658548,4.939755,0.000000,1
75.800000,,,,,,,,,,,,,,28.131484,-82.324117,-13.921240,9.658358,4.865816,0.000000,1
75.900000,,,,,,,,,,,,,,28.131493,-82.324117,-14.203879,9.658169,4.791877,0.000000,1
76.000000,,,,,,,,,,,,,,28.131502,-82.324117,-14.486519,9.657980,4.717938,0.000000,1
76.100000,,,,,,,,,,,,,,28.131511,-82.324116,-14.561815,9.660843,4.668639,0.000000,1
76.200000,,,,,,,,,,,,,,28.131520,-82.324115,-14.521541,9.665408,4.633073,0.000000,1
76.300000,,,,,,,,,,,,,,28.131529,-82.324115,-14.481266,9.669972,4.597507,0.000000,1
76.400000,,,,,,,,,,,,,,28.131538,-82.324114,-14.440992,9.674537,4.561941,0.000000,1
76.500000,,,,,,,,,,,,,,28.131546,-82.324113,-14.400717,9.679101,4.526375,0.000000,1
76.600000,,,,,,,,,,,,,,28.131555,-82.324113,-14.360443,9.683665,4.490810,0.000000,1
76.700000,,,,,,,,,,,,,,28.131564,-82.324112,-14.320169,9.688230,4.455244,0.000000,1
76.800000,,,,,,,,,,,,,,28.131573,-82.324112,-14.279894,9.692794,4.419678,0.000000,1
76.900000,,,,,,,,,,,,,,28.131582,-82.324111,-14.239620,9.697359,4.384112,0.000000,1
77.000000,,,,,,,,,,,,,,28.131590,-82.324110,-14.199346,9.701923,4.348547,0.000000,1
77.100000,,,,,,,,,,,,,,28.131599,-82.324109,-14.177110,9.690264,4.347524,0.000000,1
77.200000,,,,,,,,,,,,,,28.131608,-82.324108,-14.163238,9.671083,4.362517,0.000000,1
77.300000,,,,,,,,,,,,,,28.131617,-82.324108,-14.149366,9.651902,4.377509,0.000000,1
77.400000,,,,,,,,,,,,,,28.131625,-82.324107,-14.135494,9.632721,4.392502,0.000000,1
77.500000,,,,,,,,,,,,,,28.131634,-82.324106,-14.121622,9.613540,4.407494,0.000000,1
77.600000,,,,,,,,,,,,,,28.131643,-82.324105,-14.107750,9.594359,4.422487,0.000000,1
77.700000,,,,,,,,,,,,,,28.131652,-82.324104,-14.093878,9.575178,4.437479,0.000000,1
77.800000,,,,,,,,,,,,,,28.131660,-82.324103,-14.080006,9.555997,4.452472,0.000000,1
77.900000,,,,,,,,,,,,,,28.131669,-82.324102,-14.066134,9.536816,4.467464,0.000000,1
78.000000,,,,,,,,,,,,,,28.131678,-82.324101,-14.052262,9.517635,4.482457,0.000000,1
78.100000,,,,,,,,,,,,,,28.131686,-82.324100,-14.026097,9.506488,4.524927,0.000000,1
78.200000,,,,,,,,,,,,,,28.131695,-82.324100,-13.993949,9.499252,4.580770,0.000000,1
78.300000,,,,,,,,,,,,,,28.131703,-82.324099,-13.961800,9.492015,4.636613,0.000000,1
78.400000,,,,,,,,,,,,,,28.131712,-82.324099,-13.929651,9.484779,4.692456,0.000000,1
78.500000,,,,,,,,,,,,,,28.131720,-82.324098,-13.897503,9.477543,4.748300,0.000000,1
78.600000,,,,,,,,,,,,,,28.131728,-82.324097,-13.865354,9.470306,4.804143,0.000000,1
78.700000,,,,,,,,,,,,,,28.131737,-82.324097,-13.833205,9.463070,4.859986,0.000000,1
78.800000,,,,,,,,,,,,,,28.131745,-82.324096,-13.801057,9.455834,4.915829,0.000000,1
78.900000,,,,,,,,,,,,,,28.131754,-82.324095,-13.768908,9.448597,4.971673,0.000000,1
79.000000,,,,,,,,,,,,,,28.131762,-82.324095,-13.736760,9.441361,5.027516,0.000000,1
79.100000,,,,,,,,,,,,,,28.131771,-82.324094,-13.733219,9.425405,5.112664,0.000000,1
79.200000,,,,,,,,,,,,,,28.131779,-82.324094,-13.744438,9.404950,5.212932,0.000000,1
79.300000,,,,,,,,,,,,,,28.131788,-82.324093,-13.755656,9.384495,5.313199,0.000000,1
79.400000,,,,,,,,,,,,,,28.131797,-82.324093,-13.766875,9.364041,5.413466,0.000000,1
79.500000,,,,,,,,,,,,,,28.131806,-82.324092,-13.778093,9.343586,5.513734,0.000000,1
79.600000,,,,,,,,,,,,,,28.131815,-82.324091,-13.789311,9.323131,5.614001,0.000000,1
79.700000,,,,,,,,,,,,,,28.131823,-82.324091,-13.800530,9.302676,5.714268,0.000000,1
79.800000,,,,,,,,,,,,,,28.131832,-82.324090,-13.811748,9.282222,5.814536,0.000000,1
79.900000,,,,,,,,,,,,,,28.131841,-82.324090,-13.822967,9.261767,5.914803,0.000000,1
80.000000,,,,,,,,,,,,,,28.131849,-82.324089,-13.823819,9.233829,5.978869,0.000000,1
80.100000,,,,,,,,,,,,,,28.131857,-82.324088,-13.786702,9.178479,5.910328,0.000000,1
80.200000,,,,,,,,,,,,,,28.131865,-82.324087,-13.749584,9.123129,5.841788,0.000000,1
80.300000,,,,,,,,,,,,,,28.131872,-82.324085,-13.712467,9.067779,5.773247,0.000000,1
80.400000,,,,,,,,,,,,,,28.131880,-82.324084,-13.675349,9.012429,5.704707,0.000000,1
80.500000,,,,,,,,,,,,,,28.131887,-82.324083,-13.638232,8.957079,5.636167,0.000000,1
80.600000,,,,,,,,,,,,,,28.131895,-82.324082,-13.601114,8.901729,5.567626,0.000000,1
80.700000,,,,,,,,,,,,,,28.131902,-82.324080,-13.563997,8.846379,5.499086,0.000000,1
80.800000,,,,,,,,,,,,,,28.131910,-82.324079,-13.526879,8.791030,5.430545,0.000000,1
80.900000,,,,,,,,,,,,,,28.131917,-82.324078,-13.489762,8.735680,5.362005,0.000000,1
81.000000,,,,,,,,,,,,,,28.131925,-82.324077,-13.452644,8.680330,5.293465,0.000000,1
81.100000,,,,,,,,,,,,,,28.131932,-82.324076,-13.413118,8.574308,5.266743,0.000000,1
81.200000,,,,,,,,,,,,,,28.131939,-82.324076,-13.372281,8.440736,5.262758,0.000000,1
81.300000,,,,,,,,,,,,,,28.131947,-82.324076,-13.331445,8.307164,5.258774,0.000000,1
81.400000,,,,,,,,,,,,,,28.131954,-82.324076,-13.290609,8.173591,5.254789,0.000000,1
81.500000,,,,,,,,,,,,,,28.131961,-82.324075,-13.249772,8.040019,5.250804,0.000000,1
81.600000,,,,,,,,,,,,,,28.131968,-82.324075,-13.208936,7.906447,5.246820,0.000000,1
81.700000,,,,,,,,,,,,,,28.131975,-82.324075,-13.168099,7.772875,5.242835,0.000000,1
81.800000,,,,,,,,,,,,,,28.131982,-82.324075,-13.127263,7.639303,5.238850,0.000000,1
81.900000,,,,,,,,,,,,,,28.131989,-82.324075,-13.086427,7.505731,5.234866,0.000000,1
82.000000,,,,,,,,,,,,,,28.131996,-82.324074,-13.045590,7.372159,5.230881,0.000000,1
82.100000,,,,,,,,,,,,,,28.132003,-82.324074,-13.037224,7.268873,5.041150,0.000000,1
82.200000,,,,,,,,,,,,,,28.132009,-82.324073,-13.045079,7.180717,4.758627,0.000000,1
82.300000,,,,,,,,,,,,,,28.132016,-82.324073,-13.052933,7.092561,4.476105,0.000000,1
82.400000,,,,,,,,,,,,,,28.132022,-82.324072,-13.060788,7.004405,4.193583,0.000000,1
82.500000,,,,,,,,,,,,,,28.132028,-82.324072,-13.068642,6.916248,3.911060,0.000000,1
82.600000,,,,,,,,,,,,,,28.132035,-82.324071,-13.076497,6.828092,3.628538,0.000000,1
82.700000,,,,,,,,,,,,,,28.132041,-82.324071,-13.084351,6.739936,3.346016,0.000000,1
82.800000,,,,,,,,,,,,,,28.132047,-82.324070,-13.092206,6.651780,3.063493,0.000000,1
82.900000,,,,,,,,,,,,,,28.132054,-82.324070,-13.100060,6.563624,2.780971,0.000000,1
83.000000,,,,,,,,,,,,,,28.132060,-82.324069,-13.107915,6.475468,2.498449,0.000000,1
83.100000,,,,,,,,,,,,,,28.132066,-82.324068,-13.144660,6.378211,2.412892,0.000000,1
83.200000,,,,,,,,,,,,,,28.132071,-82.324067,-13.201447,6.274642,2.463977,0.000000,1
83.300000,,,,,,,,,,,,,,28.132076,-82.324066,-13.258235,6.171073,2.515062,0.000000,1
83.400000,,,,,,,,,,,,,,28.132081,-82.324065,-13.315022,6.067503,2.566147,0.000000,1
83.500000,,,,,,,,,,,,,,28.132086,-82.324064,-13.371810,5.963934,2.617232,0.000000,1
83.600000,,,,,,,,,,,,,,28.132092,-82.324063,-13.428597,5.860364,2.668317,0.000000,1
83.700000,,,,,,,,,,,,,,28.132097,-82.324062,-13.485384,5.756795,2.719402,0.000000,1
83.800000,,,,,,,,,,,,,,28.132102,-82.324061,-13.542172,5.653225,2.770487,0.000000,1
83.900000,,,,,,,,,,,,,,28.132107,-82.324060,-13.598959,5.549656,2.821572,0.000000,1
84.000000,,,,,,,,,,,,,,28.132112,-82.324059,-13.655747,5.446087,2.872657,0.000000,1
84.100000,,,,,,,,,,,,,,28.132117,-82.324058,-13.680969,5.368990,2.902126,0.000000,1
84.200000,,,,,,,,,,,,,,28.132122,-82.324057,-13.676929,5.316434,2.911555,0.000000,1
84.300000,,,,,,,,,,,,,,28.132126,-82.324056,-13.672889,5.263878,2.920985,0.000000,1
84.400000,,,,,,,,,,,,,,28.132131,-82.324056,-13.668849,5.211322,2.930415,0.000000,1
84.500000,,,,,,,,,,,,,,28.132135,-82.324055,-13.664809,5.158766,2.939845,0.000000,1
84.600000,,,,,,,,,,,,,,28.132140,-82.324054,-13.660769,5.106211,2.949275,0.000000,1
84.700000,,,,,,,,,,,,,,28.132145,-82.324053,-13.656729,5.053655,2.958704,0.000000,1
84.800000,,,,,,,,,,,,,,28.132149,-82.324052,-13.652689,5.001099,2.968134,0.000000,1
84.900000,,,,,,,,,,,,,,28.132154,-82.324051,-13.648649,4.948543,2.977564,0.000000,1
85.000000,,,,,,,,,,,,,,28.132159,-82.324050,-13.644609,4.895987,2.986994,0.000000,1
85.100000,,,,,,,,,,,,,,28.132163,-82.324050,-13.589310,4.800291,3.154437,0.000000,1
85.200000,,,,,,,,,,,,,,28.132167,-82.324050,-13.510297,4.684637,3.394983,0.000000,1
85.300000,,,,,,,,,,,,,,28.132171,-82.324050,-13.431283,4.568983,3.635528,0.000000,1
85.400000,,,,,,,,,,,,,,28.132175,-82.324049,-13.352270,4.453330,3.876074,0.000000,1
85.500000,,,,,,,,,,,,,,28.132179,-82.324049,-13.273256,4.337676,4.116619,0.000000,1
85.600000,,,,,,,,,,,,,,28.132184,-82.324049,-13.194243,4.222022,4.357165,0.000000,1
85.700000,,,,,,,,,,,,,,28.132188,-82.324049,-13.115230,4.106368,4.597710,0.000000,1
85.800000,,,,,,,,,,,,,,28.132192,-82.324048,-13.036216,3.990714,4.838256,0.000000,1
85.900000,,,,,,,,,,,,,,28.132196,-82.324048,-12.957203,3.875060,5.078801,0.000000,1
86.000000,,,,,,,,,,,,,,28.132200,-82.324048,-12.900491,3.765992,5.247226,0.000000,1
86.100000,,,,,,,,,,,,,,28.132203,-82.324048,-12.927266,3.681577,5.145670,0.000000,1
86.200000,,,,,,,,,,,,,,28.132206,-82.324048,-12.954040,3.597162,5.044114,0.000000,1
86.300000,,,,,,,,,,,,,,28.132209,-82.324048,-12.980814,3.512748,4.942558,0.000000,1
86.400000,,,,,,,,,,,,,,28.132212,-82.324048,-13.007588,3.428333,4.841002,0.000000,1
86.500000,,,,,,,,,,,,,,28.132215,-82.324048,-13.034362,3.343918,4.739446,0.000000,1
86.600000,,,,,,,,,,,,,,28.132218,-82.324048,-13.061136,3.259504,4.637890,0.000000,1
86.700000,,,,,,,,,,,,,,28.132221,-82.324049,-13.087911,3.175089,4.536334,0.000000,1
86.800000,,,,,,,,,,,,,,28.132224,-82.324049,-13.114685,3.090674,4.434779,0.000000,1
86.900000,,,,,,,,,,,,,,28.132227,-82.324049,-13.141459,3.006260,4.333223,0.000000,1
87.000000,,,,,,,,,,,,,,28.132230,-82.324049,-13.168233,2.921845,4.231667,0.000000,1
87.100000,,,,,,,,,,,,,,28.132232,-82.324049,-13.122562,2.840164,3.952816,0.000000,1
87.200000,,,,,,,,,,,,,,28.132234,-82.324048,-13.036168,2.760020,3.574301,0.000000,1
87.300000,,,,,,,,,,,,,,28.132236,-82.324048,-12.949773,2.679876,3.195786,0.000000,1
87.400000,,,,,,,,,,,,,,28.132238,-82.324048,-12.863379,2.599733,2.817272,0.000000,1
87.500000,,,,,,,,,,,,,,28.132240,-82.324047,-12.776984,2.519589,2.438757,0.000000,1
87.600000,,,,,,,,,,,,,,28.132243,-82.324047,-12.690589,2.439445,2.060242,0.000000,1
87.700000,,,,,,,,,,,,,,28.132245,-82.324047,-12.604195,2.359301,1.681728,0.000000,1
87.800000,,,,,,,,,,,,,,28.132247,-82.324046,-12.517800,2.279157,1.303213,0.000000,1
87.900000,,,,,,,,,,,,,,28.132249,-82.324046,-12.431406,2.199013,0.924698,0.000000,1
88.000000,,,,,,,,,,,,,,28.132251,-82.324046,-12.345011,2.118869,0.546184,0.000000,1
88.100000,,,,,,,,,,,,,,28.132253,-82.324046,-12.354301,2.045968,0.753174,0.000000,1
88.200000,,,,,,,,,,,,,,28.132255,-82.324046,-12.413177,1.976822,1.263591,0.000000,1
88.300000,,,,,,,,,,,,,,28.132256,-82.324046,-12.472052,1.907675,1.774008,0.000000,1
88.400000,,,,,,,,,,,,,,28.132258,-82.324046,-12.530928,1.838529,2.284425,0.000000,1
88.500000,,,,,,,,,,,,,,28.132260,-82.324046,-12.589804,1.769382,2.794842,0.000000,1
88.600000,,,,,,,,,,,,,,28.132262,-82.324046,-12.648680,1.700236,3.305259,0.000000,1
88.700000,,,,,,,,,,,,,,28.132264,-82.324046,-12.707556,1.631089,3.815676,0.000000,1
88.800000,,,,,,,,,,,,,,28.132266,-82.324046,-12.766432,1.561943,4.326093,0.000000,1
88.900000,,,,,,,,,,,,,,28.132268,-82.324046,-12.825308,1.492796,4.836510,0.000000,1
89.000000,,,,,,,,,,,,,,28.132269,-82.324046,-12.884184,1.423649,5.346927,0.000000,1
89.100000,,,,,,,,,,,,,,28.132271,-82.324046,-12.957298,1.359851,29.832919,0.000000,1
89.200000,,,,,,,,,,,,,,28.132272,-82.324045,-13.036509,1.298342,64.583925,0.000000,1
89.300000,,,,,,,,,,,,,,28.132273,-82.324045,-13.115719,1.236833,99.334931,0.000000,1
89.400000,,,,,,,,,,,,,,28.132274,-82.324044,-13.194930,1.175324,134.085937,0.000000,1
89.500000,,,,,,,,,,,,,,28.132276,-82.324043,-13.274140,1.113815,168.836943,0.000000,1
89.600000,,,,,,,,,,,,,,28.132277,-82.324043,-13.353351,1.052305,203.587949,0.000000,1
89.700000,,,,,,,,,,,,,,28.132278,-82.324042,-13.432561,0.990796,238.338955,0.000000,1
89.800000,,,,,,,,,,,,,,28.132279,-82.324042,-13.511772,0.929287,273.089961,0.000000,1
89.900000,,,,,,,,,,,,,,28.132280,-82.324041,-13.590982,0.867778,307.840967,0.000000,1
90.000000,,,,,,,,,,,,,,28.132282,-82.324041,-13.670193,0.806269,342.591973,0.000000,1
90.100000,,,,,,,,,,,,,,28.132282,-82.324041,-13.728893,0.740969,358.181244,0.000000,1
90.200000,,,,,,,,,,,,,,28.132283,-82.324041,-13.770907,0.672584,358.181244,0.000000,1
90.300000,,,,,,,,,,,,,,28.132283,-82.324040,-13.812921,0.604199,358.181244,0.000000,1
90.400000,,,,,,,,,,,,,,28.132283,-82.324040,-13.854935,0.535814,358.181244,0.000000,1
90.500000,,,,,,,,,,,,,,28.132284,-82.324040,-13.896948,0.467429,358.181244,0.000000,1
90.600000,,,,,,,,,,,,,,28.132284,-82.324040,-13.938962,0.399045,358.181244,0.000000,1
90.700000,,,,,,,,,,,,,,28.132284,-82.324040,-13.980976,0.330660,358.181244,0.000000,1
90.800000,,,,,,,,,,,,,,28.132285,-82.324040,-14.022990,0.262275,358.181244,0.000000,1
90.900000,,,,,,,,,,,,,,28.132285,-82.324040,-14.065004,0.193890,358.181244,0.000000,1
91.000000,,,,,,,,,,,,,,28.132285,-82.324040,-14.107018,0.125505,358.181244,0.000000,1
91.100000,,,,,,,,,,,,,,28.132285,-82.324040,-14.149382,0.108623,358.181244,0.000000,1
91.200000,,,,,,,,,,,,,,28.132285,-82.324039,-14.191904,0.114901,358.181244,0.000000,1
91.300000,,,,,,,,,,,,,,28.132285,-82.324039,-14.234426,0.121180,358.181244,0.000000,1
91.400000,,,,,,,,,,,,,,28.132285,-82.324039,-14.276948,0.127458,358.181244,0.000000,1
91.500000,,,,,,,,,,,,,,28.132285,-82.324039,-14.319470,0.133736,358.181244,0.000000,1
91.600000,,,,,,,,,,,,,,28.132285,-82.324039,-14.361992,0.140015,358.181244,0.000000,1
91.700000,,,,,,,,,,,,,,28.132285,-82.324038,-14.404513,0.146293,358.181244,0.000000,1
91.800000,,,,,,,,,,,,,,28.132285,-82.324038,-14.447035,0.152571,358.181244,0.000000,1
91.900000,,,,,,,,,,,,,,28.132285,-82.324038,-14.489557,0.158850,358.181244,0.000000,1
92.000000,,,,,,,,,,,,,,28.132285,-82.324038,-14.532079,0.165128,358.181244,0.000000,1
92.100000,,,,,,,,,,,,,,28.132285,-82.324037,-14.536365,0.165611,358.181244,0.000000,1
92.200000,,,,,,,,,,,,,,28.132285,-82.324037,-14.520868,0.163096,358.181244,0.000000,1
92.300000,,,,,,,,,,,,,,28.132284,-82.324037,-14.505371,0.160581,358.181244,0.000000,1
92.400000,,,,,,,,,,,,,,28.132284,-82.324037,-14.489873,0.158066,358.181244,0.000000,1
92.500000,,,,,,,,,,,,,,28.132284,-82.324037,-14.474376,0.155551,358.181244,0.000000,1
92.600000,,,,,,,,,,,,,,28.132284,-82.324037,-14.458878,0.153035,358.181244,0.000000,1
92.700000,,,,,,,,,,,,,,28.132283,-82.324036,-14.443381,0.150520,358.181244,0.000000,1
92.800000,,,,,,,,,,,,,,28.132283,-82.324036,-14.427884,0.148005,358.181244,0.000000,1
92.900000,,,,,,,,,,,,,,28.132283,-82.324036,-14.412386,0.145490,358.181244,0.000000,1
93.000000,,,,,,,,,,,,,,28.132283,-82.324036,-14.396889,0.142975,358.181244,0.000000,1
93.100000,,,,,,,,,,,,,,28.132282,-82.324036,-14.379798,0.142622,358.181244,0.000000,1
93.200000,,,,,,,,,,,,,,28.132282,-82.324036,-14.361923,0.143333,358.181244,0.000000,1
93.300000,,,,,,,,,,,,,,28.132282,-82.324036,-14.344049,0.144043,358.181244,0.000000,1
93.400000,,,,,,,,,,,,,,28.132282,-82.324036,-14.326174,0.144753,358.181244,0.000000,1
93.500000,,,,,,,,,,,,,,28.132282,-82.324036,-14.308300,0.145463,358.181244,0.000000,1
93.600000,,,,,,,,,,,,,,28.132282,-82.324036,-14.290425,0.146173,358.181244,0.000000,1
93.700000,,,,,,,,,,,,,,28.132282,-82.324036,-14.272551,0.146883,358.181244,0.000000,1
93.800000,,,,,,,,,,,,,,28.132282,-82.324036,-14.254676,0.147593,358.181244,0.000000,1
93.900000,,,,,,,,,,,,,,28.132282,-82.324036,-14.236802,0.148304,358.181244,0.000000,1
94.000000,,,,,,,,,,,,,,28.132282,-82.324036,-14.218928,0.149014,358.181244,0.000000,1
94.100000,,,,,,,,,,,,,,28.132282,-82.324036,-14.211224,0.150952,358.181244,0.000000,1
94.200000,,,,,,,,,,,,,,28.132282,-82.324036,-14.212129,0.153930,358.181244,0.000000,1
94.300000,,,,,,,,,,,,,,28.132283,-82.324036,-14.213035,0.156908,358.181244,0.000000,1
94.400000,,,,,,,,,,,,,,28.132283,-82.324035,-14.213940,0.159887,358.181244,0.000000,1
94.500000,,,,,,,,,,,,,,28.132283,-82.324035,-14.214846,0.162865,358.181244,0.000000,1
94.600000,,,,,,,,,,,,,,28.132283,-82.324035,-14.215751,0.165843,358.181244,0.000000,1
94.700000,,,,,,,,,,,,,,28.132284,-82.324035,-14.216657,0.168821,358.181244,0.000000,1
94.800000,,,,,,,,,,,,,,28.132284,-82.324034,-14.217563,0.171799,358.181244,0.000000,1
94.900000,,,,,,,,,,,,,,28.132284,-82.324034,-14.218468,0.174777,358.181244,0.000000,1
95.000000,,,,,,,,,,,,,,28.132284,-82.324034,-14.211889,0.174625,358.181244,0.000000,1
95.100000,,,,,,,,,,,,,,28.132284,-82.324034,-14.195907,0.170540,358.181244,0.000000,1
95.200000,,,,,,,,,,,,,,28.132284,-82.324033,-14.179926,0.166456,358.181244,0.000000,1
95.300000,,,,,,,,,,,,,,28.132285,-82.324033,-14.163944,0.162371,358.181244,0.000000,1
95.400000,,,,,,,,,,,,,,28.132285,-82.324033,-14.147963,0.158286,358.181244,0.000000,1
95.500000,,,,,,,,,,,,,,28.132285,-82.324032,-14.131982,0.154202,358.181244,0.000000,1
95.600000,,,,,,,,,,,,,,28.132285,-82.324032,-14.116000,0.150117,358.181244,0.000000,1
95.700000,,,,,,,,,,,,,,28.132285,-82.324032,-14.100019,0.146032,358.181244,0.000000,1
95.800000,,,,,,,,,,,,,,28.132285,-82.324031,-14.084037,0.141948,358.181244,0.000000,1
95.900000,,,,,,,,,,,,,,28.132285,-82.324031,-14.068056,0.137863,358.181244,0.000000,1
96.000000,,,,,,,,,,,,,,28.132285,-82.324031,-14.052074,0.133778,358.181244,0.000000,1
96.100000,,,,,,,,,,,,,,28.132285,-82.324031,-14.034515,0.135344,358.181244,0.000000,1
96.200000,,,,,,,,,,,,,,28.132285,-82.324031,-14.016265,0.139386,358.181244,0.000000,1
96.300000,,,,,,,,,,,,,,28.132285,-82.324031,-13.998016,0.143427,358.181244,0.000000,1
96.400000,,,,,,,,,,,,,,28.132285,-82.324031,-13.979766,0.147468,358.181244,0.000000,1
96.500000,,,,,,,,,,,,,,28.132285,-82.324031,-13.961516,0.151510,358.181244,0.000000,1
96.600000,,,,,,,,,,,,,,28.132286,-82.324031,-13.943266,0.155551,358.181244,0.000000,1
96.700000,,,,,,,,,,,,,,28.132286,-82.324031,-13.925016,0.159592,358.181244,0.000000,1
96.800000,,,,,,,,,,,,,,28.132286,-82.324031,-13.906766,0.163634,358.181244,0.000000,1
96.900000,,,,,,,,,,,,,,28.132286,-82.324031,-13.888517,0.167675,358.181244,0.000000,1
97.000000,,,,,,,,,,,,,,28.132286,-82.324031,-13.870267,0.171716,358.181244,0.000000,1
97.100000,,,,,,,,,,,,,,28.132286,-82.324031,-13.827352,0.171314,358.181244,0.000000,1
97.200000,,,,,,,,,,,,,,28.132286,-82.324031,-13.771146,0.168516,358.181244,0.000000,1
97.300000,,,,,,,,,,,,,,28.132286,-82.324031,-13.714940,0.165719,358.181244,0.000000,1
97.400000,,,,,,,,,,,,,,28.132287,-82.324031,-13.658735,0.162922,358.181244,0.000000,1
97.500000,,,,,,,,,,,,,,28.132287,-82.324031,-13.602529,0.160125,358.181244,0.000000,1
97.600000,,,,,,,,,,,,,,28.132287,-82.324032,-13.546323,0.157327,358.181244,0.000000,1
97.700000,,,,,,,,,,,,,,28.132287,-82.324032,-13.490117,0.154530,358.181244,0.000000,1
97.800000,,,,,,,,,,,,,,28.132287,-82.324032,-13.433911,0.151733,358.181244,0.000000,1
97.900000,,,,,,,,,,,,,,28.132288,-82.324032,-13.377706,0.148935,358.181244,0.000000,1
98.000000,,,,,,,,,,,,,,28.132288,-82.324032,-13.321500,0.146138,358.181244,0.000000,1
98.100000,,,,,,,,,,,,,,28.132288,-82.324032,-13.304532,0.173405,358.181244,0.000000,1
98.200000,,,,,,,,,,,,,,28.132289,-82.324033,-13.308719,0.216879,358.181244,0.000000,1
98.300000,,,,,,,,,,,,,,28.132289,-82.324033,-13.312905,0.260354,358.181244,0.000000,1
98.400000,,,,,,,,,,,,,,28.132290,-82.324034,-13.317092,0.303829,358.181244,0.000000,1
98.500000,,,,,,,,,,,,,,28.132290,-82.324034,-13.321279,0.347303,358.181244,0.000000,1
98.600000,,,,,,,,,,,,,,28.132290,-82.324035,-13.325465,0.390778,358.181244,0.000000,1
98.700000,,,,,,,,,,,,,,28.132291,-82.324035,-13.329652,0.434253,358.181244,0.000000,1
98.800000,,,,,,,,,,,,,,28.132291,-82.324036,-13.333838,0.477727,358.181244,0.000000,1
98.900000,,,,,,,,,,,,,,28.132292,-82.324036,-13.338025,0.521202,358.181244,0.000000,1
99.000000,,,,,,,,,,,,,,28.132292,-82.324037,-13.342211,0.564677,358.181244,0.000000,1
99.100000,,,,,,,,,,,,,,28.132293,-82.324037,-13.348796,0.638534,334.417628,0.000000,1
99.200000,,,,,,,,,,,,,,28.132294,-82.324037,-13.356529,0.726924,299.287107,0.000000,1
99.300000,,,,,,,,,,,,,,28.132295,-82.324037,-13.364261,0.815314,264.156585,0.000000,1
99.400000,,,,,,,,,,,,,,28.132295,-82.324037,-13.371993,0.903705,229.026063,0.000000,1
99.500000,,,,,,,,,,,,,,28.132296,-82.324038,-13.379725,0.992095,193.895541,0.000000,1
99.600000,,,,,,,,,,,,,,28.132297,-82.324038,-13.387458,1.080485,158.765020,0.000000,1
99.700000,,,,,,,,,,,,,,28.132298,-82.324038,-13.395190,1.168875,123.634498,0.000000,1
99.800000,,,,,,,,,,,,,,28.132298,-82.324038,-13.402922,1.257266,88.503976,0.000000,1
99.900000,,,,,,,,,,,,,,28.132299,-82.324038,-13.410655,1.345656,53.373455,0.000000,1
100.000000,,,,,,,,,,,,,,28.132300,-82.324038,-13.418387,1.434046,18.242933,0.000000,1
100.100000,,,,,,,,,,,,,,28.132302,-82.324038,-13.456036,1.540014,6.434750,0.000000,1
100.200000,,,,,,,,,,,,,,28.132303,-82.324037,-13.508289,1.654563,6.011604,0.000000,1
100.300000,,,,,,,,,,,,,,28.132305,-82.324036,-13.560542,1.769112,5.588457,0.000000,1
100.400000,,,,,,,,,,,,,,28.132307,-82.324036,-13.612795,1.883661,5.165310,0.000000,1
100.500000,,,,,,,,,,,,,,28.132309,-82.324035,-13.665048,1.998210,4.742164,0.000000,1
100.600000,,,,,,,,,,,,,,28.132310,-82.324035,-13.717301,2.112759,4.319017,0.000000,1
100.700000,,,,,,,,,,,,,,28.132312,-82.324034,-13.769554,2.227308,3.895871,0.000000,1
100.800000,,,,,,,,,,,,,,28.132314,-82.324034,-13.821808,2.341857,3.472724,0.000000,1
100.900000,,,,,,,,,,,,,,28.132316,-82.324033,-13.874061,2.456406,3.049578,0.000000,1
101.000000,,,,,,,,,,,,,,28.132318,-82.324033,-13.926314,2.570955,2.626431,0.000000,1
101.100000,,,,,,,,,,,,,,28.132320,-82.324032,-13.901903,2.661316,26.677923,0.000000,1
101.200000,,,,,,,,,,,,,,28.132322,-82.324033,-13.837031,2.738911,63.646274,0.000000,1
101.300000,,,,,,,,,,,,,,28.132324,-82.324033,-13.772160,2.816507,100.614625,0.000000,1
101.400000,,,,,,,,,,,,,,28.132327,-82.324033,-13.707289,2.894103,137.582976,0.000000,1
101.500000,,,,,,,,,,,,,,28.132329,-82.324033,-13.642417,2.971698,174.551327,0.000000,1
101.600000,,,,,,,,,,,,,,28.132332,-82.324033,-13.577546,3.049294,211.519678,0.000000,1
101.700000,,,,,,,,,,,,,,28.132334,-82.324033,-13.512674,3.126889,248.488029,0.000000,1
101.800000,,,,,,,,,,,,,,28.132336,-82.324033,-13.447803,3.204485,285.456380,0.000000,1
101.900000,,,,,,,,,,,,,,28.132339,-82.324033,-13.382931,3.282080,322.424731,0.000000,1
102.000000,,,,,,,,,,,,,,28.132341,-82.324033,-13.323292,3.355546,354.227965,0.000000,1
102.100000,,,,,,,,,,,,,,28.132344,-82.324033,-13.295486,3.403891,354.609926,0.000000,1
102.200000,,,,,,,,,,,,,,28.132347,-82.324033,-13.267680,3.452235,354.991886,0.000000,1
102.300000,,,,,,,,,,,,,,28.132350,-82.324033,-13.239874,3.500580,355.373847,0.000000,1
102.400000,,,,,,,,,,,,,,28.132353,-82.324032,-13.212067,3.548924,355.755807,0.000000,1
102.500000,,,,,,,,,,,,,,28.132356,-82.324032,-13.184261,3.597269,356.137768,0.000000,1
102.600000,,,,,,,,,,,,,,28.132359,-82.324032,-13.156455,3.645613,356.519728,0.000000,1
102.700000,,,,,,,,,,,,,,28.132362,-82.324031,-13.128648,3.693958,356.901689,0.000000,1
102.800000,,,,,,,,,,,,,,28.132365,-82.324031,-13.100842,3.742302,357.283649,0.000000,1
102.900000,,,,,,,,,,,,,,28.132368,-82.324031,-13.073036,3.790647,357.665610,0.000000,1
103.000000,,,,,,,,,,,,,,28.132371,-82.324030,-13.045229,3.838991,358.047570,0.000000,1
103.100000,,,,,,,,,,,,,,28.132375,-82.324030,-13.070769,3.951806,335.899383,0.000000,1
103.200000,,,,,,,,,,,,,,28.132380,-82.324029,-13.125968,4.100464,301.224907,0.000000,1
103.300000,,,,,,,,,,,,,,28.132385,-82.324028,-13.181168,4.249123,266.550430,0.000000,1
103.400000,,,,,,,,,,,,,,28.132389,-82.324027,-13.236367,4.397781,231.875953,0.000000,1
103.500000,,,,,,,,,,,,,,28.132394,-82.324026,-13.291566,4.546440,197.201477,0.000000,1
103.600000,,,,,,,,,,,,,,28.132399,-82.324025,-13.346765,4.695098,162.527000,0.000000,1
103.700000,,,,,,,,,,,,,,28.132403,-82.324024,-13.401965,4.843757,127.852523,0.000000,1
103.800000,,,,,,,,,,,,,,28.132408,-82.324024,-13.457164,4.992415,93.178047,0.000000,1
103.900000,,,,,,,,,,,,,,28.132413,-82.324023,-13.512363,5.141074,58.503570,0.000000,1
104.000000,,,,,,,,,,,,,,28.132418,-82.324022,-13.567562,5.289732,23.829094,0.000000,1
104.100000,,,,,,,,,,,,,,28.132422,-82.324020,-13.566514,5.400291,6.073601,0.000000,1
104.200000,,,,,,,,,,,,,,28.132428,-82.324019,-13.506230,5.470729,6.135397,0.000000,1
104.300000,,,,,,,,,,,,,,28.132433,-82.324017,-13.445947,5.541166,6.197192,0.000000,1
104.400000,,,,,,,,,,,,,,28.132438,-82.324015,-13.385663,5.611604,6.258987,0.000000,1
104.500000,,,,,,,,,,,,,,28.132444,-82.324013,-13.325380,5.682041,6.320782,0.000000,1
104.600000,,,,,,,,,,,,,,28.132449,-82.324011,-13.265097,5.752479,6.382577,0.000000,1
104.700000,,,,,,,,,,,,,,28.132454,-82.324009,-13.204813,5.822916,6.444372,0.000000,1
104.800000,,,,,,,,,,,,,,28.132460,-82.324007,-13.144530,5.893354,6.506168,0.000000,1
104.900000,,,,,,,,,,,,,,28.132465,-82.324005,-13.084246,5.963791,6.567963,0.000000,1
105.000000,,,,,,,,,,,,,,28.132470,-82.324003,-13.023963,6.034229,6.629758,0.000000,1
105.100000,,,,,,,,,,,,,,28.132476,-82.324001,-12.992913,6.147909,6.719385,0.000000,1
105.200000,,,,,,,,,,,,,,28.132482,-82.323999,-12.979817,6.288149,6.826106,0.000000,1
105.300000,,,,,,,,,,,,,,28.132489,-82.323997,-12.966722,6.428389,6.932827,0.000000,1
105.400000,,,,,,,,,,,,,,28.132495,-82.323995,-12.953627,6.568628,7.039548,0.000000,1
105.500000,,,,,,,,,,,,,,28.132501,-82.323993,-12.940532,6.708868,7.146269,0.000000,1
105.600000,,,,,,,,,,,,,,28.132507,-82.323991,-12.927436,6.849108,7.252990,0.000000,1
105.700000,,,,,,,,,,,,,,28.132513,-82.323988,-12.914341,6.989348,7.359711,0.000000,1
105.800000,,,,,,,,,,,,,,28.132520,-82.323986,-12.901246,7.129588,7.466432,0.000000,1
105.900000,,,,,,,,,,,,,,28.132526,-82.323984,-12.888151,7.269828,7.573153,0.000000,1
106.000000,,,,,,,,,,,,,,28.132532,-82.323982,-12.875055,7.410068,7.679874,0.000000,1
106.100000,,,,,,,,,,,,,,28.132539,-82.323981,-12.830181,7.488751,7.478309,0.000000,1
106.200000,,,,,,,,,,,,,,28.132545,-82.323981,-12.764959,7.528019,7.079348,0.000000,1
106.300000,,,,,,,,,,,,,,28.132552,-82.323980,-12.699737,7.567288,6.680387,0.000000,1
106.400000,,,,,,,,,,,,,,28.132559,-82.323980,-12.634515,7.606556,6.281426,0.000000,1
106.500000,,,,,,,,,,,,,,28.132565,-82.323979,-12.569293,7.645825,5.882465,0.000000,1
106.600000,,,,,,,,,,,,,,28.132572,-82.323979,-12.504071,7.685093,5.483505,0.000000,1
106.700000,,,,,,,,,,,,,,28.132579,-82.323978,-12.438849,7.724362,5.084544,0.000000,1
106.800000,,,,,,,,,,,,,,28.132586,-82.323978,-12.373627,7.763631,4.685583,0.000000,1
106.900000,,,,,,,,,,,,,,28.132592,-82.323978,-12.308405,7.802899,4.286622,0.000000,1
107.000000,,,,,,,,,,,,,,28.132599,-82.323977,-12.243182,7.842168,3.887661,0.000000,1
107.100000,,,,,,,,,,,,,,28.132606,-82.323977,-12.217127,7.879193,3.719979,0.000000,1
107.200000,,,,,,,,,,,,,,28.132613,-82.323977,-12.213922,7.914911,3.687225,0.000000,1
107.300000,,,,,,,,,,,,,,28.132620,-82.323976,-12.210716,7.950628,3.654470,0.000000,1
107.400000,,,,,,,,,,,,,,28.132627,-82.323976,-12.207511,7.986346,3.621716,0.000000,1
107.500000,,,,,,,,,,,,,,28.132635,-82.323976,-12.204305,8.022063,3.588962,0.000000,1
107.600000,,,,,,,,,,,,,,28.132642,-82.323976,-12.201100,8.057781,3.556208,0.000000,1
107.700000,,,,,,,,,,,,,,28.132649,-82.323975,-12.197894,8.093498,3.523454,0.000000,1
107.800000,,,,,,,,,,,,,,28.132656,-82.323975,-12.194689,8.129215,3.490699,0.000000,1
107.900000,,,,,,,,,,,,,,28.132663,-82.323975,-12.191484,8.164933,3.457945,0.000000,1
108.000000,,,,,,,,,,,,,,28.132670,-82.323975,-12.188278,8.200650,3.425191,0.000000,1
108.100000,,,,,,,,,,,,,,28.132678,-82.323974,-12.223302,8.260603,3.449831,0.000000,1
108.200000,,,,,,,,,,,,,,28.132687,-82.323974,-12.289134,8.340085,3.520723,0.000000,1
108.300000,,,,,,,,,,,,,,28.132695,-82.323974,-12.354966,8.419568,3.591614,0.000000,1
108.400000,,,,,,,,,,,,,,28.132704,-82.323974,-12.420798,8.499050,3.662506,0.000000,1
108.500000,,,,,,,,,,,,,,28.132712,-82.323974,-12.486629,8.578533,3.733397,0.000000,1
108.600000,,,,,,,,,,,,,,28.132721,-82.323974,-12.552461,8.658015,3.804289,0.000000,1
108.700000,,,,,,,,,,,,,,28.132729,-82.323974,-12.618293,8.737498,3.875181,0.000000,1
108.800000,,,,,,,,,,,,,,28.132738,-82.323973,-12.684125,8.816980,3.946072,0.000000,1
108.900000,,,,,,,,,,,,,,28.132746,-82.323973,-12.749956,8.896463,4.016964,0.000000,1
109.000000,,,,,,,,,,,,,,28.132755,-82.323973,-12.815788,8.975945,4.087855,0.000000,1
109.100000,,,,,,,,,,,,,,28.132763,-82.323973,-12.799149,9.065454,4.052352,0.000000,1
109.200000,,,,,,,,,,,,,,28.132771,-82.323972,-12.737303,9.160459,3.958530,0.000000,1
109.300000,,,,,,,,,,,,,,28.132779,-82.323971,-12.675457,9.255463,3.864707,0.000000,1
109.400000,,,,,,,,,,,,,,28.132787,-82.323971,-12.613611,9.350468,3.770884,0.000000,1
109.500000,,,,,,,,,,,,,,28.132795,-82.323970,-12.551765,9.445473,3.677061,0.000000,1
109.600000,,,,,,,,,,,,,,28.132803,-82.323969,-12.489919,9.540477,3.583239,0.000000,1
109.700000,,,,,,,,,,,,,,28.132811,-82.323968,-12.428073,9.635482,3.489416,0.000000,1
109.800000,,,,,,,,,,,,,,28.132819,-82.323968,-12.366227,9.730487,3.395593,0.000000,1
109.900000,,,,,,,,,,,,,,28.132827,-82.323967,-12.304382,9.825491,3.301771,0.000000,1
110.000000,,,,,,,,,,,,,,28.132835,-82.323966,-12.242536,9.920496,3.207948,0.000000,1
110.100000,,,,,,,,,,,,,,28.132843,-82.323965,-12.317740,9.933858,3.310196,0.000000,1
110.200000,,,,,,,,,,,,,,28.132851,-82.323964,-12.477103,9.897086,3.532845,0.000000,1
110.300000,,,,,,,,,,,,,,28.132859,-82.323963,-12.636466,9.860314,3.755494,0.000000,1
110.400000,,,,,,,,,,,,,,28.132867,-82.323962,-12.795829,9.823542,3.978144,0.000000,1
110.500000,,,,,,,,,,,,,,28.132875,-82.323961,-12.955192,9.786770,4.200793,0.000000,1
110.600000,,,,,,,,,,,,,,28.132883,-82.323960,-13.114555,9.749998,4.423442,0.000000,1
110.700000,,,,,,,,,,,,,,28.132891,-82.323959,-13.273918,9.713227,4.646092,0.000000,1
110.800000,,,,,,,,,,,,,,28.132899,-82.323958,-13.433281,9.676455,4.868741,0.000000,1
110.900000,,,,,,,,,,,,,,28.132907,-82.323957,-13.592644,9.639683,5.091390,0.000000,1
111.000000,,,,,,,,,,,,,,28.132915,-82.323957,-13.752008,9.602911,5.314039,0.000000,1
111.100000,,,,,,,,,,,,,,28.132924,-82.323955,-13.786417,9.603347,5.513495,0.000000,1
111.200000,,,,,,,,,,,,,,28.132933,-82.323954,-13.751008,9.624574,5.699991,0.000000,1
111.300000,,,,,,,,,,,,,,28.132942,-82.323953,-13.715598,9.645801,5.886488,0.000000,1
111.400000,,,,,,,,,,,,,,28.132951,-82.323952,-13.680189,9.667028,6.072984,0.000000,1
111.500000,,,,,,,,,,,,,,28.132960,-82.323951,-13.644780,9.688255,6.259480,0.000000,1
111.600000,,,,,,,,,,,,,,28.132968,-82.323950,-13.609370,9.709482,6.445976,0.000000,1
111.700000,,,,,,,,,,,,,,28.132977,-82.323949,-13.573961,9.730708,6.632473,0.000000,1
111.800000,,,,,,,,,,,,,,28.132986,-82.323948,-13.538551,9.751935,6.818969,0.000000,1
111.900000,,,,,,,,,,,,,,28.132995,-82.323947,-13.503142,9.773162,7.005465,0.000000,1
112.000000,,,,,,,,,,,,,,28.133004,-82.323946,-13.467733,9.794389,7.191962,0.000000,1
112.100000,,,,,,,,,,,,,,28.133013,-82.323945,-13.494335,9.802761,7.146900,0.000000,1
112.200000,,,,,,,,,,,,,,28.133021,-82.323943,-13.566976,9.801589,6.929928,0.000000,1
112.300000,,,,,,,,,,,,,,28.133030,-82.323942,-13.639618,9.800418,6.712956,0.000000,1
112.400000,,,,,,,,,,,,,,28.133038,-82.323941,-13.712259,9.799246,6.495984,0.000000,1
112.500000,,,,,,,,,,,,,,28.133047,-82.323939,-13.784900,9.798075,6.279011,0.000000,1
112.600000,,,,,,,,,,,,,,28.133055,-82.323938,-13.857541,9.796903,6.062039,0.000000,1
112.700000,,,,,,,,,,,,,,28.133064,-82.323936,-13.930182,9.795731,5.845067,0.000000,1
112.800000,,,,,,,,,,,,,,28.133072,-82.323935,-14.002823,9.794560,5.628095,0.000000,1
112.900000,,,,,,,,,,,,,,28.133081,-82.323934,-14.075464,9.793388,5.411123,0.000000,1
113.000000,,,,,,,,,,,,,,28.133089,-82.323932,-14.148105,9.792217,5.194151,0.000000,1
113.100000,,,,,,,,,,,,,,28.133098,-82.323931,-14.209782,9.802510,5.249862,0.000000,1
113.200000,,,,,,,,,,,,,,28.133107,-82.323930,-14.265421,9.819118,5.455768,0.000000,1
113.300000,,,,,,,,,,,,,,28.133116,-82.323929,-14.321059,9.835726,5.661674,0.000000,1
113.400000,,,,,,,,,,,,,,28.133125,-82.323927,-14.376697,9.852333,5.867580,0.000000,1
113.500000,,,,,,,,,,,,,,28.133133,-82.323926,-14.432335,9.868941,6.073487,0.000000,1
113.600000,,,,,,,,,,,,,,28.133142,-82.323925,-14.487973,9.885549,6.279393,0.000000,1
113.700000,,,,,,,,,,,,,,28.133151,-82.323924,-14.543612,9.902157,6.485299,0.000000,1
113.800000,,,,,,,,,,,,,,28.133160,-82.323923,-14.599250,9.918765,6.691206,0.000000,1
113.900000,,,,,,,,,,,,,,28.133169,-82.323921,-14.654888,9.935373,6.897112,0.000000,1
114.000000,,,,,,,,,,,,,,28.133178,-82.323920,-14.710526,9.951981,7.103018,0.000000,1
114.100000,,,,,,,,,,,,,,28.133186,-82.323919,-14.801612,9.965853,7.480780,0.000000,1
114.200000,,,,,,,,,,,,,,28.133196,-82.323917,-14.920044,9.977616,7.991114,0.000000,1
114.300000,,,,,,,,,,,,,,28.133205,-82.323915,-15.038475,9.989378,8.501448,0.000000,1
114.400000,,,,,,,,,,,,,,28.133214,-82.323913,-15.156907,10.001140,9.011782,0.000000,1
114.500000,,,,,,,,,,,,,,28.133223,-82.323911,-15.275338,10.012903,9.522116,0.000000,1
114.600000,,,,,,,,,,,,,,28.133232,-82.323909,-15.393770,10.024665,10.032450,0.000000,1
114.700000,,,,,,,,,,,,,,28.133241,-82.323907,-15.512201,10.036427,10.542784,0.000000,1
114.800000,,,,,,,,,,,,,,28.133250,-82.323905,-15.630633,10.048190,11.053118,0.000000,1
114.900000,,,,,,,,,,,,,,28.133259,-82.323903,-15.749064,10.059952,11.563452,0.000000,1
115.000000,,,,,,,,,,,,,,28.133268,-82.323901,-15.867496,10.071714,12.073786,0.000000,1
115.100000,,,,,,,,,,,,,,28.133277,-82.323899,-15.971819,10.065191,12.309975,0.000000,1
115.200000,,,,,,,,,,,,,,28.133285,-82.323896,-16.064493,10.043569,12.319792,0.000000,1
115.300000,,,,,,,,,,,,,,28.133293,-82.323894,-16.157167,10.021947,12.329608,0.000000,1
115.400000,,,,,,,,,,,,,,28.133301,-82.323891,-16.249841,10.000325,12.339425,0.000000,1
115.500000,,,,,,,,,,,,,,28.133309,-82.323889,-16.342515,9.978703,12.349242,0.000000,1
115.600000,,,,,,,,,,,,,,28.133317,-82.323886,-16.435188,9.957081,12.359059,0.000000,1
115.700000,,,,,,,,,,,,,,28.133326,-82.323883,-16.527862,9.935459,12.368875,0.000000,1
115.800000,,,,,,,,,,,,,,28.133334,-82.323881,-16.620536,9.913836,12.378692,0.000000,1
115.900000,,,,,,,,,,,,,,28.133342,-82.323878,-16.713210,9.892214,12.388509,0.000000,1
116.000000,,,,,,,,,,,,,,28.133350,-82.323875,-16.805884,9.870592,12.398326,0.000000,1
116.100000,,,,,,,,,,,,,,28.133358,-82.323873,-16.845142,9.911431,12.245321,0.000000,1
116.200000,,,,,,,,,,,,,,28.133367,-82.323871,-16.853258,9.988687,11.997386,0.000000,1
116.300000,,,,,,,,,,,,,,28.133376,-82.323868,-16.861374,10.065943,11.749451,0.000000,1
116.400000,,,,,,,,,,,,,,28.133385,-82.323866,-16.869490,10.143198,11.501516,0.000000,1
116.500000,,,,,,,,,,,,,,28.133394,-82.323864,-16.877606,10.220454,11.253581,0.000000,1
116.600000,,,,,,,,,,,,,,28.133403,-82.323862,-16.885722,10.297710,11.005646,0.000000,1
116.700000,,,,,,,,,,,,,,28.133412,-82.323859,-16.893838,10.374965,10.757711,0.000000,1
116.800000,,,,,,,,,,,,,,28.133421,-82.323857,-16.901954,10.452221,10.509776,0.000000,1
116.900000,,,,,,,,,,,,,,28.133430,-82.323855,-16.910070,10.529476,10.261841,0.000000,1
117.000000,,,,,,,,,,,,,,28.133439,-82.323853,-16.918186,10.606732,10.013906,0.000000,1
117.100000,,,,,,,,,,,,,,28.133448,-82.323850,-17.030208,10.622710,10.488043,0.000000,1
117.200000,,,,,,,,,,,,,,28.133457,-82.323846,-17.200920,10.604076,11.370032,0.000000,1
117.300000,,,,,,,,,,,,,,28.133466,-82.323843,-17.371631,10.585442,12.252021,0.000000,1
117.400000,,,,,,,,,,,,,,28.133475,-82.323839,-17.542343,10.566808,13.134010,0.000000,1
117.500000,,,,,,,,,,,,,,28.133484,-82.323835,-17.713054,10.548175,14.015999,0.000000,1
117.600000,,,,,,,,,,,,,,28.133493,-82.323832,-17.883765,10.529541,14.897988,0.000000,1
117.700000,,,,,,,,,,,,,,28.133502,-82.323828,-18.054477,10.510907,15.779976,0.000000,1
117.800000,,,,,,,,,,,,,,28.133511,-82.323825,-18.225188,10.492273,16.661965,0.000000,1
117.900000,,,,,,,,,,,,,,28.133520,-82.323821,-18.395900,10.473639,17.543954,0.000000,1
118.000000,,,,,,,,,,,,,,28.133529,-82.323818,-18.566611,10.455005,18.425943,0.000000,1
118.100000,,,,,,,,,,,,,,28.133539,-82.323815,-18.548910,10.484317,18.440873,0.000000,1
118.200000,,,,,,,,,,,,,,28.133550,-82.323812,-18.514168,10.517965,18.377383,0.000000,1
118.300000,,,,,,,,,,,,,,28.133560,-82.323809,-18.479426,10.551614,18.313892,0.000000,1
118.400000,,,,,,,,,,,,,,28.133571,-82.323806,-18.444683,10.585262,18.250401,0.000000,1
118.500000,,,,,,,,,,,,,,28.133581,-82.323803,-18.409941,10.618910,18.186910,0.000000,1
118.600000,,,,,,,,,,,,,,28.133592,-82.323800,-18.375199,10.652559,18.123420,0.000000,1
118.700000,,,,,,,,,,,,,,28.133602,-82.323797,-18.340457,10.686207,18.059929,0.000000,1
118.800000,,,,,,,,,,,,,,28.133613,-82.323794,-18.305715,10.719855,17.996438,0.000000,1
118.900000,,,,,,,,,,,,,,28.133623,-82.323791,-18.270973,10.753504,17.932948,0.000000,1
119.000000,,,,,,,,,,,,,,28.133633,-82.323786,-18.241645,10.774023,18.470163,0.000000,1
119.100000,,,,,,,,,,,,,,28.133641,-82.323781,-18.216374,10.784701,19.457640,0.000000,1
119.200000,,,,,,,,,,,,,,28.133650,-82.323775,-18.191104,10.795380,20.445117,0.000000,1
119.300000,,,,,,,,,,,,,,28.133659,-82.323770,-18.165834,10.806058,21.432595,0.000000,1
119.400000,,,,,,,,,,,,,,28.133668,-82.323764,-18.140564,10.816736,22.420072,0.000000,1
119.500000,,,,,,,,,,,,,,28.133676,-82.323759,-18.115294,10.827415,23.407549,0.000000,1
119.600000,,,,,,,,,,,,,,28.133685,-82.323753,-18.090024,10.838093,24.395027,0.000000,1
119.700000,,,,,,,,,,,,,,28.133694,-82.323747,-18.064754,10.848771,25.382504,0.000000,1
119.800000,,,,,,,,,,,,,,28.133703,-82.323742,-18.039484,10.859450,26.369981,0.000000,1
119.900000,,,,,,,,,,,,,,28.133711,-82.323736,-18.014214,10.870128,27.357459,0.000000,1
120.000000,,,,,,,,,,,,,,28.133720,-82.323731,-18.029817,10.900406,27.857930,0.000000,1
120.100000,,,,,,,,,,,,,,28.133729,-82.323726,-18.072565,10.943699,28.034983,0.000000,1
120.200000,,,,,,,,,,,,,,28.133739,-82.323721,-18.115312,10.986992,28.212036,0.000000,1
120.300000,,,,,,,,,,,,,,28.133748,-82.323716,-18.158059,11.030285,28.389089,0.000000,1
120.400000,,,,,,,,,,,,,,28.133757,-82.323711,-18.200807,11.073578,28.566142,0.000000,1
120.500000,,,,,,,,,,,,,,28.133766,-82.323706,-18.243554,11.116871,28.743195,0.000000,1
120.600000,,,,,,,,,,,,,,28.133775,-82.323701,-18.286302,11.160164,28.920248,0.000000,1
120.700000,,,,,,,,,,,,,,28.133784,-82.323696,-18.329049,11.203457,29.097301,0.000000,1
120.800000,,,,,,,,,,,,,,28.133793,-82.323691,-18.371796,11.246750,29.274354,0.000000,1
120.900000,,,,,,,,,,,,,,28.133802,-82.323686,-18.414544,11.290043,29.451407,0.000000,1
121.000000,,,,,,,,,,,,,,28.133811,-82.323681,-18.430775,11.292707,29.526405,0.000000,1
121.100000,,,,,,,,,,,,,,28.133820,-82.323675,-18.417264,11.249797,29.486927,0.000000,1
121.200000,,,,,,,,,,,,,,28.133829,-82.323669,-18.403753,11.206887,29.447450,0.000000,1
121.300000,,,,,,,,,,,,,,28.133838,-82.323664,-18.390242,11.163977,29.407972,0.000000,1
121.400000,,,,,,,,,,,,,,28.133847,-82.323658,-18.376731,11.121067,29.368494,0.000000,1
121.500000,,,,,,,,,,,,,,28.133856,-82.323652,-18.363219,11.078157,29.329017,0.000000,1
121.600000,,,,,,,,,,,,,,28.133865,-82.323646,-18.349708,11.035247,29.289539,0.000000,1
121.700000,,,,,,,,,,,,,,28.133874,-82.323640,-18.336197,10.992337,29.250062,0.000000,1
121.800000,,,,,,,,,,,,,,28.133883,-82.323635,-18.322686,10.949427,29.210584,0.000000,1
121.900000,,,,,,,,,,,,,,28.133892,-82.323629,-18.309175,10.906517,29.171106,0.000000,1
122.000000,,,,,,,,,,,,,,28.133901,-82.323624,-18.291805,10.889125,29.132182,0.000000,1
122.100000,,,,,,,,,,,,,,28.133911,-82.323620,-18.271513,10.891067,29.093676,0.000000,1
122.200000,,,,,,,,,,,,,,28.133921,-82.323616,-18.251221,10.893009,29.055170,0.000000,1
122.300000,,,,,,,,,,,,,,28.133930,-82.323612,-18.230928,10.894951,29.016664,0.000000,1
122.400000,,,,,,,,,,,,,,28.133940,-82.323608,-18.210636,10.896893,28.978159,0.000000,1
122.500000,,,,,,,,,,,,,,28.133950,-82.323604,-18.190343,10.898835,28.939653,0.000000,1
122.600000,,,,,,,,,,,,,,28.133960,-82.323600,-18.170051,10.900777,28.901147,0.000000,1
122.700000,,,,,,,,,,,,,,28.133970,-82.323596,-18.149759,10.902719,28.862641,0.000000,1
122.800000,,,,,,,,,,,,,,28.133979,-82.323592,-18.129466,10.904661,28.824136,0.000000,1
122.900000,,,,,,,,,,,,,,28.133989,-82.323588,-18.109174,10.906603,28.785630,0.000000,1
123.000000,,,,,,,,,,,,,,28.133998,-82.323583,-18.118569,10.914048,28.822707,0.000000,1
123.100000,,,,,,,,,,,,,,28.134006,-82.323577,-18.151383,10.925833,28.919406,0.000000,1
123.200000,,,,,,,,,,,,,,28.134014,-82.323572,-18.184196,10.937618,29.016104,0.000000,1
123.300000,,,,,,,,,,,,,,28.134022,-82.323566,-18.217010,10.949404,29.112802,0.000000,1
123.400000,,,,,,,,,,,,,,28.134030,-82.323561,-18.249823,10.961189,29.209501,0.000000,1
123.500000,,,,,,,,,,,,,,28.134038,-82.323555,-18.282637,10.972974,29.306199,0.000000,1
123.600000,,,,,,,,,,,,,,28.134046,-82.323550,-18.315450,10.984759,29.402897,0.000000,1
123.700000,,,,,,,,,,,,,,28.134054,-82.323544,-18.348263,10.996545,29.499596,0.000000,1
123.800000,,,,,,,,,,,,,,28.134062,-82.323539,-18.381077,11.008330,29.596294,0.000000,1
123.900000,,,,,,,,,,,,,,28.134070,-82.323533,-18.413890,11.020115,29.692992,0.000000,1
124.000000,,,,,,,,,,,,,,28.134078,-82.323528,-18.471008,11.022847,29.645128,0.000000,1
124.100000,,,,,,,,,,,,,,28.134086,-82.323523,-18.547072,11.018521,29.484572,0.000000,1
124.200000,,,,,,,,,,,,,,28.134094,-82.323517,-18.623137,11.014196,29.324016,0.000000,1
124.300000,,,,,,,,,,,,,,28.134102,-82.323512,-18.699201,11.009870,29.163460,0.000000,1
124.400000,,,,,,,,,,,,,,28.134109,-82.323507,-18.775265,11.005544,29.002904,0.000000,1
124.500000,,,,,,,,,,,,,,28.134117,-82.323501,-18.851329,11.001218,28.842348,0.000000,1
124.600000,,,,,,,,,,,,,,28.134125,-82.323496,-18.927393,10.996892,28.681792,0.000000,1
124.700000,,,,,,,,,,,,,,28.134133,-82.323491,-19.003457,10.992566,28.521236,0.000000,1
124.800000,,,,,,,,,,,,,,28.134141,-82.323485,-19.079521,10.988241,28.360680,0.000000,1
124.900000,,,,,,,,,,,,,,28.134149,-82.323480,-19.155586,10.983915,28.200124,0.000000,1
125.000000,,,,,,,,,,,,,,28.134157,-82.323474,-19.231650,10.979589,28.039568,0.000000,1
125.100000,,,,,,,,,,,,,,28.134165,-82.323469,-19.255688,10.944654,27.749498,0.000000,1
125.200000,,,,,,,,,,,,,,28.134173,-82.323465,-19.229125,10.879947,27.333462,0.000000,1
125.300000,,,,,,,,,,,,,,28.134181,-82.323460,-19.202563,10.815241,26.917425,0.000000,1
125.400000,,,,,,,,,,,,,,28.134189,-82.323455,-19.176000,10.750535,26.501389,0.000000,1
125.500000,,,,,,,,,,,,,,28.134197,-82.323451,-19.149438,10.685828,26.085352,0.000000,1
125.600000,,,,,,,,,,,,,,28.134205,-82.323446,-19.122875,10.621122,25.669315,0.000000,1
125.700000,,,,,,,,,,,,,,28.134213,-82.323441,-19.096313,10.556416,25.253279,0.000000,1
125.800000,,,,,,,,,,,,,,28.134221,-82.323437,-19.069750,10.491709,24.837242,0.000000,1
125.900000,,,,,,,,,,,,,,28.134229,-82.323432,-19.043187,10.427003,24.421206,0.000000,1
126.000000,,,,,,,,,,,,,,28.134237,-82.323427,-19.016625,10.362297,24.005169,0.000000,1
126.100000,,,,,,,,,,,,,,28.134246,-82.323423,-19.036278,10.368206,23.638165,0.000000,1
126.200000,,,,,,,,,,,,,,28.134255,-82.323419,-19.080117,10.411068,23.296820,0.000000,1
126.300000,,,,,,,,,,,,,,28.134264,-82.323415,-19.123956,10.453931,22.955476,0.000000,1
126.400000,,,,,,,,,,,,,,28.134273,-82.323411,-19.167794,10.496794,22.614131,0.000000,1
126.500000,,,,,,,,,,,,,,28.134282,-82.323407,-19.211633,10.539657,22.272787,0.000000,1
126.600000,,,,,,,,,,,,,,28.134291,-82.323403,-19.255472,10.582519,21.931442,0.000000,1
126.700000,,,,,,,,,,,,,,28.134300,-82.323399,-19.299311,10.625382,21.590097,0.000000,1
126.800000,,,,,,,,,,,,,,28.134309,-82.323394,-19.343149,10.668245,21.248753,0.000000,1
126.900000,,,,,,,,,,,,,,28.134318,-82.323390,-19.386988,10.711107,20.907408,0.000000,1
127.000000,,,,,,,,,,,,,,28.134328,-82.323386,-19.430827,10.753970,20.566063,0.000000,1
127.100000,,,,,,,,,,,,,,28.134337,-82.323382,-19.465519,10.768325,20.174740,0.000000,1
127.200000,,,,,,,,,,,,,,28.134346,-82.323378,-19.496747,10.771883,19.764489,0.000000,1
127.300000,,,,,,,,,,,,,,28.134356,-82.323375,-19.527976,10.775441,19.354237,0.000000,1
127.400000,,,,,,,,,,,,,,28.134365,-82.323371,-19.559204,10.778999,18.943986,0.000000,1
127.500000,,,,,,,,,,,,,,28.134374,-82.323367,-19.590432,10.782557,18.533734,0.000000,1
127.600000,,,,,,,,,,,,,,28.134384,-82.323363,-19.621660,10.786115,18.123482,0.000000,1
127.700000,,,,,,,,,,,,,,28.134393,-82.323359,-19.652889,10.789673,17.713231,0.000000,1
127.800000,,,,,,,,,,,,,,28.134403,-82.323355,-19.684117,10.793231,17.302979,0.000000,1
127.900000,,,,,,,,,,,,,,28.134412,-82.323351,-19.715345,10.796789,16.892728,0.000000,1
128.000000,,,,,,,,,,,,,,28.134421,-82.323347,-19.746574,10.800347,16.482476,0.000000,1
128.100000,,,,,,,,,,,,,,28.134431,-82.323344,-19.770744,10.822650,16.070940,0.000000,1
128.200000,,,,,,,,,,,,,,28.134440,-82.323340,-19.791430,10.854209,15.658771,0.000000,1
128.300000,,,,,,,,,,,,,,28.134450,-82.323337,-19.812116,10.885768,15.246601,0.000000,1
128.400000,,,,,,,,,,,,,,28.134460,-82.323334,-19.832802,10.917327,14.834431,0.000000,1
128.500000,,,,,,,,,,,,,,28.134469,-82.323330,-19.853488,10.948887,14.422261,0.000000,1
128.600000,,,,,,,,,,,,,,28.134479,-82.323327,-19.874173,10.980446,14.010091,0.000000,1
128.700000,,,,,,,,,,,,,,28.134488,-82.323324,-19.894859,11.012005,13.597922,0.000000,1
128.800000,,,,,,,,,,,,,,28.134498,-82.323320,-19.915545,11.043564,13.185752,0.000000,1
128.900000,,,,,,,,,,,,,,28.134507,-82.323317,-19.936231,11.075124,12.773582,0.000000,1
129.000000,,,,,,,,,,,,,,28.134517,-82.323314,-19.956917,11.106683,12.361412,0.000000,1
129.100000,,,,,,,,,,,,,,28.134527,-82.323312,-19.917446,11.093226,11.960403,0.000000,1
129.200000,,,,,,,,,,,,,,28.134537,-82.323310,-19.854853,11.062468,11.563683,0.000000,1
129.300000,,,,,,,,,,,,,,28.134547,-82.323308,-19.792260,11.031709,11.166963,0.000000,1
129.400000,,,,,,,,,,,,,,28.134557,-82.323307,-19.729667,11.000951,10.770243,0.000000,1
129.500000,,,,,,,,,,,,,,28.134567,-82.323305,-19.667074,10.970192,10.373523,0.000000,1
129.600000,,,,,,,,,,,,,,28.134577,-82.323303,-19.604481,10.939433,9.976803,0.000000,1
129.700000,,,,,,,,,,,,,,28.134587,-82.323302,-19.541889,10.908675,9.580083,0.000000,1
129.800000,,,,,,,,,,,,,,28.134597,-82.323300,-19.479296,10.877916,9.183363,0.000000,1
129.900000,,,,,,,,,,,,,,28.134607,-82.323298,-19.416703,10.847157,8.786643,0.000000,1
130.000000,,,,,,,,,,,,,,28.134617,-82.323297,-19.354110,10.816399,8.389923,0.000000,1
130.100000,,,,,,,,,,,,,,28.134627,-82.323295,-19.366078,10.840722,8.095958,0.000000,1
130.200000,,,,,,,,,,,,,,28.134637,-82.323295,-19.414298,10.891825,7.851952,0.000000,1
130.300000,,,,,,,,,,,,,,28.134648,-82.323294,-19.462518,10.942928,7.607946,0.000000,1
130.400000,,,,,,,,,,,,,,28.134658,-82.323293,-19.510738,10.994031,7.363940,0.000000,1
130.500000,,,,,,,,,,,,,,28.134669,-82.323292,-19.558958,11.045134,7.119934,0.000000,1
130.600000,,,,,,,,,,,,,,28.134679,-82.323291,-19.607177,11.096238,6.875928,0.000000,1
130.700000,,,,,,,,,,,,,,28.134689,-82.323290,-19.655397,11.147341,6.631923,0.000000,1
130.800000,,,,,,,,,,,,,,28.134700,-82.323289,-19.703617,11.198444,6.387917,0.000000,1
130.900000,,,,,,,,,,,,,,28.134710,-82.323288,-19.751837,11.249547,6.143911,0.000000,1
131.000000,,,,,,,,,,,,,,28.134721,-82.323287,-19.800057,11.300650,5.899905,0.000000,1
131.100000,,,,,,,,,,,,,,28.134731,-82.323287,-19.751464,11.302051,5.569203,0.000000,1
131.200000,,,,,,,,,,,,,,28.134741,-82.323286,-19.658487,11.280666,5.198754,0.000000,1
131.300000,,,,,,,,,,,,,,28.134751,-82.323286,-19.565510,11.259280,4.828305,0.000000,1
131.400000,,,,,,,,,,,,,,28.134761,-82.323286,-19.472533,11.237895,4.457857,0.000000,1
131.500000,,,,,,,,,,,,,,28.134771,-82.323285,-19.379556,11.216510,4.087408,0.000000,1
131.600000,,,,,,,,,,,,,,28.134781,-82.323285,-19.286579,11.195124,3.716960,0.000000,1
131.700000,,,,,,,,,,,,,,28.134792,-82.323284,-19.193602,11.173739,3.346511,0.000000,1
131.800000,,,,,,,,,,,,,,28.134802,-82.323284,-19.100626,11.152354,2.976062,0.000000,1
131.900000,,,,,,,,,,,,,,28.134812,-82.323284,-19.007649,11.130968,2.605614,0.000000,1
132.000000,,,,,,,,,,,,,,28.134822,-82.323283,-18.914672,11.109583,2.235165,0.000000,1
132.100000,,,,,,,,,,,,,,28.134832,-82.323282,-18.848757,11.073870,2.096383,0.000000,1
132.200000,,,,,,,,,,,,,,28.134841,-82.323281,-18.797285,11.030510,2.081235,0.000000,1
132.300000,,,,,,,,,,,,,,28.134851,-82.323280,-18.745813,10.987150,2.066087,0.000000,1
132.400000,,,,,,,,,,,,,,28.134860,-82.323280,-18.694341,10.943791,2.050939,0.000000,1
132.500000,,,,,,,,,,,,,,28.134870,-82.323279,-18.642869,10.900431,2.035791,0.000000,1
132.600000,,,,,,,,,,,,,,28.134880,-82.323278,-18.591397,10.857071,2.020643,0.000000,1
132.700000,,,,,,,,,,,,,,28.134889,-82.323277,-18.539925,10.813712,2.005495,0.000000,1
132.800000,,,,,,,,,,,,,,28.134899,-82.323276,-18.488454,10.770352,1.990347,0.000000,1
132.900000,,,,,,,,,,,,,,28.134908,-82.323275,-18.436982,10.726992,1.975200,0.000000,1
133.000000,,,,,,,,,,,,,,28.134918,-82.323274,-18.385510,10.683633,1.960052,0.000000,1
133.100000,,,,,,,,,,,,,,28.134928,-82.323274,-18.373992,10.714543,25.881499,0.000000,1
133.200000,,,,,,,,,,,,,,28.134938,-82.323274,-18.381719,10.781228,61.332927,0.000000,1
133.300000,,,,,,,,,,,,,,28.134948,-82.323274,-18.389447,10.847913,96.784355,0.000000,1
133.400000,,,,,,,,,,,,,,28.134958,-82.323274,-18.397174,10.914598,132.235783,0.000000,1
133.500000,,,,,,,,,,,,,,28.134968,-82.323274,-18.404902,10.981283,167.687211,0.000000,1
133.600000,,,,,,,,,,,,,,28.134978,-82.323274,-18.412630,11.047969,203.138639,0.000000,1
133.700000,,,,,,,,,,,,,,28.134989,-82.323274,-18.420357,11.114654,238.590067,0.000000,1
133.800000,,,,,,,,,,,,,,28.134999,-82.323274,-18.428085,11.181339,274.041495,0.000000,1
133.900000,,,,,,,,,,,,,,28.135009,-82.323274,-18.435812,11.248024,309.492923,0.000000,1
134.000000,,,,,,,,,,,,,,28.135019,-82.323274,-18.443540,11.314709,344.944351,0.000000,1
134.100000,,,,,,,,,,,,,,28.135030,-82.323274,-18.351887,11.360568,356.592197,0.000000,1
134.200000,,,,,,,,,,,,,,28.135042,-82.323275,-18.211486,11.396212,356.564045,0.000000,1
134.300000,,,,,,,,,,,,,,28.135054,-82.323276,-18.071085,11.431855,356.535894,0.000000,1
134.400000,,,,,,,,,,,,,,28.135066,-82.323276,-17.930684,11.467499,356.507743,0.000000,1
134.500000,,,,,,,,,,,,,,28.135078,-82.323277,-17.790284,11.503142,356.479591,0.000000,1
134.600000,,,,,,,,,,,,,,28.135090,-82.323277,-17.649883,11.538786,356.451440,0.000000,1
134.700000,,,,,,,,,,,,,,28.135102,-82.323278,-17.509482,11.574429,356.423288,0.000000,1
134.800000,,,,,,,,,,,,,,28.135114,-82.323279,-17.369081,11.610073,356.395137,0.000000,1
134.900000,,,,,,,,,,,,,,28.135125,-82.323279,-17.228680,11.645716,356.366985,0.000000,1
135.000000,,,,,,,,,,,,,,28.135136,-82.323280,-17.178286,11.650103,356.466204,0.000000,1
135.100000,,,,,,,,,,,,,,28.135146,-82.323281,-17.192759,11.631962,356.657221,0.000000,1
135.200000,,,,,,,,,,,,,,28.135155,-82.323281,-17.207233,11.613822,356.848238,0.000000,1
135.300000,,,,,,,,,,,,,,28.135165,-82.323282,-17.221707,11.595681,357.039254,0.000000,1
135.400000,,,,,,,,,,,,,,28.135175,-82.323283,-17.236180,11.577541,357.230271,0.000000,1
135.500000,,,,,,,,,,,,,,28.135184,-82.323283,-17.250654,11.559400,357.421288,0.000000,1
135.600000,,,,,,,,,,,,,,28.135194,-82.323284,-17.265127,11.541260,357.612304,0.000000,1
135.700000,,,,,,,,,,,,,,28.135204,-82.323285,-17.279601,11.523119,357.803321,0.000000,1
135.800000,,,,,,,,,,,,,,28.135213,-82.323285,-17.294075,11.504979,357.994337,0.000000,1
135.900000,,,,,,,,,,,,,,28.135223,-82.323286,-17.308548,11.486838,358.185354,0.000000,1
136.000000,,,,,,,,,,,,,,28.135233,-82.323287,-17.323022,11.468698,358.376371,0.000000,1
136.100000,,,,,,,,,,,,,,28.135244,-82.323287,-17.377892,11.401209,358.334351,0.000000,1
136.200000,,,,,,,,,,,,,,28.135255,-82.323288,-17.453958,11.307825,358.170052,0.000000,1
136.300000,,,,,,,,,,,,,,28.135266,-82.323289,-17.530025,11.214442,358.005752,0.000000,1
136.400000,,,,,,,,,,,,,,28.135278,-82.323289,-17.606091,11.121058,357.841453,0.000000,1
136.500000,,,,,,,,,,,,,,28.135289,-82.323290,-17.682158,11.027674,357.677153,0.000000,1
136.600000,,,,,,,,,,,,,,28.135301,-82.323290,-17.758224,10.934291,357.512854,0.000000,1
136.700000,,,,,,,,,,,,,,28.135312,-82.323291,-17.834291,10.840907,357.348554,0.000000,1
136.800000,,,,,,,,,,,,,,28.135323,-82.323292,-17.910357,10.747524,357.184254,0.000000,1
136.900000,,,,,,,,,,,,,,28.135335,-82.323292,-17.986424,10.654140,357.019955,0.000000,1
137.000000,,,,,,,,,,,,,,28.135344,-82.323292,-17.968564,10.638093,338.345296,0.000000,1
137.100000,,,,,,,,,,,,,,28.135353,-82.323292,-17.881661,10.678894,306.064008,0.000000,1
137.200000,,,,,,,,,,,,,,28.135361,-82.323291,-17.794758,10.719695,273.782720,0.000000,1
137.300000,,,,,,,,,,,,,,28.135370,-82.323291,-17.707855,10.760496,241.501432,0.000000,1
137.400000,,,,,,,,,,,,,,28.135378,-82.323290,-17.620951,10.801297,209.220143,0.000000,1
137.500000,,,,,,,,,,,,,,28.135387,-82.323290,-17.534048,10.842098,176.938855,0.000000,1
137.600000,,,,,,,,,,,,,,28.135395,-82.323290,-17.447145,10.882899,144.657567,0.000000,1
137.700000,,,,,,,,,,,,,,28.135404,-82.323289,-17.360242,10.923701,112.376279,0.000000,1
137.800000,,,,,,,,,,,,,,28.135412,-82.323289,-17.273339,10.964502,80.094990,0.000000,1
137.900000,,,,,,,,,,,,,,28.135421,-82.323288,-17.186435,11.005303,47.813702,0.000000,1
138.000000,,,,,,,,,,,,,,28.135429,-82.323288,-17.099532,11.046104,15.532414,0.000000,1
138.100000,,,,,,,,,,,,,,28.135438,-82.323286,-17.096417,11.075276,4.715439,0.000000,1
138.200000,,,,,,,,,,,,,,28.135448,-82.323284,-17.136822,11.098408,5.047305,0.000000,1
138.300000,,,,,,,,,,,,,,28.135458,-82.323281,-17.177227,11.121539,5.379172,0.000000,1
138.400000,,,,,,,,,,,,,,28.135467,-82.323279,-17.217633,11.144671,5.711038,0.000000,1
138.500000,,,,,,,,,,,,,,28.135477,-82.323276,-17.258038,11.167803,6.042904,0.000000,1
138.600000,,,,,,,,,,,,,,28.135486,-82.323274,-17.298443,11.190934,6.374770,0.000000,1
138.700000,,,,,,,,,,,,,,28.135496,-82.323271,-17.338849,11.214066,6.706636,0.000000,1
138.800000,,,,,,,,,,,,,,28.135506,-82.323269,-17.379254,11.237198,7.038502,0.000000,1
138.900000,,,,,,,,,,,,,,28.135515,-82.323266,-17.419659,11.260329,7.370368,0.000000,1
139.000000,,,,,,,,,,,,,,28.135525,-82.323264,-17.460064,11.283461,7.702234,0.000000,1
139.100000,,,,,,,,,,,,,,28.135536,-82.323261,-17.477161,11.288111,8.293184,0.000000,1
139.200000,,,,,,,,,,,,,,28.135548,-82.323259,-17.481869,11.282937,9.021835,0.000000,1
139.300000,,,,,,,,,,,,,,28.135559,-82.323256,-17.486577,11.277764,9.750487,0.000000,1
139.400000,,,,,,,,,,,,,,28.135571,-82.323254,-17.491285,11.272590,10.479138,0.000000,1
139.500000,,,,,,,,,,,,,,28.135582,-82.323252,-17.495994,11.267417,11.207789,0.000000,1
139.600000,,,,,,,,,,,,,,28.135594,-82.323249,-17.500702,11.262244,11.936440,0.000000,1
139.700000,,,,,,,,,,,,,,28.135606,-82.323247,-17.505410,11.257070,12.665091,0.000000,1
139.800000,,,,,,,,,,,,,,28.135617,-82.323244,-17.510118,11.251897,13.393743,0.000000,1
139.900000,,,,,,,,,,,,,,28.135629,-82.323242,-17.514826,11.246723,14.122394,0.000000,1
140.000000,,,,,,,,,,,,,,28.135640,-82.323239,-17.525457,11.252442,14.758729,0.000000,1
140.100000,,,,,,,,,,,,,,28.135649,-82.323236,-17.541227,11.267611,15.314957,0.000000,1
140.200000,,,,,,,,,,,,,,28.135658,-82.323233,-17.556996,11.282780,15.871186,0.000000,1
140.300000,,,,,,,,,,,,,,28.135667,-82.323230,-17.572766,11.297949,16.427415,0.000000,1
140.400000,,,,,,,,,,,,,,28.135676,-82.323227,-17.588536,11.313119,16.983644,0.000000,1
140.500000,,,,,,,,,,,,,,28.135686,-82.323224,-17.604305,11.328288,17.539872,0.000000,1
140.600000,,,,,,,,,,,,,,28.135695,-82.323221,-17.620075,11.343457,18.096101,0.000000,1
140.700000,,,,,,,,,,,,,,28.135704,-82.323217,-17.635845,11.358626,18.652330,0.000000,1
140.800000,,,,,,,,,,,,,,28.135713,-82.323214,-17.651615,11.373795,19.208559,0.000000,1
140.900000,,,,,,,,,,,,,,28.135722,-82.323211,-17.667384,11.388965,19.764787,0.000000,1
141.000000,,,,,,,,,,,,,,28.135732,-82.323208,-17.683154,11.404134,20.321016,0.000000,1
141.100000,,,,,,,,,,,,,,28.135741,-82.323204,-17.698854,11.415083,20.589310,0.000000,1
141.200000,,,,,,,,,,,,,,28.135750,-82.323199,-17.714517,11.423809,20.706013,0.000000,1
141.300000,,,,,,,,,,,,,,28.135758,-82.323194,-17.730181,11.432536,20.822716,0.000000,1
141.400000,,,,,,,,,,,,,,28.135767,-82.323189,-17.745844,11.441263,20.939419,0.000000,1
141.500000,,,,,,,,,,,,,,28.135776,-82.323184,-17.761507,11.449989,21.056122,0.000000,1
141.600000,,,,,,,,,,,,,,28.135785,-82.323179,-17.777171,11.458716,21.172825,0.000000,1
141.700000,,,,,,,,,,,,,,28.135794,-82.323174,-17.792834,11.467443,21.289528,0.000000,1
141.800000,,,,,,,,,,,,,,28.135803,-82.323169,-17.808497,11.476170,21.406232,0.000000,1
141.900000,,,,,,,,,,,,,,28.135812,-82.323164,-17.824161,11.484896,21.522935,0.000000,1
142.000000,,,,,,,,,,,,,,28.135821,-82.323159,-17.839824,11.493623,21.639638,0.000000,1
142.100000,,,,,,,,,,,,,,28.135831,-82.323154,-17.895734,11.496328,22.118495,0.000000,1
142.200000,,,,,,,,,,,,,,28.135842,-82.323148,-17.976181,11.495361,22.818149,0.000000,1
142.300000,,,,,,,,,,,,,,28.135852,-82.323143,-18.056628,11.494394,23.517803,0.000000,1
142.400000,,,,,,,,,,,,,,28.135863,-82.323137,-18.137076,11.493428,24.217457,0.000000,1
142.500000,,,,,,,,,,,,,,28.135874,-82.323131,-18.217523,11.492461,24.917111,0.000000,1
142.600000,,,,,,,,,,,,,,28.135884,-82.323126,-18.297970,11.491494,25.616765,0.000000,1
142.700000,,,,,,,,,,,,,,28.135895,-82.323120,-18.378417,11.490527,26.316419,0.000000,1
142.800000,,,,,,,,,,,,,,28.135906,-82.323115,-18.458865,11.489561,27.016072,0.000000,1
142.900000,,,,,,,,,,,,,,28.135916,-82.323109,-18.539312,11.488594,27.715726,0.000000,1
143.000000,,,,,,,,,,,,,,28.135926,-82.323104,-18.559787,11.476169,28.105234,0.000000,1
143.100000,,,,,,,,,,,,,,28.135934,-82.323099,-18.539019,11.455863,28.281459,0.000000,1
143.200000,,,,,,,,,,,,,,28.135943,-82.323094,-18.518252,11.435558,28.457683,0.000000,1
143.300000,,,,,,,,,,,,,,28.135951,-82.323089,-18.497484,11.415253,28.633908,0.000000,1
143.400000,,,,,,,,,,,,,,28.135960,-82.323084,-18.476717,11.394947,28.810132,0.000000,1
143.500000,,,,,,,,,,,,,,28.135968,-82.323079,-18.455949,11.374642,28.986357,0.000000,1
143.600000,,,,,,,,,,,,,,28.135977,-82.323074,-18.435182,11.354337,29.162581,0.000000,1
143.700000,,,,,,,,,,,,,,28.135986,-82.323068,-18.414414,11.334031,29.338806,0.000000,1
143.800000,,,,,,,,,,,,,,28.135994,-82.323063,-18.393647,11.313726,29.515030,0.000000,1
143.900000,,,,,,,,,,,,,,28.136003,-82.323058,-18.372879,11.293421,29.691254,0.000000,1
144.000000,,,,,,,,,,,,,,28.136011,-82.323053,-18.352112,11.273115,29.867479,0.000000,1
144.100000,,,,,,,,,,,,,,28.136019,-82.323047,-18.471066,11.217745,30.302763,0.000000,1
144.200000,,,,,,,,,,,,,,28.136026,-82.323039,-18.661261,11.144496,30.870135,0.000000,1
144.300000,,,,,,,,,,,,,,28.136034,-82.323032,-18.851456,11.071247,31.437507,0.000000,1
144.400000,,,,,,,,,,,,,,28.136041,-82.323024,-19.041652,10.997999,32.004879,0.000000,1
144.500000,,,,,,,,,,,,,,28.136048,-82.323017,-19.231847,10.924750,32.572251,0.000000,1
144.600000,,,,,,,,,,,,,,28.136056,-82.323010,-19.422042,10.851501,33.139622,0.000000,1
144.700000,,,,,,,,,,,,,,28.136063,-82.323002,-19.612237,10.778252,33.706994,0.000000,1
144.800000,,,,,,,,,,,,,,28.136070,-82.322995,-19.802432,10.705003,34.274366,0.000000,1
144.900000,,,,,,,,,,,,,,28.136078,-82.322987,-19.992627,10.631754,34.841738,0.000000,1
145.000000,,,,,,,,,,,,,,28.136085,-82.322980,-20.182822,10.558506,35.409109,0.000000,1
145.100000,,,,,,,,,,,,,,28.136093,-82.322973,-20.248995,10.512788,35.705257,0.000000,1
145.200000,,,,,,,,,,,,,,28.136102,-82.322966,-20.244110,10.482845,35.846011,0.000000,1
145.300000,,,,,,,,,,,,,,28.136110,-82.322960,-20.239226,10.452901,35.986765,0.000000,1
145.400000,,,,,,,,,,,,,,28.136119,-82.322953,-20.234341,10.422958,36.127519,0.000000,1
145.500000,,,,,,,,,,,,,,28.136128,-82.322947,-20.229457,10.393014,36.268272,0.000000,1
145.600000,,,,,,,,,,,,,,28.136136,-82.322940,-20.224573,10.363070,36.409026,0.000000,1
145.700000,,,,,,,,,,,,,,28.136145,-82.322934,-20.219688,10.333127,36.549780,0.000000,1
145.800000,,,,,,,,,,,,,,28.136154,-82.322927,-20.214804,10.303183,36.690534,0.000000,1
145.900000,,,,,,,,,,,,,,28.136162,-82.322920,-20.209919,10.273240,36.831288,0.000000,1
146.000000,,,,,,,,,,,,,,28.136170,-82.322914,-20.181466,10.231039,37.002594,0.000000,1
146.100000,,,,,,,,,,,,,,28.136176,-82.322908,-20.138346,10.181212,37.192911,0.000000,1
146.200000,,,,,,,,,,,,,,28.136183,-82.322902,-20.095226,10.131385,37.383228,0.000000,1
146.300000,,,,,,,,,,,,,,28.136190,-82.322896,-20.052106,10.081558,37.573545,0.000000,1
146.400000,,,,,,,,,,,,,,28.136196,-82.322890,-20.008987,10.031731,37.763862,0.000000,1
146.500000,,,,,,,,,,,,,,28.136203,-82.322883,-19.965867,9.981904,37.954179,0.000000,1
146.600000,,,,,,,,,,,,,,28.136209,-82.322877,-19.922747,9.932077,38.144496,0.000000,1
146.700000,,,,,,,,,,,,,,28.136216,-82.322871,-19.879627,9.882250,38.334813,0.000000,1
146.800000,,,,,,,,,,,,,,28.136223,-82.322865,-19.836508,9.832423,38.525130,0.000000,1
146.900000,,,,,,,,,,,,,,28.136229,-82.322859,-19.793388,9.782596,38.715447,0.000000,1
147.000000,,,,,,,,,,,,,,28.136235,-82.322854,-19.739247,9.677681,38.707620,0.000000,1
147.100000,,,,,,,,,,,,,,28.136240,-82.322850,-19.676627,9.530384,38.547358,0.000000,1
147.200000,,,,,,,,,,,,,,28.136246,-82.322846,-19.614007,9.383088,38.387096,0.000000,1
147.300000,,,,,,,,,,,,,,28.136251,-82.322842,-19.551387,9.235792,38.226834,0.000000,1
147.400000,,,,,,,,,,,,,,28.136256,-82.322838,-19.488767,9.088496,38.066572,0.000000,1
147.500000,,,,,,,,,,,,,,28.136262,-82.322834,-19.426147,8.941200,37.906311,0.000000,1
147.600000,,,,,,,,,,,,,,28.136267,-82.322830,-19.363527,8.793903,37.746049,0.000000,1
147.700000,,,,,,,,,,,,,,28.136272,-82.322826,-19.300907,8.646607,37.585787,0.000000,1
147.800000,,,,,,,,,,,,,,28.136277,-82.322822,-19.238287,8.499311,37.425525,0.000000,1
147.900000,,,,,,,,,,,,,,28.136283,-82.322818,-19.175667,8.352015,37.265263,0.000000,1
148.000000,,,,,,,,,,,,,,28.136288,-82.322814,-19.127440,8.250904,37.103342,0.000000,1
148.100000,,,,,,,,,,,,,,28.136294,-82.322809,-19.093322,8.195070,36.939794,0.000000,1
148.200000,,,,,,,,,,,,,,28.136300,-82.322804,-19.059205,8.139236,36.776247,0.000000,1
148.300000,,,,,,,,,,,,,,28.136306,-82.322799,-19.025087,8.083402,36.612699,0.000000,1
148.400000,,,,,,,,,,,,,,28.136312,-82.322794,-18.990969,8.027568,36.449151,0.000000,1
148.500000,,,,,,,,,,,,,,28.136318,-82.322789,-18.956852,7.971734,36.285604,0.000000,1
148.600000,,,,,,,,,,,,,,28.136323,-82.322784,-18.922734,7.915900,36.122056,0.000000,1
148.700000,,,,,,,,,,,,,,28.136329,-82.322779,-18.888616,7.860066,35.958509,0.000000,1
148.800000,,,,,,,,,,,,,,28.136335,-82.322774,-18.854498,7.804232,35.794961,0.000000,1
148.900000,,,,,,,,,,,,,,28.136341,-82.322769,-18.820381,7.748397,35.631413,0.000000,1
149.000000,,,,,,,,,,,,,,28.136345,-82.322766,-18.769155,7.616345,35.446414,0.000000,1
149.100000,,,,,,,,,,,,,,28.136348,-82.322763,-18.704249,7.423349,35.244263,0.000000,1
149.200000,,,,,,,,,,,,,,28.136351,-82.322761,-18.639343,7.230353,35.042111,0.000000,1
149.300000,,,,,,,,,,,,,,28.136355,-82.322759,-18.574438,7.037358,34.839959,0.000000,1
149.400000,,,,,,,,,,,,,,28.136358,-82.322757,-18.509532,6.844362,34.637808,0.000000,1
149.500000,,,,,,,,,,,,,,28.136361,-82.322755,-18.444626,6.651366,34.435656,0.000000,1
149.600000,,,,,,,,,,,,,,28.136364,-82.322753,-18.379721,6.458370,34.233505,0.000000,1
149.700000,,,,,,,,,,,,,,28.136367,-82.322751,-18.314815,6.265375,34.031353,0.000000,1
149.800000,,,,,,,,,,,,,,28.136370,-82.322749,-18.249909,6.072379,33.829201,0.000000,1
149.900000,,,,,,,,,,,,,,28.136373,-82.322746,-18.185004,5.879383,33.627050,0.000000,1
150.000000,,,,,,,,,,,,,,28.136376,-82.322746,-18.184874,5.684801,33.618125,0.000000,1
150.100000,,,,,,,,,,,,,,28.136378,-82.322746,-18.259392,5.488390,33.831872,0.000000,1
150.200000,,,,,,,,,,,,,,28.136380,-82.322746,-18.333909,5.291979,34.045619,0.000000,1
150.300000,,,,,,,,,,,,,,28.136382,-82.322747,-18.408427,5.095568,34.259366,0.000000,1
150.400000,,,,,,,,,,,,,,28.136384,-82.322747,-18.482945,4.899157,34.473113,0.000000,1
150.500000,,,,,,,,,,,,,,28.136387,-82.322748,-18.557462,4.702746,34.686859,0.000000,1
150.600000,,,,,,,,,,,,,,28.136389,-82.322748,-18.631980,4.506335,34.900606,0.000000,1
150.700000,,,,,,,,,,,,,,28.136391,-82.322749,-18.706497,4.309924,35.114353,0.000000,1
150.800000,,,,,,,,,,,,,,28.136393,-82.322749,-18.781015,4.113513,35.328100,0.000000,1
150.900000,,,,,,,,,,,,,,28.136395,-82.322750,-18.855533,3.917102,35.541847,0.000000,1
151.000000,,,,,,,,,,,,,,28.136396,-82.322749,-18.905781,3.783450,36.159519,0.000000,1
151.100000,,,,,,,,,,,,,,28.136396,-82.322746,-18.927707,3.723036,37.248559,0.000000,1
151.200000,,,,,,,,,,,,,,28.136395,-82.322743,-18.949633,3.662622,38.337600,0.000000,1
151.300000,,,,,,,,,,,,,,28.136395,-82.322740,-18.971559,3.602208,39.426640,0.000000,1
151.400000,,,,,,,,,,,,,,28.136394,-82.322737,-18.993485,3.541794,40.515681,0.000000,1
151.500000,,,,,,,,,,,,,,28.136394,-82.322735,-19.015411,3.481380,41.604722,0.000000,1
151.600000,,,,,,,,,,,,,,28.136394,-82.322732,-19.037337,3.420966,42.693762,0.000000,1
151.700000,,,,,,,,,,,,,,28.136393,-82.322729,-19.059263,3.360552,43.782803,0.000000,1
151.800000,,,,,,,,,,,,,,28.136393,-82.322726,-19.081189,3.300138,44.871843,0.000000,1
151.900000,,,,,,,,,,,,,,28.136392,-82.322723,-19.103115,3.239724,45.960884,0.000000,1
152.000000,,,,,,,,,,,,,,28.136392,-82.322721,-19.125042,3.179310,47.049925,0.000000,1
152.100000,,,,,,,,,,,,,,28.136394,-82.322722,-19.079079,3.084472,45.397316,0.000000,1
152.200000,,,,,,,,,,,,,,28.136396,-82.322725,-18.997520,2.971584,42.307155,0.000000,1
152.300000,,,,,,,,,,,,,,28.136399,-82.322729,-18.915960,2.858696,39.216995,0.000000,1
152.400000,,,,,,,,,,,,,,28.136401,-82.322732,-18.834401,2.745808,36.126835,0.000000,1
152.500000,,,,,,,,,,,,,,28.136404,-82.322736,-18.752842,2.632921,33.036675,0.000000,1
152.600000,,,,,,,,,,,,,,28.136406,-82.322739,-18.671283,2.520033,29.946514,0.000000,1
152.700000,,,,,,,,,,,,,,28.136409,-82.322742,-18.589723,2.407145,26.856354,0.000000,1
152.800000,,,,,,,,,,,,,,28.136412,-82.322746,-18.508164,2.294257,23.766194,0.000000,1
152.900000,,,,,,,,,,,,,,28.136414,-82.322749,-18.426605,2.181369,20.676034,0.000000,1
153.000000,,,,,,,,,,,,,,28.136415,-82.322748,-18.505701,2.145174,21.165565,0.000000,1
153.100000,,,,,,,,,,,,,,28.136415,-82.322744,-18.684202,2.156433,23.870028,0.000000,1
153.200000,,,,,,,,,,,,,,28.136415,-82.322740,-18.862703,2.167691,26.574490,0.000000,1
153.300000,,,,,,,,,,,,,,28.136415,-82.322736,-19.041204,2.178950,29.278953,0.000000,1
153.400000,,,,,,,,,,,,,,28.136415,-82.322732,-19.219706,2.190209,31.983415,0.000000,1
153.500000,,,,,,,,,,,,,,28.136415,-82.322728,-19.398207,2.201467,34.687878,0.000000,1
153.600000,,,,,,,,,,,,,,28.136415,-82.322724,-19.576708,2.212726,37.392340,0.000000,1
153.700000,,,,,,,,,,,,,,28.136415,-82.322721,-19.755209,2.223985,40.096803,0.000000,1
153.800000,,,,,,,,,,,,,,28.136415,-82.322717,-19.933710,2.235244,42.801265,0.000000,1
153.900000,,,,,,,,,,,,,,28.136415,-82.322713,-20.112212,2.246502,45.505728,0.000000,1
154.000000,,,,,,,,,,,,,,28.136415,-82.322709,-20.290713,2.257761,48.210190,0.000000,1
154.100000,,,,,,,,,,,,,,28.136415,-82.322706,-20.358816,2.264781,49.879130,0.000000,1
154.200000,,,,,,,,,,,,,,28.136415,-82.322703,-20.370318,2.269627,51.017144,0.000000,1
154.300000,,,,,,,,,,,,,,28.136415,-82.322701,-20.381819,2.274473,52.155158,0.000000,1
154.400000,,,,,,,,,,,,,,28.136414,-82.322698,-20.393320,2.279319,53.293171,0.000000,1
154.500000,,,,,,,,,,,,,,28.136414,-82.322696,-20.404821,2.284165,54.431185,0.000000,1
154.600000,,,,,,,,,,,,,,28.136414,-82.322693,-20.416322,2.289011,55.569198,0.000000,1
154.700000,,,,,,,,,,,,,,28.136414,-82.322691,-20.427824,2.293857,56.707212,0.000000,1
154.800000,,,,,,,,,,,,,,28.136413,-82.322688,-20.439325,2.298703,57.845225,0.000000,1
154.900000,,,,,,,,,,,,,,28.136413,-82.322686,-20.450826,2.303549,58.983239,0.000000,1
155.000000,,,,,,,,,,,,,,28.136413,-82.322684,-20.462327,2.308395,60.121252,0.000000,1
155.100000,,,,,,,,,,,,,,28.136411,-82.322677,-20.587922,2.416790,62.125166,0.000000,1
155.200000,,,,,,,,,,,,,,28.136409,-82.322667,-20.776442,2.582293,64.606642,0.000000,1
155.300000,,,,,,,,,,,,,,28.136407,-82.322658,-20.964963,2.747797,67.088118,0.000000,1
155.400000,,,,,,,,,,,,,,28.136405,-82.322648,-21.153483,2.913301,69.569593,0.000000,1
155.500000,,,,,,,,,,,,,,28.136403,-82.322639,-21.342003,3.078805,72.051069,0.000000,1
155.600000,,,,,,,,,,,,,,28.136401,-82.322630,-21.530523,3.244309,74.532545,0.000000,1
155.700000,,,,,,,,,,,,,,28.136399,-82.322620,-21.719044,3.409813,77.014021,0.000000,1
155.800000,,,,,,,,,,,,,,28.136396,-82.322611,-21.907564,3.575317,79.495497,0.000000,1
155.900000,,,,,,,,,,,,,,28.136394,-82.322602,-22.096084,3.740821,81.976972,0.000000,1
156.000000,,,,,,,,,,,,,,28.136393,-82.322598,-22.121328,3.820420,82.923089,0.000000,1
156.100000,,,,,,,,,,,,,,28.136392,-82.322598,-22.017861,3.832301,82.658882,0.000000,1
156.200000,,,,,,,,,,,,,,28.136391,-82.322598,-21.914393,3.844181,82.394675,0.000000,1
156.300000,,,,,,,,,,,,,,28.136390,-82.322598,-21.810926,3.856062,82.130468,0.000000,1
156.400000,,,,,,,,,,,,,,28.136389,-82.322598,-21.707459,3.867942,81.866261,0.000000,1
156.500000,,,,,,,,,,,,,,28.136389,-82.322598,-21.603991,3.879823,81.602054,0.000000,1
156.600000,,,,,,,,,,,,,,28.136388,-82.322598,-21.500524,3.891703,81.337847,0.000000,1
156.700000,,,,,,,,,,,,,,28.136387,-82.322598,-21.397057,3.903584,81.073641,0.000000,1
156.800000,,,,,,,,,,,,,,28.136386,-82.322598,-21.293589,3.915464,80.809434,0.000000,1
156.900000,,,,,,,,,,,,,,28.136385,-82.322598,-21.190122,3.927344,80.545227,0.000000,1
157.000000,,,,,,,,,,,,,,28.136384,-82.322599,-21.086655,3.939225,80.281020,0.000000,1
157.100000,,,,,,,,,,,,,,28.136387,-82.322596,-21.005327,4.010713,79.071129,0.000000,1
157.200000,,,,,,,,,,,,,,28.136392,-82.322592,-20.935180,4.112301,77.383685,0.000000,1
157.300000,,,,,,,,,,,,,,28.136397,-82.322589,-20.865033,4.213889,75.696241,0.000000,1
157.400000,,,,,,,,,,,,,,28.136402,-82.322585,-20.794886,4.315477,74.008797,0.000000,1
157.500000,,,,,,,,,,,,,,28.136407,-82.322581,-20.724739,4.417065,72.321353,0.000000,1
157.600000,,,,,,,,,,,,,,28.136412,-82.322577,-20.654592,4.518654,70.633909,0.000000,1
157.700000,,,,,,,,,,,,,,28.136417,-82.322574,-20.584445,4.620242,68.946465,0.000000,1
157.800000,,,,,,,,,,,,,,28.136422,-82.322570,-20.514297,4.721830,67.259021,0.000000,1
157.900000,,,,,,,,,,,,,,28.136428,-82.322566,-20.444150,4.823418,65.571577,0.000000,1
158.000000,,,,,,,,,,,,,,28.136433,-82.322562,-20.374003,4.925007,63.884133,0.000000,1
158.100000,,,,,,,,,,,,,,28.136439,-82.322553,-20.491738,5.208103,63.299932,0.000000,1
158.200000,,,,,,,,,,,,,,28.136446,-82.322541,-20.725840,5.603619,63.399045,0.000000,1
158.300000,,,,,,,,,,,,,,28.136454,-82.322528,-20.959943,5.999136,63.498157,0.000000,1
158.400000,,,,,,,,,,,,,,28.136461,-82.322516,-21.194045,6.394652,63.597270,0.000000,1
158.500000,,,,,,,,,,,,,,28.136469,-82.322503,-21.428148,6.790168,63.696382,0.000000,1
158.600000,,,,,,,,,,,,,,28.136476,-82.322491,-21.662250,7.185685,63.795495,0.000000,1
158.700000,,,,,,,,,,,,,,28.136484,-82.322478,-21.896353,7.581201,63.894607,0.000000,1
158.800000,,,,,,,,,,,,,,28.136491,-82.322466,-22.130455,7.976718,63.993720,0.000000,1
158.900000,,,,,,,,,,,,,,28.136499,-82.322454,-22.364558,8.372234,64.092833,0.000000,1
159.000000,,,,,,,,,,,,,,28.136503,-82.322444,-22.511536,8.591267,64.203227,0.000000,1
159.100000,,,,,,,,,,,,,,28.136504,-82.322437,-22.593974,8.679563,64.321979,0.000000,1
159.200000,,,,,,,,,,,,,,28.136506,-82.322430,-22.676412,8.767859,64.440731,0.000000,1
159.300000,,,,,,,,,,,,,,28.136508,-82.322423,-22.758850,8.856156,64.559483,0.000000,1
159.400000,,,,,,,,,,,,,,28.136509,-82.322416,-22.841287,8.944452,64.678235,0.000000,1
159.500000,,,,,,,,,,,,,,28.136511,-82.322409,-22.923725,9.032748,64.796987,0.000000,1
159.600000,,,,,,,,,,,,,,28.136512,-82.322402,-23.006163,9.121044,64.915739,0.000000,1
159.700000,,,,,,,,,,,,,,28.136514,-82.322395,-23.088600,9.209340,65.034491,0.000000,1
159.800000,,,,,,,,,,,,,,28.136516,-82.322388,-23.171038,9.297636,65.153243,0.000000,1
159.900000,,,,,,,,,,,,,,28.136517,-82.322381,-23.253476,9.385932,65.271995,0.000000,1
160.000000,,,,,,,,,,,,,,28.136519,-82.322374,-23.335914,9.474228,65.390748,0.000000,1
160.100000,,,,,,,,,,,,,,28.136522,-82.322366,-23.351872,9.535284,65.687163,0.000000,1
160.200000,,,,,,,,,,,,,,28.136526,-82.322358,-23.334101,9.582520,66.073716,0.000000,1
160.300000,,,,,,,,,,,,,,28.136529,-82.322350,-23.316331,9.629757,66.460269,0.000000,1
160.400000,,,,,,,,,,,,,,28.136533,-82.322342,-23.298561,9.676993,66.846822,0.000000,1
160.500000,,,,,,,,,,,,,,28.136537,-82.322335,-23.280790,9.724229,67.233374,0.000000,1
160.600000,,,,,,,,,,,,,,28.136541,-82.322327,-23.263020,9.771465,67.619927,0.000000,1
160.700000,,,,,,,,,,,,,,28.136544,-82.322319,-23.245250,9.818701,68.006480,0.000000,1
160.800000,,,,,,,,,,,,,,28.136548,-82.322311,-23.227479,9.865937,68.393033,0.000000,1
160.900000,,,,,,,,,,,,,,28.136552,-82.322303,-23.209709,9.913173,68.779586,0.000000,1
161.000000,,,,,,,,,,,,,,28.136555,-82.322295,-23.191939,9.960409,69.166138,0.000000,1
161.100000,,,,,,,,,,,,,,28.136559,-82.322286,-23.105395,10.016113,69.618138,0.000000,1
161.200000,,,,,,,,,,,,,,28.136562,-82.322275,-22.964083,10.078561,70.122255,0.000000,1
161.300000,,,,,,,,,,,,,,28.136566,-82.322265,-22.822772,10.141008,70.626372,0.000000,1
161.400000,,,,,,,,,,,,,,28.136569,-82.322255,-22.681461,10.203456,71.130489,0.000000,1
161.500000,,,,,,,,,,,,,,28.136573,-82.322244,-22.540150,10.265903,71.634607,0.000000,1
161.600000,,,,,,,,,,,,,,28.136576,-82.322234,-22.398839,10.328351,72.138724,0.000000,1
161.700000,,,,,,,,,,,,,,28.136580,-82.322223,-22.257528,10.390799,72.642841,0.000000,1
161.800000,,,,,,,,,,,,,,28.136583,-82.322213,-22.116216,10.453246,73.146958,0.000000,1
161.900000,,,,,,,,,,,,,,28.136586,-82.322202,-21.974905,10.515694,73.651075,0.000000,1
162.000000,,,,,,,,,,,,,,28.136590,-82.322192,-21.833594,10.578142,74.155192,0.000000,1
162.100000,,,,,,,,,,,,,,28.136593,-82.322182,-21.728857,10.596382,74.336104,0.000000,1
162.200000,,,,,,,,,,,,,,28.136595,-82.322173,-21.637125,10.598903,74.402087,0.000000,1
162.300000,,,,,,,,,,,,,,28.136598,-82.322163,-21.545393,10.601424,74.468069,0.000000,1
162.400000,,,,,,,,,,,,,,28.136600,-82.322154,-21.453661,10.603945,74.534052,0.000000,1
162.500000,,,,,,,,,,,,,,28.136603,-82.322144,-21.361929,10.606466,74.600034,0.000000,1
162.600000,,,,,,,,,,,,,,28.136606,-82.322134,-21.270197,10.608987,74.666017,0.000000,1
162.700000,,,,,,,,,,,,,,28.136608,-82.322125,-21.178465,10.611508,74.731999,0.000000,1
162.800000,,,,,,,,,,,,,,28.136611,-82.322115,-21.086733,10.614029,74.797982,0.000000,1
162.900000,,,,,,,,,,,,,,28.136613,-82.322106,-20.995001,10.616550,74.863965,0.000000,1
163.000000,,,,,,,,,,,,,,28.136616,-82.322096,-20.903269,10.619071,74.929947,0.000000,1
163.100000,,,,,,,,,,,,,,28.136619,-82.322086,-20.843472,10.660033,75.151214,0.000000,1
163.200000,,,,,,,,,,,,,,28.136621,-82.322075,-20.801284,10.722193,75.458111,0.000000,1
163.300000,,,,,,,,,,,,,,28.136624,-82.322064,-20.759097,10.784352,75.765007,0.000000,1
163.400000,,,,,,,,,,,,,,28.136627,-82.322053,-20.716909,10.846512,76.071903,0.000000,1
163.500000,,,,,,,,,,,,,,28.136629,-82.322042,-20.674721,10.908671,76.378799,0.000000,1
163.600000,,,,,,,,,,,,,,28.136632,-82.322031,-20.632534,10.970831,76.685696,0.000000,1
163.700000,,,,,,,,,,,,,,28.136635,-82.322020,-20.590346,11.032990,76.992592,0.000000,1
163.800000,,,,,,,,,,,,,,28.136637,-82.322009,-20.548158,11.095150,77.299488,0.000000,1
163.900000,,,,,,,,,,,,,,28.136640,-82.321999,-20.505971,11.157309,77.606385,0.000000,1
164.000000,,,,,,,,,,,,,,28.136642,-82.321988,-20.463783,11.219469,77.913281,0.000000,1
164.100000,,,,,,,,,,,,,,28.136645,-82.321977,-20.458079,11.248397,78.000980,0.000000,1
164.200000,,,,,,,,,,,,,,28.136647,-82.321966,-20.470074,11.261204,77.982347,0.000000,1
164.300000,,,,,,,,,,,,,,28.136650,-82.321955,-20.482069,11.274011,77.963715,0.000000,1
164.400000,,,,,,,,,,,,,,28.136652,-82.321945,-20.494064,11.286819,77.945082,0.000000,1
164.500000,,,,,,,,,,,,,,28.136654,-82.321934,-20.506059,11.299626,77.926449,0.000000,1
164.600000,,,,,,,,,,,,,,28.136657,-82.321923,-20.518054,11.312433,77.907816,0.000000,1
164.700000,,,,,,,,,,,,,,28.136659,-82.321913,-20.530049,11.325241,77.889183,0.000000,1
164.800000,,,,,,,,,,,,,,28.136661,-82.321902,-20.542044,11.338048,77.870550,0.000000,1
164.900000,,,,,,,,,,,,,,28.136664,-82.321891,-20.554039,11.350855,77.851917,0.000000,1
165.000000,,,,,,,,,,,,,,28.136666,-82.321881,-20.566033,11.363663,77.833284,0.000000,1
165.100000,,,,,,,,,,,,,,28.136669,-82.321869,-20.540044,11.359483,77.745702,0.000000,1
165.200000,,,,,,,,,,,,,,28.136672,-82.321856,-20.493511,11.346116,77.620827,0.000000,1
165.300000,,,,,,,,,,,,,,28.136675,-82.321844,-20.446978,11.332748,77.495952,0.000000,1
165.400000,,,,,,,,,,,,,,28.136678,-82.321831,-20.400445,11.319381,77.371078,0.000000,1
165.500000,,,,,,,,,,,,,,28.136681,-82.321818,-20.353911,11.306013,77.246203,0.000000,1
165.600000,,,,,,,,,,,,,,28.136684,-82.321806,-20.307378,11.292646,77.121328,0.000000,1
165.700000,,,,,,,,,,,,,,28.136687,-82.321793,-20.260845,11.279279,76.996453,0.000000,1
165.800000,,,,,,,,,,,,,,28.136690,-82.321781,-20.214312,11.265911,76.871578,0.000000,1
165.900000,,,,,,,,,,,,,,28.136693,-82.321768,-20.167778,11.252544,76.746703,0.000000,1
166.000000,,,,,,,,,,,,,,28.136696,-82.321756,-20.112177,11.247703,76.736576,0.000000,1
166.100000,,,,,,,,,,,,,,28.136699,-82.321745,-20.049312,11.249694,76.818370,0.000000,1
166.200000,,,,,,,,,,,,,,28.136702,-82.321734,-19.986447,11.251685,76.900164,0.000000,1
166.300000,,,,,,,,,,,,,,28.136705,-82.321723,-19.923582,11.253675,76.981958,0.000000,1
166.400000,,,,,,,,,,,,,,28.136708,-82.321712,-19.860716,11.255666,77.063752,0.000000,1
166.500000,,,,,,,,,,,,,,28.136711,-82.321701,-19.797851,11.257656,77.145547,0.000000,1
166.600000,,,,,,,,,,,,,,28.136714,-82.321689,-19.734986,11.259647,77.227341,0.000000,1
166.700000,,,,,,,,,,,,,,28.136717,-82.321678,-19.672121,11.261638,77.309135,0.000000,1
166.800000,,,,,,,,,,,,,,28.136720,-82.321667,-19.609256,11.263628,77.390929,0.000000,1
166.900000,,,,,,,,,,,,,,28.136723,-82.321656,-19.546391,11.265619,77.472723,0.000000,1
167.000000,,,,,,,,,,,,,,28.136725,-82.321645,-19.537370,11.262282,77.463691,0.000000,1
167.100000,,,,,,,,,,,,,,28.136727,-82.321634,-19.594851,11.252366,77.342482,0.000000,1
167.200000,,,,,,,,,,,,,,28.136729,-82.321624,-19.652333,11.242450,77.221273,0.000000,1
167.300000,,,,,,,,,,,,,,28.136730,-82.321613,-19.709814,11.232533,77.100064,0.000000,1
167.400000,,,,,,,,,,,,,,28.136732,-82.321602,-19.767295,11.222617,76.978854,0.000000,1
167.500000,,,,,,,,,,,,,,28.136734,-82.321591,-19.824777,11.212701,76.857645,0.000000,1
167.600000,,,,,,,,,,,,,,28.136736,-82.321581,-19.882258,11.202785,76.736436,0.000000,1
167.700000,,,,,,,,,,,,,,28.136738,-82.321570,-19.939740,11.192868,76.615227,0.000000,1
167.800000,,,,,,,,,,,,,,28.136740,-82.321559,-19.997221,11.182952,76.494018,0.000000,1
167.900000,,,,,,,,,,,,,,28.136741,-82.321549,-20.054702,11.173036,76.372808,0.000000,1
168.000000,,,,,,,,,,,,,,28.136743,-82.321538,-20.112184,11.163120,76.251599,0.000000,1
168.100000,,,,,,,,,,,,,,28.136745,-82.321526,-20.205820,11.127525,76.286346,0.000000,1
168.200000,,,,,,,,,,,,,,28.136747,-82.321513,-20.322703,11.075420,76.421374,0.000000,1
168.300000,,,,,,,,,,,,,,28.136749,-82.321501,-20.439587,11.023314,76.556403,0.000000,1
168.400000,,,,,,,,,,,,,,28.136751,-82.321488,-20.556470,10.971209,76.691431,0.000000,1
168.500000,,,,,,,,,,,,,,28.136753,-82.321475,-20.673354,10.919103,76.826459,0.000000,1
168.600000,,,,,,,,,,,,,,28.136755,-82.321463,-20.790237,10.866998,76.961487,0.000000,1
168.700000,,,,,,,,,,,,,,28.136757,-82.321450,-20.907121,10.814893,77.096516,0.000000,1
168.800000,,,,,,,,,,,,,,28.136759,-82.321438,-21.024004,10.762787,77.231544,0.000000,1
168.900000,,,,,,,,,,,,,,28.136761,-82.321425,-21.140888,10.710682,77.366572,0.000000,1
169.000000,,,,,,,,,,,,,,28.136763,-82.321413,-21.148953,10.669296,77.396062,0.000000,1
169.100000,,,,,,,,,,,,,,28.136766,-82.321402,-21.078796,10.635615,77.349688,0.000000,1
169.200000,,,,,,,,,,,,,,28.136769,-82.321391,-21.008638,10.601935,77.303313,0.000000,1
169.300000,,,,,,,,,,,,,,28.136772,-82.321381,-20.938481,10.568254,77.256939,0.000000,1
169.400000,,,,,,,,,,,,,,28.136775,-82.321370,-20.868323,10.534574,77.210564,0.000000,1
169.500000,,,,,,,,,,,,,,28.136777,-82.321359,-20.798166,10.500893,77.164190,0.000000,1
169.600000,,,,,,,,,,,,,,28.136780,-82.321348,-20.728009,10.467213,77.117815,0.000000,1
169.700000,,,,,,,,,,,,,,28.136783,-82.321337,-20.657851,10.433532,77.071440,0.000000,1
169.800000,,,,,,,,,,,,,,28.136786,-82.321326,-20.587694,10.399852,77.025066,0.000000,1
169.900000,,,,,,,,,,,,,,28.136789,-82.321315,-20.517536,10.366172,76.978691,0.000000,1
170.000000,,,,,,,,,,,,,,28.136791,-82.321305,-20.477084,10.325008,76.994617,0.000000,1
170.100000,,,,,,,,,,,,,,28.136793,-82.321294,-20.475441,10.274068,77.091938,0.000000,1
170.200000,,,,,,,,,,,,,,28.136795,-82.321284,-20.473797,10.223128,77.189258,0.000000,1
170.300000,,,,,,,,,,,,,,28.136796,-82.321274,-20.472154,10.172188,77.286578,0.000000,1
170.400000,,,,,,,,,,,,,,28.136798,-82.321264,-20.470510,10.121247,77.383899,0.000000,1
170.500000,,,,,,,,,,,,,,28.136800,-82.321254,-20.468867,10.070307,77.481219,0.000000,1
170.600000,,,,,,,,,,,,,,28.136802,-82.321244,-20.467223,10.019367,77.578539,0.000000,1
170.700000,,,,,,,,,,,,,,28.136803,-82.321234,-20.465580,9.968427,77.675860,0.000000,1
170.800000,,,,,,,,,,,,,,28.136805,-82.321223,-20.463936,9.917487,77.773180,0.000000,1
170.900000,,,,,,,,,,,,,,28.136807,-82.321213,-20.462293,9.866547,77.870500,0.000000,1
171.000000,,,,,,,,,,,,,,28.136809,-82.321203,-20.496454,9.822834,77.918911,0.000000,1
171.100000,,,,,,,,,,,,,,28.136810,-82.321194,-20.572088,9.787492,77.910669,0.000000,1
171.200000,,,,,,,,,,,,,,28.136812,-82.321184,-20.647721,9.752151,77.902427,0.000000,1
171.300000,,,,,,,,,,,,,,28.136813,-82.321175,-20.723355,9.716809,77.894185,0.000000,1
171.400000,,,,,,,,,,,,,,28.136815,-82.321166,-20.798989,9.681468,77.885943,0.000000,1
171.500000,,,,,,,,,,,,,,28.136817,-82.321156,-20.874623,9.646126,77.877701,0.000000,1
171.600000,,,,,,,,,,,,,,28.136818,-82.321147,-20.950257,9.610784,77.869460,0.000000,1
171.700000,,,,,,,,,,,,,,28.136820,-82.321137,-21.025891,9.575443,77.861218,0.000000,1
171.800000,,,,,,,,,,,,,,28.136821,-82.321128,-21.101524,9.540101,77.852976,0.000000,1
171.900000,,,,,,,,,,,,,,28.136823,-82.321118,-21.177158,9.504760,77.844734,0.000000,1
172.000000,,,,,,,,,,,,,,28.136825,-82.321109,-21.203328,9.476598,77.831920,0.000000,1
172.100000,,,,,,,,,,,,,,28.136827,-82.321099,-21.164371,9.457891,77.813085,0.000000,1
172.200000,,,,,,,,,,,,,,28.136829,-82.321089,-21.125414,9.439184,77.794251,0.000000,1
172.300000,,,,,,,,,,,,,,28.136832,-82.321079,-21.086457,9.420476,77.775416,0.000000,1
172.400000,,,,,,,,,,,,,,28.136834,-82.321070,-21.047500,9.401769,77.756582,0.000000,1
172.500000,,,,,,,,,,,,,,28.136836,-82.321060,-21.008542,9.383062,77.737747,0.000000,1
172.600000,,,,,,,,,,,,,,28.136838,-82.321050,-20.969585,9.364354,77.718913,0.000000,1
172.700000,,,,,,,,,,,,,,28.136841,-82.321040,-20.930628,9.345647,77.700078,0.000000,1
172.800000,,,,,,,,,,,,,,28.136843,-82.321031,-20.891671,9.326940,77.681244,0.000000,1
172.900000,,,,,,,,,,,,,,28.136845,-82.321021,-20.852714,9.308232,77.662409,0.000000,1
173.000000,,,,,,,,,,,,,,28.136847,-82.321012,-20.821901,9.287539,77.655494,0.000000,1
173.100000,,,,,,,,,,,,,,28.136849,-82.321003,-20.797637,9.265248,77.658164,0.000000,1
173.200000,,,,,,,,,,,,,,28.136850,-82.320994,-20.773372,9.242958,77.660833,0.000000,1
173.300000,,,,,,,,,,,,,,28.136852,-82.320985,-20.749108,9.220667,77.663502,0.000000,1
173.400000,,,,,,,,,,,,,,28.136854,-82.320976,-20.724844,9.198377,77.666172,0.000000,1
173.500000,,,,,,,,,,,,,,28.136855,-82.320967,-20.700580,9.176086,77.668841,0.000000,1
173.600000,,,,,,,,,,,,,,28.136857,-82.320959,-20.676315,9.153796,77.671510,0.000000,1
173.700000,,,,,,,,,,,,,,28.136858,-82.320950,-20.652051,9.131505,77.674180,0.000000,1
173.800000,,,,,,,,,,,,,,28.136860,-82.320941,-20.627787,9.109215,77.676849,0.000000,1
173.900000,,,,,,,,,,,,,,28.136862,-82.320932,-20.603523,9.086924,77.679519,0.000000,1
174.000000,,,,,,,,,,,,,,28.136863,-82.320924,-20.589116,9.063822,77.814254,0.000000,1
174.100000,,,,,,,,,,,,,,28.136864,-82.320915,-20.584476,9.039915,78.079856,0.000000,1
174.200000,,,,,,,,,,,,,,28.136865,-82.320907,-20.579837,9.016008,78.345458,0.000000,1
174.300000,,,,,,,,,,,,,,28.136866,-82.320898,-20.575197,8.992101,78.611060,0.000000,1
174.400000,,,,,,,,,,,,,,28.136867,-82.320890,-20.570558,8.968194,78.876663,0.000000,1
174.500000,,,,,,,,,,,,,,28.136868,-82.320881,-20.565918,8.944287,79.142265,0.000000,1
174.600000,,,,,,,,,,,,,,28.136869,-82.320872,-20.561279,8.920381,79.407867,0.000000,1
174.700000,,,,,,,,,,,,,,28.136870,-82.320864,-20.556639,8.896474,79.673469,0.000000,1
174.800000,,,,,,,,,,,,,,28.136871,-82.320855,-20.552000,8.872567,79.939071,0.000000,1
174.900000,,,,,,,,,,,,,,28.136872,-82.320847,-20.547360,8.848660,80.204673,0.000000,1
175.000000,,,,,,,,,,,,,,28.136874,-82.320838,-20.541275,8.823450,80.141190,0.000000,1
175.100000,,,,,,,,,,,,,,28.136875,-82.320830,-20.533335,8.796568,79.655842,0.000000,1
175.200000,,,,,,,,,,,,,,28.136877,-82.320821,-20.525396,8.769686,79.170494,0.000000,1
175.300000,,,,,,,,,,,,,,28.136879,-82.320813,-20.517457,8.742805,78.685147,0.000000,1
175.400000,,,,,,,,,,,,,,28.136880,-82.320804,-20.509517,8.715923,78.199799,0.000000,1
175.500000,,,,,,,,,,,,,,28.136882,-82.320795,-20.501578,8.689041,77.714451,0.000000,1
175.600000,,,,,,,,,,,,,,28.136884,-82.320787,-20.493639,8.662160,77.229103,0.000000,1
175.700000,,,,,,,,,,,,,,28.136885,-82.320778,-20.485699,8.635278,76.743755,0.000000,1
175.800000,,,,,,,,,,,,,,28.136887,-82.320770,-20.477760,8.608397,76.258408,0.000000,1
175.900000,,,,,,,,,,,,,,28.136888,-82.320761,-20.469821,8.581515,75.773060,0.000000,1
176.000000,,,,,,,,,,,,,,28.136891,-82.320753,-20.471251,8.564963,75.270735,0.000000,1
176.100000,,,,,,,,,,,,,,28.136893,-82.320745,-20.479962,8.556439,74.755217,0.000000,1
176.200000,,,,,,,,,,,,,,28.136896,-82.320737,-20.488674,8.547915,74.239698,0.000000,1
176.300000,,,,,,,,,,,,,,28.136898,-82.320729,-20.497385,8.539391,73.724180,0.000000,1
176.400000,,,,,,,,,,,,,,28.136901,-82.320720,-20.506097,8.530867,73.208662,0.000000,1
176.500000,,,,,,,,,,,,,,28.136903,-82.320712,-20.514808,8.522343,72.693143,0.000000,1
176.600000,,,,,,,,,,,,,,28.136906,-82.320704,-20.523520,8.513819,72.177625,0.000000,1
176.700000,,,,,,,,,,,,,,28.136908,-82.320696,-20.532231,8.505295,71.662107,0.000000,1
176.800000,,,,,,,,,,,,,,28.136911,-82.320688,-20.540943,8.496771,71.146588,0.000000,1
176.900000,,,,,,,,,,,,,,28.136914,-82.320680,-20.549654,8.488247,70.631070,0.000000,1
177.000000,,,,,,,,,,,,,,28.136916,-82.320672,-20.548934,8.487016,70.207318,0.000000,1
177.100000,,,,,,,,,,,,,,28.136920,-82.320664,-20.540347,8.491866,69.860094,0.000000,1
177.200000,,,,,,,,,,,,,,28.136923,-82.320656,-20.531761,8.496716,69.512869,0.000000,1
177.300000,,,,,,,,,,,,,,28.136926,-82.320648,-20.523175,8.501566,69.165645,0.000000,1
177.400000,,,,,,,,,,,,,,28.136929,-82.320640,-20.514589,8.506417,68.818420,0.000000,1
177.500000,,,,,,,,,,,,,,28.136933,-82.320631,-20.506003,8.511267,68.471195,0.000000,1
177.600000,,,,,,,,,,,,,,28.136936,-82.320623,-20.497416,8.516117,68.123971,0.000000,1
177.700000,,,,,,,,,,,,,,28.136939,-82.320615,-20.488830,8.520967,67.776746,0.000000,1
177.800000,,,,,,,,,,,,,,28.136942,-82.320607,-20.480244,8.525817,67.429522,0.000000,1
177.900000,,,,,,,,,,,,,,28.136946,-82.320599,-20.471658,8.530668,67.082297,0.000000,1
178.000000,,,,,,,,,,,,,,28.136949,-82.320591,-20.456680,8.553122,66.801443,0.000000,1
178.100000,,,,,,,,,,,,,,28.136952,-82.320584,-20.435431,8.592849,66.585711,0.000000,1
178.200000,,,,,,,,,,,,,,28.136954,-82.320576,-20.414181,8.632576,66.369979,0.000000,1
178.300000,,,,,,,,,,,,,,28.136957,-82.320569,-20.392932,8.672303,66.154248,0.000000,1
178.400000,,,,,,,,,,,,,,28.136960,-82.320561,-20.371683,8.712030,65.938516,0.000000,1
178.500000,,,,,,,,,,,,,,28.136963,-82.320554,-20.350434,8.751757,65.722785,0.000000,1
178.600000,,,,,,,,,,,,,,28.136966,-82.320546,-20.329184,8.791484,65.507053,0.000000,1
178.700000,,,,,,,,,,,,,,28.136969,-82.320539,-20.307935,8.831211,65.291322,0.000000,1
178.800000,,,,,,,,,,,,,,28.136972,-82.320531,-20.286686,8.870938,65.075590,0.000000,1
178.900000,,,,,,,,,,,,,,28.136974,-82.320524,-20.265437,8.910665,64.859858,0.000000,1
179.000000,,,,,,,,,,,,,,28.136977,-82.320516,-20.244188,8.950393,64.644127,0.000000,1
179.100000,,,,,,,,,,,,,,28.136981,-82.320508,-20.205632,8.991904,64.328019,0.000000,1
179.200000,,,,,,,,,,,,,,28.136985,-82.320500,-20.158917,9.034257,63.964588,0.000000,1
179.300000,,,,,,,,,,,,,,28.136988,-82.320492,-20.112202,9.076609,63.601156,0.000000,1
179.400000,,,,,,,,,,,,,,28.136992,-82.320484,-20.065487,9.118962,63.237724,0.000000,1
179.500000,,,,,,,,,,,,,,28.136996,-82.320476,-20.018772,9.161315,62.874292,0.000000,1
179.600000,,,,,,,,,,,,,,28.137000,-82.320468,-19.972057,9.203667,62.510861,0.000000,1
179.700000,,,,,,,,,,,,,,28.137003,-82.320460,-19.925342,9.246020,62.147429,0.000000,1
179.800000,,,,,,,,,,,,,,28.137007,-82.320452,-19.878627,9.288373,61.783997,0.000000,1
179.900000,,,,,,,,,,,,,,28.137011,-82.320444,-19.831912,9.330726,61.420565,0.000000,1
180.000000,,,,,,,,,,,,,,28.137014,-82.320436,-19.785197,9.373078,61.057134,0.000000,1
180.100000,,,,,,,,,,,,,,28.137018,-82.320427,-19.736534,9.390291,60.876279,0.000000,1
180.200000,,,,,,,,,,,,,,28.137022,-82.320419,-19.686367,9.388116,60.836234,0.000000,1
180.300000,,,,,,,,,,,,,,28.137025,-82.320411,-19.636201,9.385940,60.796189,0.000000,1
180.400000,,,,,,,,,,,,,,28.137029,-82.320402,-19.586035,9.383765,60.756143,0.000000,1
180.500000,,,,,,,,,,,,,,28.137033,-82.320394,-19.535869,9.381589,60.716098,0.000000,1
180.600000,,,,,,,,,,,,,,28.137036,-82.320385,-19.485702,9.379414,60.676053,0.000000,1
180.700000,,,,,,,,,,,,,,28.137040,-82.320377,-19.435536,9.377238,60.636008,0.000000,1
180.800000,,,,,,,,,,,,,,28.137044,-82.320368,-19.385370,9.375063,60.595963,0.000000,1
180.900000,,,,,,,,,,,,,,28.137047,-82.320360,-19.335204,9.372887,60.555917,0.000000,1
181.000000,,,,,,,,,,,,,,28.137051,-82.320351,-19.285038,9.370711,60.515872,0.000000,1
181.100000,,,,,,,,,,,,,,28.137055,-82.320342,-19.225237,9.384959,60.191009,0.000000,1
181.200000,,,,,,,,,,,,,,28.137059,-82.320333,-19.159145,9.409930,59.680170,0.000000,1
181.300000,,,,,,,,,,,,,,28.137064,-82.320324,-19.093053,9.434901,59.169331,0.000000,1
181.400000,,,,,,,,,,,,,,28.137068,-82.320315,-19.026961,9.459872,58.658491,0.000000,1
181.500000,,,,,,,,,,,,,,28.137073,-82.320306,-18.960869,9.484843,58.147652,0.000000,1
181.600000,,,,,,,,,,,,,,28.137077,-82.320297,-18.894777,9.509814,57.636813,0.000000,1
181.700000,,,,,,,,,,,,,,28.137081,-82.320288,-18.828685,9.534785,57.125974,0.000000,1
181.800000,,,,,,,,,,,,,,28.137086,-82.320279,-18.762593,9.559756,56.615135,0.000000,1
181.900000,,,,,,,,,,,,,,28.137090,-82.320269,-18.696501,9.584727,56.104296,0.000000,1
182.000000,,,,,,,,,,,,,,28.137094,-82.320260,-18.630409,9.609698,55.593457,0.000000,1
182.100000,,,,,,,,,,,,,,28.137099,-82.320251,-18.501062,9.636020,55.073237,0.000000,1
182.200000,,,,,,,,,,,,,,28.137104,-82.320243,-18.354331,9.662714,54.550440,0.000000,1
182.300000,,,,,,,,,,,,,,28.137110,-82.320234,-18.207601,9.689408,54.027642,0.000000,1
182.400000,,,,,,,,,,,,,,28.137115,-82.320225,-18.060870,9.716102,53.504845,0.000000,1
182.500000,,,,,,,,,,,,,,28.137120,-82.320216,-17.914139,9.742796,52.982048,0.000000,1
182.600000,,,,,,,,,,,,,,28.137125,-82.320208,-17.767409,9.769490,52.459250,0.000000,1
182.700000,,,,,,,,,,,,,,28.137130,-82.320199,-17.620678,9.796184,51.936453,0.000000,1
182.800000,,,,,,,,,,,,,,28.137135,-82.320190,-17.473947,9.822878,51.413656,0.000000,1
182.900000,,,,,,,,,,,,,,28.137140,-82.320181,-17.327217,9.849572,50.890859,0.000000,1
183.000000,,,,,,,,,,,,,,28.137146,-82.320173,-17.208645,9.877600,50.406008,0.000000,1
183.100000,,,,,,,,,,,,,,28.137152,-82.320166,-17.137799,9.907888,49.985474,0.000000,1
183.200000,,,,,,,,,,,,,,28.137157,-82.320159,-17.066953,9.938176,49.564940,0.000000,1
183.300000,,,,,,,,,,,,,,28.137163,-82.320153,-16.996106,9.968464,49.144405,0.000000,1
183.400000,,,,,,,,,,,,,,28.137169,-82.320146,-16.925260,9.998751,48.723871,0.000000,1
183.500000,,,,,,,,,,,,,,28.137175,-82.320139,-16.854414,10.029039,48.303337,0.000000,1
183.600000,,,,,,,,,,,,,,28.137181,-82.320132,-16.783568,10.059327,47.882803,0.000000,1
183.700000,,,,,,,,,,,,,,28.137187,-82.320125,-16.712722,10.089615,47.462268,0.000000,1
183.800000,,,,,,,,,,,,,,28.137192,-82.320119,-16.641876,10.119903,47.041734,0.000000,1
183.900000,,,,,,,,,,,,,,28.137198,-82.320112,-16.571030,10.150191,46.621200,0.000000,1
184.000000,,,,,,,,,,,,,,28.137204,-82.320105,-16.500184,10.180479,46.200665,0.000000,1
184.100000,,,,,,,,,,,,,,28.137210,-82.320097,-16.428111,10.206616,45.849805,0.000000,1
184.200000,,,,,,,,,,,,,,28.137216,-82.320090,-16.355351,10.230426,45.538006,0.000000,1
184.300000,,,,,,,,,,,,,,28.137223,-82.320082,-16.282591,10.254235,45.226207,0.000000,1
184.400000,,,,,,,,,,,,,,28.137229,-82.320074,-16.209831,10.278045,44.914408,0.000000,1
184.500000,,,,,,,,,,,,,,28.137235,-82.320066,-16.137071,10.301855,44.602609,0.000000,1
184.600000,,,,,,,,,,,,,,28.137241,-82.320059,-16.064311,10.325664,44.290810,0.000000,1
184.700000,,,,,,,,,,,,,,28.137247,-82.320051,-15.991551,10.349474,43.979011,0.000000,1
184.800000,,,,,,,,,,,,,,28.137254,-82.320043,-15.918791,10.373284,43.667212,0.000000,1
184.900000,,,,,,,,,,,,,,28.137260,-82.320035,-15.846030,10.397093,43.355413,0.000000,1
185.000000,,,,,,,,,,,,,,28.137266,-82.320027,-15.773270,10.420903,43.043614,0.000000,1
185.100000,,,,,,,,,,,,,,28.137273,-82.320020,-15.755461,10.435307,42.505463,0.000000,1
185.200000,,,,,,,,,,,,,,28.137281,-82.320013,-15.774253,10.443446,41.816543,0.000000,1
185.300000,,,,,,,,,,,,,,28.137288,-82.320006,-15.793044,10.451585,41.127623,0.000000,1
185.400000,,,,,,,,,,,,,,28.137296,-82.319999,-15.811836,10.459724,40.438702,0.000000,1
185.500000,,,,,,,,,,,,,,28.137303,-82.319992,-15.830628,10.467864,39.749782,0.000000,1
185.600000,,,,,,,,,,,,,,28.137311,-82.319984,-15.849420,10.476003,39.060861,0.000000,1
185.700000,,,,,,,,,,,,,,28.137319,-82.319977,-15.868212,10.484142,38.371941,0.000000,1
185.800000,,,,,,,,,,,,,,28.137326,-82.319970,-15.887004,10.492281,37.683021,0.000000,1
185.900000,,,,,,,,,,,,,,28.137334,-82.319963,-15.905796,10.500420,36.994100,0.000000,1
186.000000,,,,,,,,,,,,,,28.137341,-82.319956,-15.924587,10.508559,36.305180,0.000000,1
186.100000,,,,,,,,,,,,,,28.137349,-82.319950,-15.947913,10.499115,35.649764,0.000000,1
186.200000,,,,,,,,,,,,,,28.137357,-82.319943,-15.974346,10.477619,35.017314,0.000000,1
186.300000,,,,,,,,,,,,,,28.137364,-82.319937,-16.000779,10.456122,34.384865,0.000000,1
186.400000,,,,,,,,,,,,,,28.137372,-82.319931,-16.027212,10.434625,33.752415,0.000000,1
186.500000,,,,,,,,,,,,,,28.137380,-82.319925,-16.053645,10.413128,33.119966,0.000000,1
186.600000,,,,,,,,,,,,,,28.137387,-82.319919,-16.080079,10.391631,32.487516,0.000000,1
186.700000,,,,,,,,,,,,,,28.137395,-82.319913,-16.106512,10.370135,31.855067,0.000000,1
186.800000,,,,,,,,,,,,,,28.137403,-82.319907,-16.132945,10.348638,31.222617,0.000000,1
186.900000,,,,,,,,,,,,,,28.137411,-82.319901,-16.159378,10.327141,30.590168,0.000000,1
187.000000,,,,,,,,,,,,,,28.137418,-82.319895,-16.185811,10.305644,29.957718,0.000000,1
187.100000,,,,,,,,,,,,,,28.137426,-82.319890,-16.173689,10.267960,29.373290,0.000000,1
187.200000,,,,,,,,,,,,,,28.137434,-82.319886,-16.136171,10.219613,28.820494,0.000000,1
187.300000,,,,,,,,,,,,,,28.137443,-82.319881,-16.098653,10.171266,28.267697,0.000000,1
187.400000,,,,,,,,,,,,,,28.137451,-82.319877,-16.061135,10.122919,27.714901,0.000000,1
187.500000,,,,,,,,,,,,,,28.137459,-82.319873,-16.023617,10.074572,27.162104,0.000000,1
187.600000,,,,,,,,,,,,,,28.137467,-82.319868,-15.986099,10.026224,26.609308,0.000000,1
187.700000,,,,,,,,,,,,,,28.137475,-82.319864,-15.948581,9.977877,26.056511,0.000000,1
187.800000,,,,,,,,,,,,,,28.137483,-82.319859,-15.911063,9.929530,25.503715,0.000000,1
187.900000,,,,,,,,,,,,,,28.137492,-82.319855,-15.873545,9.881183,24.950918,0.000000,1
188.000000,,,,,,,,,,,,,,28.137500,-82.319850,-15.836027,9.832836,24.398122,0.000000,1
188.100000,,,,,,,,,,,,,,28.137507,-82.319846,-15.857736,9.784081,23.960353,0.000000,1
188.200000,,,,,,,,,,,,,,28.137515,-82.319842,-15.924542,9.735016,23.610171,0.000000,1
188.300000,,,,,,,,,,,,,,28.137522,-82.319837,-15.991348,9.685951,23.259990,0.000000,1
188.400000,,,,,,,,,,,,,,28.137529,-82.319833,-16.058154,9.636886,22.909808,0.000000,1
188.500000,,,,,,,,,,,,,,28.137536,-82.319828,-16.124961,9.587821,22.559627,0.000000,1
188.600000,,,,,,,,,,,,,,28.137543,-82.319824,-16.191767,9.538755,22.209445,0.000000,1
188.700000,,,,,,,,,,,,,,28.137551,-82.319819,-16.258573,9.489690,21.859264,0.000000,1
188.800000,,,,,,,,,,,,,,28.137558,-82.319815,-16.325379,9.440625,21.509082,0.000000,1
188.900000,,,,,,,,,,,,,,28.137565,-82.319811,-16.392185,9.391560,21.158901,0.000000,1
189.000000,,,,,,,,,,,,,,28.137572,-82.319806,-16.458991,9.342495,20.808719,0.000000,1
189.100000,,,,,,,,,,,,,,28.137580,-82.319803,-16.503603,9.294614,20.878813,0.000000,1
189.200000,,,,,,,,,,,,,,28.137587,-82.319800,-16.533850,9.247501,21.220891,0.000000,1
189.300000,,,,,,,,,,,,,,28.137594,-82.319797,-16.564098,9.200387,21.562970,0.000000,1
189.400000,,,,,,,,,,,,,,28.137602,-82.319794,-16.594346,9.153274,21.905048,0.000000,1
189.500000,,,,,,,,,,,,,,28.137609,-82.319791,-16.624594,9.106160,22.247127,0.000000,1
189.600000,,,,,,,,,,,,,,28.137616,-82.319788,-16.654842,9.059047,22.589205,0.000000,1
189.700000,,,,,,,,,,,,,,28.137624,-82.319785,-16.685090,9.011933,22.931284,0.000000,1
189.800000,,,,,,,,,,,,,,28.137631,-82.319782,-16.715337,8.964819,23.273362,0.000000,1
189.900000,,,,,,,,,,,,,,28.137638,-82.319779,-16.745585,8.917706,23.615441,0.000000,1
190.000000,,,,,,,,,,,,,,28.137646,-82.319777,-16.775833,8.870592,23.957519,0.000000,1
190.100000,,,,,,,,,,,,,,28.137653,-82.319774,-16.858623,8.793421,24.179726,0.000000,1
190.200000,,,,,,,,,,,,,,28.137660,-82.319771,-17.000693,8.682338,24.266691,0.000000,1
190.300000,,,,,,,,,,,,,,28.137668,-82.319768,-17.142762,8.571254,24.353656,0.000000,1
190.400000,,,,,,,,,,,,,,28.137675,-82.319765,-17.284831,8.460171,24.440621,0.000000,1
190.500000,,,,,,,,,,,,,,28.137682,-82.319762,-17.426900,8.349088,24.527586,0.000000,1
190.600000,,,,,,,,,,,,,,28.137689,-82.319759,-17.568970,8.238005,24.614551,0.000000,1
190.700000,,,,,,,,,,,,,,28.137696,-82.319756,-17.711039,8.126922,24.701517,0.000000,1
190.800000,,,,,,,,,,,,,,28.137704,-82.319753,-17.853108,8.015838,24.788482,0.000000,1
190.900000,,,,,,,,,,,,,,28.137711,-82.319750,-17.995178,7.904755,24.875447,0.000000,1
191.000000,,,,,,,,,,,,,,28.137718,-82.319747,-18.137247,7.793672,24.962412,0.000000,1
191.100000,,,,,,,,,,,,,,28.137725,-82.319743,-18.227311,7.777578,25.290003,0.000000,1
191.200000,,,,,,,,,,,,,,28.137731,-82.319739,-18.282609,7.824984,25.778451,0.000000,1
191.300000,,,,,,,,,,,,,,28.137737,-82.319734,-18.337907,7.872389,26.266899,0.000000,1
191.400000,,,,,,,,,,,,,,28.137743,-82.319730,-18.393205,7.919795,26.755347,0.000000,1
191.500000,,,,,,,,,,,,,,28.137749,-82.319725,-18.448503,7.967201,27.243795,0.000000,1
191.600000,,,,,,,,,,,,,,28.137755,-82.319721,-18.503801,8.014606,27.732244,0.000000,1
191.700000,,,,,,,,,,,,,,28.137762,-82.319716,-18.559099,8.062012,28.220692,0.000000,1
191.800000,,,,,,,,,,,,,,28.137768,-82.319712,-18.614397,8.109418,28.709140,0.000000,1
191.900000,,,,,,,,,,,,,,28.137774,-82.319707,-18.669695,8.156824,29.197588,0.000000,1
192.000000,,,,,,,,,,,,,,28.137780,-82.319703,-18.724993,8.204229,29.686036,0.000000,1
192.100000,,,,,,,,,,,,,,28.137787,-82.319699,-18.801237,8.201244,29.873234,0.000000,1
192.200000,,,,,,,,,,,,,,28.137794,-82.319695,-18.893537,8.159633,29.829523,0.000000,1
192.300000,,,,,,,,,,,,,,28.137801,-82.319691,-18.985836,8.118023,29.785812,0.000000,1
192.400000,,,,,,,,,,,,,,28.137808,-82.319687,-19.078136,8.076412,29.742102,0.000000,1
192.500000,,,,,,,,,,,,,,28.137815,-82.319683,-19.170435,8.034802,29.698391,0.000000,1
192.600000,,,,,,,,,,,,,,28.137822,-82.319679,-19.262735,7.993191,29.654680,0.000000,1
192.700000,,,,,,,,,,,,,,28.137829,-82.319675,-19.355034,7.951581,29.610970,0.000000,1
192.800000,,,,,,,,,,,,,,28.137836,-82.319671,-19.447334,7.909971,29.567259,0.000000,1
192.900000,,,,,,,,,,,,,,28.137844,-82.319668,-19.539634,7.868360,29.523548,0.000000,1
193.000000,,,,,,,,,,,,,,28.137851,-82.319664,-19.631933,7.826750,29.479838,0.000000,1
193.100000,,,,,,,,,,,,,,28.137857,-82.319660,-19.692850,7.778919,29.467503,0.000000,1
193.200000,,,,,,,,,,,,,,28.137863,-82.319656,-19.717004,7.723801,29.491923,0.000000,1
193.300000,,,,,,,,,,,,,,28.137869,-82.319651,-19.741158,7.668684,29.516343,0.000000,1
193.400000,,,,,,,,,,,,,,28.137875,-82.319647,-19.765311,7.613567,29.540763,0.000000,1
193.500000,,,,,,,,,,,,,,28.137881,-82.319643,-19.789465,7.558449,29.565183,0.000000,1
193.600000,,,,,,,,,,,,,,28.137887,-82.319639,-19.813619,7.503332,29.589603,0.000000,1
193.700000,,,,,,,,,,,,,,28.137893,-82.319635,-19.837773,7.448215,29.614023,0.000000,1
193.800000,,,,,,,,,,,,,,28.137900,-82.319631,-19.861927,7.393097,29.638443,0.000000,1
193.900000,,,,,,,,,,,,,,28.137906,-82.319627,-19.886081,7.337980,29.662863,0.000000,1
194.000000,,,,,,,,,,,,,,28.137912,-82.319623,-19.910234,7.282862,29.687283,0.000000,1
194.100000,,,,,,,,,,,,,,28.137918,-82.319619,-19.877872,7.242936,29.712767,0.000000,1
194.200000,,,,,,,,,,,,,,28.137923,-82.319616,-19.809050,7.212810,29.738938,0.000000,1
194.300000,,,,,,,,,,,,,,28.137929,-82.319613,-19.740227,7.182684,29.765108,0.000000,1
194.400000,,,,,,,,,,,,,,28.137935,-82.319610,-19.671404,7.152559,29.791279,0.000000,1
194.500000,,,,,,,,,,,,,,28.137941,-82.319607,-19.602581,7.122433,29.817449,0.000000,1
194.600000,,,,,,,,,,,,,,28.137947,-82.319604,-19.533759,7.092307,29.843620,0.000000,1
194.700000,,,,,,,,,,,,,,28.137953,-82.319601,-19.464936,7.062181,29.869790,0.000000,1
194.800000,,,,,,,,,,,,,,28.137959,-82.319598,-19.396113,7.032055,29.895961,0.000000,1
194.900000,,,,,,,,,,,,,,28.137965,-82.319595,-19.327290,7.001929,29.922131,0.000000,1
195.000000,,,,,,,,,,,,,,28.137970,-82.319592,-19.258468,6.971804,29.948302,0.000000,1
195.100000,,,,,,,,,,,,,,28.137976,-82.319589,-19.192050,6.855023,29.750373,0.000000,1
195.200000,,,,,,,,,,,,,,28.137981,-82.319586,-19.127318,6.677508,29.395379,0.000000,1
195.300000,,,,,,,,,,,,,,28.137986,-82.319584,-19.062585,6.499993,29.040386,0.000000,1
195.400000,,,,,,,,,,,,,,28.137990,-82.319581,-18.997853,6.322478,28.685392,0.000000,1
195.500000,,,,,,,,,,,,,,28.137995,-82.319578,-18.933121,6.144963,28.330399,0.000000,1
195.600000,,,,,,,,,,,,,,28.138000,-82.319576,-18.868389,5.967448,27.975405,0.000000,1
195.700000,,,,,,,,,,,,,,28.138005,-82.319573,-18.803657,5.789934,27.620412,0.000000,1
195.800000,,,,,,,,,,,,,,28.138010,-82.319570,-18.738924,5.612419,27.265419,0.000000,1
195.900000,,,,,,,,,,,,,,28.138015,-82.319568,-18.674192,5.434904,26.910425,0.000000,1
196.000000,,,,,,,,,,,,,,28.138020,-82.319565,-18.609460,5.257389,26.555432,0.000000,1
196.100000,,,,,,,,,,,,,,28.138024,-82.319563,-18.613621,5.130255,26.454170,0.000000,1
196.200000,,,,,,,,,,,,,,28.138029,-82.319561,-18.665534,5.038042,26.528775,0.000000,1
196.300000,,,,,,,,,,,,,,28.138033,-82.319559,-18.717447,4.945828,26.603380,0.000000,1
196.400000,,,,,,,,,,,,,,28.138037,-82.319558,-18.769360,4.853615,26.677985,0.000000,1
196.500000,,,,,,,,,,,,,,28.138042,-82.319556,-18.821273,4.761401,26.752589,0.000000,1
196.600000,,,,,,,,,,,,,,28.138046,-82.319554,-18.873186,4.669188,26.827194,0.000000,1
196.700000,,,,,,,,,,,,,,28.138050,-82.319552,-18.925099,4.576974,26.901799,0.000000,1
196.800000,,,,,,,,,,,,,,28.138055,-82.319550,-18.977011,4.484761,26.976404,0.000000,1
196.900000,,,,,,,,,,,,,,28.138059,-82.319549,-19.028924,4.392548,27.051008,0.000000,1
197.000000,,,,,,,,,,,,,,28.138064,-82.319547,-19.080837,4.300334,27.125613,0.000000,1
197.100000,,,,,,,,,,,,,,28.138067,-82.319545,-19.110262,4.183794,27.464188,0.000000,1
197.200000,,,,,,,,,,,,,,28.138070,-82.319543,-19.124952,4.051313,27.975721,0.000000,1
197.300000,,,,,,,,,,,,,,28.138073,-82.319542,-19.139642,3.918833,28.487255,0.000000,1
197.400000,,,,,,,,,,,,,,28.138076,-82.319540,-19.154333,3.786353,28.998788,0.000000,1
197.500000,,,,,,,,,,,,,,28.138080,-82.319538,-19.169023,3.653873,29.510322,0.000000,1
197.600000,,,,,,,,,,,,,,28.138083,-82.319536,-19.183713,3.521393,30.021855,0.000000,1
197.700000,,,,,,,,,,,,,,28.138086,-82.319534,-19.198403,3.388913,30.533389,0.000000,1
197.800000,,,,,,,,,,,,,,28.138089,-82.319533,-19.213093,3.256433,31.044923,0.000000,1
197.900000,,,,,,,,,,,,,,28.138092,-82.319531,-19.227783,3.123953,31.556456,0.000000,1
198.000000,,,,,,,,,,,,,,28.138095,-82.319529,-19.242474,2.991472,32.067990,0.000000,1
198.100000,,,,,,,,,,,,,,28.138097,-82.319527,-19.222905,2.825276,32.106778,0.000000,1
198.200000,,,,,,,,,,,,,,28.138100,-82.319525,-19.189621,2.645581,31.956296,0.000000,1
198.300000,,,,,,,,,,,,,,28.138102,-82.319524,-19.156337,2.465886,31.805814,0.000000,1
198.400000,,,,,,,,,,,,,,28.138104,-82.319522,-19.123052,2.286191,31.655332,0.000000,1
198.500000,,,,,,,,,,,,,,28.138106,-82.319520,-19.089768,2.106495,31.504850,0.000000,1
198.600000,,,,,,,,,,,,,,28.138108,-82.319518,-19.056484,1.926800,31.354368,0.000000,1
198.700000,,,,,,,,,,,,,,28.138110,-82.319516,-19.023199,1.747105,31.203886,0.000000,1
198.800000,,,,,,,,,,,,,,28.138112,-82.319514,-18.989915,1.567410,31.053404,0.000000,1
198.900000,,,,,,,,,,,,,,28.138114,-82.319512,-18.956631,1.387715,30.902922,0.000000,1
199.000000,,,,,,,,,,,,,,28.138115,-82.319511,-18.937557,1.237878,30.800961,0.000000,1
199.100000,,,,,,,,,,,,,,28.138116,-82.319510,-18.948346,1.150789,30.800961,0.000000,1
199.200000,,,,,,,,,,,,,,28.138117,-82.319510,-18.959134,1.063700,30.800961,0.000000,1
199.300000,,,,,,,,,,,,,,28.138118,-82.319509,-18.969923,0.976611,30.800961,0.000000,1
199.400000,,,,,,,,,,,,,,28.138118,-82.319509,-18.980712,0.889522,30.800961,0.000000,1
199.500000,,,,,,,,,,,,,,28.138119,-82.319508,-18.991501,0.802433,30.800961,0.000000,1
199.600000,,,,,,,,,,,,,,28.138120,-82.319508,-19.002289,0.715344,30.800961,0.000000,1
199.700000,,,,,,,,,,,,,,28.138120,-82.319507,-19.013078,0.628255,30.800961,0.000000,1
199.800000,,,,,,,,,,,,,,28.138121,-82.319507,-19.023867,0.541166,30.800961,0.000000,1
199.900000,,,,,,,,,,,,,,28.138122,-82.319506,-19.034656,0.454077,30.800961,0.000000,1
200.000000,,,,,,,,,,,,,,28.138123,-82.319506,-19.045444,0.366988,30.800961,0.000000,1
200.100000,,,,,,,,,,,,,,28.138123,-82.319506,-19.037866,0.363934,30.800961,0.000000,1
200.200000,,,,,,,,,,,,,,28.138123,-82.319505,-19.024320,0.388180,30.800961,0.000000,1
200.300000,,,,,,,,,,,,,,28.138124,-82.319505,-19.010774,0.412427,30.800961,0.000000,1
200.400000,,,,,,,,,,,,,,28.138124,-82.319505,-18.997229,0.436673,30.800961,0.000000,1
200.500000,,,,,,,,,,,,,,28.138125,-82.319504,-18.983683,0.460920,30.800961,0.000000,1
200.600000,,,,,,,,,,,,,,28.138125,-82.319504,-18.970137,0.485166,30.800961,0.000000,1
200.700000,,,,,,,,,,,,,,28.138126,-82.319504,-18.956591,0.509413,30.800961,0.000000,1
200.800000,,,,,,,,,,,,,,28.138126,-82.319504,-18.943046,0.533659,30.800961,0.000000,1
200.900000,,,,,,,,,,,,,,28.138127,-82.319503,-18.929500,0.557906,30.800961,0.000000,1
201.000000,,,,,,,,,,,,,,28.138127,-82.319503,-18.915954,0.582152,30.800961,0.000000,1
201.100000,,,,,,,,,,,,,,28.138128,-82.319503,-18.904096,0.616405,30.631750,0.000000,1
201.200000,,,,,,,,,,,,,,28.138128,-82.319502,-18.893344,0.657219,30.351568,0.000000,1
201.300000,,,,,,,,,,,,,,28.138129,-82.319502,-18.882592,0.698034,30.071387,0.000000,1
201.400000,,,,,,,,,,,,,,28.138129,-82.319501,-18.871840,0.738848,29.791206,0.000000,1
201.500000,,,,,,,,,,,,,,28.138130,-82.319501,-18.861089,0.779663,29.511025,0.000000,1
201.600000,,,,,,,,,,,,,,28.138131,-82.319500,-18.850337,0.820477,29.230844,0.000000,1
201.700000,,,,,,,,,,,,,,28.138131,-82.319500,-18.839585,0.861292,28.950663,0.000000,1
201.800000,,,,,,,,,,,,,,28.138132,-82.319499,-18.828833,0.902107,28.670481,0.000000,1
201.900000,,,,,,,,,,,,,,28.138133,-82.319499,-18.818081,0.942921,28.390300,0.000000,1
202.000000,,,,,,,,,,,,,,28.138133,-82.319498,-18.807329,0.983736,28.110119,0.000000,1
202.100000,,,,,,,,,,,,,,28.138134,-82.319498,-18.811173,1.028314,27.960732,0.000000,1
202.200000,,,,,,,,,,,,,,28.138135,-82.319498,-18.826800,1.075930,27.916944,0.000000,1
202.300000,,,,,,,,,,,,,,28.138136,-82.319497,-18.842427,1.123546,27.873157,0.000000,1
202.400000,,,,,,,,,,,,,,28.138137,-82.319497,-18.858054,1.171161,27.829369,0.000000,1
202.500000,,,,,,,,,,,,,,28.138138,-82.319496,-18.873681,1.218777,27.785582,0.000000,1
202.600000,,,,,,,,,,,,,,28.138139,-82.319496,-18.889309,1.266393,27.741794,0.000000,1
202.700000,,,,,,,,,,,,,,28.138140,-82.319496,-18.904936,1.314009,27.698007,0.000000,1
202.800000,,,,,,,,,,,,,,28.138141,-82.319495,-18.920563,1.361625,27.654219,0.000000,1
202.900000,,,,,,,,,,,,,,28.138142,-82.319495,-18.936190,1.409241,27.610432,0.000000,1
203.000000,,,,,,,,,,,,,,28.138143,-82.319495,-18.951817,1.456857,27.566644,0.000000,1
203.100000,,,,,,,,,,,,,,28.138144,-82.319494,-18.958313,1.524274,27.638238,0.000000,1
203.200000,,,,,,,,,,,,,,28.138146,-82.319493,-18.958652,1.605043,27.787636,0.000000,1
203.300000,,,,,,,,,,,,,,28.138147,-82.319492,-18.958991,1.685812,27.937034,0.000000,1
203.400000,,,,,,,,,,,,,,28.138149,-82.319491,-18.959330,1.766581,28.086431,0.000000,1
203.500000,,,,,,,,,,,,,,28.138150,-82.319490,-18.959669,1.847350,28.235829,0.000000,1
203.600000,,,,,,,,,,,,,,28.138152,-82.319489,-18.960008,1.928119,28.385226,0.000000,1
203.700000,,,,,,,,,,,,,,28.138154,-82.319488,-18.960347,2.008888,28.534624,0.000000,1
203.800000,,,,,,,,,,,,,,28.138155,-82.319487,-18.960686,2.089656,28.684021,0.000000,1
203.900000,,,,,,,,,,,,,,28.138157,-82.319486,-18.961024,2.170425,28.833419,0.000000,1
204.000000,,,,,,,,,,,,,,28.138159,-82.319485,-18.961363,2.251194,28.982816,0.000000,1
204.100000,,,,,,,,,,,,,,28.138161,-82.319484,-18.939183,2.387457,28.633733,0.000000,1
204.200000,,,,,,,,,,,,,,28.138164,-82.319482,-18.902114,2.560411,27.955070,0.000000,1
204.300000,,,,,,,,,,,,,,28.138167,-82.319481,-18.865044,2.733365,27.276407,0.000000,1
204.400000,,,,,,,,,,,,,,28.138169,-82.319479,-18.827975,2.906320,26.597744,0.000000,1
204.500000,,,,,,,,,,,,,,28.138172,-82.319477,-18.790906,3.079274,25.919081,0.000000,1
204.600000,,,,,,,,,,,,,,28.138175,-82.319476,-18.753836,3.252228,25.240419,0.000000,1
204.700000,,,,,,,,,,,,,,28.138178,-82.319474,-18.716767,3.425182,24.561756,0.000000,1
204.800000,,,,,,,,,,,,,,28.138181,-82.319472,-18.679697,3.598136,23.883093,0.000000,1
204.900000,,,,,,,,,,,,,,28.138184,-82.319471,-18.642628,3.771090,23.204430,0.000000,1
205.000000,,,,,,,,,,,,,,28.138187,-82.319469,-18.605559,3.944044,22.525767,0.000000,1
205.100000,,,,,,,,,,,,,,28.138190,-82.319468,-18.586697,4.061522,21.919489,0.000000,1
205.200000,,,,,,,,,,,,,,28.138194,-82.319466,-18.579876,4.142317,21.361076,0.000000,1
205.300000,,,,,,,,,,,,,,28.138198,-82.319465,-18.573055,4.223111,20.802664,0.000000,1
205.400000,,,,,,,,,,,,,,28.138202,-82.319464,-18.566233,4.303905,20.244251,0.000000,1
205.500000,,,,,,,,,,,,,,28.138206,-82.319462,-18.559412,4.384699,19.685838,0.000000,1
205.600000,,,,,,,,,,,,,,28.138210,-82.319461,-18.552591,4.465494,19.127425,0.000000,1
205.700000,,,,,,,,,,,,,,28.138214,-82.319460,-18.545770,4.546288,18.569013,0.000000,1
205.800000,,,,,,,,,,,,,,28.138218,-82.319458,-18.538948,4.627082,18.010600,0.000000,1
205.900000,,,,,,,,,,,,,,28.138222,-82.319457,-18.532127,4.707877,17.452187,0.000000,1
206.000000,,,,,,,,,,,,,,28.138226,-82.319456,-18.525306,4.788671,16.893774,0.000000,1
206.100000,,,,,,,,,,,,,,28.138231,-82.319455,-18.508336,4.835330,15.787910,0.000000,1
206.200000,,,,,,,,,,,,,,28.138235,-82.319454,-18.484954,4.860426,14.336195,0.000000,1
206.300000,,,,,,,,,,,,,,28.138239,-82.319453,-18.461573,4.885521,12.884481,0.000000,1
206.400000,,,,,,,,,,,,,,28.138243,-82.319452,-18.438192,4.910616,11.432766,0.000000,1
206.500000,,,,,,,,,,,,,,28.138248,-82.319451,-18.414810,4.935711,9.981052,0.000000,1
206.600000,,,,,,,,,,,,,,28.138252,-82.319450,-18.391429,4.960806,8.529338,0.000000,1
206.700000,,,,,,,,,,,,,,28.138256,-82.319449,-18.368047,4.985901,7.077623,0.000000,1
206.800000,,,,,,,,,,,,,,28.138261,-82.319449,-18.344666,5.010997,5.625909,0.000000,1
206.900000,,,,,,,,,,,,,,28.138265,-82.319448,-18.321284,5.036092,4.174194,0.000000,1
207.000000,,,,,,,,,,,,,,28.138269,-82.319447,-18.297903,5.061187,2.722480,0.000000,1
207.100000,,,,,,,,,,,,,,28.138274,-82.319447,-18.287319,5.074742,23.652798,0.000000,1
207.200000,,,,,,,,,,,,,,28.138278,-82.319448,-18.284405,5.081380,57.998091,0.000000,1
207.300000,,,,,,,,,,,,,,28.138283,-82.319448,-18.281491,5.088019,92.343385,0.000000,1
207.400000,,,,,,,,,,,,,,28.138287,-82.319449,-18.278577,5.094657,126.688678,0.000000,1
207.500000,,,,,,,,,,,,,,28.138292,-82.319450,-18.275664,5.101295,161.033971,0.000000,1
207.600000,,,,,,,,,,,,,,28.138296,-82.319450,-18.272750,5.107933,195.379264,0.000000,1
207.700000,,,,,,,,,,,,,,28.138301,-82.319451,-18.269836,5.114572,229.724558,0.000000,1
207.800000,,,,,,,,,,,,,,28.138305,-82.319452,-18.266922,5.121210,264.069851,0.000000,1
207.900000,,,,,,,,,,,,,,28.138310,-82.319452,-18.264009,5.127848,298.415144,0.000000,1
208.000000,,,,,,,,,,,,,,28.138314,-82.319453,-18.261095,5.134486,332.760437,0.000000,1
208.100000,,,,,,,,,,,,,,28.138319,-82.319455,-18.289663,5.157452,347.213067,0.000000,1
208.200000,,,,,,,,,,,,,,28.138324,-82.319457,-18.343142,5.193338,345.925139,0.000000,1
208.300000,,,,,,,,,,,,,,28.138330,-82.319459,-18.396622,5.229224,344.637212,0.000000,1
208.400000,,,,,,,,,,,,,,28.138335,-82.319462,-18.450101,5.265109,343.349284,0.000000,1
208.500000,,,,,,,,,,,,,,28.138340,-82.319464,-18.503580,5.300995,342.061357,0.000000,1
208.600000,,,,,,,,,,,,,,28.138345,-82.319466,-18.557060,5.336881,340.773429,0.000000,1
208.700000,,,,,,,,,,,,,,28.138351,-82.319468,-18.610539,5.372766,339.485501,0.000000,1
208.800000,,,,,,,,,,,,,,28.138356,-82.319471,-18.664018,5.408652,338.197574,0.000000,1
208.900000,,,,,,,,,,,,,,28.138361,-82.319473,-18.717498,5.444538,336.909646,0.000000,1
209.000000,,,,,,,,,,,,,,28.138366,-82.319476,-18.750597,5.489857,335.627815,0.000000,1
209.100000,,,,,,,,,,,,,,28.138371,-82.319479,-18.763110,5.544705,334.352144,0.000000,1
209.200000,,,,,,,,,,,,,,28.138375,-82.319481,-18.775623,5.599553,333.076472,0.000000,1
209.300000,,,,,,,,,,,,,,28.138379,-82.319484,-18.788137,5.654400,331.800800,0.000000,1
209.400000,,,,,,,,,,,,,,28.138384,-82.319487,-18.800650,5.709248,330.525128,0.000000,1
209.500000,,,,,,,,,,,,,,28.138388,-82.319490,-18.813163,5.764096,329.249456,0.000000,1
209.600000,,,,,,,,,,,,,,28.138393,-82.319493,-18.825677,5.818944,327.973785,0.000000,1
209.700000,,,,,,,,,,,,,,28.138397,-82.319496,-18.838190,5.873792,326.698113,0.000000,1
209.800000,,,,,,,,,,,,,,28.138401,-82.319499,-18.850703,5.928639,325.422441,0.000000,1
209.900000,,,,,,,,,,,,,,28.138406,-82.319501,-18.863216,5.983487,324.146769,0.000000,1
210.000000,,,,,,,,,,,,,,28.138410,-82.319505,-18.822764,6.032782,322.853674,0.000000,1
210.100000,,,,,,,,,,,,,,28.138415,-82.319510,-18.735041,6.077120,321.545029,0.000000,1
210.200000,,,,,,,,,,,,,,28.138419,-82.319515,-18.647317,6.121459,320.236384,0.000000,1
210.300000,,,,,,,,,,,,,,28.138424,-82.319519,-18.559594,6.165797,318.927738,0.000000,1
210.400000,,,,,,,,,,,,,,28.138428,-82.319524,-18.471871,6.210136,317.619093,0.000000,1
210.500000,,,,,,,,,,,,,,28.138432,-82.319529,-18.384147,6.254474,316.310448,0.000000,1
210.600000,,,,,,,,,,,,,,28.138437,-82.319534,-18.296424,6.298813,315.001803,0.000000,1
210.700000,,,,,,,,,,,,,,28.138441,-82.319538,-18.208700,6.343151,313.693158,0.000000,1
210.800000,,,,,,,,,,,,,,28.138446,-82.319543,-18.120977,6.387490,312.384512,0.000000,1
210.900000,,,,,,,,,,,,,,28.138450,-82.319548,-18.033253,6.431829,311.075867,0.000000,1
211.000000,,,,,,,,,,,,,,28.138454,-82.319553,-17.959620,6.474074,310.054208,0.000000,1
211.100000,,,,,,,,,,,,,,28.138458,-82.319559,-17.901970,6.513946,309.358079,0.000000,1
211.200000,,,,,,,,,,,,,,28.138462,-82.319565,-17.844320,6.553818,308.661949,0.000000,1
211.300000,,,,,,,,,,,,,,28.138466,-82.319571,-17.786670,6.593689,307.965819,0.000000,1
211.400000,,,,,,,,,,,,,,28.138470,-82.319577,-17.729020,6.633561,307.269689,0.000000,1
211.500000,,,,,,,,,,,,,,28.138473,-82.319583,-17.671370,6.673433,306.573560,0.000000,1
211.600000,,,,,,,,,,,,,,28.138477,-82.319589,-17.613720,6.713305,305.877430,0.000000,1
211.700000,,,,,,,,,,,,,,28.138481,-82.319595,-17.556070,6.753177,305.181300,0.000000,1
211.800000,,,,,,,,,,,,,,28.138485,-82.319601,-17.498420,6.793048,304.485170,0.000000,1
211.900000,,,,,,,,,,,,,,28.138489,-82.319607,-17.440770,6.832920,303.789041,0.000000,1
212.000000,,,,,,,,,,,,,,28.138493,-82.319613,-17.396738,6.881382,303.466492,0.000000,1
212.100000,,,,,,,,,,,,,,28.138496,-82.319620,-17.371189,6.941503,303.651021,0.000000,1
212.200000,,,,,,,,,,,,,,28.138500,-82.319627,-17.345641,7.001624,303.835550,0.000000,1
212.300000,,,,,,,,,,,,,,28.138504,-82.319633,-17.320092,7.061745,304.020079,0.000000,1
212.400000,,,,,,,,,,,,,,28.138508,-82.319640,-17.294544,7.121866,304.204607,0.000000,1
212.500000,,,,,,,,,,,,,,28.138511,-82.319647,-17.268996,7.181988,304.389136,0.000000,1
212.600000,,,,,,,,,,,,,,28.138515,-82.319653,-17.243447,7.242109,304.573665,0.000000,1
212.700000,,,,,,,,,,,,,,28.138519,-82.319660,-17.217899,7.302230,304.758193,0.000000,1
212.800000,,,,,,,,,,,,,,28.138523,-82.319667,-17.192350,7.362351,304.942722,0.000000,1
212.900000,,,,,,,,,,,,,,28.138526,-82.319673,-17.166802,7.422472,305.127251,0.000000,1
213.000000,,,,,,,,,,,,,,28.138530,-82.319680,-17.087796,7.486849,305.201847,0.000000,1
213.100000,,,,,,,,,,,,,,28.138534,-82.319686,-16.964634,7.554741,305.185637,0.000000,1
213.200000,,,,,,,,,,,,,,28.138537,-82.319692,-16.841472,7.622633,305.169427,0.000000,1
213.300000,,,,,,,,,,,,,,28.138541,-82.319698,-16.718310,7.690525,305.153218,0.000000,1
213.400000,,,,,,,,,,,,,,28.138545,-82.319704,-16.595148,7.758416,305.137008,0.000000,1
213.500000,,,,,,,,,,,,,,28.138548,-82.319711,-16.471985,7.826308,305.120798,0.000000,1
213.600000,,,,,,,,,,,,,,28.138552,-82.319717,-16.348823,7.894200,305.104589,0.000000,1
213.700000,,,,,,,,,,,,,,28.138556,-82.319723,-16.225661,7.962092,305.088379,0.000000,1
213.800000,,,,,,,,,,,,,,28.138559,-82.319729,-16.102499,8.029984,305.072169,0.000000,1
213.900000,,,,,,,,,,,,,,28.138563,-82.319736,-15.979337,8.097875,305.055960,0.000000,1
214.000000,,,,,,,,,,,,,,28.138567,-82.319743,-15.961611,8.176549,305.194974,0.000000,1
214.100000,,,,,,,,,,,,,,28.138570,-82.319750,-16.027988,8.263821,305.457802,0.000000,1
214.200000,,,,,,,,,,,,,,28.138574,-82.319758,-16.094365,8.351094,305.720630,0.000000,1
214.300000,,,,,,,,,,,,,,28.138578,-82.319765,-16.160741,8.438367,305.983458,0.000000,1
214.400000,,,,,,,,,,,,,,28.138582,-82.319773,-16.227118,8.525640,306.246287,0.000000,1
214.500000,,,,,,,,,,,,,,28.138586,-82.319781,-16.293495,8.612913,306.509115,0.000000,1
214.600000,,,,,,,,,,,,,,28.138590,-82.319788,-16.359871,8.700186,306.771943,0.000000,1
214.700000,,,,,,,,,,,,,,28.138594,-82.319796,-16.426248,8.787459,307.034771,0.000000,1
214.800000,,,,,,,,,,,,,,28.138598,-82.319803,-16.492625,8.874732,307.297600,0.000000,1
214.900000,,,,,,,,,,,,,,28.138602,-82.319811,-16.559001,8.962005,307.560428,0.000000,1
215.000000,,,,,,,,,,,,,,28.138606,-82.319819,-16.672512,9.057705,307.770723,0.000000,1
215.100000,,,,,,,,,,,,,,28.138611,-82.319826,-16.842695,9.163538,307.917853,0.000000,1
215.200000,,,,,,,,,,,,,,28.138616,-82.319834,-17.012878,9.269370,308.064983,0.000000,1
215.300000,,,,,,,,,,,,,,28.138621,-82.319842,-17.183062,9.375203,308.212114,0.000000,1
215.400000,,,,,,,,,,,,,,28.138626,-82.319849,-17.353245,9.481036,308.359244,0.000000,1
215.500000,,,,,,,,,,,,,,28.138630,-82.319857,-17.523429,9.586869,308.506374,0.000000,1
215.600000,,,,,,,,,,,,,,28.138635,-82.319865,-17.693612,9.692701,308.653504,0.000000,1
215.700000,,,,,,,,,,,,,,28.138640,-82.319872,-17.863795,9.798534,308.800634,0.000000,1
215.800000,,,,,,,,,,,,,,28.138645,-82.319880,-18.033979,9.904367,308.947764,0.000000,1
215.900000,,,,,,,,,,,,,,28.138650,-82.319887,-18.204162,10.010200,309.094894,0.000000,1
216.000000,,,,,,,,,,,,,,28.138656,-82.319895,-18.307278,10.078610,309.238564,0.000000,1
216.100000,,,,,,,,,,,,,,28.138662,-82.319903,-18.317837,10.095376,309.377456,0.000000,1
216.200000,,,,,,,,,,,,,,28.138669,-82.319911,-18.328396,10.112141,309.516349,0.000000,1
216.300000,,,,,,,,,,,,,,28.138675,-82.319920,-18.338955,10.128907,309.655242,0.000000,1
216.400000,,,,,,,,,,,,,,28.138682,-82.319928,-18.349514,10.145672,309.794135,0.000000,1
216.500000,,,,,,,,,,,,,,28.138689,-82.319936,-18.360074,10.162438,309.933028,0.000000,1
216.600000,,,,,,,,,,,,,,28.138695,-82.319944,-18.370633,10.179204,310.071921,0.000000,1
216.700000,,,,,,,,,,,,,,28.138702,-82.319952,-18.381192,10.195969,310.210814,0.000000,1
216.800000,,,,,,,,,,,,,,28.138709,-82.319960,-18.391751,10.212735,310.349707,0.000000,1
216.900000,,,,,,,,,,,,,,28.138715,-82.319968,-18.402310,10.229501,310.488600,0.000000,1
217.000000,,,,,,,,,,,,,,28.138722,-82.319976,-18.428776,10.251578,310.694843,0.000000,1
217.100000,,,,,,,,,,,,,,28.138728,-82.319983,-18.476734,10.280834,310.992094,0.000000,1
217.200000,,,,,,,,,,,,,,28.138734,-82.319990,-18.524693,10.310090,311.289345,0.000000,1
217.300000,,,,,,,,,,,,,,28.138740,-82.319997,-18.572652,10.339346,311.586595,0.000000,1
217.400000,,,,,,,,,,,,,,28.138746,-82.320004,-18.620610,10.368602,311.883846,0.000000,1
217.500000,,,,,,,,,,,,,,28.138752,-82.320011,-18.668569,10.397858,312.181097,0.000000,1
217.600000,,,,,,,,,,,,,,28.138758,-82.320019,-18.716528,10.427114,312.478348,0.000000,1
217.700000,,,,,,,,,,,,,,28.138763,-82.320026,-18.764486,10.456370,312.775598,0.000000,1
217.800000,,,,,,,,,,,,,,28.138769,-82.320033,-18.812445,10.485626,313.072849,0.000000,1
217.900000,,,,,,,,,,,,,,28.138775,-82.320040,-18.860404,10.514882,313.370100,0.000000,1
218.000000,,,,,,,,,,,,,,28.138782,-82.320047,-18.877905,10.525668,313.638817,0.000000,1
218.100000,,,,,,,,,,,,,,28.138789,-82.320054,-18.864718,10.517844,313.878785,0.000000,1
218.200000,,,,,,,,,,,,,,28.138796,-82.320062,-18.851532,10.510020,314.118753,0.000000,1
218.300000,,,,,,,,,,,,,,28.138803,-82.320069,-18.838345,10.502196,314.358720,0.000000,1
218.400000,,,,,,,,,,,,,,28.138810,-82.320076,-18.825158,10.494372,314.598688,0.000000,1
218.500000,,,,,,,,,,,,,,28.138817,-82.320084,-18.811971,10.486548,314.838656,0.000000,1
218.600000,,,,,,,,,,,,,,28.138823,-82.320091,-18.798784,10.478724,315.078623,0.000000,1
218.700000,,,,,,,,,,,,,,28.138830,-82.320098,-18.785598,10.470901,315.318591,0.000000,1
218.800000,,,,,,,,,,,,,,28.138837,-82.320105,-18.772411,10.463077,315.558559,0.000000,1
218.900000,,,,,,,,,,,,,,28.138844,-82.320113,-18.759224,10.455253,315.798526,0.000000,1
219.000000,,,,,,,,,,,,,,28.138851,-82.320120,-18.741836,10.451184,315.929216,0.000000,1
219.100000,,,,,,,,,,,,,,28.138857,-82.320127,-18.721469,10.449776,315.982440,0.000000,1
219.200000,,,,,,,,,,,,,,28.138864,-82.320134,-18.701102,10.448368,316.035664,0.000000,1
219.300000,,,,,,,,,,,,,,28.138870,-82.320142,-18.680735,10.446960,316.088888,0.000000,1
219.400000,,,,,,,,,,,,,,28.138876,-82.320149,-18.660368,10.445553,316.142112,0.000000,1
219.500000,,,,,,,,,,,,,,28.138883,-82.320156,-18.640001,10.444145,316.195335,0.000000,1
219.600000,,,,,,,,,,,,,,28.138889,-82.320163,-18.619634,10.442737,316.248559,0.000000,1
219.700000,,,,,,,,,,,,,,28.138895,-82.320170,-18.599268,10.441329,316.301783,0.000000,1
219.800000,,,,,,,,,,,,,,28.138902,-82.320178,-18.578901,10.439922,316.355007,0.000000,1
219.900000,,,,,,,,,,,,,,28.138908,-82.320185,-18.558534,10.438514,316.408231,0.000000,1
220.000000,,,,,,,,,,,,,,28.138915,-82.320192,-18.536260,10.432568,316.525017,0.000000,1
220.100000,,,,,,,,,,,,,,28.138922,-82.320200,-18.512245,10.422481,316.699801,0.000000,1
220.200000,,,,,,,,,,,,,,28.138929,-82.320208,-18.488230,10.412395,316.874584,0.000000,1
220.300000,,,,,,,,,,,,,,28.138937,-82.320216,-18.464215,10.402308,317.049368,0.000000,1
220.400000,,,,,,,,,,,,,,28.138944,-82.320224,-18.440200,10.392221,317.224152,0.000000,1
220.500000,,,,,,,,,,,,,,28.138951,-82.320232,-18.416185,10.382135,317.398936,0.000000,1
220.600000,,,,,,,,,,,,,,28.138958,-82.320239,-18.392170,10.372048,317.573720,0.000000,1
220.700000,,,,,,,,,,,,,,28.138965,-82.320247,-18.368155,10.361961,317.748503,0.000000,1
220.800000,,,,,,,,,,,,,,28.138973,-82.320255,-18.344140,10.351875,317.923287,0.000000,1
220.900000,,,,,,,,,,,,,,28.138980,-82.320263,-18.320125,10.341788,318.098071,0.000000,1
221.000000,,,,,,,,,,,,,,28.138987,-82.320270,-18.310524,10.323050,318.284431,0.000000,1
221.100000,,,,,,,,,,,,,,28.138994,-82.320278,-18.313165,10.296963,318.480623,0.000000,1
221.200000,,,,,,,,,,,,,,28.139001,-82.320285,-18.315806,10.270877,318.676815,0.000000,1
221.300000,,,,,,,,,,,,,,28.139008,-82.320292,-18.318447,10.244790,318.873007,0.000000,1
221.400000,,,,,,,,,,,,,,28.139015,-82.320299,-18.321089,10.218703,319.069199,0.000000,1
221.500000,,,,,,,,,,,,,,28.139021,-82.320306,-18.323730,10.192617,319.265391,0.000000,1
221.600000,,,,,,,,,,,,,,28.139028,-82.320314,-18.326371,10.166530,319.461583,0.000000,1
221.700000,,,,,,,,,,,,,,28.139035,-82.320321,-18.329012,10.140444,319.657776,0.000000,1
221.800000,,,,,,,,,,,,,,28.139042,-82.320328,-18.331654,10.114357,319.853968,0.000000,1
221.900000,,,,,,,,,,,,,,28.139049,-82.320335,-18.334295,10.088271,320.050160,0.000000,1
222.000000,,,,,,,,,,,,,,28.139056,-82.320342,-18.291704,10.078241,320.217498,0.000000,1
222.100000,,,,,,,,,,,,,,28.139064,-82.320349,-18.209306,10.082343,320.359442,0.000000,1
222.200000,,,,,,,,,,,,,,28.139071,-82.320356,-18.126908,10.086445,320.501386,0.000000,1
222.300000,,,,,,,,,,,,,,28.139078,-82.320363,-18.044510,10.090547,320.643331,0.000000,1
222.400000,,,,,,,,,,,,,,28.139086,-82.320370,-17.962111,10.094649,320.785275,0.000000,1
222.500000,,,,,,,,,,,,,,28.139093,-82.320377,-17.879713,10.098751,320.927219,0.000000,1
222.600000,,,,,,,,,,,,,,28.139101,-82.320384,-17.797315,10.102853,321.069163,0.000000,1
222.700000,,,,,,,,,,,,,,28.139108,-82.320391,-17.714917,10.106955,321.211108,0.000000,1
222.800000,,,,,,,,,,,,,,28.139115,-82.320398,-17.632519,10.111057,321.353052,0.000000,1
222.900000,,,,,,,,,,,,,,28.139123,-82.320404,-17.550120,10.115159,321.494996,0.000000,1
223.000000,,,,,,,,,,,,,,28.139130,-82.320411,-17.510645,10.112626,321.534920,0.000000,1
223.100000,,,,,,,,,,,,,,28.139138,-82.320418,-17.509625,10.104148,321.483441,0.000000,1
223.200000,,,,,,,,,,,,,,28.139145,-82.320425,-17.508604,10.095671,321.431961,0.000000,1
223.300000,,,,,,,,,,,,,,28.139153,-82.320431,-17.507584,10.087194,321.380482,0.000000,1
223.400000,,,,,,,,,,,,,,28.139160,-82.320438,-17.506564,10.078717,321.329002,0.000000,1
223.500000,,,,,,,,,,,,,,28.139168,-82.320445,-17.505544,10.070239,321.277523,0.000000,1
223.600000,,,,,,,,,,,,,,28.139175,-82.320451,-17.504524,10.061762,321.226043,0.000000,1
223.700000,,,,,,,,,,,,,,28.139183,-82.320458,-17.503504,10.053285,321.174564,0.000000,1
223.800000,,,,,,,,,,,,,,28.139190,-82.320465,-17.502483,10.044807,321.123084,0.000000,1
223.900000,,,,,,,,,,,,,,28.139198,-82.320471,-17.501463,10.036330,321.071605,0.000000,1
224.000000,,,,,,,,,,,,,,28.139205,-82.320478,-17.543466,9.991473,321.088659,0.000000,1
224.100000,,,,,,,,,,,,,,28.139211,-82.320483,-17.628076,9.910587,321.173585,0.000000,1
224.200000,,,,,,,,,,,,,,28.139218,-82.320489,-17.712686,9.829702,321.258511,0.000000,1
224.300000,,,,,,,,,,,,,,28.139224,-82.320495,-17.797297,9.748816,321.343437,0.000000,1
224.400000,,,,,,,,,,,,,,28.139230,-82.320501,-17.881907,9.667931,321.428363,0.000000,1
224.500000,,,,,,,,,,,,,,28.139237,-82.320507,-17.966517,9.587045,321.513289,0.000000,1
224.600000,,,,,,,,,,,,,,28.139243,-82.320513,-18.051127,9.506160,321.598215,0.000000,1
224.700000,,,,,,,,,,,,,,28.139250,-82.320519,-18.135737,9.425274,321.683141,0.000000,1
224.800000,,,,,,,,,,,,,,28.139256,-82.320524,-18.220347,9.344388,321.768067,0.000000,1
224.900000,,,,,,,,,,,,,,28.139263,-82.320530,-18.304958,9.263503,321.852993,0.000000,1
225.000000,,,,,,,,,,,,,,28.139269,-82.320536,-18.314765,9.222421,321.960143,0.000000,1
225.100000,,,,,,,,,,,,,,28.139276,-82.320542,-18.216728,9.238725,322.099333,0.000000,1
225.200000,,,,,,,,,,,,,,28.139283,-82.320549,-18.118691,9.255029,322.238523,0.000000,1
225.300000,,,,,,,,,,,,,,28.139290,-82.320555,-18.020654,9.271333,322.377713,0.000000,1
225.400000,,,,,,,,,,,,,,28.139296,-82.320561,-17.922617,9.287637,322.516903,0.000000,1
225.500000,,,,,,,,,,,,,,28.139303,-82.320567,-17.824580,9.303941,322.656093,0.000000,1
225.600000,,,,,,,,,,,,,,28.139310,-82.320573,-17.726543,9.320245,322.795284,0.000000,1
225.700000,,,,,,,,,,,,,,28.139316,-82.320579,-17.628506,9.336549,322.934474,0.000000,1
225.800000,,,,,,,,,,,,,,28.139323,-82.320586,-17.530469,9.352853,323.073664,0.000000,1
225.900000,,,,,,,,,,,,,,28.139330,-82.320592,-17.432433,9.369157,323.212854,0.000000,1
226.000000,,,,,,,,,,,,,,28.139336,-82.320598,-17.362356,9.379617,323.359484,0.000000,1
226.100000,,,,,,,,,,,,,,28.139343,-82.320603,-17.342091,9.379665,323.519368,0.000000,1
226.200000,,,,,,,,,,,,,,28.139350,-82.320608,-17.321825,9.379713,323.679251,0.000000,1
226.300000,,,,,,,,,,,,,,28.139357,-82.320613,-17.301560,9.379762,323.839135,0.000000,1
226.400000,,,,,,,,,,,,,,28.139363,-82.320619,-17.281294,9.379810,323.999019,0.000000,1
226.500000,,,,,,,,,,,,,,28.139370,-82.320624,-17.261029,9.379858,324.158902,0.000000,1
226.600000,,,,,,,,,,,,,,28.139377,-82.320629,-17.240763,9.379906,324.318786,0.000000,1
226.700000,,,,,,,,,,,,,,28.139384,-82.320634,-17.220498,9.379954,324.478669,0.000000,1
226.800000,,,,,,,,,,,,,,28.139390,-82.320640,-17.200232,9.380003,324.638553,0.000000,1
226.900000,,,,,,,,,,,,,,28.139397,-82.320645,-17.179967,9.380051,324.798437,0.000000,1
227.000000,,,,,,,,,,,,,,28.139404,-82.320650,-17.143978,9.365062,324.976298,0.000000,1
227.100000,,,,,,,,,,,,,,28.139411,-82.320657,-17.083278,9.326440,325.182414,0.000000,1
227.200000,,,,,,,,,,,,,,28.139417,-82.320663,-17.022578,9.287817,325.388530,0.000000,1
227.300000,,,,,,,,,,,,,,28.139424,-82.320669,-16.961877,9.249195,325.594646,0.000000,1
227.400000,,,,,,,,,,,,,,28.139431,-82.320675,-16.901177,9.210573,325.800762,0.000000,1
227.500000,,,,,,,,,,,,,,28.139438,-82.320681,-16.840477,9.171951,326.006879,0.000000,1
227.600000,,,,,,,,,,,,,,28.139444,-82.320687,-16.779777,9.133328,326.212995,0.000000,1
227.700000,,,,,,,,,,,,,,28.139451,-82.320694,-16.719077,9.094706,326.419111,0.000000,1
227.800000,,,,,,,,,,,,,,28.139458,-82.320700,-16.658377,9.056084,326.625227,0.000000,1
227.900000,,,,,,,,,,,,,,28.139465,-82.320706,-16.597677,9.017462,326.831343,0.000000,1
228.000000,,,,,,,,,,,,,,28.139471,-82.320712,-16.535470,8.979027,327.058154,0.000000,1
228.100000,,,,,,,,,,,,,,28.139478,-82.320717,-16.470667,8.940915,327.320621,0.000000,1
228.200000,,,,,,,,,,,,,,28.139485,-82.320722,-16.405864,8.902804,327.583088,0.000000,1
228.300000,,,,,,,,,,,,,,28.139492,-82.320727,-16.341061,8.864692,327.845555,0.000000,1
228.400000,,,,,,,,,,,,,,28.139499,-82.320732,-16.276258,8.826580,328.108022,0.000000,1
228.500000,,,,,,,,,,,,,,28.139506,-82.320737,-16.211455,8.788468,328.370489,0.000000,1
228.600000,,,,,,,,,,,,,,28.139513,-82.320742,-16.146652,8.750357,328.632956,0.000000,1
228.700000,,,,,,,,,,,,,,28.139520,-82.320747,-16.081849,8.712245,328.895423,0.000000,1
228.800000,,,,,,,,,,,,,,28.139528,-82.320752,-16.017046,8.674133,329.157890,0.000000,1
228.900000,,,,,,,,,,,,,,28.139535,-82.320757,-15.952243,8.636021,329.420357,0.000000,1
229.000000,,,,,,,,,,,,,,28.139541,-82.320761,-15.897623,8.589093,329.719312,0.000000,1
229.100000,,,,,,,,,,,,,,28.139548,-82.320766,-15.852364,8.534058,330.051815,0.000000,1
229.200000,,,,,,,,,,,,,,28.139555,-82.320770,-15.807106,8.479023,330.384317,0.000000,1
229.300000,,,,,,,,,,,,,,28.139562,-82.320774,-15.761848,8.423988,330.716820,0.000000,1
229.400000,,,,,,,,,,,,,,28.139568,-82.320778,-15.716590,8.368953,331.049323,0.000000,1
229.500000,,,,,,,,,,,,,,28.139575,-82.320783,-15.671331,8.313918,331.381825,0.000000,1
229.600000,,,,,,,,,,,,,,28.139582,-82.320787,-15.626073,8.258883,331.714328,0.000000,1
229.700000,,,,,,,,,,,,,,28.139589,-82.320791,-15.580815,8.203848,332.046831,0.000000,1
229.800000,,,,,,,,,,,,,,28.139595,-82.320795,-15.535556,8.148813,332.379333,0.000000,1
229.900000,,,,,,,,,,,,,,28.139602,-82.320799,-15.490298,8.093778,332.711836,0.000000,1
230.000000,,,,,,,,,,,,,,28.139609,-82.320803,-15.468330,8.056788,333.094385,0.000000,1
230.100000,,,,,,,,,,,,,,28.139615,-82.320806,-15.466831,8.035657,333.520920,0.000000,1
230.200000,,,,,,,,,,,,,,28.139622,-82.320810,-15.465333,8.014526,333.947455,0.000000,1
230.300000,,,,,,,,,,,,,,28.139628,-82.320813,-15.463834,7.993396,334.373989,0.000000,1
230.400000,,,,,,,,,,,,,,28.139635,-82.320816,-15.462335,7.972265,334.800524,0.000000,1
230.500000,,,,,,,,,,,,,,28.139641,-82.320819,-15.460836,7.951134,335.227059,0.000000,1
230.600000,,,,,,,,,,,,,,28.139648,-82.320823,-15.459338,7.930003,335.653593,0.000000,1
230.700000,,,,,,,,,,,,,,28.139654,-82.320826,-15.457839,7.908873,336.080128,0.000000,1
230.800000,,,,,,,,,,,,,,28.139661,-82.320829,-15.456340,7.887742,336.506663,0.000000,1
230.900000,,,,,,,,,,,,,,28.139667,-82.320832,-15.454842,7.866611,336.933198,0.000000,1
231.000000,,,,,,,,,,,,,,28.139673,-82.320835,-15.440052,7.817182,337.307264,0.000000,1
231.100000,,,,,,,,,,,,,,28.139679,-82.320838,-15.412297,7.740144,337.630144,0.000000,1
231.200000,,,,,,,,,,,,,,28.139685,-82.320841,-15.384541,7.663107,337.953025,0.000000,1
231.300000,,,,,,,,,,,,,,28.139691,-82.320843,-15.356786,7.586070,338.275905,0.000000,1
231.400000,,,,,,,,,,,,,,28.139697,-82.320846,-15.329030,7.509032,338.598785,0.000000,1
231.500000,,,,,,,,,,,,,,28.139703,-82.320849,-15.301274,7.431995,338.921665,0.000000,1
231.600000,,,,,,,,,,,,,,28.139709,-82.320851,-15.273519,7.354957,339.244545,0.000000,1
231.700000,,,,,,,,,,,,,,28.139715,-82.320854,-15.245763,7.277920,339.567425,0.000000,1
231.800000,,,,,,,,,,,,,,28.139721,-82.320856,-15.218008,7.200883,339.890305,0.000000,1
231.900000,,,,,,,,,,,,,,28.139727,-82.320859,-15.190252,7.123845,340.213185,0.000000,1
232.000000,,,,,,,,,,,,,,28.139733,-82.320862,-15.162497,7.046808,340.536065,0.000000,1
232.100000,,,,,,,,,,,,,,28.139740,-82.320864,-15.155583,6.961089,340.952381,0.000000,1
232.200000,,,,,,,,,,,,,,28.139746,-82.320866,-15.163122,6.869350,341.433484,0.000000,1
232.300000,,,,,,,,,,,,,,28.139752,-82.320869,-15.170660,6.777612,341.914587,0.000000,1
232.400000,,,,,,,,,,,,,,28.139759,-82.320871,-15.178199,6.685873,342.395690,0.000000,1
232.500000,,,,,,,,,,,,,,28.139765,-82.320873,-15.185737,6.594134,342.876793,0.000000,1
232.600000,,,,,,,,,,,,,,28.139772,-82.320876,-15.193275,6.502395,343.357897,0.000000,1
232.700000,,,,,,,,,,,,,,28.139778,-82.320878,-15.200814,6.410657,343.839000,0.000000,1
232.800000,,,,,,,,,,,,,,28.139784,-82.320880,-15.208352,6.318918,344.320103,0.000000,1
232.900000,,,,,,,,,,,,,,28.139791,-82.320883,-15.215891,6.227179,344.801206,0.000000,1
233.000000,,,,,,,,,,,,,,28.139797,-82.320885,-15.224895,6.122420,345.236252,0.000000,1
233.100000,,,,,,,,,,,,,,28.139802,-82.320886,-15.235854,6.000298,345.609876,0.000000,1
233.200000,,,,,,,,,,,,,,28.139807,-82.320887,-15.246813,5.878175,345.983501,0.000000,1
233.300000,,,,,,,,,,,,,,28.139812,-82.320888,-15.257772,5.756052,346.357126,0.000000,1
233.400000,,,,,,,,,,,,,,28.139817,-82.320889,-15.268731,5.633930,346.730750,0.000000,1
233.500000,,,,,,,,,,,,,,28.139822,-82.320891,-15.279690,5.511807,347.104375,0.000000,1
233.600000,,,,,,,,,,,,,,28.139828,-82.320892,-15.290649,5.389685,347.478000,0.000000,1
233.700000,,,,,,,,,,,,,,28.139833,-82.320893,-15.301608,5.267562,347.851624,0.000000,1
233.800000,,,,,,,,,,,,,,28.139838,-82.320894,-15.312567,5.145439,348.225249,0.000000,1
233.900000,,,,,,,,,,,,,,28.139843,-82.320895,-15.323526,5.023317,348.598874,0.000000,1
234.000000,,,,,,,,,,,,,,28.139848,-82.320896,-15.329874,4.907664,348.596869,0.000000,1
234.100000,,,,,,,,,,,,,,28.139852,-82.320897,-15.329927,4.800844,348.082149,0.000000,1
234.200000,,,,,,,,,,,,,,28.139856,-82.320898,-15.329980,4.694023,347.567429,0.000000,1
234.300000,,,,,,,,,,,,,,28.139860,-82.320899,-15.330033,4.587202,347.052708,0.000000,1
234.400000,,,,,,,,,,,,,,28.139865,-82.320900,-15.330086,4.480382,346.537988,0.000000,1
234.500000,,,,,,,,,,,,,,28.139869,-82.320900,-15.330140,4.373561,346.023268,0.000000,1
234.600000,,,,,,,,,,,,,,28.139873,-82.320901,-15.330193,4.266740,345.508548,0.000000,1
234.700000,,,,,,,,,,,,,,28.139877,-82.320902,-15.330246,4.159919,344.993828,0.000000,1
234.800000,,,,,,,,,,,,,,28.139882,-82.320903,-15.330299,4.053099,344.479108,0.000000,1
234.900000,,,,,,,,,,,,,,28.139886,-82.320903,-15.330352,3.946278,343.964388,0.000000,1
235.000000,,,,,,,,,,,,,,28.139890,-82.320904,-15.320234,3.843357,343.562221,0.000000,1
235.100000,,,,,,,,,,,,,,28.139893,-82.320906,-15.300942,3.743953,343.261562,0.000000,1
235.200000,,,,,,,,,,,,,,28.139897,-82.320907,-15.281650,3.644549,342.960904,0.000000,1
235.300000,,,,,,,,,,,,,,28.139900,-82.320908,-15.262358,3.545144,342.660246,0.000000,1
235.400000,,,,,,,,,,,,,,28.139904,-82.320909,-15.243067,3.445740,342.359587,0.000000,1
235.500000,,,,,,,,,,,,,,28.139908,-82.320911,-15.223775,3.346336,342.058929,0.000000,1
235.600000,,,,,,,,,,,,,,28.139911,-82.320912,-15.204483,3.246932,341.758271,0.000000,1
235.700000,,,,,,,,,,,,,,28.139915,-82.320913,-15.185191,3.147528,341.457612,0.000000,1
235.800000,,,,,,,,,,,,,,28.139918,-82.320914,-15.165899,3.048123,341.156954,0.000000,1
235.900000,,,,,,,,,,,,,,28.139922,-82.320916,-15.146607,2.948719,340.856296,0.000000,1
236.000000,,,,,,,,,,,,,,28.139925,-82.320917,-15.133961,2.861091,340.372523,0.000000,1
236.100000,,,,,,,,,,,,,,28.139927,-82.320918,-15.132454,2.793206,339.581755,0.000000,1
236.200000,,,,,,,,,,,,,,28.139929,-82.320919,-15.130947,2.725320,338.790988,0.000000,1
236.300000,,,,,,,,,,,,,,28.139931,-82.320920,-15.129441,2.657434,338.000220,0.000000,1
236.400000,,,,,,,,,,,,,,28.139933,-82.320921,-15.127934,2.589549,337.209452,0.000000,1
236.500000,,,,,,,,,,,,,,28.139935,-82.320922,-15.126428,2.521663,336.418684,0.000000,1
236.600000,,,,,,,,,,,,,,28.139937,-82.320923,-15.124921,2.453778,335.627916,0.000000,1
236.700000,,,,,,,,,,,,,,28.139939,-82.320924,-15.123415,2.385892,334.837149,0.000000,1
236.800000,,,,,,,,,,,,,,28.139941,-82.320925,-15.121908,2.318007,334.046381,0.000000,1
236.900000,,,,,,,,,,,,,,28.139943,-82.320926,-15.120401,2.250121,333.255613,0.000000,1
237.000000,,,,,,,,,,,,,,28.139945,-82.320927,-15.103051,2.203585,332.959129,0.000000,1
237.100000,,,,,,,,,,,,,,28.139946,-82.320928,-15.065774,2.183900,333.284323,0.000000,1
237.200000,,,,,,,,,,,,,,28.139947,-82.320929,-15.028497,2.164214,333.609516,0.000000,1
237.300000,,,,,,,,,,,,,,28.139949,-82.320930,-14.991219,2.144529,333.934710,0.000000,1
237.400000,,,,,,,,,,,,,,28.139950,-82.320932,-14.953942,2.124844,334.259904,0.000000,1
237.500000,,,,,,,,,,,,,,28.139951,-82.320933,-14.916665,2.105158,334.585097,0.000000,1
237.600000,,,,,,,,,,,,,,28.139953,-82.320934,-14.879387,2.085473,334.910291,0.000000,1
237.700000,,,,,,,,,,,,,,28.139954,-82.320935,-14.842110,2.065788,335.235484,0.000000,1
237.800000,,,,,,,,,,,,,,28.139955,-82.320936,-14.804833,2.046103,335.560678,0.000000,1
237.900000,,,,,,,,,,,,,,28.139957,-82.320937,-14.767555,2.026417,335.885871,0.000000,1
238.000000,,,,,,,,,,,,,,28.139959,-82.320938,-14.740700,2.055161,335.860664,0.000000,1
238.100000,,,,,,,,,,,,,,28.139961,-82.320938,-14.723098,2.126906,335.524316,0.000000,1
238.200000,,,,,,,,,,,,,,28.139963,-82.320939,-14.705496,2.198652,335.187968,0.000000,1
238.300000,,,,,,,,,,,,,,28.139965,-82.320940,-14.687894,2.270398,334.851620,0.000000,1
238.400000,,,,,,,,,,,,,,28.139968,-82.320940,-14.670293,2.342144,334.515272,0.000000,1
238.500000,,,,,,,,,,,,,,28.139970,-82.320941,-14.652691,2.413889,334.178924,0.000000,1
238.600000,,,,,,,,,,,,,,28.139972,-82.320942,-14.635089,2.485635,333.842576,0.000000,1
238.700000,,,,,,,,,,,,,,28.139974,-82.320943,-14.617487,2.557381,333.506228,0.000000,1
238.800000,,,,,,,,,,,,,,28.139977,-82.320943,-14.599886,2.629127,333.169880,0.000000,1
238.900000,,,,,,,,,,,,,,28.139979,-82.320944,-14.582284,2.700872,332.833532,0.000000,1
239.000000,,,,,,,,,,,,,,28.139981,-82.320945,-14.535715,2.779775,332.380423,0.000000,1
239.100000,,,,,,,,,,,,,,28.139984,-82.320947,-14.464086,2.864870,331.826304,0.000000,1
239.200000,,,,,,,,,,,,,,28.139986,-82.320948,-14.392456,2.949965,331.272185,0.000000,1
239.300000,,,,,,,,,,,,,,28.139988,-82.320950,-14.320827,3.035060,330.718066,0.000000,1
239.400000,,,,,,,,,,,,,,28.139990,-82.320951,-14.249198,3.120155,330.163947,0.000000,1
239.500000,,,,,,,,,,,,,,28.139993,-82.320953,-14.177569,3.205250,329.609828,0.000000,1
239.600000,,,,,,,,,,,,,,28.139995,-82.320954,-14.105940,3.290345,329.055708,0.000000,1
239.700000,,,,,,,,,,,,,,28.139997,-82.320956,-14.034311,3.375440,328.501589,0.000000,1
239.800000,,,,,,,,,,,,,,28.139999,-82.320957,-13.962681,3.460535,327.947470,0.000000,1
239.900000,,,,,,,,,,,,,,28.140002,-82.320959,-13.891052,3.545630,327.393351,0.000000,1
240.000000,,,,,,,,,,,,,,28.140004,-82.320961,-13.832841,3.626345,327.040266,0.000000,1
240.100000,,,,,,,,,,,,,,28.140007,-82.320964,-13.789322,3.702263,326.907310,0.000000,1
240.200000,,,,,,,,,,,,,,28.140009,-82.320967,-13.745802,3.778182,326.774355,0.000000,1
240.300000,,,,,,,,,,,,,,28.140012,-82.320970,-13.702283,3.854100,326.641399,0.000000,1
240.400000,,,,,,,,,,,,,,28.140015,-82.320973,-13.658764,3.930019,326.508444,0.000000,1
240.500000,,,,,,,,,,,,,,28.140017,-82.320976,-13.615245,4.005937,326.375488,0.000000,1
240.600000,,,,,,,,,,,,,,28.140020,-82.320979,-13.571726,4.081856,326.242533,0.000000,1
240.700000,,,,,,,,,,,,,,28.140023,-82.320982,-13.528206,4.157774,326.109577,0.000000,1
240.800000,,,,,,,,,,,,,,28.140025,-82.320985,-13.484687,4.233693,325.976622,0.000000,1
240.900000,,,,,,,,,,,,,,28.140028,-82.320988,-13.441168,4.309611,325.843666,0.000000,1
241.000000,,,,,,,,,,,,,,28.140031,-82.320990,-13.384117,4.368700,326.014715,0.000000,1
241.100000,,,,,,,,,,,,,,28.140035,-82.320993,-13.314871,4.412618,326.459761,0.000000,1
241.200000,,,,,,,,,,,,,,28.140038,-82.320995,-13.245624,4.456537,326.904807,0.000000,1
241.300000,,,,,,,,,,,,,,28.140042,-82.320998,-13.176378,4.500456,327.349853,0.000000,1
241.400000,,,,,,,,,,,,,,28.140046,-82.321000,-13.107131,4.544375,327.794899,0.000000,1
241.500000,,,,,,,,,,,,,,28.140050,-82.321003,-13.037885,4.588293,328.239946,0.000000,1
241.600000,,,,,,,,,,,,,,28.140053,-82.321005,-12.968638,4.632212,328.684992,0.000000,1
241.700000,,,,,,,,,,,,,,28.140057,-82.321008,-12.899392,4.676131,329.130038,0.000000,1
241.800000,,,,,,,,,,,,,,28.140061,-82.321010,-12.830146,4.720050,329.575084,0.000000,1
241.900000,,,,,,,,,,,,,,28.140064,-82.321013,-12.760899,4.763969,330.020130,0.000000,1
242.000000,,,,,,,,,,,,,,28.140068,-82.321015,-12.748999,4.806197,330.498987,0.000000,1
242.100000,,,,,,,,,,,,,,28.140072,-82.321017,-12.788903,4.846898,331.008386,0.000000,1
242.200000,,,,,,,,,,,,,,28.140075,-82.321019,-12.828806,4.887599,331.517785,0.000000,1
242.300000,,,,,,,,,,,,,,28.140079,-82.321021,-12.868710,4.928300,332.027183,0.000000,1
242.400000,,,,,,,,,,,,,,28.140083,-82.321023,-12.908614,4.969001,332.536582,0.000000,1
242.500000,,,,,,,,,,,,,,28.140087,-82.321025,-12.948517,5.009702,333.045981,0.000000,1
242.600000,,,,,,,,,,,,,,28.140090,-82.321028,-12.988421,5.050402,333.555380,0.000000,1
242.700000,,,,,,,,,,,,,,28.140094,-82.321030,-13.028325,5.091103,334.064779,0.000000,1
242.800000,,,,,,,,,,,,,,28.140098,-82.321032,-13.068228,5.131804,334.574178,0.000000,1
242.900000,,,,,,,,,,,,,,28.140101,-82.321034,-13.108132,5.172505,335.083576,0.000000,1
243.000000,,,,,,,,,,,,,,28.140106,-82.321036,-13.151686,5.260656,335.419384,0.000000,1
243.100000,,,,,,,,,,,,,,28.140110,-82.321039,-13.198553,5.391879,335.597615,0.000000,1
243.200000,,,,,,,,,,,,,,28.140115,-82.321041,-13.245421,5.523102,335.775847,0.000000,1
243.300000,,,,,,,,,,,,,,28.140120,-82.321043,-13.292288,5.654324,335.954079,0.000000,1
243.400000,,,,,,,,,,,,,,28.140125,-82.321046,-13.339156,5.785547,336.132310,0.000000,1
243.500000,,,,,,,,,,,,,,28.140129,-82.321048,-13.386023,5.916770,336.310542,0.000000,1
243.600000,,,,,,,,,,,,,,28.140134,-82.321050,-13.432891,6.047993,336.488774,0.000000,1
243.700000,,,,,,,,,,,,,,28.140139,-82.321053,-13.479758,6.179216,336.667005,0.000000,1
243.800000,,,,,,,,,,,,,,28.140144,-82.321055,-13.526625,6.310438,336.845237,0.000000,1
243.900000,,,,,,,,,,,,,,28.140149,-82.321057,-13.573493,6.441661,337.023469,0.000000,1
244.000000,,,,,,,,,,,,,,28.140154,-82.321060,-13.616821,6.522705,337.360493,0.000000,1
244.100000,,,,,,,,,,,,,,28.140160,-82.321062,-13.656542,6.552605,337.859367,0.000000,1
244.200000,,,,,,,,,,,,,,28.140165,-82.321065,-13.696264,6.582505,338.358241,0.000000,1
244.300000,,,,,,,,,,,,,,28.140171,-82.321067,-13.735985,6.612405,338.857115,0.000000,1
244.400000,,,,,,,,,,,,,,28.140177,-82.321070,-13.775706,6.642304,339.355989,0.000000,1
244.500000,,,,,,,,,,,,,,28.140183,-82.321072,-13.815427,6.672204,339.854863,0.000000,1
244.600000,,,,,,,,,,,,,,28.140188,-82.321074,-13.855148,6.702104,340.353737,0.000000,1
244.700000,,,,,,,,,,,,,,28.140194,-82.321077,-13.894869,6.732004,340.852611,0.000000,1
244.800000,,,,,,,,,,,,,,28.140200,-82.321079,-13.934591,6.761904,341.351485,0.000000,1
244.900000,,,,,,,,,,,,,,28.140206,-82.321082,-13.974312,6.791803,341.850359,0.000000,1
245.000000,,,,,,,,,,,,,,28.140212,-82.321084,-14.004831,6.872926,342.197106,0.000000,1
245.100000,,,,,,,,,,,,,,28.140218,-82.321086,-14.027401,6.998298,342.412439,0.000000,1
245.200000,,,,,,,,,,,,,,28.140224,-82.321087,-14.049971,7.123669,342.627773,0.000000,1
245.300000,,,,,,,,,,,,,,28.140230,-82.321089,-14.072542,7.249041,342.843106,0.000000,1
245.400000,,,,,,,,,,,,,,28.140236,-82.321091,-14.095112,7.374412,343.058440,0.000000,1
245.500000,,,,,,,,,,,,,,28.140242,-82.321093,-14.117682,7.499783,343.273773,0.000000,1
245.600000,,,,,,,,,,,,,,28.140248,-82.321094,-14.140252,7.625155,343.489107,0.000000,1
245.700000,,,,,,,,,,,,,,28.140254,-82.321096,-14.162822,7.750526,343.704440,0.000000,1
245.800000,,,,,,,,,,,,,,28.140260,-82.321098,-14.185392,7.875898,343.919774,0.000000,1
245.900000,,,,,,,,,,,,,,28.140266,-82.321100,-14.207963,8.001269,344.135107,0.000000,1
246.000000,,,,,,,,,,,,,,28.140274,-82.321102,-14.216779,8.111997,344.481590,0.000000,1
246.100000,,,,,,,,,,,,,,28.140282,-82.321105,-14.214051,8.210435,344.938148,0.000000,1
246.200000,,,,,,,,,,,,,,28.140289,-82.321109,-14.211323,8.308873,345.394706,0.000000,1
246.300000,,,,,,,,,,,,,,28.140297,-82.321112,-14.208596,8.407312,345.851264,0.000000,1
246.400000,,,,,,,,,,,,,,28.140305,-82.321115,-14.205868,8.505750,346.307822,0.000000,1
246.500000,,,,,,,,,,,,,,28.140313,-82.321118,-14.203141,8.604188,346.764380,0.000000,1
246.600000,,,,,,,,,,,,,,28.140321,-82.321121,-14.200413,8.702626,347.220938,0.000000,1
246.700000,,,,,,,,,,,,,,28.140329,-82.321125,-14.197685,8.801064,347.677495,0.000000,1
246.800000,,,,,,,,,,,,,,28.140337,-82.321128,-14.194958,8.899502,348.134053,0.000000,1
246.900000,,,,,,,,,,,,,,28.140345,-82.321131,-14.192230,8.997940,348.590611,0.000000,1
247.000000,,,,,,,,,,,,,,28.140353,-82.321134,-14.162722,9.063878,348.990052,0.000000,1
247.100000,,,,,,,,,,,,,,28.140362,-82.321136,-14.109212,9.100691,349.338302,0.000000,1
247.200000,,,,,,,,,,,,,,28.140371,-82.321138,-14.055703,9.137503,349.686552,0.000000,1
247.300000,,,,,,,,,,,,,,28.140379,-82.321141,-14.002194,9.174315,350.034802,0.000000,1
247.400000,,,,,,,,,,,,,,28.140388,-82.321143,-13.948684,9.211127,350.383053,0.000000,1
247.500000,,,,,,,,,,,,,,28.140397,-82.321146,-13.895175,9.247939,350.731303,0.000000,1
247.600000,,,,,,,,,,,,,,28.140405,-82.321148,-13.841665,9.284751,351.079553,0.000000,1
247.700000,,,,,,,,,,,,,,28.140414,-82.321150,-13.788156,9.321563,351.427804,0.000000,1
247.800000,,,,,,,,,,,,,,28.140423,-82.321153,-13.734646,9.358376,351.776054,0.000000,1
247.900000,,,,,,,,,,,,,,28.140432,-82.321155,-13.681137,9.395188,352.124304,0.000000,1
248.000000,,,,,,,,,,,,,,28.140440,-82.321157,-13.602218,9.453502,352.503028,0.000000,1
248.100000,,,,,,,,,,,,,,28.140449,-82.321159,-13.500362,9.531226,352.909258,0.000000,1
248.200000,,,,,,,,,,,,,,28.140457,-82.321160,-13.398506,9.608949,353.315488,0.000000,1
248.300000,,,,,,,,,,,,,,28.140466,-82.321162,-13.296650,9.686673,353.721718,0.000000,1
248.400000,,,,,,,,,,,,,,28.140474,-82.321163,-13.194795,9.764397,354.127948,0.000000,1
248.500000,,,,,,,,,,,,,,28.140483,-82.321165,-13.092939,9.842120,354.534179,0.000000,1
248.600000,,,,,,,,,,,,,,28.140491,-82.321166,-12.991083,9.919844,354.940409,0.000000,1
248.700000,,,,,,,,,,,,,,28.140500,-82.321168,-12.889227,9.997567,355.346639,0.000000,1
248.800000,,,,,,,,,,,,,,28.140508,-82.321169,-12.787372,10.075291,355.752869,0.000000,1
248.900000,,,,,,,,,,,,,,28.140517,-82.321171,-12.685516,10.153014,356.159099,0.000000,1
249.000000,,,,,,,,,,,,,,28.140525,-82.321172,-12.674097,10.185836,356.524924,0.000000,1
249.100000,,,,,,,,,,,,,,28.140534,-82.321171,-12.749936,10.175334,356.851764,0.000000,1
249.200000,,,,,,,,,,,,,,28.140542,-82.321171,-12.825776,10.164831,357.178604,0.000000,1
249.300000,,,,,,,,,,,,,,28.140551,-82.321171,-12.901615,10.154329,357.505444,0.000000,1
249.400000,,,,,,,,,,,,,,28.140560,-82.321171,-12.977454,10.143827,357.832285,0.000000,1
249.500000,,,,,,,,,,,,,,28.140568,-82.321170,-13.053294,10.133325,358.159125,0.000000,1
249.600000,,,,,,,,,,,,,,28.140577,-82.321170,-13.129133,10.122822,358.485965,0.000000,1
249.700000,,,,,,,,,,,,,,28.140585,-82.321170,-13.204973,10.112320,358.812805,0.000000,1
249.800000,,,,,,,,,,,,,,28.140594,-82.321170,-13.280812,10.101818,359.139645,0.000000,1
249.900000,,,,,,,,,,,,,,28.140602,-82.321170,-13.356651,10.091315,359.466485,0.000000,1
250.000000,,,,,,,,,,,,,,28.140611,-82.321169,-13.366727,10.110544,341.216553,0.000000,1
250.100000,,,,,,,,,,,,,,28.140621,-82.321169,-13.315654,10.157417,305.693437,0.000000,1
250.200000,,,,,,,,,,,,,,28.140630,-82.321168,-13.264580,10.204290,270.170321,0.000000,1
250.300000,,,,,,,,,,,,,,28.140639,-82.321167,-13.213507,10.251163,234.647205,0.000000,1
250.400000,,,,,,,,,,,,,,28.140649,-82.321167,-13.162433,10.298036,199.124089,0.000000,1
250.500000,,,,,,,,,,,,,,28.140658,-82.321166,-13.111360,10.344908,163.600972,0.000000,1
250.600000,,,,,,,,,,,,,,28.140667,-82.321166,-13.060286,10.391781,128.077856,0.000000,1
250.700000,,,,,,,,,,,,,,28.140677,-82.321165,-13.009213,10.438654,92.554740,0.000000,1
250.800000,,,,,,,,,,,,,,28.140686,-82.321165,-12.958139,10.485527,57.031624,0.000000,1
250.900000,,,,,,,,,,,,,,28.140695,-82.321164,-12.907066,10.532400,21.508508,0.000000,1
251.000000,,,,,,,,,,,,,,28.140704,-82.321163,-12.881093,10.558294,4.214956,0.000000,1
251.100000,,,,,,,,,,,,,,28.140713,-82.321162,-12.879404,10.563891,4.556922,0.000000,1
251.200000,,,,,,,,,,,,,,28.140721,-82.321161,-12.877714,10.569488,4.898887,0.000000,1
251.300000,,,,,,,,,,,,,,28.140730,-82.321159,-12.876024,10.575086,5.240852,0.000000,1
251.400000,,,,,,,,,,,,,,28.140738,-82.321158,-12.874334,10.580683,5.582818,0.000000,1
251.500000,,,,,,,,,,,,,,28.140747,-82.321157,-12.872644,10.586280,5.924783,0.000000,1
251.600000,,,,,,,,,,,,,,28.140755,-82.321156,-12.870955,10.591878,6.266748,0.000000,1
251.700000,,,,,,,,,,,,,,28.140764,-82.321155,-12.869265,10.597475,6.608714,0.000000,1
251.800000,,,,,,,,,,,,,,28.140772,-82.321154,-12.867575,10.603072,6.950679,0.000000,1
251.900000,,,,,,,,,,,,,,28.140781,-82.321152,-12.865885,10.608670,7.292644,0.000000,1
252.000000,,,,,,,,,,,,,,28.140789,-82.321151,-12.864196,10.614267,7.634610,0.000000,1
252.100000,,,,,,,,,,,,,,28.140798,-82.321150,-12.850672,10.613496,7.891985,0.000000,1
252.200000,,,,,,,,,,,,,,28.140808,-82.321148,-12.827121,10.607329,8.077676,0.000000,1
252.300000,,,,,,,,,,,,,,28.140817,-82.321146,-12.803569,10.601161,8.263367,0.000000,1
252.400000,,,,,,,,,,,,,,28.140826,-82.321144,-12.780018,10.594994,8.449059,0.000000,1
252.500000,,,,,,,,,,,,,,28.140836,-82.321142,-12.756466,10.588826,8.634750,0.000000,1
252.600000,,,,,,,,,,,,,,28.140845,-82.321140,-12.732915,10.582659,8.820441,0.000000,1
252.700000,,,,,,,,,,,,,,28.140855,-82.321138,-12.709364,10.576491,9.006132,0.000000,1
252.800000,,,,,,,,,,,,,,28.140864,-82.321136,-12.685812,10.570324,9.191824,0.000000,1
252.900000,,,,,,,,,,,,,,28.140873,-82.321134,-12.662261,10.564156,9.377515,0.000000,1
253.000000,,,,,,,,,,,,,,28.140883,-82.321132,-12.638709,10.557989,9.563206,0.000000,1
253.100000,,,,,,,,,,,,,,28.140892,-82.321130,-12.600167,10.499517,9.739425,0.000000,1
253.200000,,,,,,,,,,,,,,28.140901,-82.321127,-12.550888,10.403584,9.908859,0.000000,1
253.300000,,,,,,,,,,,,,,28.140909,-82.321125,-12.501609,10.307650,10.078293,0.000000,1
253.400000,,,,,,,,,,,,,,28.140918,-82.321122,-12.452330,10.211717,10.247726,0.000000,1
253.500000,,,,,,,,,,,,,,28.140927,-82.321119,-12.403051,10.115784,10.417160,0.000000,1
253.600000,,,,,,,,,,,,,,28.140935,-82.321117,-12.353772,10.019850,10.586594,0.000000,1
253.700000,,,,,,,,,,,,,,28.140944,-82.321114,-12.304494,9.923917,10.756028,0.000000,1
253.800000,,,,,,,,,,,,,,28.140953,-82.321111,-12.255215,9.827983,10.925462,0.000000,1
253.900000,,,,,,,,,,,,,,28.140962,-82.321109,-12.205936,9.732050,11.094895,0.000000,1
254.000000,,,,,,,,,,,,,,28.140970,-82.321106,-12.156657,9.636116,11.264329,0.000000,1
254.100000,,,,,,,,,,,,,,28.140979,-82.321104,-12.080802,9.527554,10.982521,0.000000,1
254.200000,,,,,,,,,,,,,,28.140989,-82.321102,-11.983532,9.408814,10.337080,0.000000,1
254.300000,,,,,,,,,,,,,,28.140998,-82.321100,-11.886262,9.290075,9.691638,0.000000,1
254.400000,,,,,,,,,,,,,,28.141007,-82.321098,-11.788991,9.171336,9.046196,0.000000,1
254.500000,,,,,,,,,,,,,,28.141017,-82.321096,-11.691721,9.052596,8.400754,0.000000,1
254.600000,,,,,,,,,,,,,,28.141026,-82.321094,-11.594450,8.933857,7.755313,0.000000,1
254.700000,,,,,,,,,,,,,,28.141035,-82.321092,-11.497180,8.815117,7.109871,0.000000,1
254.800000,,,,,,,,,,,,,,28.141044,-82.321090,-11.399909,8.696378,6.464429,0.000000,1
254.900000,,,,,,,,,,,,,,28.141054,-82.321088,-11.302639,8.577638,5.818988,0.000000,1
255.000000,,,,,,,,,,,,,,28.141062,-82.321087,-11.258868,8.478127,24.895322,0.000000,1
255.100000,,,,,,,,,,,,,,28.141070,-82.321087,-11.258157,8.394091,59.844909,0.000000,1
255.200000,,,,,,,,,,,,,,28.141078,-82.321087,-11.257446,8.310056,94.794496,0.000000,1
255.300000,,,,,,,,,,,,,,28.141085,-82.321087,-11.256735,8.226020,129.744083,0.000000,1
255.400000,,,,,,,,,,,,,,28.141093,-82.321087,-11.256024,8.141984,164.693669,0.000000,1
255.500000,,,,,,,,,,,,,,28.141101,-82.321087,-11.255313,8.057949,199.643256,0.000000,1
255.600000,,,,,,,,,,,,,,28.141109,-82.321087,-11.254602,7.973913,234.592843,0.000000,1
255.700000,,,,,,,,,,,,,,28.141117,-82.321087,-11.253891,7.889878,269.542430,0.000000,1
255.800000,,,,,,,,,,,,,,28.141124,-82.321087,-11.253180,7.805842,304.492017,0.000000,1
255.900000,,,,,,,,,,,,,,28.141132,-82.321087,-11.252469,7.721806,339.441604,0.000000,1
256.000000,,,,,,,,,,,,,,28.141139,-82.321088,-11.252532,7.691187,355.427472,0.000000,1
256.100000,,,,,,,,,,,,,,28.141147,-82.321089,-11.253278,7.707769,354.656584,0.000000,1
256.200000,,,,,,,,,,,,,,28.141154,-82.321090,-11.254025,7.724350,353.885696,0.000000,1
256.300000,,,,,,,,,,,,,,28.141161,-82.321091,-11.254772,7.740932,353.114808,0.000000,1
256.400000,,,,,,,,,,,,,,28.141168,-82.321092,-11.255519,7.757513,352.343919,0.000000,1
256.500000,,,,,,,,,,,,,,28.141175,-82.321093,-11.256266,7.774095,351.573031,0.000000,1
256.600000,,,,,,,,,,,,,,28.141182,-82.321095,-11.257012,7.790676,350.802143,0.000000,1
256.700000,,,,,,,,,,,,,,28.141189,-82.321096,-11.257759,7.807258,350.031255,0.000000,1
256.800000,,,,,,,,,,,,,,28.141197,-82.321097,-11.258506,7.823839,349.260366,0.000000,1
256.900000,,,,,,,,,,,,,,28.141204,-82.321098,-11.259253,7.840421,348.489478,0.000000,1
257.000000,,,,,,,,,,,,,,28.141211,-82.321100,-11.225646,7.846131,347.676976,0.000000,1
257.100000,,,,,,,,,,,,,,28.141218,-82.321103,-11.166756,7.843842,346.833846,0.000000,1
257.200000,,,,,,,,,,,,,,28.141226,-82.321105,-11.107866,7.841553,345.990717,0.000000,1
257.300000,,,,,,,,,,,,,,28.141233,-82.321108,-11.048976,7.839263,345.147588,0.000000,1
257.400000,,,,,,,,,,,,,,28.141241,-82.321110,-10.990086,7.836974,344.304459,0.000000,1
257.500000,,,,,,,,,,,,,,28.141248,-82.321113,-10.931196,7.834684,343.461330,0.000000,1
257.600000,,,,,,,,,,,,,,28.141256,-82.321116,-10.872306,7.832395,342.618201,0.000000,1
257.700000,,,,,,,,,,,,,,28.141263,-82.321118,-10.813416,7.830105,341.775072,0.000000,1
257.800000,,,,,,,,,,,,,,28.141270,-82.321121,-10.754527,7.827816,340.931942,0.000000,1
257.900000,,,,,,,,,,,,,,28.141278,-82.321124,-10.695637,7.825526,340.088813,0.000000,1
258.000000,,,,,,,,,,,,,,28.141285,-82.321127,-10.665459,7.835424,339.195577,0.000000,1
258.100000,,,,,,,,,,,,,,28.141292,-82.321130,-10.661406,7.856411,338.256749,0.000000,1
258.200000,,,,,,,,,,,,,,28.141298,-82.321134,-10.657353,7.877398,337.317920,0.000000,1
258.300000,,,,,,,,,,,,,,28.141305,-82.321138,-10.653300,7.898385,336.379091,0.000000,1
258.400000,,,,,,,,,,,,,,28.141312,-82.321141,-10.649247,7.919372,335.440263,0.000000,1
258.500000,,,,,,,,,,,,,,28.141319,-82.321145,-10.645195,7.940359,334.501434,0.000000,1
258.600000,,,,,,,,,,,,,,28.141325,-82.321148,-10.641142,7.961346,333.562606,0.000000,1
258.700000,,,,,,,,,,,,,,28.141332,-82.321152,-10.637089,7.982333,332.623777,0.000000,1
258.800000,,,,,,,,,,,,,,28.141339,-82.321156,-10.633036,8.003320,331.684948,0.000000,1
258.900000,,,,,,,,,,,,,,28.141346,-82.321159,-10.628983,8.024307,330.746120,0.000000,1
259.000000,,,,,,,,,,,,,,28.141352,-82.321163,-10.598571,8.030485,330.050409,0.000000,1
259.100000,,,,,,,,,,,,,,28.141358,-82.321167,-10.546187,8.024321,329.557334,0.000000,1
259.200000,,,,,,,,,,,,,,28.141364,-82.321172,-10.493804,8.018156,329.064259,0.000000,1
259.300000,,,,,,,,,,,,,,28.141370,-82.321176,-10.441420,8.011991,328.571184,0.000000,1
259.400000,,,,,,,,,,,,,,28.141377,-82.321180,-10.389036,8.005826,328.078109,0.000000,1
259.500000,,,,,,,,,,,,,,28.141383,-82.321184,-10.336653,7.999661,327.585034,0.000000,1
259.600000,,,,,,,,,,,,,,28.141389,-82.321189,-10.284269,7.993496,327.091959,0.000000,1
259.700000,,,,,,,,,,,,,,28.141395,-82.321193,-10.231886,7.987331,326.598884,0.000000,1
259.800000,,,,,,,,,,,,,,28.141401,-82.321197,-10.179502,7.981167,326.105809,0.000000,1
259.900000,,,,,,,,,,,,,,28.141407,-82.321201,-10.127119,7.975002,325.612734,0.000000,1
260.000000,,,,,,,,,,,,,,28.141413,-82.321205,-10.075175,7.965465,325.332499,0.000000,1
260.100000,,,,,,,,,,,,,,28.141419,-82.321210,-10.023615,7.952991,325.237718,0.000000,1
260.200000,,,,,,,,,,,,,,28.141424,-82.321214,-9.972054,7.940517,325.142938,0.000000,1
260.300000,,,,,,,,,,,,,,28.141430,-82.321218,-9.920494,7.928043,325.048157,0.000000,1
260.400000,,,,,,,,,,,,,,28.141435,-82.321223,-9.868933,7.915569,324.953376,0.000000,1
260.500000,,,,,,,,,,,,,,28.141441,-82.321227,-9.817373,7.903095,324.858595,0.000000,1
260.600000,,,,,,,,,,,,,,28.141447,-82.321231,-9.765813,7.890621,324.763814,0.000000,1
260.700000,,,,,,,,,,,,,,28.141452,-82.321236,-9.714252,7.878147,324.669033,0.000000,1
260.800000,,,,,,,,,,,,,,28.141458,-82.321240,-9.662692,7.865673,324.574253,0.000000,1
260.900000,,,,,,,,,,,,,,28.141464,-82.321244,-9.611131,7.853199,324.479472,0.000000,1
261.000000,,,,,,,,,,,,,,28.141469,-82.321249,-9.573890,7.826185,324.685211,0.000000,1
261.100000,,,,,,,,,,,,,,28.141475,-82.321253,-9.549455,7.786165,325.159736,0.000000,1
261.200000,,,,,,,,,,,,,,28.141481,-82.321257,-9.525021,7.746146,325.634261,0.000000,1
261.300000,,,,,,,,,,,,,,28.141486,-82.321261,-9.500586,7.706127,326.108786,0.000000,1
261.400000,,,,,,,,,,,,,,28.141492,-82.321265,-9.476151,7.666108,326.583311,0.000000,1
261.500000,,,,,,,,,,,,,,28.141497,-82.321270,-9.451717,7.626088,327.057836,0.000000,1
261.600000,,,,,,,,,,,,,,28.141503,-82.321274,-9.427282,7.586069,327.532361,0.000000,1
261.700000,,,,,,,,,,,,,,28.141509,-82.321278,-9.402848,7.546050,328.006887,0.000000,1
261.800000,,,,,,,,,,,,,,28.141514,-82.321282,-9.378413,7.506031,328.481412,0.000000,1
261.900000,,,,,,,,,,,,,,28.141520,-82.321287,-9.353978,7.466012,328.955937,0.000000,1
262.000000,,,,,,,,,,,,,,28.141526,-82.321290,-9.332867,7.443475,329.646546,0.000000,1
262.100000,,,,,,,,,,,,,,28.141532,-82.321293,-9.314631,7.436066,330.524117,0.000000,1
262.200000,,,,,,,,,,,,,,28.141538,-82.321296,-9.296395,7.428657,331.401688,0.000000,1
262.300000,,,,,,,,,,,,,,28.141544,-82.321300,-9.278159,7.421247,332.279259,0.000000,1
262.400000,,,,,,,,,,,,,,28.141550,-82.321303,-9.259924,7.413838,333.156830,0.000000,1
262.500000,,,,,,,,,,,,,,28.141556,-82.321306,-9.241688,7.406429,334.034401,0.000000,1
262.600000,,,,,,,,,,,,,,28.141563,-82.321309,-9.223452,7.399019,334.911972,0.000000,1
262.700000,,,,,,,,,,,,,,28.141569,-82.321312,-9.205216,7.391610,335.789543,0.000000,1
262.800000,,,,,,,,,,,,,,28.141575,-82.321315,-9.186980,7.384201,336.667114,0.000000,1
262.900000,,,,,,,,,,,,,,28.141581,-82.321318,-9.168744,7.376791,337.544685,0.000000,1
263.000000,,,,,,,,,,,,,,28.141587,-82.321321,-9.178964,7.365524,338.412178,0.000000,1
263.100000,,,,,,,,,,,,,,28.141594,-82.321324,-9.212980,7.351031,339.271243,0.000000,1
263.200000,,,,,,,,,,,,,,28.141601,-82.321326,-9.246996,7.336538,340.130307,0.000000,1
263.300000,,,,,,,,,,,,,,28.141608,-82.321329,-9.281011,7.322046,340.989372,0.000000,1
263.400000,,,,,,,,,,,,,,28.141614,-82.321331,-9.315027,7.307553,341.848436,0.000000,1
263.500000,,,,,,,,,,,,,,28.141621,-82.321334,-9.349043,7.293060,342.707501,0.000000,1
263.600000,,,,,,,,,,,,,,28.141628,-82.321336,-9.383059,7.278567,343.566566,0.000000,1
263.700000,,,,,,,,,,,,,,28.141634,-82.321339,-9.417074,7.264074,344.425630,0.000000,1
263.800000,,,,,,,,,,,,,,28.141641,-82.321341,-9.451090,7.249581,345.284695,0.000000,1
263.900000,,,,,,,,,,,,,,28.141648,-82.321344,-9.485106,7.235089,346.143759,0.000000,1
264.000000,,,,,,,,,,,,,,28.141654,-82.321346,-9.520684,7.200638,347.022266,0.000000,1
264.100000,,,,,,,,,,,,,,28.141660,-82.321346,-9.557621,7.148846,347.917666,0.000000,1
264.200000,,,,,,,,,,,,,,28.141666,-82.321347,-9.594557,7.097054,348.813065,0.000000,1
264.300000,,,,,,,,,,,,,,28.141672,-82.321348,-9.631493,7.045263,349.708465,0.000000,1
264.400000,,,,,,,,,,,,,,28.141678,-82.321348,-9.668429,6.993471,350.603864,0.000000,1
264.500000,,,,,,,,,,,,,,28.141685,-82.321349,-9.705365,6.941679,351.499264,0.000000,1
264.600000,,,,,,,,,,,,,,28.141691,-82.321350,-9.742302,6.889888,352.394664,0.000000,1
264.700000,,,,,,,,,,,,,,28.141697,-82.321350,-9.779238,6.838096,353.290063,0.000000,1
264.800000,,,,,,,,,,,,,,28.141703,-82.321351,-9.816174,6.786304,354.185463,0.000000,1
264.900000,,,,,,,,,,,,,,28.141709,-82.321352,-9.853110,6.734513,355.080862,0.000000,1
265.000000,,,,,,,,,,,,,,28.141715,-82.321353,-9.844103,6.671513,355.599493,0.000000,1
265.100000,,,,,,,,,,,,,,28.141720,-82.321354,-9.784940,6.596276,355.706809,0.000000,1
265.200000,,,,,,,,,,,,,,28.141726,-82.321355,-9.725777,6.521039,355.814125,0.000000,1
265.300000,,,,,,,,,,,,,,28.141731,-82.321355,-9.666613,6.445803,355.921442,0.000000,1
265.400000,,,,,,,,,,,,,,28.141737,-82.321356,-9.607450,6.370566,356.028758,0.000000,1
265.500000,,,,,,,,,,,,,,28.141742,-82.321357,-9.548287,6.295329,356.136074,0.000000,1
265.600000,,,,,,,,,,,,,,28.141748,-82.321358,-9.489124,6.220093,356.243390,0.000000,1
265.700000,,,,,,,,,,,,,,28.141753,-82.321359,-9.429961,6.144856,356.350706,0.000000,1
265.800000,,,,,,,,,,,,,,28.141759,-82.321360,-9.370798,6.069619,356.458022,0.000000,1
265.900000,,,,,,,,,,,,,,28.141764,-82.321361,-9.311634,5.994383,356.565338,0.000000,1
266.000000,,,,,,,,,,,,,,28.141769,-82.321362,-9.260082,5.930689,356.778534,0.000000,1
266.100000,,,,,,,,,,,,,,28.141774,-82.321362,-9.215114,5.876979,357.083315,0.000000,1
266.200000,,,,,,,,,,,,,,28.141779,-82.321362,-9.170145,5.823270,357.388097,0.000000,1
266.300000,,,,,,,,,,,,,,28.141784,-82.321362,-9.125176,5.769561,357.692879,0.000000,1
266.400000,,,,,,,,,,,,,,28.141789,-82.321362,-9.080208,5.715851,357.997661,0.000000,1
266.500000,,,,,,,,,,,,,,28.141794,-82.321362,-9.035239,5.662142,358.302443,0.000000,1
266.600000,,,,,,,,,,,,,,28.141799,-82.321362,-8.990270,5.608432,358.607224,0.000000,1
266.700000,,,,,,,,,,,,,,28.141804,-82.321362,-8.945302,5.554723,358.912006,0.000000,1
266.800000,,,,,,,,,,,,,,28.141809,-82.321362,-8.900333,5.501013,359.216788,0.000000,1
266.900000,,,,,,,,,,,,,,28.141814,-82.321362,-8.855364,5.447304,359.521570,0.000000,1
267.000000,,,,,,,,,,,,,,28.141818,-82.321362,-8.834423,5.351577,343.208160,0.000000,1
267.100000,,,,,,,,,,,,,,28.141822,-82.321362,-8.842102,5.205802,307.099691,0.000000,1
267.200000,,,,,,,,,,,,,,28.141826,-82.321361,-8.849781,5.060027,270.991222,0.000000,1
267.300000,,,,,,,,,,,,,,28.141830,-82.321361,-8.857460,4.914252,234.882753,0.000000,1
267.400000,,,,,,,,,,,,,,28.141834,-82.321361,-8.865140,4.768476,198.774284,0.000000,1
267.500000,,,,,,,,,,,,,,28.141838,-82.321361,-8.872819,4.622701,162.665815,0.000000,1
267.600000,,,,,,,,,,,,,,28.141842,-82.321360,-8.880498,4.476926,126.557346,0.000000,1
267.700000,,,,,,,,,,,,,,28.141846,-82.321360,-8.888177,4.331150,90.448877,0.000000,1
267.800000,,,,,,,,,,,,,,28.141850,-82.321360,-8.895856,4.185375,54.340408,0.000000,1
267.900000,,,,,,,,,,,,,,28.141854,-82.321360,-8.903536,4.039600,18.231939,0.000000,1
268.000000,,,,,,,,,,,,,,28.141857,-82.321359,-8.916920,3.918657,1.770373,0.000000,1
268.100000,,,,,,,,,,,,,,28.141860,-82.321359,-8.935076,3.818483,1.740093,0.000000,1
268.200000,,,,,,,,,,,,,,28.141862,-82.321359,-8.953232,3.718309,1.709813,0.000000,1
268.300000,,,,,,,,,,,,,,28.141865,-82.321358,-8.971388,3.618134,1.679532,0.000000,1
268.400000,,,,,,,,,,,,,,28.141867,-82.321358,-8.989543,3.517960,1.649252,0.000000,1
268.500000,,,,,,,,,,,,,,28.141870,-82.321358,-9.007699,3.417786,1.618972,0.000000,1
268.600000,,,,,,,,,,,,,,28.141873,-82.321358,-9.025855,3.317611,1.588692,0.000000,1
268.700000,,,,,,,,,,,,,,28.141875,-82.321357,-9.044011,3.217437,1.558411,0.000000,1
268.800000,,,,,,,,,,,,,,28.141878,-82.321357,-9.062167,3.117263,1.528131,0.000000,1
268.900000,,,,,,,,,,,,,,28.141880,-82.321357,-9.080323,3.017089,1.497851,0.000000,1
269.000000,,,,,,,,,,,,,,28.141883,-82.321357,-9.098479,2.916914,1.467571,0.000000,1
269.100000,,,,,,,,,,,,,,28.141885,-82.321356,-9.145792,2.807270,1.607865,0.000000,1
269.200000,,,,,,,,,,,,,,28.141886,-82.321355,-9.228856,2.686016,1.957296,0.000000,1
269.300000,,,,,,,,,,,,,,28.141888,-82.321354,-9.311920,2.564762,2.306727,0.000000,1
269.400000,,,,,,,,,,,,,,28.141889,-82.321353,-9.394984,2.443508,2.656158,0.000000,1
269.500000,,,,,,,,,,,,,,28.141890,-82.321352,-9.478047,2.322254,3.005590,0.000000,1
269.600000,,,,,,,,,,,,,,28.141892,-82.321351,-9.561111,2.200999,3.355021,0.000000,1
269.700000,,,,,,,,,,,,,,28.141893,-82.321350,-9.644175,2.079745,3.704452,0.000000,1
269.800000,,,,,,,,,,,,,,28.141894,-82.321349,-9.727238,1.958491,4.053884,0.000000,1
269.900000,,,,,,,,,,,,,,28.141895,-82.321347,-9.810302,1.837237,4.403315,0.000000,1
270.000000,,,,,,,,,,,,,,28.141897,-82.321346,-9.893366,1.715983,4.752746,0.000000,1
270.100000,,,,,,,,,,,,,,28.141898,-82.321346,-9.947838,1.621366,4.876473,0.000000,1
270.200000,,,,,,,,,,,,,,28.141899,-82.321346,-9.981200,1.546416,4.833555,0.000000,1
270.300000,,,,,,,,,,,,,,28.141900,-82.321346,-10.014562,1.471467,4.790637,0.000000,1
270.400000,,,,,,,,,,,,,,28.141901,-82.321346,-10.047924,1.396517,4.747719,0.000000,1
270.500000,,,,,,,,,,,,,,28.141902,-82.321345,-10.081287,1.321568,4.704801,0.000000,1
270.600000,,,,,,,,,,,,,,28.141903,-82.321345,-10.114649,1.246618,4.661883,0.000000,1
270.700000,,,,,,,,,,,,,,28.141904,-82.321345,-10.148011,1.171669,4.618965,0.000000,1
270.800000,,,,,,,,,,,,,,28.141905,-82.321345,-10.181373,1.096719,4.576047,0.000000,1
270.900000,,,,,,,,,,,,,,28.141906,-82.321345,-10.214735,1.021770,4.533129,0.000000,1
271.000000,,,,,,,,,,,,,,28.141907,-82.321345,-10.248097,0.946820,4.490211,0.000000,1
271.100000,,,,,,,,,,,,,,28.141907,-82.321345,-10.273511,0.880061,4.467660,0.000000,1
271.200000,,,,,,,,,,,,,,28.141908,-82.321345,-10.290125,0.822368,4.467660,0.000000,1
271.300000,,,,,,,,,,,,,,28.141908,-82.321345,-10.306740,0.764676,4.467660,0.000000,1
271.400000,,,,,,,,,,,,,,28.141909,-82.321344,-10.323354,0.706984,4.467660,0.000000,1
271.500000,,,,,,,,,,,,,,28.141909,-82.321344,-10.339968,0.649292,4.467660,0.000000,1
271.600000,,,,,,,,,,,,,,28.141909,-82.321344,-10.356582,0.591600,4.467660,0.000000,1
271.700000,,,,,,,,,,,,,,28.141910,-82.321344,-10.373196,0.533908,4.467660,0.000000,1
271.800000,,,,,,,,,,,,,,28.141910,-82.321344,-10.389810,0.476215,4.467660,0.000000,1
271.900000,,,,,,,,,,,,,,28.141910,-82.321344,-10.406424,0.418523,4.467660,0.000000,1
272.000000,,,,,,,,,,,,,,28.141911,-82.321343,-10.423039,0.360831,4.467660,0.000000,1
272.100000,,,,,,,,,,,,,,28.141911,-82.321343,-10.455066,0.331476,4.467660,0.000000,1
272.200000,,,,,,,,,,,,,,28.141911,-82.321343,-10.498615,0.323301,4.467660,0.000000,1
272.300000,,,,,,,,,,,,,,28.141911,-82.321342,-10.542164,0.315127,4.467660,0.000000,1
272.400000,,,,,,,,,,,,,,28.141911,-82.321342,-10.585713,0.306952,4.467660,0.000000,1
272.500000,,,,,,,,,,,,,,28.141911,-82.321341,-10.629262,0.298778,4.467660,0.000000,1
272.600000,,,,,,,,,,,,,,28.141912,-82.321341,-10.672811,0.290604,4.467660,0.000000,1
272.700000,,,,,,,,,,,,,,28.141912,-82.321341,-10.716359,0.282429,4.467660,0.000000,1
272.800000,,,,,,,,,,,,,,28.141912,-82.321340,-10.759908,0.274255,4.467660,0.000000,1
272.900000,,,,,,,,,,,,,,28.141912,-82.321340,-10.803457,0.266080,4.467660,0.000000,1
273.000000,,,,,,,,,,,,,,28.141912,-82.321339,-10.847006,0.257906,4.467660,0.000000,1
273.100000,,,,,,,,,,,,,,28.141912,-82.321339,-10.884522,0.274628,4.467660,0.000000,1
273.200000,,,,,,,,,,,,,,28.141913,-82.321339,-10.917245,0.311134,4.467660,0.000000,1
273.300000,,,,,,,,,,,,,,28.141913,-82.321339,-10.949968,0.347640,4.467660,0.000000,1
273.400000,,,,,,,,,,,,,,28.141913,-82.321339,-10.982690,0.384145,4.467660,0.000000,1
273.500000,,,,,,,,,,,,,,28.141913,-82.321339,-11.015413,0.420651,4.467660,0.000000,1
273.600000,,,,,,,,,,,,,,28.141913,-82.321339,-11.048135,0.457157,4.467660,0.000000,1
273.700000,,,,,,,,,,,,,,28.141913,-82.321339,-11.080858,0.493663,4.467660,0.000000,1
273.800000,,,,,,,,,,,,,,28.141913,-82.321339,-11.113580,0.530169,4.467660,0.000000,1
273.900000,,,,,,,,,,,,,,28.141913,-82.321338,-11.146303,0.566675,4.467660,0.000000,1
274.000000,,,,,,,,,,,,,,28.141913,-82.321338,-11.179025,0.603181,4.467660,0.000000,1
274.100000,,,,,,,,,,,,,,28.141914,-82.321338,-11.236983,0.643635,4.742483,0.000000,1
274.200000,,,,,,,,,,,,,,28.141914,-82.321339,-11.315283,0.687271,5.238841,0.000000,1
274.300000,,,,,,,,,,,,,,28.141915,-82.321339,-11.393582,0.730907,5.735200,0.000000,1
274.400000,,,,,,,,,,,,,,28.141915,-82.321339,-11.471882,0.774544,6.231558,0.000000,1
274.500000,,,,,,,,,,,,,,28.141916,-82.321340,-11.550182,0.818180,6.727916,0.000000,1
274.600000,,,,,,,,,,,,,,28.141916,-82.321340,-11.628481,0.861817,7.224274,0.000000,1
274.700000,,,,,,,,,,,,,,28.141916,-82.321340,-11.706781,0.905453,7.720632,0.000000,1
274.800000,,,,,,,,,,,,,,28.141917,-82.321340,-11.785081,0.949089,8.216990,0.000000,1
274.900000,,,,,,,,,,,,,,28.141917,-82.321341,-11.863380,0.992726,8.713349,0.000000,1
275.000000,,,,,,,,,,,,,,28.141918,-82.321341,-11.941680,1.036362,9.209707,0.000000,1
275.100000,,,,,,,,,,,,,,28.141918,-82.321341,-11.987553,1.041667,9.479398,0.000000,1
275.200000,,,,,,,,,,,,,,28.141919,-82.321341,-11.994845,1.001364,9.479398,0.000000,1
275.300000,,,,,,,,,,,,,,28.141919,-82.321341,-12.002138,0.961061,9.479398,0.000000,1
275.400000,,,,,,,,,,,,,,28.141920,-82.321341,-12.009430,0.920758,9.479398,0.000000,1
275.500000,,,,,,,,,,,,,,28.141921,-82.321341,-12.016722,0.880454,9.479398,0.000000,1
275.600000,,,,,,,,,,,,,,28.141921,-82.321341,-12.024014,0.840151,9.479398,0.000000,1
275.700000,,,,,,,,,,,,,,28.141922,-82.321341,-12.031306,0.799848,9.479398,0.000000,1
275.800000,,,,,,,,,,,,,,28.141922,-82.321341,-12.038598,0.759545,9.479398,0.000000,1
275.900000,,,,,,,,,,,,,,28.141923,-82.321341,-12.045890,0.719242,9.479398,0.000000,1
276.000000,,,,,,,,,,,,,,28.141924,-82.321341,-12.053182,0.678939,9.479398,0.000000,1
276.100000,,,,,,,,,,,,,,28.141924,-82.321341,-12.069203,0.630019,9.479398,0.000000,1
276.200000,,,,,,,,,,,,,,28.141925,-82.321341,-12.091672,0.574734,9.479398,0.000000,1
276.300000,,,,,,,,,,,,,,28.141925,-82.321341,-12.114140,0.519449,9.479398,0.000000,1
276.400000,,,,,,,,,,,,,,28.141926,-82.321341,-12.136609,0.464164,9.479398,0.000000,1
276.500000,,,,,,,,,,,,,,28.141926,-82.321341,-12.159077,0.408879,9.479398,0.000000,1
276.600000,,,,,,,,,,,,,,28.141927,-82.321341,-12.181545,0.353594,9.479398,0.000000,1
276.700000,,,,,,,,,,,,,,28.141927,-82.321342,-12.204014,0.298309,9.479398,0.000000,1
276.800000,,,,,,,,,,,,,,28.141928,-82.321342,-12.226482,0.243025,9.479398,0.000000,1
276.900000,,,,,,,,,,,,,,28.141929,-82.321342,-12.248951,0.187740,9.479398,0.000000,1
277.000000,,,,,,,,,,,,,,28.141929,-82.321342,-12.271419,0.132455,9.479398,0.000000,1
277.100000,,,,,,,,,,,,,,28.141929,-82.321342,-12.293365,0.108018,9.479398,0.000000,1
277.200000,,,,,,,,,,,,,,28.141929,-82.321342,-12.314898,0.108071,9.479398,0.000000,1
277.300000,,,,,,,,,,,,,,28.141929,-82.321342,-12.336430,0.108124,9.479398,0.000000,1
277.400000,,,,,,,,,,,,,,28.141929,-82.321342,-12.357962,0.108177,9.479398,0.000000,1
277.500000,,,,,,,,,,,,,,28.141929,-82.321342,-12.379494,0.108230,9.479398,0.000000,1
277.600000,,,,,,,,,,,,,,28.141928,-82.321342,-12.401026,0.108284,9.479398,0.000000,1
277.700000,,,,,,,,,,,,,,28.141928,-82.321342,-12.422558,0.108337,9.479398,0.000000,1
277.800000,,,,,,,,,,,,,,28.141928,-82.321342,-12.444090,0.108390,9.479398,0.000000,1
277.900000,,,,,,,,,,,,,,28.141928,-82.321342,-12.465622,0.108443,9.479398,0.000000,1
278.000000,,,,,,,,,,,,,,28.141928,-82.321342,-12.487154,0.108496,9.479398,0.000000,1
278.100000,,,,,,,,,,,,,,28.141928,-82.321342,-12.544279,0.108767,9.479398,0.000000,1
278.200000,,,,,,,,,,,,,,28.141929,-82.321343,-12.629376,0.109208,9.479398,0.000000,1
278.300000,,,,,,,,,,,,,,28.141930,-82.321343,-12.714473,0.109650,9.479398,0.000000,1
278.400000,,,,,,,,,,,,,,28.141931,-82.321344,-12.799569,0.110092,9.479398,0.000000,1
278.500000,,,,,,,,,,,,,,28.141931,-82.321344,-12.884666,0.110533,9.479398,0.000000,1
278.600000,,,,,,,,,,,,,,28.141932,-82.321345,-12.969763,0.110975,9.479398,0.000000,1
278.700000,,,,,,,,,,,,,,28.141933,-82.321346,-13.054860,0.111416,9.479398,0.000000,1
278.800000,,,,,,,,,,,,,,28.141934,-82.321346,-13.139957,0.111858,9.479398,0.000000,1
278.900000,,,,,,,,,,,,,,28.141935,-82.321347,-13.225054,0.112300,9.479398,0.000000,1
279.000000,,,,,,,,,,,,,,28.141935,-82.321347,-13.310151,0.112741,9.479398,0.000000,1
279.100000,,,,,,,,,,,,,,28.141935,-82.321347,-13.312574,0.120946,9.479398,0.000000,1
279.200000,,,,,,,,,,,,,,28.141935,-82.321347,-13.311003,0.129525,9.479398,0.000000,1
279.300000,,,,,,,,,,,,,,28.141934,-82.321347,-13.309432,0.138105,9.479398,0.000000,1
279.400000,,,,,,,,,,,,,,28.141934,-82.321347,-13.307861,0.146684,9.479398,0.000000,1
279.500000,,,,,,,,,,,,,,28.141934,-82.321347,-13.306290,0.155264,9.479398,0.000000,1
279.600000,,,,,,,,,,,,,,28.141933,-82.321347,-13.304719,0.163843,9.479398,0.000000,1
279.700000,,,,,,,,,,,,,,28.141933,-82.321347,-13.303148,0.172422,9.479398,0.000000,1
279.800000,,,,,,,,,,,,,,28.141932,-82.321347,-13.301577,0.181002,9.479398,0.000000,1
279.900000,,,,,,,,,,,,,,28.141932,-82.321347,-13.300006,0.189581,9.479398,0.000000,1
280.000000,,,,,,,,,,,,,,28.141932,-82.321347,-13.297424,0.262441,9.590774,0.000000,1
280.100000,,,,,,,,,,,,,,28.141933,-82.321347,-13.293688,0.408636,9.829218,0.000000,1
280.200000,,,,,,,,,,,,,,28.141934,-82.321346,-13.289952,0.554831,10.067661,0.000000,1
280.300000,,,,,,,,,,,,,,28.141935,-82.321346,-13.286216,0.701026,10.306105,0.000000,1
280.400000,,,,,,,,,,,,,,28.141936,-82.321346,-13.282481,0.847221,10.544549,0.000000,1
280.500000,,,,,,,,,,,,,,28.141937,-82.321346,-13.278745,0.993416,10.782992,0.000000,1
280.600000,,,,,,,,,,,,,,28.141938,-82.321346,-13.275009,1.139611,11.021436,0.000000,1
280.700000,,,,,,,,,,,,,,28.141939,-82.321346,-13.271273,1.285806,11.259879,0.000000,1
280.800000,,,,,,,,,,,,,,28.141940,-82.321345,-13.267537,1.432002,11.498323,0.000000,1
280.900000,,,,,,,,,,,,,,28.141940,-82.321345,-13.263802,1.578197,11.736767,0.000000,1
281.000000,,,,,,,,,,,,,,28.141941,-82.321345,-13.260066,1.724392,11.975210,0.000000,1
281.100000,,,,,,,,,,,,,,28.141943,-82.321345,-13.287470,1.850189,12.559111,0.000000,1
281.200000,,,,,,,,,,,,,,28.141946,-82.321344,-13.341838,1.958325,13.442141,0.000000,1
281.300000,,,,,,,,,,,,,,28.141948,-82.321343,-13.396205,2.066460,14.325171,0.000000,1
281.400000,,,,,,,,,,,,,,28.141951,-82.321342,-13.450573,2.174596,15.208201,0.000000,1
281.500000,,,,,,,,,,,,,,28.141953,-82.321342,-13.504941,2.282732,16.091230,0.000000,1
281.600000,,,,,,,,,,,,,,28.141956,-82.321341,-13.559309,2.390867,16.974260,0.000000,1
281.700000,,,,,,,,,,,,,,28.141958,-82.321340,-13.613676,2.499003,17.857290,0.000000,1
281.800000,,,,,,,,,,,,,,28.141961,-82.321339,-13.668044,2.607138,18.740320,0.000000,1
281.900000,,,,,,,,,,,,,,28.141963,-82.321339,-13.722412,2.715274,19.623349,0.000000,1
282.000000,,,,,,,,,,,,,,28.141966,-82.321338,-13.776780,2.823409,20.506379,0.000000,1
282.100000,,,,,,,,,,,,,,28.141968,-82.321337,-13.799417,2.943276,22.075905,0.000000,1
282.200000,,,,,,,,,,,,,,28.141971,-82.321334,-13.778737,3.079159,24.582639,0.000000,1
282.300000,,,,,,,,,,,,,,28.141973,-82.321332,-13.758057,3.215042,27.089374,0.000000,1
282.400000,,,,,,,,,,,,,,28.141976,-82.321329,-13.737377,3.350924,29.596109,0.000000,1
282.500000,,,,,,,,,,,,,,28.141979,-82.321327,-13.716697,3.486807,32.102843,0.000000,1
282.600000,,,,,,,,,,,,,,28.141981,-82.321324,-13.696016,3.622690,34.609578,0.000000,1
282.700000,,,,,,,,,,,,,,28.141984,-82.321322,-13.675336,3.758573,37.116313,0.000000,1
282.800000,,,,,,,,,,,,,,28.141986,-82.321319,-13.654656,3.894455,39.623047,0.000000,1
282.900000,,,,,,,,,,,,,,28.141989,-82.321317,-13.633976,4.030338,42.129782,0.000000,1
283.000000,,,,,,,,,,,,,,28.141992,-82.321315,-13.613296,4.166221,44.636517,0.000000,1
283.100000,,,,,,,,,,,,,,28.141994,-82.321311,-13.659526,4.274029,47.343273,0.000000,1
283.200000,,,,,,,,,,,,,,28.141996,-82.321307,-13.762597,4.357988,50.219951,0.000000,1
283.300000,,,,,,,,,,,,,,28.141998,-82.321303,-13.865668,4.441947,53.096630,0.000000,1
283.400000,,,,,,,,,,,,,,28.142000,-82.321299,-13.968739,4.525906,55.973308,0.000000,1
283.500000,,,,,,,,,,,,,,28.142002,-82.321295,-14.071810,4.609864,58.849986,0.000000,1
283.600000,,,,,,,,,,,,,,28.142005,-82.321291,-14.174881,4.693823,61.726665,0.000000,1
283.700000,,,,,,,,,,,,,,28.142007,-82.321287,-14.277952,4.777782,64.603343,0.000000,1
283.800000,,,,,,,,,,,,,,28.142009,-82.321283,-14.381023,4.861741,67.480021,0.000000,1
283.900000,,,,,,,,,,,,,,28.142011,-82.321278,-14.484094,4.945699,70.356700,0.000000,1
284.000000,,,,,,,,,,,,,,28.142013,-82.321274,-14.587165,5.029658,73.233378,0.000000,1
284.100000,,,,,,,,,,,,,,28.142014,-82.321270,-14.658263,5.169374,75.515510,0.000000,1
284.200000,,,,,,,,,,,,,,28.142014,-82.321264,-14.704072,5.353192,77.327384,0.000000,1
284.300000,,,,,,,,,,,,,,28.142015,-82.321259,-14.749881,5.537010,79.139257,0.000000,1
284.400000,,,,,,,,,,,,,,28.142015,-82.321253,-14.795690,5.720827,80.951131,0.000000,1
284.500000,,,,,,,,,,,,,,28.142015,-82.321248,-14.841498,5.904645,82.763004,0.000000,1
284.600000,,,,,,,,,,,,,,28.142015,-82.321243,-14.887307,6.088462,84.574877,0.000000,1
284.700000,,,,,,,,,,,,,,28.142016,-82.321237,-14.933116,6.272280,86.386751,0.000000,1
284.800000,,,,,,,,,,,,,,28.142016,-82.321232,-14.978924,6.456098,88.198624,0.000000,1
284.900000,,,,,,,,,,,,,,28.142016,-82.321227,-15.024733,6.639915,90.010498,0.000000,1
285.000000,,,,,,,,,,,,,,28.142016,-82.321221,-15.070542,6.823733,91.822371,0.000000,1
285.100000,,,,,,,,,,,,,,28.142017,-82.321214,-15.083573,6.993538,92.621660,0.000000,1
285.200000,,,,,,,,,,,,,,28.142017,-82.321205,-15.068089,7.151151,92.539984,0.000000,1
285.300000,,,,,,,,,,,,,,28.142016,-82.321197,-15.052604,7.308764,92.458307,0.000000,1
285.400000,,,,,,,,,,,,,,28.142016,-82.321188,-15.037119,7.466378,92.376631,0.000000,1
285.500000,,,,,,,,,,,,,,28.142016,-82.321179,-15.021634,7.623991,92.294955,0.000000,1
285.600000,,,,,,,,,,,,,,28.142016,-82.321170,-15.006149,7.781604,92.213279,0.000000,1
285.700000,,,,,,,,,,,,,,28.142016,-82.321161,-14.990664,7.939218,92.131602,0.000000,1
285.800000,,,,,,,,,,,,,,28.142016,-82.321153,-14.975179,8.096831,92.049926,0.000000,1
285.900000,,,,,,,,,,,,,,28.142016,-82.321144,-14.959695,8.254444,91.968250,0.000000,1
286.000000,,,,,,,,,,,,,,28.142016,-82.321135,-14.944210,8.412058,91.886574,0.000000,1
286.100000,,,,,,,,,,,,,,28.142016,-82.321125,-14.983566,8.607185,91.763919,0.000000,1
286.200000,,,,,,,,,,,,,,28.142015,-82.321115,-15.075736,8.838440,91.601800,0.000000,1
286.300000,,,,,,,,,,,,,,28.142015,-82.321104,-15.167906,9.069694,91.439682,0.000000,1
286.400000,,,,,,,,,,,,,,28.142014,-82.321093,-15.260076,9.300949,91.277563,0.000000,1
286.500000,,,,,,,,,,,,,,28.142014,-82.321082,-15.352247,9.532204,91.115444,0.000000,1
286.600000,,,,,,,,,,,,,,28.142013,-82.321072,-15.444417,9.763458,90.953326,0.000000,1
286.700000,,,,,,,,,,,,,,28.142013,-82.321061,-15.536587,9.994713,90.791207,0.000000,1
286.800000,,,,,,,,,,,,,,28.142012,-82.321050,-15.628757,10.225968,90.629088,0.000000,1
286.900000,,,,,,,,,,,,,,28.142012,-82.321040,-15.720927,10.457222,90.466970,0.000000,1
287.000000,,,,,,,,,,,,,,28.142011,-82.321029,-15.813097,10.688477,90.304851,0.000000,1
287.100000,,,,,,,,,,,,,,28.142010,-82.321017,-15.845239,10.905668,90.190809,0.000000,1
287.200000,,,,,,,,,,,,,,28.142010,-82.321005,-15.828385,11.111379,90.116007,0.000000,1
287.300000,,,,,,,,,,,,,,28.142009,-82.320992,-15.811531,11.317091,90.041206,0.000000,1
287.400000,,,,,,,,,,,,,,28.142008,-82.320980,-15.794678,11.522802,89.966404,0.000000,1
287.500000,,,,,,,,,,,,,,28.142008,-82.320968,-15.777824,11.728514,89.891602,0.000000,1
287.600000,,,,,,,,,,,,,,28.142007,-82.320955,-15.760970,11.934225,89.816800,0.000000,1
287.700000,,,,,,,,,,,,,,28.142006,-82.320943,-15.744116,12.139937,89.741999,0.000000,1
287.800000,,,,,,,,,,,,,,28.142005,-82.320930,-15.727262,12.345648,89.667197,0.000000,1
287.900000,,,,,,,,,,,,,,28.142005,-82.320918,-15.710408,12.551360,89.592395,0.000000,1
288.000000,,,,,,,,,,,,,,28.142004,-82.320906,-15.693554,12.757071,89.517594,0.000000,1
288.100000,,,,,,,,,,,,,,28.142004,-82.320892,-15.666478,12.960332,89.496444,0.000000,1
288.200000,,,,,,,,,,,,,,28.142003,-82.320877,-15.630677,13.161500,89.521093,0.000000,1
288.300000,,,,,,,,,,,,,,28.142003,-82.320862,-15.594876,13.362668,89.545742,0.000000,1
288.400000,,,,,,,,,,,,,,28.142003,-82.320847,-15.559074,13.563836,89.570391,0.000000,1
288.500000,,,,,,,,,,,,,,28.142003,-82.320832,-15.523273,13.765004,89.595040,0.000000,1
288.600000,,,,,,,,,,,,,,28.142003,-82.320817,-15.487472,13.966172,89.619689,0.000000,1
288.700000,,,,,,,,,,,,,,28.142003,-82.320802,-15.451670,14.167340,89.644338,0.000000,1
288.800000,,,,,,,,,,,,,,28.142003,-82.320787,-15.415869,14.368508,89.668986,0.000000,1
288.900000,,,,,,,,,,,,,,28.142003,-82.320772,-15.380068,14.569677,89.693635,0.000000,1
289.000000,,,,,,,,,,,,,,28.142003,-82.320757,-15.344266,14.770845,89.718284,0.000000,1
289.100000,,,,,,,,,,,,,,28.142003,-82.320742,-15.327670,14.944507,89.769373,0.000000,1
289.200000,,,,,,,,,,,,,,28.142002,-82.320726,-15.325707,15.097215,89.840606,0.000000,1
289.300000,,,,,,,,,,,,,,28.142002,-82.320710,-15.323743,15.249922,89.911838,0.000000,1
289.400000,,,,,,,,,,,,,,28.142001,-82.320694,-15.321779,15.402629,89.983071,0.000000,1
289.500000,,,,,,,,,,,,,,28.142000,-82.320678,-15.319815,15.555337,90.054304,0.000000,1
289.600000,,,,,,,,,,,,,,28.142000,-82.320662,-15.317851,15.708044,90.125537,0.000000,1
289.700000,,,,,,,,,,,,,,28.141999,-82.320646,-15.315888,15.860751,90.196769,0.000000,1
289.800000,,,,,,,,,,,,,,28.141999,-82.320630,-15.313924,16.013459,90.268002,0.000000,1
289.900000,,,,,,,,,,,,,,28.141998,-82.320614,-15.311960,16.166166,90.339235,0.000000,1
290.000000,,,,,,,,,,,,,,28.141998,-82.320598,-15.309996,16.318873,90.410467,0.000000,1
290.100000,,,,,,,,,,,,,,28.141997,-82.320581,-15.331180,16.464294,90.408261,0.000000,1
290.200000,,,,,,,,,,,,,,28.141997,-82.320564,-15.368957,16.604491,90.353415,0.000000,1
290.300000,,,,,,,,,,,,,,28.141997,-82.320547,-15.406733,16.744688,90.298569,0.000000,1
290.400000,,,,,,,,,,,,,,28.141996,-82.320530,-15.444509,16.884886,90.243722,0.000000,1
290.500000,,,,,,,,,,,,,,28.141996,-82.320513,-15.482285,17.025083,90.188876,0.000000,1
290.600000,,,,,,,,,,,,,,28.141996,-82.320496,-15.520062,17.165280,90.134029,0.000000,1
290.700000,,,,,,,,,,,,,,28.141995,-82.320479,-15.557838,17.305478,90.079183,0.000000,1
290.800000,,,,,,,,,,,,,,28.141995,-82.320462,-15.595614,17.445675,90.024336,0.000000,1
290.900000,,,,,,,,,,,,,,28.141995,-82.320445,-15.633391,17.585872,89.969490,0.000000,1
291.000000,,,,,,,,,,,,,,28.141994,-82.320427,-15.671167,17.726070,89.914644,0.000000,1
291.100000,,,,,,,,,,,,,,28.141994,-82.320408,-15.695280,17.869151,89.896093,0.000000,1
291.200000,,,,,,,,,,,,,,28.141993,-82.320387,-15.708220,18.014590,89.907226,0.000000,1
291.300000,,,,,,,,,,,,,,28.141993,-82.320367,-15.721159,18.160030,89.918360,0.000000,1
291.400000,,,,,,,,,,,,,,28.141992,-82.320346,-15.734099,18.305469,89.929493,0.000000,1
291.500000,,,,,,,,,,,,,,28.141992,-82.320325,-15.747039,18.450909,89.940626,0.000000,1
291.600000,,,,,,,,,,,,,,28.141991,-82.320304,-15.759978,18.596348,89.951759,0.000000,1
291.700000,,,,,,,,,,,,,,28.141990,-82.320283,-15.772918,18.741788,89.962892,0.000000,1
291.800000,,,,,,,,,,,,,,28.141990,-82.320263,-15.785857,18.887227,89.974025,0.000000,1
291.900000,,,,,,,,,,,,,,28.141989,-82.320242,-15.798797,19.032667,89.985158,0.000000,1
292.000000,,,,,,,,,,,,,,28.141989,-82.320221,-15.829376,19.127110,89.967677,0.000000,1
292.100000,,,,,,,,,,,,,,28.141988,-82.320200,-15.879251,19.165765,89.918891,0.000000,1
292.200000,,,,,,,,,,,,,,28.141988,-82.320180,-15.929127,19.204420,89.870106,0.000000,1
292.300000,,,,,,,,,,,,,,28.141987,-82.320159,-15.979002,19.243075,89.821321,0.000000,1
292.400000,,,,,,,,,,,,,,28.141986,-82.320138,-16.028878,19.281730,89.772536,0.000000,1
292.500000,,,,,,,,,,,,,,28.141986,-82.320118,-16.078754,19.320385,89.723751,0.000000,1
292.600000,,,,,,,,,,,,,,28.141985,-82.320097,-16.128629,19.359040,89.674966,0.000000,1
292.700000,,,,,,,,,,,,,,28.141985,-82.320077,-16.178505,19.397695,89.626181,0.000000,1
292.800000,,,,,,,,,,,,,,28.141984,-82.320056,-16.228380,19.436349,89.577395,0.000000,1
292.900000,,,,,,,,,,,,,,28.141984,-82.320035,-16.278256,19.475004,89.528610,0.000000,1
293.000000,,,,,,,,,,,,,,28.141983,-82.320015,-16.315529,19.500736,89.472253,0.000000,1
293.100000,,,,,,,,,,,,,,28.141983,-82.319995,-16.338705,19.512013,89.407427,0.000000,1
293.200000,,,,,,,,,,,,,,28.141983,-82.319975,-16.361882,19.523290,89.342601,0.000000,1
293.300000,,,,,,,,,,,,,,28.141983,-82.319955,-16.385059,19.534568,89.277775,0.000000,1
293.400000,,,,,,,,,,,,,,28.141983,-82.319935,-16.408236,19.545845,89.212948,0.000000,1
293.500000,,,,,,,,,,,,,,28.141983,-82.319915,-16.431412,19.557122,89.148122,0.000000,1
293.600000,,,,,,,,,,,,,,28.141983,-82.319895,-16.454589,19.568399,89.083296,0.000000,1
293.700000,,,,,,,,,,,,,,28.141982,-82.319875,-16.477766,19.579676,89.018470,0.000000,1
293.800000,,,,,,,,,,,,,,28.141982,-82.319856,-16.500943,19.590953,88.953644,0.000000,1
293.900000,,,,,,,,,,,,,,28.141982,-82.319836,-16.524120,19.602231,88.888818,0.000000,1
294.000000,,,,,,,,,,,,,,28.141983,-82.319816,-16.498158,19.620888,88.777012,0.000000,1
294.100000,,,,,,,,,,,,,,28.141983,-82.319795,-16.421967,19.647089,88.617184,0.000000,1
294.200000,,,,,,,,,,,,,,28.141984,-82.319775,-16.345776,19.673291,88.457356,0.000000,1
294.300000,,,,,,,,,,,,,,28.141985,-82.319755,-16.269584,19.699492,88.297528,0.000000,1
294.400000,,,,,,,,,,,,,,28.141985,-82.319734,-16.193393,19.725694,88.137700,0.000000,1
294.500000,,,,,,,,,,,,,,28.141986,-82.319714,-16.117202,19.751895,87.977872,0.000000,1
294.600000,,,,,,,,,,,,,,28.141986,-82.319694,-16.041011,19.778096,87.818045,0.000000,1
294.700000,,,,,,,,,,,,,,28.141987,-82.319674,-15.964820,19.804298,87.658217,0.000000,1
294.800000,,,,,,,,,,,,,,28.141988,-82.319653,-15.888629,19.830499,87.498389,0.000000,1
294.900000,,,,,,,,,,,,,,28.141988,-82.319633,-15.812438,19.856700,87.338561,0.000000,1
295.000000,,,,,,,,,,,,,,28.141989,-82.319613,-15.788617,19.890693,87.187139,0.000000,1
295.100000,,,,,,,,,,,,,,28.141990,-82.319594,-15.815527,19.932234,87.043859,0.000000,1
295.200000,,,,,,,,,,,,,,28.141991,-82.319575,-15.842437,19.973774,86.900580,0.000000,1
295.300000,,,,,,,,,,,,,,28.141992,-82.319556,-15.869347,20.015315,86.757300,0.000000,1
295.400000,,,,,,,,,,,,,,28.141993,-82.319537,-15.896256,20.056855,86.614021,0.000000,1
295.500000,,,,,,,,,,,,,,28.141993,-82.319517,-15.923166,20.098396,86.470741,0.000000,1
295.600000,,,,,,,,,,,,,,28.141994,-82.319498,-15.950076,20.139936,86.327462,0.000000,1
295.700000,,,,,,,,,,,,,,28.141995,-82.319479,-15.976986,20.181477,86.184182,0.000000,1
295.800000,,,,,,,,,,,,,,28.141996,-82.319460,-16.003896,20.223017,86.040903,0.000000,1
295.900000,,,,,,,,,,,,,,28.141997,-82.319441,-16.030806,20.264558,85.897623,0.000000,1
296.000000,,,,,,,,,,,,,,28.141998,-82.319422,-16.039696,20.304884,85.769532,0.000000,1
296.100000,,,,,,,,,,,,,,28.142000,-82.319402,-16.017064,20.343088,85.668009,0.000000,1
296.200000,,,,,,,,,,,,,,28.142001,-82.319383,-15.994431,20.381291,85.566486,0.000000,1
296.300000,,,,,,,,,,,,,,28.142003,-82.319364,-15.971799,20.419495,85.464963,0.000000,1
296.400000,,,,,,,,,,,,,,28.142004,-82.319345,-15.949167,20.457698,85.363440,0.000000,1
296.500000,,,,,,,,,,,,,,28.142006,-82.319326,-15.926534,20.495902,85.261918,0.000000,1
296.600000,,,,,,,,,,,,,,28.142008,-82.319307,-15.903902,20.534106,85.160395,0.000000,1
296.700000,,,,,,,,,,,,,,28.142009,-82.319288,-15.881269,20.572309,85.058872,0.000000,1
296.800000,,,,,,,,,,,,,,28.142011,-82.319269,-15.858637,20.610513,84.957349,0.000000,1
296.900000,,,,,,,,,,,,,,28.142012,-82.319250,-15.836005,20.648716,84.855826,0.000000,1
297.000000,,,,,,,,,,,,,,28.142014,-82.319231,-15.813372,20.686920,84.754303,0.000000,1
297.100000,,,,,,,,,,,,,,28.142016,-82.319211,-15.809369,20.729537,84.639380,0.000000,1
297.200000,,,,,,,,,,,,,,28.142018,-82.319190,-15.820517,20.775743,84.513558,0.000000,1
297.300000,,,,,,,,,,,,,,28.142019,-82.319169,-15.831664,20.821950,84.387737,0.000000,1
297.400000,,,,,,,,,,,,,,28.142021,-82.319147,-15.842811,20.868157,84.261915,0.000000,1
297.500000,,,,,,,,,,,,,,28.142023,-82.319126,-15.853958,20.914363,84.136094,0.000000,1
297.600000,,,,,,,,,,,,,,28.142025,-82.319105,-15.865106,20.960570,84.010272,0.000000,1
297.700000,,,,,,,,,,,,,,28.142027,-82.319084,-15.876253,21.006776,83.884451,0.000000,1
297.800000,,,,,,,,,,,,,,28.142029,-82.319062,-15.887400,21.052983,83.758630,0.000000,1
297.900000,,,,,,,,,,,,,,28.142031,-82.319041,-15.898547,21.099189,83.632808,0.000000,1
298.000000,,,,,,,,,,,,,,28.142032,-82.319020,-15.909694,21.145396,83.506987,0.000000,1
298.100000,,,,,,,,,,,,,,28.142034,-82.318997,-15.899694,21.157716,83.379613,0.000000,1
298.200000,,,,,,,,,,,,,,28.142037,-82.318973,-15.871677,21.141167,83.250917,0.000000,1
298.300000,,,,,,,,,,,,,,28.142039,-82.318948,-15.843659,21.124617,83.122221,0.000000,1
298.400000,,,,,,,,,,,,,,28.142041,-82.318924,-15.815641,21.108068,82.993525,0.000000,1
298.500000,,,,,,,,,,,,,,28.142043,-82.318900,-15.787624,21.091518,82.864829,0.000000,1
298.600000,,,,,,,,,,,,,,28.142046,-82.318876,-15.759606,21.074969,82.736133,0.000000,1
298.700000,,,,,,,,,,,,,,28.142048,-82.318851,-15.731589,21.058419,82.607437,0.000000,1
298.800000,,,,,,,,,,,,,,28.142050,-82.318827,-15.703571,21.041870,82.478740,0.000000,1
298.900000,,,,,,,,,,,,,,28.142052,-82.318803,-15.675554,21.025320,82.350044,0.000000,1
299.000000,,,,,,,,,,,,,,28.142055,-82.318780,-15.647654,20.996894,82.225134,0.000000,1
299.100000,,,,,,,,,,,,,,28.142058,-82.318760,-15.619873,20.956444,82.104055,0.000000,1
299.200000,,,,,,,,,,,,,,28.142061,-82.318739,-15.592092,20.915995,81.982976,0.000000,1
299.300000,,,,,,,,,,,,,,28.142064,-82.318718,-15.564312,20.875545,81.861897,0.000000,1
299.400000,,,,,,,,,,,,,,28.142067,-82.318697,-15.536531,20.835095,81.740818,0.000000,1
299.500000,,,,,,,,,,,,,,28.142070,-82.318677,-15.508750,20.794646,81.619739,0.000000,1
299.600000,,,,,,,,,,,,,,28.142073,-82.318656,-15.480969,20.754196,81.498660,0.000000,1
299.700000,,,,,,,,,,,,,,28.142076,-82.318635,-15.453189,20.713747,81.377581,0.000000,1
299.800000,,,,,,,,,,,,,,28.142079,-82.318614,-15.425408,20.673297,81.256503,0.000000,1
299.900000,,,,,,,,,,,,,,28.142082,-82.318593,-15.397627,20.632847,81.135424,0.000000,1
300.000000,,,,,,,,,,,,,,28.142085,-82.318573,-15.363241,20.594430,81.007572,0.000000,1
300.100000,,,,,,,,,,,,,,28.142088,-82.318553,-15.322772,20.557885,80.873482,0.000000,1
300.200000,,,,,,,,,,,,,,28.142092,-82.318533,-15.282302,20.521340,80.739392,0.000000,1
300.300000,,,,,,,,,,,,,,28.142095,-82.318512,-15.241832,20.484795,80.605302,0.000000,1
300.400000,,,,,,,,,,,,,,28.142098,-82.318492,-15.201362,20.448250,80.471213,0.000000,1
300.500000,,,,,,,,,,,,,,28.142101,-82.318472,-15.160892,20.411705,80.337123,0.000000,1
300.600000,,,,,,,,,,,,,,28.142105,-82.318452,-15.120423,20.375160,80.203033,0.000000,1
300.700000,,,,,,,,,,,,,,28.142108,-82.318432,-15.079953,20.338615,80.068943,0.000000,1
300.800000,,,,,,,,,,,,,,28.142111,-82.318412,-15.039483,20.302070,79.934853,0.000000,1
300.900000,,,,,,,,,,,,,,28.142114,-82.318391,-14.999013,20.265525,79.800763,0.000000,1
301.000000,,,,,,,,,,,,,,28.142118,-82.318371,-14.964202,20.220014,79.665592,0.000000,1
301.100000,,,,,,,,,,,,,,28.142122,-82.318351,-14.939414,20.158624,79.528508,0.000000,1
301.200000,,,,,,,,,,,,,,28.142125,-82.318330,-14.914625,20.097233,79.391423,0.000000,1
301.300000,,,,,,,,,,,,,,28.142129,-82.318309,-14.889837,20.035842,79.254339,0.000000,1
301.400000,,,,,,,,,,,,,,28.142133,-82.318289,-14.865049,19.974451,79.117254,0.000000,1
301.500000,,,,,,,,,,,,,,28.142137,-82.318268,-14.840260,19.913060,78.980170,0.000000,1
301.600000,,,,,,,,,,,,,,28.142141,-82.318247,-14.815472,19.851669,78.843085,0.000000,1
301.700000,,,,,,,,,,,,,,28.142145,-82.318227,-14.790684,19.790278,78.706001,0.000000,1
301.800000,,,,,,,,,,,,,,28.142148,-82.318206,-14.765896,19.728888,78.568916,0.000000,1
301.900000,,,,,,,,,,,,,,28.142152,-82.318185,-14.741107,19.667497,78.431832,0.000000,1
302.000000,,,,,,,,,,,,,,28.142156,-82.318166,-14.717834,19.601476,78.335355,0.000000,1
302.100000,,,,,,,,,,,,,,28.142161,-82.318147,-14.695904,19.531353,78.274865,0.000000,1
302.200000,,,,,,,,,,,,,,28.142165,-82.318128,-14.673974,19.461229,78.214376,0.000000,1
302.300000,,,,,,,,,,,,,,28.142169,-82.318109,-14.652044,19.391106,78.153886,0.000000,1
302.400000,,,,,,,,,,,,,,28.142174,-82.318090,-14.630114,19.320983,78.093397,0.000000,1
302.500000,,,,,,,,,,,,,,28.142178,-82.318071,-14.608183,19.250859,78.032907,0.000000,1
302.600000,,,,,,,,,,,,,,28.142182,-82.318052,-14.586253,19.180736,77.972418,0.000000,1
302.700000,,,,,,,,,,,,,,28.142187,-82.318034,-14.564323,19.110612,77.911928,0.000000,1
302.800000,,,,,,,,,,,,,,28.142191,-82.318015,-14.542393,19.040489,77.851439,0.000000,1
302.900000,,,,,,,,,,,,,,28.142195,-82.317996,-14.520463,18.970365,77.790949,0.000000,1
303.000000,,,,,,,,,,,,,,28.142200,-82.317977,-14.580183,18.885784,77.704241,0.000000,1
303.100000,,,,,,,,,,,,,,28.142204,-82.317959,-14.725004,18.786132,77.590205,0.000000,1
303.200000,,,,,,,,,,,,,,28.142208,-82.317941,-14.869826,18.686481,77.476170,0.000000,1
303.300000,,,,,,,,,,,,,,28.142213,-82.317923,-15.014647,18.586830,77.362134,0.000000,1
303.400000,,,,,,,,,,,,,,28.142217,-82.317904,-15.159468,18.487178,77.248098,0.000000,1
303.500000,,,,,,,,,,,,,,28.142222,-82.317886,-15.304290,18.387527,77.134063,0.000000,1
303.600000,,,,,,,,,,,,,,28.142226,-82.317868,-15.449111,18.287876,77.020027,0.000000,1
303.700000,,,,,,,,,,,,,,28.142230,-82.317850,-15.593933,18.188224,76.905992,0.000000,1
303.800000,,,,,,,,,,,,,,28.142235,-82.317831,-15.738754,18.088573,76.791956,0.000000,1
303.900000,,,,,,,,,,,,,,28.142239,-82.317813,-15.883576,17.988922,76.677920,0.000000,1
304.000000,,,,,,,,,,,,,,28.142243,-82.317796,-15.954195,17.874162,76.568855,0.000000,1
304.100000,,,,,,,,,,,,,,28.142247,-82.317779,-15.958617,17.745923,76.464222,0.000000,1
304.200000,,,,,,,,,,,,,,28.142250,-82.317762,-15.963039,17.617684,76.359590,0.000000,1
304.300000,,,,,,,,,,,,,,28.142254,-82.317745,-15.967460,17.489445,76.254957,0.000000,1
304.400000,,,,,,,,,,,,,,28.142258,-82.317728,-15.971882,17.361206,76.150325,0.000000,1
304.500000,,,,,,,,,,,,,,28.142262,-82.317712,-15.976303,17.232967,76.045692,0.000000,1
304.600000,,,,,,,,,,,,,,28.142265,-82.317695,-15.980725,17.104728,75.941060,0.000000,1
304.700000,,,,,,,,,,,,,,28.142269,-82.317678,-15.985147,16.976489,75.836428,0.000000,1
304.800000,,,,,,,,,,,,,,28.142273,-82.317661,-15.989568,16.848250,75.731795,0.000000,1
304.900000,,,,,,,,,,,,,,28.142276,-82.317644,-15.993990,16.720011,75.627163,0.000000,1
305.000000,,,,,,,,,,,,,,28.142280,-82.317628,-16.008223,16.596077,75.536207,0.000000,1
305.100000,,,,,,,,,,,,,,28.142283,-82.317612,-16.033702,16.477077,75.460929,0.000000,1
305.200000,,,,,,,,,,,,,,28.142286,-82.317596,-16.059181,16.358078,75.385650,0.000000,1
305.300000,,,,,,,,,,,,,,28.142290,-82.317580,-16.084660,16.239078,75.310372,0.000000,1
305.400000,,,,,,,,,,,,,,28.142293,-82.317564,-16.110139,16.120079,75.235094,0.000000,1
305.500000,,,,,,,,,,,,,,28.142296,-82.317548,-16.135618,16.001079,75.159815,0.000000,1
305.600000,,,,,,,,,,,,,,28.142300,-82.317532,-16.161097,15.882080,75.084537,0.000000,1
305.700000,,,,,,,,,,,,,,28.142303,-82.317516,-16.186576,15.763080,75.009259,0.000000,1
305.800000,,,,,,,,,,,,,,28.142306,-82.317500,-16.212055,15.644081,74.933980,0.000000,1
305.900000,,,,,,,,,,,,,,28.142310,-82.317484,-16.237535,15.525081,74.858702,0.000000,1
306.000000,,,,,,,,,,,,,,28.142313,-82.317469,-16.251731,15.403002,74.770355,0.000000,1
306.100000,,,,,,,,,,,,,,28.142317,-82.317455,-16.254901,15.277914,74.669238,0.000000,1
306.200000,,,,,,,,,,,,,,28.142320,-82.317441,-16.258071,15.152826,74.568120,0.000000,1
306.300000,,,,,,,,,,,,,,28.142324,-82.317427,-16.261241,15.027738,74.467002,0.000000,1
306.400000,,,,,,,,,,,,,,28.142327,-82.317412,-16.264411,14.902650,74.365884,0.000000,1
306.500000,,,,,,,,,,,,,,28.142331,-82.317398,-16.267581,14.777562,74.264766,0.000000,1
306.600000,,,,,,,,,,,,,,28.142335,-82.317384,-16.270751,14.652473,74.163648,0.000000,1
306.700000,,,,,,,,,,,,,,28.142338,-82.317370,-16.273921,14.527385,74.062531,0.000000,1
306.800000,,,,,,,,,,,,,,28.142342,-82.317355,-16.277091,14.402297,73.961413,0.000000,1
306.900000,,,,,,,,,,,,,,28.142345,-82.317341,-16.280261,14.277209,73.860295,0.000000,1
307.000000,,,,,,,,,,,,,,28.142349,-82.317327,-16.277730,14.164149,73.772529,0.000000,1
307.100000,,,,,,,,,,,,,,28.142352,-82.317314,-16.267800,14.066697,73.702092,0.000000,1
307.200000,,,,,,,,,,,,,,28.142356,-82.317300,-16.257870,13.969246,73.631654,0.000000,1
307.300000,,,,,,,,,,,,,,28.142359,-82.317287,-16.247940,13.871795,73.561216,0.000000,1
307.400000,,,,,,,,,,,,,,28.142362,-82.317274,-16.238010,13.774343,73.490779,0.000000,1
307.500000,,,,,,,,,,,,,,28.142366,-82.317260,-16.228080,13.676892,73.420341,0.000000,1
307.600000,,,,,,,,,,,,,,28.142369,-82.317247,-16.218150,13.579441,73.349903,0.000000,1
307.700000,,,,,,,,,,,,,,28.142373,-82.317233,-16.208220,13.481990,73.279466,0.000000,1
307.800000,,,,,,,,,,,,,,28.142376,-82.317220,-16.198291,13.384538,73.209028,0.000000,1
307.900000,,,,,,,,,,,,,,28.142379,-82.317206,-16.188361,13.287087,73.138590,0.000000,1
308.000000,,,,,,,,,,,,,,28.142383,-82.317194,-16.194105,13.160881,73.013961,0.000000,1
308.100000,,,,,,,,,,,,,,28.142387,-82.317181,-16.215806,13.005405,72.834166,0.000000,1
308.200000,,,,,,,,,,,,,,28.142390,-82.317169,-16.237506,12.849928,72.654371,0.000000,1
308.300000,,,,,,,,,,,,,,28.142394,-82.317157,-16.259207,12.694451,72.474576,0.000000,1
308.400000,,,,,,,,,,,,,,28.142397,-82.317145,-16.280907,12.538975,72.294782,0.000000,1
308.500000,,,,,,,,,,,,,,28.142401,-82.317133,-16.302608,12.383498,72.114987,0.000000,1
308.600000,,,,,,,,,,,,,,28.142405,-82.317121,-16.324308,12.228021,71.935192,0.000000,1
308.700000,,,,,,,,,,,,,,28.142408,-82.317108,-16.346009,12.072545,71.755397,0.000000,1
308.800000,,,,,,,,,,,,,,28.142412,-82.317096,-16.367709,11.917068,71.575602,0.000000,1
308.900000,,,,,,,,,,,,,,28.142415,-82.317084,-16.389410,11.761591,71.395808,0.000000,1
309.000000,,,,,,,,,,,,,,28.142419,-82.317072,-16.367734,11.597422,71.279045,0.000000,1
309.100000,,,,,,,,,,,,,,28.142422,-82.317062,-16.303505,11.424726,71.224121,0.000000,1
309.200000,,,,,,,,,,,,,,28.142425,-82.317051,-16.239276,11.252029,71.169197,0.000000,1
309.300000,,,,,,,,,,,,,,28.142428,-82.317040,-16.175047,11.079333,71.114272,0.000000,1
309.400000,,,,,,,,,,,,,,28.142431,-82.317029,-16.110817,10.906636,71.059348,0.000000,1
309.500000,,,,,,,,,,,,,,28.142434,-82.317019,-16.046588,10.733940,71.004424,0.000000,1
309.600000,,,,,,,,,,,,,,28.142437,-82.317008,-15.982359,10.561243,70.949499,0.000000,1
309.700000,,,,,,,,,,,,,,28.142440,-82.316997,-15.918130,10.388547,70.894575,0.000000,1
309.800000,,,,,,,,,,,,,,28.142443,-82.316986,-15.853901,10.215850,70.839651,0.000000,1
309.900000,,,,,,,,,,,,,,28.142446,-82.316975,-15.789672,10.043154,70.784726,0.000000,1
310.000000,,,,,,,,,,,,,,28.142449,-82.316965,-15.747115,9.947053,70.741173,0.000000,1
310.100000,,,,,,,,,,,,,,28.142451,-82.316956,-15.724134,9.920141,70.707892,0.000000,1
310.200000,,,,,,,,,,,,,,28.142454,-82.316947,-15.701154,9.893230,70.674611,0.000000,1
310.300000,,,,,,,,,,,,,,28.142457,-82.316937,-15.678173,9.866318,70.641329,0.000000,1
310.400000,,,,,,,,,,,,,,28.142460,-82.316928,-15.655193,9.839406,70.608048,0.000000,1
310.500000,,,,,,,,,,,,,,28.142463,-82.316918,-15.632212,9.812495,70.574767,0.000000,1
310.600000,,,,,,,,,,,,,,28.142466,-82.316909,-15.609232,9.785583,70.541485,0.000000,1
310.700000,,,,,,,,,,,,,,28.142469,-82.316900,-15.586251,9.758672,70.508204,0.000000,1
310.800000,,,,,,,,,,,,,,28.142472,-82.316890,-15.563271,9.731760,70.474923,0.000000,1
310.900000,,,,,,,,,,,,,,28.142475,-82.316881,-15.540290,9.704848,70.441642,0.000000,1
311.000000,,,,,,,,,,,,,,28.142478,-82.316872,-15.520540,9.702913,70.359316,0.000000,1
311.100000,,,,,,,,,,,,,,28.142480,-82.316862,-15.504062,9.726270,70.227325,0.000000,1
311.200000,,,,,,,,,,,,,,28.142483,-82.316853,-15.487583,9.749628,70.095333,0.000000,1
311.300000,,,,,,,,,,,,,,28.142486,-82.316844,-15.471105,9.772985,69.963342,0.000000,1
311.400000,,,,,,,,,,,,,,28.142489,-82.316835,-15.454626,9.796342,69.831351,0.000000,1
311.500000,,,,,,,,,,,,,,28.142492,-82.316825,-15.438148,9.819700,69.699359,0.000000,1
311.600000,,,,,,,,,,,,,,28.142495,-82.316816,-15.421669,9.843057,69.567368,0.000000,1
311.700000,,,,,,,,,,,,,,28.142498,-82.316807,-15.405191,9.866414,69.435377,0.000000,1
311.800000,,,,,,,,,,,,,,28.142501,-82.316798,-15.388712,9.889771,69.303386,0.000000,1
311.900000,,,,,,,,,,,,,,28.142504,-82.316788,-15.372234,9.913129,69.171394,0.000000,1
312.000000,,,,,,,,,,,,,,28.142508,-82.316779,-15.370538,9.961211,68.972269,0.000000,1
312.100000,,,,,,,,,,,,,,28.142511,-82.316769,-15.382698,10.032468,68.710221,0.000000,1
312.200000,,,,,,,,,,,,,,28.142515,-82.316759,-15.394857,10.103725,68.448173,0.000000,1
312.300000,,,,,,,,,,,,,,28.142519,-82.316749,-15.407016,10.174982,68.186126,0.000000,1
312.400000,,,,,,,,,,,,,,28.142523,-82.316740,-15.419176,10.246239,67.924078,0.000000,1
312.500000,,,,,,,,,,,,,,28.142526,-82.316730,-15.431335,10.317496,67.662031,0.000000,1
312.600000,,,,,,,,,,,,,,28.142530,-82.316720,-15.443494,10.388753,67.399983,0.000000,1
312.700000,,,,,,,,,,,,,,28.142534,-82.316710,-15.455654,10.460010,67.137936,0.000000,1
312.800000,,,,,,,,,,,,,,28.142537,-82.316701,-15.467813,10.531267,66.875888,0.000000,1
312.900000,,,,,,,,,,,,,,28.142541,-82.316691,-15.479972,10.602524,66.613840,0.000000,1
313.000000,,,,,,,,,,,,,,28.142545,-82.316681,-15.495644,10.694090,66.422735,0.000000,1
313.100000,,,,,,,,,,,,,,28.142549,-82.316671,-15.514586,10.804561,66.297663,0.000000,1
313.200000,,,,,,,,,,,,,,28.142554,-82.316660,-15.533528,10.915032,66.172592,0.000000,1
313.300000,,,,,,,,,,,,,,28.142558,-82.316650,-15.552470,11.025503,66.047521,0.000000,1
313.400000,,,,,,,,,,,,,,28.142562,-82.316640,-15.571412,11.135974,65.922450,0.000000,1
313.500000,,,,,,,,,,,,,,28.142567,-82.316629,-15.590354,11.246445,65.797378,0.000000,1
313.600000,,,,,,,,,,,,,,28.142571,-82.316619,-15.609296,11.356916,65.672307,0.000000,1
313.700000,,,,,,,,,,,,,,28.142575,-82.316609,-15.628238,11.467387,65.547236,0.000000,1
313.800000,,,,,,,,,,,,,,28.142579,-82.316598,-15.647180,11.577858,65.422165,0.000000,1
313.900000,,,,,,,,,,,,,,28.142584,-82.316588,-15.666122,11.688329,65.297094,0.000000,1
314.000000,,,,,,,,,,,,,,28.142588,-82.316577,-15.686596,11.811879,65.265882,0.000000,1
314.100000,,,,,,,,,,,,,,28.142593,-82.316565,-15.709227,11.953850,65.366864,0.000000,1
314.200000,,,,,,,,,,,,,,28.142598,-82.316553,-15.731859,12.095820,65.467847,0.000000,1
314.300000,,,,,,,,,,,,,,28.142602,-82.316542,-15.754490,12.237790,65.568829,0.000000,1
314.400000,,,,,,,,,,,,,,28.142607,-82.316530,-15.777121,12.379761,65.669811,0.000000,1
314.500000,,,,,,,,,,,,,,28.142612,-82.316518,-15.799753,12.521731,65.770794,0.000000,1
314.600000,,,,,,,,,,,,,,28.142616,-82.316506,-15.822384,12.663701,65.871776,0.000000,1
314.700000,,,,,,,,,,,,,,28.142621,-82.316495,-15.845015,12.805672,65.972758,0.000000,1
314.800000,,,,,,,,,,,,,,28.142626,-82.316483,-15.867646,12.947642,66.073740,0.000000,1
314.900000,,,,,,,,,,,,,,28.142630,-82.316471,-15.890278,13.089612,66.174723,0.000000,1
315.000000,,,,,,,,,,,,,,28.142635,-82.316459,-15.919401,13.225656,66.257551,0.000000,1
315.100000,,,,,,,,,,,,,,28.142640,-82.316445,-15.955030,13.355759,66.322182,0.000000,1
315.200000,,,,,,,,,,,,,,28.142646,-82.316432,-15.990660,13.485863,66.386812,0.000000,1
315.300000,,,,,,,,,,,,,,28.142651,-82.316419,-16.026290,13.615966,66.451443,0.000000,1
315.400000,,,,,,,,,,,,,,28.142656,-82.316406,-16.061920,13.746069,66.516074,0.000000,1
315.500000,,,,,,,,,,,,,,28.142661,-82.316392,-16.097550,13.876173,66.580705,0.000000,1
315.600000,,,,,,,,,,,,,,28.142666,-82.316379,-16.133179,14.006276,66.645336,0.000000,1
315.700000,,,,,,,,,,,,,,28.142671,-82.316366,-16.168809,14.136379,66.709967,0.000000,1
315.800000,,,,,,,,,,,,,,28.142677,-82.316353,-16.204439,14.266483,66.774598,0.000000,1
315.900000,,,,,,,,,,,,,,28.142682,-82.316340,-16.240069,14.396586,66.839229,0.000000,1
316.000000,,,,,,,,,,,,,,28.142687,-82.316326,-16.256633,14.521733,66.859520,0.000000,1
316.100000,,,,,,,,,,,,,,28.142692,-82.316312,-16.254708,14.642073,66.836812,0.000000,1
316.200000,,,,,,,,,,,,,,28.142698,-82.316298,-16.252782,14.762413,66.814105,0.000000,1
316.300000,,,,,,,,,,,,,,28.142703,-82.316284,-16.250857,14.882754,66.791398,0.000000,1
316.400000,,,,,,,,,,,,,,28.142708,-82.316271,-16.248932,15.003094,66.768690,0.000000,1
316.500000,,,,,,,,,,,,,,28.142714,-82.316257,-16.247006,15.123434,66.745983,0.000000,1
316.600000,,,,,,,,,,,,,,28.142719,-82.316243,-16.245081,15.243774,66.723275,0.000000,1
316.700000,,,,,,,,,,,,,,28.142725,-82.316229,-16.243156,15.364115,66.700568,0.000000,1
316.800000,,,,,,,,,,,,,,28.142730,-82.316215,-16.241230,15.484455,66.677860,0.000000,1
316.900000,,,,,,,,,,,,,,28.142735,-82.316201,-16.239305,15.604795,66.655153,0.000000,1
317.000000,,,,,,,,,,,,,,28.142741,-82.316187,-16.236577,15.700608,66.589405,0.000000,1
317.100000,,,,,,,,,,,,,,28.142747,-82.316172,-16.233041,15.771694,66.480266,0.000000,1
317.200000,,,,,,,,,,,,,,28.142753,-82.316157,-16.229504,15.842779,66.371127,0.000000,1
317.300000,,,,,,,,,,,,,,28.142759,-82.316142,-16.225967,15.913865,66.261988,0.000000,1
317.400000,,,,,,,,,,,,,,28.142765,-82.316127,-16.222431,15.984951,66.152849,0.000000,1
317.500000,,,,,,,,,,,,,,28.142771,-82.316111,-16.218894,16.056037,66.043711,0.000000,1
317.600000,,,,,,,,,,,,,,28.142777,-82.316096,-16.215358,16.127123,65.934572,0.000000,1
317.700000,,,,,,,,,,,,,,28.142782,-82.316081,-16.211821,16.198209,65.825433,0.000000,1
317.800000,,,,,,,,,,,,,,28.142788,-82.316066,-16.208284,16.269294,65.716294,0.000000,1
317.900000,,,,,,,,,,,,,,28.142794,-82.316051,-16.204748,16.340380,65.607156,0.000000,1
318.000000,,,,,,,,,,,,,,28.142800,-82.316036,-16.202865,16.423741,65.485266,0.000000,1
318.100000,,,,,,,,,,,,,,28.142807,-82.316021,-16.202546,16.518697,65.351331,0.000000,1
318.200000,,,,,,,,,,,,,,28.142813,-82.316005,-16.202226,16.613653,65.217397,0.000000,1
318.300000,,,,,,,,,,,,,,28.142819,-82.315990,-16.201906,16.708610,65.083462,0.000000,1
318.400000,,,,,,,,,,,,,,28.142826,-82.315975,-16.201586,16.803566,64.949527,0.000000,1
318.500000,,,,,,,,,,,,,,28.142832,-82.315959,-16.201267,16.898522,64.815592,0.000000,1
318.600000,,,,,,,,,,,,,,28.142838,-82.315944,-16.200947,16.993479,64.681657,0.000000,1
318.700000,,,,,,,,,,,,,,28.142844,-82.315929,-16.200627,17.088435,64.547723,0.000000,1
318.800000,,,,,,,,,,,,,,28.142851,-82.315913,-16.200308,17.183392,64.413788,0.000000,1
318.900000,,,,,,,,,,,,,,28.142857,-82.315898,-16.199988,17.278348,64.279853,0.000000,1
319.000000,,,,,,,,,,,,,,28.142864,-82.315882,-16.216955,17.370376,64.149357,0.000000,1
319.100000,,,,,,,,,,,,,,28.142871,-82.315865,-16.262379,17.457586,64.024521,0.000000,1
319.200000,,,,,,,,,,,,,,28.142879,-82.315848,-16.307804,17.544795,63.899685,0.000000,1
319.300000,,,,,,,,,,,,,,28.142887,-82.315831,-16.353228,17.632004,63.774849,0.000000,1
319.400000,,,,,,,,,,,,,,28.142894,-82.315814,-16.398652,17.719213,63.650013,0.000000,1
319.500000,,,,,,,,,,,,,,28.142902,-82.315797,-16.444076,17.806422,63.525177,0.000000,1
319.600000,,,,,,,,,,,,,,28.142910,-82.315780,-16.489500,17.893631,63.400341,0.000000,1
319.700000,,,,,,,,,,,,,,28.142917,-82.315763,-16.534924,17.980840,63.275505,0.000000,1
319.800000,,,,,,,,,,,,,,28.142925,-82.315746,-16.580349,18.068049,63.150669,0.000000,1
319.900000,,,,,,,,,,,,,,28.142932,-82.315729,-16.625773,18.155258,63.025833,0.000000,1
320.000000,,,,,,,,,,,,,,28.142940,-82.315711,-16.602754,18.242351,62.928865,0.000000,1
320.100000,,,,,,,,,,,,,,28.142948,-82.315693,-16.508559,18.329322,62.860880,0.000000,1
320.200000,,,,,,,,,,,,,,28.142956,-82.315674,-16.414364,18.416293,62.792895,0.000000,1
320.300000,,,,,,,,,,,,,,28.142964,-82.315656,-16.320169,18.503265,62.724909,0.000000,1
320.400000,,,,,,,,,,,,,,28.142972,-82.315638,-16.225974,18.590236,62.656924,0.000000,1
320.500000,,,,,,,,,,,,,,28.142980,-82.315619,-16.131779,18.677207,62.588938,0.000000,1
320.600000,,,,,,,,,,,,,,28.142988,-82.315601,-16.037584,18.764179,62.520953,0.000000,1
320.700000,,,,,,,,,,,,,,28.142996,-82.315582,-15.943389,18.851150,62.452967,0.000000,1
320.800000,,,,,,,,,,,,,,28.143004,-82.315564,-15.849194,18.938122,62.384982,0.000000,1
320.900000,,,,,,,,,,,,,,28.143012,-82.315545,-15.754999,19.025093,62.316996,0.000000,1
321.000000,,,,,,,,,,,,,,28.143020,-82.315527,-15.664757,19.091972,62.240299,0.000000,1
321.100000,,,,,,,,,,,,,,28.143028,-82.315508,-15.578576,19.138212,62.154652,0.000000,1
321.200000,,,,,,,,,,,,,,28.143036,-82.315490,-15.492395,19.184453,62.069005,0.000000,1
321.300000,,,,,,,,,,,,,,28.143044,-82.315471,-15.406214,19.230693,61.983358,0.000000,1
321.400000,,,,,,,,,,,,,,28.143052,-82.315453,-15.320033,19.276933,61.897711,0.000000,1
321.500000,,,,,,,,,,,,,,28.143060,-82.315435,-15.233851,19.323173,61.812065,0.000000,1
321.600000,,,,,,,,,,,,,,28.143068,-82.315416,-15.147670,19.369413,61.726418,0.000000,1
321.700000,,,,,,,,,,,,,,28.143077,-82.315398,-15.061489,19.415654,61.640771,0.000000,1
321.800000,,,,,,,,,,,,,,28.143085,-82.315379,-14.975308,19.461894,61.555124,0.000000,1
321.900000,,,,,,,,,,,,,,28.143093,-82.315361,-14.889127,19.508134,61.469478,0.000000,1
322.000000,,,,,,,,,,,,,,28.143101,-82.315343,-14.855214,19.547819,61.351960,0.000000,1
322.100000,,,,,,,,,,,,,,28.143110,-82.315325,-14.874148,19.580875,61.202218,0.000000,1
322.200000,,,,,,,,,,,,,,28.143120,-82.315308,-14.893081,19.613932,61.052477,0.000000,1
322.300000,,,,,,,,,,,,,,28.143129,-82.315290,-14.912015,19.646988,60.902736,0.000000,1
322.400000,,,,,,,,,,,,,,28.143138,-82.315273,-14.930949,19.680045,60.752994,0.000000,1
322.500000,,,,,,,,,,,,,,28.143147,-82.315255,-14.949882,19.713102,60.603253,0.000000,1
322.600000,,,,,,,,,,,,,,28.143156,-82.315238,-14.968816,19.746158,60.453511,0.000000,1
322.700000,,,,,,,,,,,,,,28.143165,-82.315220,-14.987749,19.779215,60.303770,0.000000,1
322.800000,,,,,,,,,,,,,,28.143174,-82.315203,-15.006683,19.812271,60.154029,0.000000,1
322.900000,,,,,,,,,,,,,,28.143183,-82.315185,-15.025617,19.845328,60.004287,0.000000,1
323.000000,,,,,,,,,,,,,,28.143191,-82.315168,-15.025574,19.867569,59.874197,0.000000,1
323.100000,,,,,,,,,,,,,,28.143200,-82.315151,-15.007889,19.879755,59.762376,0.000000,1
323.200000,,,,,,,,,,,,,,28.143208,-82.315134,-14.990204,19.891941,59.650555,0.000000,1
323.300000,,,,,,,,,,,,,,28.143217,-82.315118,-14.972519,19.904127,59.538734,0.000000,1
323.400000,,,,,,,,,,,,,,28.143226,-82.315101,-14.954833,19.916313,59.426913,0.000000,1
323.500000,,,,,,,,,,,,,,28.143234,-82.315084,-14.937148,19.928499,59.315093,0.000000,1
323.600000,,,,,,,,,,,,,,28.143243,-82.315067,-14.919463,19.940685,59.203272,0.000000,1
323.700000,,,,,,,,,,,,,,28.143251,-82.315050,-14.901778,19.952871,59.091451,0.000000,1
323.800000,,,,,,,,,,,,,,28.143260,-82.315033,-14.884093,19.965057,58.979630,0.000000,1
323.900000,,,,,,,,,,,,,,28.143269,-82.315016,-14.866408,19.977244,58.867809,0.000000,1
324.000000,,,,,,,,,,,,,,28.143278,-82.314999,-14.831341,20.009186,58.752868,0.000000,1
324.100000,,,,,,,,,,,,,,28.143288,-82.314980,-14.778470,20.061366,58.634731,0.000000,1
324.200000,,,,,,,,,,,,,,28.143297,-82.314962,-14.725599,20.113546,58.516595,0.000000,1
324.300000,,,,,,,,,,,,,,28.143307,-82.314944,-14.672727,20.165726,58.398458,0.000000,1
324.400000,,,,,,,,,,,,,,28.143317,-82.314925,-14.619856,20.217906,58.280321,0.000000,1
324.500000,,,,,,,,,,,,,,28.143327,-82.314907,-14.566984,20.270086,58.162184,0.000000,1
324.600000,,,,,,,,,,,,,,28.143336,-82.314888,-14.514113,20.322267,58.044047,0.000000,1
324.700000,,,,,,,,,,,,,,28.143346,-82.314870,-14.461241,20.374447,57.925910,0.000000,1
324.800000,,,,,,,,,,,,,,28.143356,-82.314852,-14.408370,20.426627,57.807773,0.000000,1
324.900000,,,,,,,,,,,,,,28.143366,-82.314833,-14.355498,20.478807,57.689636,0.000000,1
325.000000,,,,,,,,,,,,,,28.143376,-82.314815,-14.310897,20.523770,57.563199,0.000000,1
325.100000,,,,,,,,,,,,,,28.143386,-82.314797,-14.274340,20.561712,57.428687,0.000000,1
325.200000,,,,,,,,,,,,,,28.143397,-82.314778,-14.237783,20.599655,57.294175,0.000000,1
325.300000,,,,,,,,,,,,,,28.143407,-82.314760,-14.201226,20.637597,57.159663,0.000000,1
325.400000,,,,,,,,,,,,,,28.143418,-82.314742,-14.164668,20.675540,57.025152,0.000000,1
325.500000,,,,,,,,,,,,,,28.143429,-82.314724,-14.128111,20.713482,56.890640,0.000000,1
325.600000,,,,,,,,,,,,,,28.143439,-82.314705,-14.091554,20.751425,56.756128,0.000000,1
325.700000,,,,,,,,,,,,,,28.143450,-82.314687,-14.054997,20.789367,56.621616,0.000000,1
325.800000,,,,,,,,,,,,,,28.143460,-82.314669,-14.018440,20.827310,56.487105,0.000000,1
325.900000,,,,,,,,,,,,,,28.143471,-82.314651,-13.981883,20.865252,56.352593,0.000000,1
326.000000,,,,,,,,,,,,,,28.143482,-82.314633,-13.997816,20.899680,56.218026,0.000000,1
326.100000,,,,,,,,,,,,,,28.143493,-82.314616,-14.064681,20.930698,56.083406,0.000000,1
326.200000,,,,,,,,,,,,,,28.143505,-82.314598,-14.131547,20.961715,55.948786,0.000000,1
326.300000,,,,,,,,,,,,,,28.143517,-82.314581,-14.198412,20.992733,55.814166,0.000000,1
326.400000,,,,,,,,,,,,,,28.143528,-82.314564,-14.265277,21.023750,55.679546,0.000000,1
326.500000,,,,,,,,,,,,,,28.143540,-82.314546,-14.332143,21.054768,55.544926,0.000000,1
326.600000,,,,,,,,,,,,,,28.143552,-82.314529,-14.399008,21.085785,55.410306,0.000000,1
326.700000,,,,,,,,,,,,,,28.143563,-82.314512,-14.465874,21.116803,55.275686,0.000000,1
326.800000,,,,,,,,,,,,,,28.143575,-82.314494,-14.532739,21.147820,55.141066,0.000000,1
326.900000,,,,,,,,,,,,,,28.143586,-82.314477,-14.599604,21.178838,55.006446,0.000000,1
327.000000,,,,,,,,,,,,,,28.143598,-82.314459,-14.620369,21.200590,54.924664,0.000000,1
327.100000,,,,,,,,,,,,,,28.143608,-82.314441,-14.595108,21.213092,54.895636,0.000000,1
327.200000,,,,,,,,,,,,,,28.143619,-82.314423,-14.569848,21.225594,54.866607,0.000000,1
327.300000,,,,,,,,,,,,,,28.143630,-82.314405,-14.544587,21.238096,54.837579,0.000000,1
327.400000,,,,,,,,,,,,,,28.143641,-82.314387,-14.519326,21.250597,54.808551,0.000000,1
327.500000,,,,,,,,,,,,,,28.143651,-82.314369,-14.494065,21.263099,54.779523,0.000000,1
327.600000,,,,,,,,,,,,,,28.143662,-82.314351,-14.468804,21.275601,54.750494,0.000000,1
327.700000,,,,,,,,,,,,,,28.143673,-82.314333,-14.443543,21.288103,54.721466,0.000000,1
327.800000,,,,,,,,,,,,,,28.143684,-82.314315,-14.418282,21.300605,54.692438,0.000000,1
327.900000,,,,,,,,,,,,,,28.143694,-82.314297,-14.393022,21.313107,54.663409,0.000000,1
328.000000,,,,,,,,,,,,,,28.143705,-82.314280,-14.397894,21.323230,54.599317,0.000000,1
328.100000,,,,,,,,,,,,,,28.143716,-82.314264,-14.430833,21.331137,54.502565,0.000000,1
328.200000,,,,,,,,,,,,,,28.143727,-82.314247,-14.463773,21.339044,54.405812,0.000000,1
328.300000,,,,,,,,,,,,,,28.143738,-82.314231,-14.496713,21.346951,54.309059,0.000000,1
328.400000,,,,,,,,,,,,,,28.143749,-82.314215,-14.529652,21.354858,54.212306,0.000000,1
328.500000,,,,,,,,,,,,,,28.143760,-82.314198,-14.562592,21.362765,54.115554,0.000000,1
328.600000,,,,,,,,,,,,,,28.143771,-82.314182,-14.595532,21.370672,54.018801,0.000000,1
328.700000,,,,,,,,,,,,,,28.143782,-82.314166,-14.628471,21.378579,53.922048,0.000000,1
328.800000,,,,,,,,,,,,,,28.143793,-82.314150,-14.661411,21.386486,53.825296,0.000000,1
328.900000,,,,,,,,,,,,,,28.143804,-82.314133,-14.694351,21.394393,53.728543,0.000000,1
329.000000,,,,,,,,,,,,,,28.143815,-82.314117,-14.727290,21.402301,53.631790,0.000000,1
329.100000,,,,,,,,,,,,,,28.143827,-82.314100,-14.713992,21.422503,53.497596,0.000000,1
329.200000,,,,,,,,,,,,,,28.143840,-82.314081,-14.669262,21.451064,53.337948,0.000000,1
329.300000,,,,,,,,,,,,,,28.143853,-82.314062,-14.624532,21.479625,53.178301,0.000000,1
329.400000,,,,,,,,,,,,,,28.143867,-82.314044,-14.579801,21.508186,53.018653,0.000000,1
329.500000,,,,,,,,,,,,,,28.143880,-82.314025,-14.535071,21.536747,52.859006,0.000000,1
329.600000,,,,,,,,,,,,,,28.143893,-82.314007,-14.490341,21.565308,52.699358,0.000000,1
329.700000,,,,,,,,,,,,,,28.143906,-82.313988,-14.445611,21.593869,52.539711,0.000000,1
329.800000,,,,,,,,,,,,,,28.143919,-82.313970,-14.400881,21.622429,52.380063,0.000000,1
329.900000,,,,,,,,,,,,,,28.143932,-82.313951,-14.356150,21.650990,52.220416,0.000000,1
330.000000,,,,,,,,,,,,,,28.143945,-82.313933,-14.311420,21.679551,52.060769,0.000000,1
330.100000,,,,,,,,,,,,,,28.143957,-82.313915,-14.255064,21.670654,51.962296,0.000000,1
330.200000,,,,,,,,,,,,,,28.143969,-82.313897,-14.188391,21.628517,51.918112,0.000000,1
330.300000,,,,,,,,,,,,,,28.143980,-82.313880,-14.121719,21.586380,51.873928,0.000000,1
330.400000,,,,,,,,,,,,,,28.143991,-82.313863,-14.055046,21.544243,51.829744,0.000000,1
330.500000,,,,,,,,,,,,,,28.144002,-82.313846,-13.988373,21.502106,51.785559,0.000000,1
330.600000,,,,,,,,,,,,,,28.144014,-82.313828,-13.921700,21.459968,51.741375,0.000000,1
330.700000,,,,,,,,,,,,,,28.144025,-82.313811,-13.855028,21.417831,51.697191,0.000000,1
330.800000,,,,,,,,,,,,,,28.144036,-82.313794,-13.788355,21.375694,51.653006,0.000000,1
330.900000,,,,,,,,,,,,,,28.144048,-82.313776,-13.721682,21.333557,51.608822,0.000000,1
331.000000,,,,,,,,,,,,,,28.144059,-82.313759,-13.655009,21.291420,51.564638,0.000000,1
331.100000,,,,,,,,,,,,,,28.144071,-82.313742,-13.603762,21.268746,51.480565,0.000000,1
331.200000,,,,,,,,,,,,,,28.144082,-82.313725,-13.567454,21.264921,51.357862,0.000000,1
331.300000,,,,,,,,,,,,,,28.144094,-82.313708,-13.531146,21.261097,51.235159,0.000000,1
331.400000,,,,,,,,,,,,,,28.144106,-82.313692,-13.494837,21.257272,51.112456,0.000000,1
331.500000,,,,,,,,,,,,,,28.144118,-82.313675,-13.458529,21.253448,50.989753,0.000000,1
331.600000,,,,,,,,,,,,,,28.144130,-82.313658,-13.422221,21.249623,50.867050,0.000000,1
331.700000,,,,,,,,,,,,,,28.144142,-82.313641,-13.385913,21.245798,50.744347,0.000000,1
331.800000,,,,,,,,,,,,,,28.144154,-82.313625,-13.349604,21.241974,50.621645,0.000000,1
331.900000,,,,,,,,,,,,,,28.144166,-82.313608,-13.313296,21.238149,50.498942,0.000000,1
332.000000,,,,,,,,,,,,,,28.144178,-82.313591,-13.276988,21.234325,50.376239,0.000000,1
332.100000,,,,,,,,,,,,,,28.144190,-82.313574,-13.224509,21.257064,50.181801,0.000000,1
332.200000,,,,,,,,,,,,,,28.144203,-82.313557,-13.155304,21.307281,49.913161,0.000000,1
332.300000,,,,,,,,,,,,,,28.144215,-82.313540,-13.086098,21.357498,49.644522,0.000000,1
332.400000,,,,,,,,,,,,,,28.144228,-82.313523,-13.016893,21.407716,49.375882,0.000000,1
332.500000,,,,,,,,,,,,,,28.144240,-82.313506,-12.947687,21.457933,49.107242,0.000000,1
332.600000,,,,,,,,,,,,,,28.144253,-82.313489,-12.878482,21.508150,48.838602,0.000000,1
332.700000,,,,,,,,,,,,,,28.144265,-82.313472,-12.809276,21.558367,48.569962,0.000000,1
332.800000,,,,,,,,,,,,,,28.144278,-82.313455,-12.740071,21.608584,48.301323,0.000000,1
332.900000,,,,,,,,,,,,,,28.144290,-82.313439,-12.670866,21.658802,48.032683,0.000000,1
333.000000,,,,,,,,,,,,,,28.144303,-82.313422,-12.601660,21.709019,47.764043,0.000000,1
333.100000,,,,,,,,,,,,,,28.144316,-82.313405,-12.565265,21.729465,47.610506,0.000000,1
333.200000,,,,,,,,,,,,,,28.144329,-82.313389,-12.558573,21.722960,47.561174,0.000000,1
333.300000,,,,,,,,,,,,,,28.144342,-82.313373,-12.551881,21.716454,47.511842,0.000000,1
333.400000,,,,,,,,,,,,,,28.144355,-82.313357,-12.545189,21.709949,47.462510,0.000000,1
333.500000,,,,,,,,,,,,,,28.144368,-82.313341,-12.538497,21.703444,47.413178,0.000000,1
333.600000,,,,,,,,,,,,,,28.144381,-82.313325,-12.531805,21.696938,47.363846,0.000000,1
333.700000,,,,,,,,,,,,,,28.144394,-82.313309,-12.525113,21.690433,47.314514,0.000000,1
333.800000,,,,,,,,,,,,,,28.144407,-82.313293,-12.518421,21.683927,47.265182,0.000000,1
333.900000,,,,,,,,,,,,,,28.144420,-82.313277,-12.511729,21.677422,47.215850,0.000000,1
334.000000,,,,,,,,,,,,,,28.144433,-82.313261,-12.505037,21.670916,47.166518,0.000000,1
334.100000,,,,,,,,,,,,,,28.144448,-82.313245,-12.530541,21.683453,47.036126,0.000000,1
334.200000,,,,,,,,,,,,,,28.144464,-82.313229,-12.585085,21.713165,46.832626,0.000000,1
334.300000,,,,,,,,,,,,,,28.144480,-82.313213,-12.639628,21.742876,46.629125,0.000000,1
334.400000,,,,,,,,,,,,,,28.144496,-82.313197,-12.694171,21.772588,46.425624,0.000000,1
334.500000,,,,,,,,,,,,,,28.144512,-82.313180,-12.748714,21.802299,46.222123,0.000000,1
334.600000,,,,,,,,,,,,,,28.144528,-82.313164,-12.803257,21.832011,46.018623,0.000000,1
334.700000,,,,,,,,,,,,,,28.144545,-82.313148,-12.857800,21.861722,45.815122,0.000000,1
334.800000,,,,,,,,,,,,,,28.144561,-82.313132,-12.912344,21.891434,45.611621,0.000000,1
334.900000,,,,,,,,,,,,,,28.144577,-82.313116,-12.966887,21.921145,45.408120,0.000000,1
335.000000,,,,,,,,,,,,,,28.144593,-82.313100,-13.021430,21.950857,45.204619,0.000000,1
335.100000,,,,,,,,,,,,,,28.144608,-82.313084,-13.061834,21.970942,45.067451,0.000000,1
335.200000,,,,,,,,,,,,,,28.144622,-82.313069,-13.087902,21.981269,44.997533,0.000000,1
335.300000,,,,,,,,,,,,,,28.144637,-82.313054,-13.113971,21.991595,44.927615,0.000000,1
335.400000,,,,,,,,,,,,,,28.144651,-82.313039,-13.140040,22.001921,44.857697,0.000000,1
335.500000,,,,,,,,,,,,,,28.144666,-82.313024,-13.166108,22.012248,44.787780,0.000000,1
335.600000,,,,,,,,,,,,,,28.144680,-82.313009,-13.192177,22.022574,44.717862,0.000000,1
335.700000,,,,,,,,,,,,,,28.144694,-82.312994,-13.218245,22.032901,44.647944,0.000000,1
335.800000,,,,,,,,,,,,,,28.144709,-82.312979,-13.244314,22.043227,44.578026,0.000000,1
335.900000,,,,,,,,,,,,,,28.144723,-82.312964,-13.270383,22.053553,44.508109,0.000000,1
336.000000,,,,,,,,,,,,,,28.144737,-82.312949,-13.296451,22.063880,44.438191,0.000000,1
336.100000,,,,,,,,,,,,,,28.144752,-82.312933,-13.328381,22.078871,44.390730,0.000000,1
336.200000,,,,,,,,,,,,,,28.144768,-82.312916,-13.364829,22.097457,44.360579,0.000000,1
336.300000,,,,,,,,,,,,,,28.144783,-82.312898,-13.401276,22.116043,44.330428,0.000000,1
336.400000,,,,,,,,,,,,,,28.144798,-82.312881,-13.437724,22.134629,44.300277,0.000000,1
336.500000,,,,,,,,,,,,,,28.144813,-82.312863,-13.474171,22.153215,44.270126,0.000000,1
336.600000,,,,,,,,,,,,,,28.144829,-82.312846,-13.510619,22.171802,44.239975,0.000000,1
336.700000,,,,,,,,,,,,,,28.144844,-82.312829,-13.547067,22.190388,44.209824,0.000000,1
336.800000,,,,,,,,,,,,,,28.144859,-82.312811,-13.583514,22.208974,44.179673,0.000000,1
336.900000,,,,,,,,,,,,,,28.144875,-82.312794,-13.619962,22.227560,44.149522,0.000000,1
337.000000,,,,,,,,,,,,,,28.144890,-82.312777,-13.656409,22.246147,44.119371,0.000000,1
337.100000,,,,,,,,,,,,,,28.144905,-82.312760,-13.671683,22.261873,44.112073,0.000000,1
337.200000,,,,,,,,,,,,,,28.144920,-82.312745,-13.664814,22.274610,44.128674,0.000000,1
337.300000,,,,,,,,,,,,,,28.144935,-82.312729,-13.657944,22.287346,44.145275,0.000000,1
337.400000,,,,,,,,,,,,,,28.144950,-82.312713,-13.651074,22.300082,44.161876,0.000000,1
337.500000,,,,,,,,,,,,,,28.144965,-82.312698,-13.644204,22.312819,44.178477,0.000000,1
337.600000,,,,,,,,,,,,,,28.144980,-82.312682,-13.637335,22.325555,44.195078,0.000000,1
337.700000,,,,,,,,,,,,,,28.144995,-82.312666,-13.630465,22.338291,44.211679,0.000000,1
337.800000,,,,,,,,,,,,,,28.145010,-82.312651,-13.623595,22.351028,44.228280,0.000000,1
337.900000,,,,,,,,,,,,,,28.145025,-82.312635,-13.616726,22.363764,44.244881,0.000000,1
338.000000,,,,,,,,,,,,,,28.145040,-82.312620,-13.609856,22.376501,44.261482,0.000000,1
338.100000,,,,,,,,,,,,,,28.145055,-82.312603,-13.607487,22.394116,44.263715,0.000000,1
338.200000,,,,,,,,,,,,,,28.145070,-82.312585,-13.609723,22.416724,44.251246,0.000000,1
338.300000,,,,,,,,,,,,,,28.145086,-82.312568,-13.611960,22.439332,44.238776,0.000000,1
338.400000,,,,,,,,,,,,,,28.145101,-82.312550,-13.614196,22.461940,44.226307,0.000000,1
338.500000,,,,,,,,,,,,,,28.145117,-82.312533,-13.616432,22.484549,44.213837,0.000000,1
338.600000,,,,,,,,,,,,,,28.145132,-82.312515,-13.618669,22.507157,44.201367,0.000000,1
338.700000,,,,,,,,,,,,,,28.145147,-82.312498,-13.620905,22.529765,44.188898,0.000000,1
338.800000,,,,,,,,,,,,,,28.145163,-82.312480,-13.623142,22.552373,44.176428,0.000000,1
338.900000,,,,,,,,,,,,,,28.145178,-82.312463,-13.625378,22.574981,44.163958,0.000000,1
339.000000,,,,,,,,,,,,,,28.145193,-82.312446,-13.627092,22.574044,44.159658,0.000000,1
339.100000,,,,,,,,,,,,,,28.145207,-82.312431,-13.628302,22.550431,44.163226,0.000000,1
339.200000,,,,,,,,,,,,,,28.145222,-82.312416,-13.629512,22.526818,44.166794,0.000000,1
339.300000,,,,,,,,,,,,,,28.145236,-82.312401,-13.630722,22.503204,44.170362,0.000000,1
339.400000,,,,,,,,,,,,,,28.145250,-82.312386,-13.631932,22.479591,44.173930,0.000000,1
339.500000,,,,,,,,,,,,,,28.145265,-82.312371,-13.633142,22.455978,44.177498,0.000000,1
339.600000,,,,,,,,,,,,,,28.145279,-82.312355,-13.634352,22.432364,44.181066,0.000000,1
339.700000,,,,,,,,,,,,,,28.145293,-82.312340,-13.635562,22.408751,44.184634,0.000000,1
339.800000,,,,,,,,,,,,,,28.145307,-82.312325,-13.636772,22.385137,44.188201,0.000000,1
339.900000,,,,,,,,,,,,,,28.145322,-82.312310,-13.637982,22.361524,44.191769,0.000000,1
340.000000,,,,,,,,,,,,,,28.145336,-82.312294,-13.643779,22.329824,44.207931,0.000000,1
340.100000,,,,,,,,,,,,,,28.145351,-82.312278,-13.654288,22.289821,44.237022,0.000000,1
340.200000,,,,,,,,,,,,,,28.145366,-82.312262,-13.664796,22.249817,44.266113,0.000000,1
340.300000,,,,,,,,,,,,,,28.145380,-82.312246,-13.675304,22.209814,44.295204,0.000000,1
340.400000,,,,,,,,,,,,,,28.145395,-82.312230,-13.685813,22.169810,44.324295,0.000000,1
340.500000,,,,,,,,,,,,,,28.145410,-82.312214,-13.696321,22.129807,44.353387,0.000000,1
340.600000,,,,,,,,,,,,,,28.145425,-82.312198,-13.706829,22.089804,44.382478,0.000000,1
340.700000,,,,,,,,,,,,,,28.145439,-82.312181,-13.717338,22.049800,44.411569,0.000000,1
340.800000,,,,,,,,,,,,,,28.145454,-82.312165,-13.727846,22.009797,44.440660,0.000000,1
340.900000,,,,,,,,,,,,,,28.145469,-82.312149,-13.738354,21.969794,44.469751,0.000000,1
341.000000,,,,,,,,,,,,,,28.145483,-82.312133,-13.744208,21.926404,44.500522,0.000000,1
341.100000,,,,,,,,,,,,,,28.145496,-82.312118,-13.745168,21.879453,44.533058,0.000000,1
341.200000,,,,,,,,,,,,,,28.145510,-82.312102,-13.746128,21.832502,44.565595,0.000000,1
341.300000,,,,,,,,,,,,,,28.145523,-82.312087,-13.747088,21.785551,44.598131,0.000000,1
341.400000,,,,,,,,,,,,,,28.145536,-82.312071,-13.748049,21.738600,44.630667,0.000000,1
341.500000,,,,,,,,,,,,,,28.145550,-82.312056,-13.749009,21.691649,44.663203,0.000000,1
341.600000,,,,,,,,,,,,,,28.145563,-82.312040,-13.749969,21.644698,44.695740,0.000000,1
341.700000,,,,,,,,,,,,,,28.145577,-82.312025,-13.750929,21.597748,44.728276,0.000000,1
341.800000,,,,,,,,,,,,,,28.145590,-82.312009,-13.751889,21.550797,44.760812,0.000000,1
341.900000,,,,,,,,,,,,,,28.145603,-82.311994,-13.752849,21.503846,44.793348,0.000000,1
342.000000,,,,,,,,,,,,,,28.145617,-82.311978,-13.768299,21.469715,44.873297,0.000000,1
342.100000,,,,,,,,,,,,,,28.145631,-82.311961,-13.798252,21.448416,45.000700,0.000000,1
342.200000,,,,,,,,,,,,,,28.145645,-82.311945,-13.828206,21.427117,45.128102,0.000000,1
342.300000,,,,,,,,,,,,,,28.145660,-82.311928,-13.858159,21.405817,45.255505,0.000000,1
342.400000,,,,,,,,,,,,,,28.145674,-82.311911,-13.888112,21.384518,45.382908,0.000000,1
342.500000,,,,,,,,,,,,,,28.145688,-82.311895,-13.918065,21.363219,45.510311,0.000000,1
342.600000,,,,,,,,,,,,,,28.145702,-82.311878,-13.948018,21.341920,45.637713,0.000000,1
342.700000,,,,,,,,,,,,,,28.145716,-82.311862,-13.977972,21.320620,45.765116,0.000000,1
342.800000,,,,,,,,,,,,,,28.145730,-82.311845,-14.007925,21.299321,45.892519,0.000000,1
342.900000,,,,,,,,,,,,,,28.145744,-82.311828,-14.037878,21.278022,46.019922,0.000000,1
343.000000,,,,,,,,,,,,,,28.145758,-82.311812,-14.064893,21.255782,46.185943,0.000000,1
343.100000,,,,,,,,,,,,,,28.145771,-82.311797,-14.089046,21.232625,46.389574,0.000000,1
343.200000,,,,,,,,,,,,,,28.145784,-82.311782,-14.113199,21.209468,46.593205,0.000000,1
343.300000,,,,,,,,,,,,,,28.145797,-82.311767,-14.137352,21.186312,46.796836,0.000000,1
343.400000,,,,,,,,,,,,,,28.145811,-82.311752,-14.161505,21.163155,47.000467,0.000000,1
343.500000,,,,,,,,,,,,,,28.145824,-82.311736,-14.185659,21.139999,47.204098,0.000000,1
343.600000,,,,,,,,,,,,,,28.145837,-82.311721,-14.209812,21.116842,47.407729,0.000000,1
343.700000,,,,,,,,,,,,,,28.145850,-82.311706,-14.233965,21.093686,47.611360,0.000000,1
343.800000,,,,,,,,,,,,,,28.145863,-82.311691,-14.258118,21.070529,47.814990,0.000000,1
343.900000,,,,,,,,,,,,,,28.145876,-82.311676,-14.282271,21.047372,48.018621,0.000000,1
344.000000,,,,,,,,,,,,,,28.145889,-82.311660,-14.305667,21.030508,48.175635,0.000000,1
344.100000,,,,,,,,,,,,,,28.145901,-82.311644,-14.328348,21.019581,48.288651,0.000000,1
344.200000,,,,,,,,,,,,,,28.145913,-82.311627,-14.351029,21.008655,48.401667,0.000000,1
344.300000,,,,,,,,,,,,,,28.145926,-82.311611,-14.373710,20.997728,48.514683,0.000000,1
344.400000,,,,,,,,,,,,,,28.145938,-82.311595,-14.396391,20.986802,48.627699,0.000000,1
344.500000,,,,,,,,,,,,,,28.145950,-82.311579,-14.419071,20.975875,48.740715,0.000000,1
344.600000,,,,,,,,,,,,,,28.145962,-82.311563,-14.441752,20.964949,48.853731,0.000000,1
344.700000,,,,,,,,,,,,,,28.145974,-82.311546,-14.464433,20.954023,48.966747,0.000000,1
344.800000,,,,,,,,,,,,,,28.145987,-82.311530,-14.487114,20.943096,49.079763,0.000000,1
344.900000,,,,,,,,,,,,,,28.145999,-82.311514,-14.509795,20.932170,49.192779,0.000000,1
345.000000,,,,,,,,,,,,,,28.146010,-82.311498,-14.515145,20.904580,49.436336,0.000000,1
345.100000,,,,,,,,,,,,,,28.146022,-82.311481,-14.502759,20.859939,49.813479,0.000000,1
345.200000,,,,,,,,,,,,,,28.146033,-82.311465,-14.490374,20.815298,50.190622,0.000000,1
345.300000,,,,,,,,,,,,,,28.146044,-82.311449,-14.477988,20.770657,50.567765,0.000000,1
345.400000,,,,,,,,,,,,,,28.146056,-82.311432,-14.465603,20.726015,50.944908,0.000000,1
345.500000,,,,,,,,,,,,,,28.146067,-82.311416,-14.453218,20.681374,51.322051,0.000000,1
345.600000,,,,,,,,,,,,,,28.146078,-82.311400,-14.440832,20.636733,51.699194,0.000000,1
345.700000,,,,,,,,,,,,,,28.146090,-82.311383,-14.428447,20.592092,52.076337,0.000000,1
345.800000,,,,,,,,,,,,,,28.146101,-82.311367,-14.416061,20.547451,52.453480,0.000000,1
345.900000,,,,,,,,,,,,,,28.146112,-82.311350,-14.403676,20.502810,52.830623,0.000000,1
346.000000,,,,,,,,,,,,,,28.146123,-82.311334,-14.387165,20.472791,53.090730,0.000000,1
346.100000,,,,,,,,,,,,,,28.146134,-82.311318,-14.366718,20.456726,53.239144,0.000000,1
346.200000,,,,,,,,,,,,,,28.146145,-82.311303,-14.346270,20.440662,53.387558,0.000000,1
346.300000,,,,,,,,,,,,,,28.146156,-82.311287,-14.325822,20.424597,53.535972,0.000000,1
346.400000,,,,,,,,,,,,,,28.146167,-82.311271,-14.305375,20.408533,53.684386,0.000000,1
346.500000,,,,,,,,,,,,,,28.146178,-82.311255,-14.284927,20.392468,53.832801,0.000000,1
346.600000,,,,,,,,,,,,,,28.146189,-82.311239,-14.264480,20.376404,53.981215,0.000000,1
346.700000,,,,,,,,,,,,,,28.146200,-82.311223,-14.244032,20.360339,54.129629,0.000000,1
346.800000,,,,,,,,,,,,,,28.146210,-82.311207,-14.223584,20.344275,54.278043,0.000000,1
346.900000,,,,,,,,,,,,,,28.146221,-82.311191,-14.203137,20.328210,54.426457,0.000000,1
347.000000,,,,,,,,,,,,,,28.146232,-82.311175,-14.220452,20.334342,54.658790,0.000000,1
347.100000,,,,,,,,,,,,,,28.146241,-82.311157,-14.301433,20.377895,55.032605,0.000000,1
347.200000,,,,,,,,,,,,,,28.146251,-82.311140,-14.382415,20.421447,55.406420,0.000000,1
347.300000,,,,,,,,,,,,,,28.146261,-82.311122,-14.463396,20.465000,55.780235,0.000000,1
347.400000,,,,,,,,,,,,,,28.146270,-82.311104,-14.544378,20.508553,56.154050,0.000000,1
347.500000,,,,,,,,,,,,,,28.146280,-82.311087,-14.625359,20.552106,56.527865,0.000000,1
347.600000,,,,,,,,,,,,,,28.146289,-82.311069,-14.706341,20.595659,56.901680,0.000000,1
347.700000,,,,,,,,,,,,,,28.146299,-82.311051,-14.787322,20.639211,57.275495,0.000000,1
347.800000,,,,,,,,,,,,,,28.146309,-82.311034,-14.868304,20.682764,57.649310,0.000000,1
347.900000,,,,,,,,,,,,,,28.146318,-82.311016,-14.949286,20.726317,58.023125,0.000000,1
348.000000,,,,,,,,,,,,,,28.146327,-82.311000,-14.957180,20.746621,58.399396,0.000000,1
348.100000,,,,,,,,,,,,,,28.146335,-82.310985,-14.838665,20.726713,58.779916,0.000000,1
348.200000,,,,,,,,,,,,,,28.146343,-82.310970,-14.720150,20.706806,59.160435,0.000000,1
348.300000,,,,,,,,,,,,,,28.146351,-82.310955,-14.601635,20.686899,59.540954,0.000000,1
348.400000,,,,,,,,,,,,,,28.146359,-82.310941,-14.483120,20.666991,59.921474,0.000000,1
348.500000,,,,,,,,,,,,,,28.146367,-82.310926,-14.364605,20.647084,60.301993,0.000000,1
348.600000,,,,,,,,,,,,,,28.146375,-82.310911,-14.246090,20.627177,60.682512,0.000000,1
348.700000,,,,,,,,,,,,,,28.146383,-82.310897,-14.127575,20.607269,61.063032,0.000000,1
348.800000,,,,,,,,,,,,,,28.146391,-82.310882,-14.009059,20.587362,61.443551,0.000000,1
348.900000,,,,,,,,,,,,,,28.146399,-82.310867,-13.890544,20.567455,61.824070,0.000000,1
349.000000,,,,,,,,,,,,,,28.146407,-82.310851,-13.781467,20.561129,62.080586,0.000000,1
349.100000,,,,,,,,,,,,,,28.146416,-82.310834,-13.680482,20.566448,62.230797,0.000000,1
349.200000,,,,,,,,,,,,,,28.146424,-82.310816,-13.579496,20.571766,62.381007,0.000000,1
349.300000,,,,,,,,,,,,,,28.146432,-82.310798,-13.478510,20.577085,62.531218,0.000000,1
349.400000,,,,,,,,,,,,,,28.146441,-82.310781,-13.377524,20.582403,62.681428,0.000000,1
349.500000,,,,,,,,,,,,,,28.146449,-82.310763,-13.276538,20.587722,62.831638,0.000000,1
349.600000,,,,,,,,,,,,,,28.146458,-82.310746,-13.175552,20.593040,62.981849,0.000000,1
349.700000,,,,,,,,,,,,,,28.146466,-82.310728,-13.074567,20.598359,63.132059,0.000000,1
349.800000,,,,,,,,,,,,,,28.146474,-82.310711,-12.973581,20.603677,63.282270,0.000000,1
349.900000,,,,,,,,,,,,,,28.146483,-82.310693,-12.872595,20.608996,63.432480,0.000000,1
350.000000,,,,,,,,,,,,,,28.146491,-82.310675,-12.795969,20.610545,63.645234,0.000000,1
350.100000,,,,,,,,,,,,,,28.146498,-82.310657,-12.743546,20.608348,63.920130,0.000000,1
350.200000,,,,,,,,,,,,,,28.146506,-82.310638,-12.691124,20.606151,64.195027,0.000000,1
350.300000,,,,,,,,,,,,,,28.146514,-82.310620,-12.638701,20.603954,64.469923,0.000000,1
350.400000,,,,,,,,,,,,,,28.146521,-82.310602,-12.586278,20.601758,64.744819,0.000000,1
350.500000,,,,,,,,,,,,,,28.146529,-82.310583,-12.533855,20.599561,65.019715,0.000000,1
350.600000,,,,,,,,,,,,,,28.146536,-82.310565,-12.481433,20.597364,65.294611,0.000000,1
350.700000,,,,,,,,,,,,,,28.146544,-82.310547,-12.429010,20.595167,65.569508,0.000000,1
350.800000,,,,,,,,,,,,,,28.146552,-82.310528,-12.376587,20.592971,65.844404,0.000000,1
350.900000,,,,,,,,,,,,,,28.146559,-82.310510,-12.324165,20.590774,66.119300,0.000000,1
351.000000,,,,,,,,,,,,,,28.146566,-82.310491,-12.322503,20.591320,66.408994,0.000000,1
351.100000,,,,,,,,,,,,,,28.146573,-82.310471,-12.381645,20.595152,66.716413,0.000000,1
351.200000,,,,,,,,,,,,,,28.146580,-82.310451,-12.440786,20.598984,67.023833,0.000000,1
351.300000,,,,,,,,,,,,,,28.146587,-82.310432,-12.499927,20.602815,67.331252,0.000000,1
351.400000,,,,,,,,,,,,,,28.146593,-82.310412,-12.559069,20.606647,67.638671,0.000000,1
351.500000,,,,,,,,,,,,,,28.146600,-82.310392,-12.618210,20.610479,67.946090,0.000000,1
351.600000,,,,,,,,,,,,,,28.146607,-82.310372,-12.677351,20.614310,68.253510,0.000000,1
351.700000,,,,,,,,,,,,,,28.146614,-82.310352,-12.736493,20.618142,68.560929,0.000000,1
351.800000,,,,,,,,,,,,,,28.146620,-82.310333,-12.795634,20.621974,68.868348,0.000000,1
351.900000,,,,,,,,,,,,,,28.146627,-82.310313,-12.854775,20.625805,69.175767,0.000000,1
352.000000,,,,,,,,,,,,,,28.146634,-82.310293,-12.943598,20.638347,69.461099,0.000000,1
352.100000,,,,,,,,,,,,,,28.146641,-82.310274,-13.061248,20.659348,69.724978,0.000000,1
352.200000,,,,,,,,,,,,,,28.146648,-82.310255,-13.178898,20.680349,69.988858,0.000000,1
352.300000,,,,,,,,,,,,,,28.146655,-82.310235,-13.296548,20.701350,70.252737,0.000000,1
352.400000,,,,,,,,,,,,,,28.146661,-82.310216,-13.414199,20.722351,70.516617,0.000000,1
352.500000,,,,,,,,,,,,,,28.146668,-82.310196,-13.531849,20.743352,70.780496,0.000000,1
352.600000,,,,,,,,,,,,,,28.146675,-82.310177,-13.649499,20.764353,71.044375,0.000000,1
352.700000,,,,,,,,,,,,,,28.146682,-82.310157,-13.767149,20.785354,71.308255,0.000000,1
352.800000,,,,,,,,,,,,,,28.146689,-82.310138,-13.884799,20.806355,71.572134,0.000000,1
352.900000,,,,,,,,,,,,,,28.146696,-82.310118,-14.002449,20.827356,71.836014,0.000000,1
353.000000,,,,,,,,,,,,,,28.146702,-82.310099,-14.113233,20.840951,72.115347,0.000000,1
353.100000,,,,,,,,,,,,,,28.146706,-82.310079,-14.217883,20.847930,72.408487,0.000000,1
353.200000,,,,,,,,,,,,,,28.146711,-82.310059,-14.322533,20.854909,72.701627,0.000000,1
353.300000,,,,,,,,,,,,,,28.146716,-82.310039,-14.427183,20.861889,72.994767,0.000000,1
353.400000,,,,,,,,,,,,,,28.146721,-82.310019,-14.531833,20.868868,73.287908,0.000000,1
353.500000,,,,,,,,,,,,,,28.146726,-82.309999,-14.636483,20.875847,73.581048,0.000000,1
353.600000,,,,,,,,,,,,,,28.146731,-82.309979,-14.741133,20.882826,73.874188,0.000000,1
353.700000,,,,,,,,,,,,,,28.146736,-82.309959,-14.845783,20.889805,74.167328,0.000000,1
353.800000,,,,,,,,,,,,,,28.146741,-82.309939,-14.950433,20.896784,74.460468,0.000000,1
353.900000,,,,,,,,,,,,,,28.146746,-82.309919,-15.055083,20.903764,74.753608,0.000000,1
354.000000,,,,,,,,,,,,,,28.146751,-82.309899,-15.157522,20.916209,75.024650,0.000000,1
354.100000,,,,,,,,,,,,,,28.146756,-82.309879,-15.257817,20.933956,75.274257,0.000000,1
354.200000,,,,,,,,,,,,,,28.146761,-82.309859,-15.358112,20.951704,75.523865,0.000000,1
354.300000,,,,,,,,,,,,,,28.146766,-82.309839,-15.458407,20.969451,75.773472,0.000000,1
354.400000,,,,,,,,,,,,,,28.146772,-82.309818,-15.558702,20.987198,76.023079,0.000000,1
354.500000,,,,,,,,,,,,,,28.146777,-82.309798,-15.658997,21.004946,76.272687,0.000000,1
354.600000,,,,,,,,,,,,,,28.146782,-82.309778,-15.759292,21.022693,76.522294,0.000000,1
354.700000,,,,,,,,,,,,,,28.146787,-82.309758,-15.859587,21.040441,76.771902,0.000000,1
354.800000,,,,,,,,,,,,,,28.146792,-82.309737,-15.959882,21.058188,77.021509,0.000000,1
354.900000,,,,,,,,,,,,,,28.146797,-82.309717,-16.060178,21.075935,77.271116,0.000000,1
355.000000,,,,,,,,,,,,,,28.146801,-82.309697,-16.114592,21.071550,77.530014,0.000000,1
355.100000,,,,,,,,,,,,,,28.146804,-82.309676,-16.121259,21.044133,77.798580,0.000000,1
355.200000,,,,,,,,,,,,,,28.146808,-82.309655,-16.127926,21.016716,78.067146,0.000000,1
355.300000,,,,,,,,,,,,,,28.146811,-82.309634,-16.134593,20.989299,78.335712,0.000000,1
355.400000,,,,,,,,,,,,,,28.146814,-82.309613,-16.141261,20.961882,78.604278,0.000000,1
355.500000,,,,,,,,,,,,,,28.146817,-82.309592,-16.147928,20.934465,78.872844,0.000000,1
355.600000,,,,,,,,,,,,,,28.146821,-82.309571,-16.154595,20.907048,79.141410,0.000000,1
355.700000,,,,,,,,,,,,,,28.146824,-82.309550,-16.161263,20.879631,79.409976,0.000000,1
355.800000,,,,,,,,,,,,,,28.146827,-82.309529,-16.167930,20.852214,79.678542,0.000000,1
355.900000,,,,,,,,,,,,,,28.146831,-82.309509,-16.174597,20.824797,79.947107,0.000000,1
356.000000,,,,,,,,,,,,,,28.146833,-82.309490,-16.237564,20.804108,80.206508,0.000000,1
356.100000,,,,,,,,,,,,,,28.146834,-82.309473,-16.358065,20.790294,80.456541,0.000000,1
356.200000,,,,,,,,,,,,,,28.146836,-82.309456,-16.478566,20.776480,80.706575,0.000000,1
356.300000,,,,,,,,,,,,,,28.146838,-82.309439,-16.599067,20.762666,80.956608,0.000000,1
356.400000,,,,,,,,,,,,,,28.146839,-82.309422,-16.719568,20.748852,81.206642,0.000000,1
356.500000,,,,,,,,,,,,,,28.146841,-82.309406,-16.840069,20.735039,81.456676,0.000000,1
356.600000,,,,,,,,,,,,,,28.146842,-82.309389,-16.960570,20.721225,81.706709,0.000000,1
356.700000,,,,,,,,,,,,,,28.146844,-82.309372,-17.081071,20.707411,81.956743,0.000000,1
356.800000,,,,,,,,,,,,,,28.146845,-82.309355,-17.201572,20.693597,82.206776,0.000000,1
356.900000,,,,,,,,,,,,,,28.146847,-82.309338,-17.322073,20.679783,82.456810,0.000000,1
357.000000,,,,,,,,,,,,,,28.146848,-82.309321,-17.442574,20.665969,82.706843,0.000000,1
357.100000,,,,,,,,,,,,,,28.146850,-82.309302,-17.491656,20.653763,82.988987,0.000000,1
357.200000,,,,,,,,,,,,,,28.146852,-82.309281,-17.476139,20.643012,83.300175,0.000000,1
357.300000,,,,,,,,,,,,,,28.146854,-82.309259,-17.460622,20.632261,83.611363,0.000000,1
357.400000,,,,,,,,,,,,,,28.146856,-82.309238,-17.445105,20.621510,83.922551,0.000000,1
357.500000,,,,,,,,,,,,,,28.146859,-82.309217,-17.429587,20.610759,84.233739,0.000000,1
357.600000,,,,,,,,,,,,,,28.146861,-82.309195,-17.414070,20.600008,84.544927,0.000000,1
357.700000,,,,,,,,,,,,,,28.146863,-82.309174,-17.398553,20.589256,84.856115,0.000000,1
357.800000,,,,,,,,,,,,,,28.146865,-82.309152,-17.383036,20.578505,85.167303,0.000000,1
357.900000,,,,,,,,,,,,,,28.146867,-82.309131,-17.367519,20.567754,85.478491,0.000000,1
358.000000,,,,,,,,,,,,,,28.146869,-82.309110,-17.352002,20.557003,85.789678,0.000000,1
358.100000,,,,,,,,,,,,,,28.146871,-82.309088,-17.348650,20.551719,86.061828,0.000000,1
358.200000,,,,,,,,,,,,,,28.146872,-82.309065,-17.355915,20.551206,86.299906,0.000000,1
358.300000,,,,,,,,,,,,,,28.146873,-82.309042,-17.363181,20.550694,86.537985,0.000000,1
358.400000,,,,,,,,,,,,,,28.146874,-82.309019,-17.370446,20.550181,86.776063,0.000000,1
358.500000,,,,,,,,,,,,,,28.146875,-82.308996,-17.377712,20.549669,87.014142,0.000000,1
358.600000,,,,,,,,,,,,,,28.146876,-82.308973,-17.384977,20.549157,87.252221,0.000000,1
358.700000,,,,,,,,,,,,,,28.146877,-82.308950,-17.392242,20.548644,87.490299,0.000000,1
358.800000,,,,,,,,,,,,,,28.146879,-82.308927,-17.399508,20.548132,87.728378,0.000000,1
358.900000,,,,,,,,,,,,,,28.146880,-82.308904,-17.406773,20.547619,87.966456,0.000000,1
359.000000,,,,,,,,,,,,,,28.146881,-82.308881,-17.394953,20.540435,88.194259,0.000000,1
359.100000,,,,,,,,,,,,,,28.146882,-82.308859,-17.352164,20.522424,88.405390,0.000000,1
359.200000,,,,,,,,,,,,,,28.146883,-82.308838,-17.309375,20.504413,88.616521,0.000000,1
359.300000,,,,,,,,,,,,,,28.146883,-82.308816,-17.266586,20.486403,88.827651,0.000000,1
359.400000,,,,,,,,,,,,,,28.146884,-82.308794,-17.223797,20.468392,89.038782,0.000000,1
359.500000,,,,,,,,,,,,,,28.146885,-82.308772,-17.181007,20.450381,89.249913,0.000000,1
359.600000,,,,,,,,,,,,,,28.146886,-82.308750,-17.138218,20.432371,89.461043,0.000000,1
359.700000,,,,,,,,,,,,,,28.146887,-82.308729,-17.095429,20.414360,89.672174,0.000000,1
359.800000,,,,,,,,,,,,,,28.146888,-82.308707,-17.052640,20.396350,89.883304,0.000000,1
359.900000,,,,,,,,,,,,,,28.146888,-82.308685,-17.009851,20.378339,90.094435,0.000000,1
360.000000,,,,,,,,,,,,,,28.146889,-82.308664,-16.957688,20.370182,90.343959,0.000000,1
360.100000,,,,,,,,,,,,,,28.146888,-82.308642,-16.895564,20.372496,90.634279,0.000000,1
360.200000,,,,,,,,,,,,,,28.146887,-82.308621,-16.833439,20.374810,90.924598,0.000000,1
360.300000,,,,,,,,,,,,,,28.146887,-82.308599,-16.771315,20.377123,91.214917,0.000000,1
360.400000,,,,,,,,,,,,,,28.146886,-82.308578,-16.709191,20.379437,91.505236,0.000000,1
360.500000,,,,,,,,,,,,,,28.146886,-82.308556,-16.647066,20.381751,91.795555,0.000000,1
360.600000,,,,,,,,,,,,,,28.146885,-82.308535,-16.584942,20.384065,92.085875,0.000000,1
360.700000,,,,,,,,,,,,,,28.146885,-82.308513,-16.522817,20.386378,92.376194,0.000000,1
360.800000,,,,,,,,,,,,,,28.146884,-82.308492,-16.460693,20.388692,92.666513,0.000000,1
360.900000,,,,,,,,,,,,,,28.146883,-82.308470,-16.398569,20.391006,92.956832,0.000000,1
361.000000,,,,,,,,,,,,,,28.146882,-82.308449,-16.390160,20.385670,93.225878,0.000000,1
361.100000,,,,,,,,,,,,,,28.146881,-82.308428,-16.435093,20.372739,93.473797,0.000000,1
361.200000,,,,,,,,,,,,,,28.146879,-82.308408,-16.480026,20.359807,93.721717,0.000000,1
361.300000,,,,,,,,,,,,,,28.146878,-82.308387,-16.524959,20.346876,93.969636,0.000000,1
361.400000,,,,,,,,,,,,,,28.146876,-82.308366,-16.569893,20.333944,94.217556,0.000000,1
361.500000,,,,,,,,,,,,,,28.146874,-82.308346,-16.614826,20.321012,94.465475,0.000000,1
361.600000,,,,,,,,,,,,,,28.146873,-82.308325,-16.659759,20.308081,94.713395,0.000000,1
361.700000,,,,,,,,,,,,,,28.146871,-82.308305,-16.704692,20.295149,94.961315,0.000000,1
361.800000,,,,,,,,,,,,,,28.146870,-82.308284,-16.749626,20.282218,95.209234,0.000000,1
361.900000,,,,,,,,,,,,,,28.146868,-82.308263,-16.794559,20.269286,95.457154,0.000000,1
362.000000,,,,,,,,,,,,,,28.146866,-82.308243,-16.843476,20.262759,95.713892,0.000000,1
362.100000,,,,,,,,,,,,,,28.146864,-82.308223,-16.898494,20.266039,95.984135,0.000000,1
362.200000,,,,,,,,,,,,,,28.146862,-82.308204,-16.953513,20.269318,96.254378,0.000000,1
362.300000,,,,,,,,,,,,,,28.146860,-82.308184,-17.008531,20.272598,96.524621,0.000000,1
362.400000,,,,,,,,,,,,,,28.146858,-82.308164,-17.063549,20.275878,96.794865,0.000000,1
362.500000,,,,,,,,,,,,,,28.146856,-82.308144,-17.118567,20.279158,97.065108,0.000000,1
362.600000,,,,,,,,,,,,,,28.146854,-82.308125,-17.173585,20.282437,97.335351,0.000000,1
362.700000,,,,,,,,,,,,,,28.146852,-82.308105,-17.228604,20.285717,97.605594,0.000000,1
362.800000,,,,,,,,,,,,,,28.146849,-82.308085,-17.283622,20.288997,97.875837,0.000000,1
362.900000,,,,,,,,,,,,,,28.146847,-82.308066,-17.338640,20.292277,98.146080,0.000000,1
363.000000,,,,,,,,,,,,,,28.146845,-82.308046,-17.377730,20.295743,98.411163,0.000000,1
363.100000,,,,,,,,,,,,,,28.146841,-82.308025,-17.395313,20.299461,98.669280,0.000000,1
363.200000,,,,,,,,,,,,,,28.146838,-82.308005,-17.412897,20.303179,98.927397,0.000000,1
363.300000,,,,,,,,,,,,,,28.146834,-82.307984,-17.430480,20.306898,99.185514,0.000000,1
363.400000,,,,,,,,,,,,,,28.146831,-82.307964,-17.448063,20.310616,99.443631,0.000000,1
363.500000,,,,,,,,,,,,,,28.146828,-82.307943,-17.465646,20.314334,99.701747,0.000000,1
363.600000,,,,,,,,,,,,,,28.146824,-82.307923,-17.483229,20.318052,99.959864,0.000000,1
363.700000,,,,,,,,,,,,,,28.146821,-82.307902,-17.500813,20.321770,100.217981,0.000000,1
363.800000,,,,,,,,,,,,,,28.146817,-82.307882,-17.518396,20.325489,100.476098,0.000000,1
363.900000,,,,,,,,,,,,,,28.146814,-82.307861,-17.535979,20.329207,100.734214,0.000000,1
364.000000,,,,,,,,,,,,,,28.146810,-82.307841,-17.527462,20.329234,100.988874,0.000000,1
364.100000,,,,,,,,,,,,,,28.146806,-82.307820,-17.477173,20.323353,101.238002,0.000000,1
364.200000,,,,,,,,,,,,,,28.146802,-82.307800,-17.426884,20.317471,101.487129,0.000000,1
364.300000,,,,,,,,,,,,,,28.146798,-82.307779,-17.376595,20.311590,101.736256,0.000000,1
364.400000,,,,,,,,,,,,,,28.146794,-82.307759,-17.326307,20.305709,101.985384,0.000000,1
364.500000,,,,,,,,,,,,,,28.146790,-82.307738,-17.276018,20.299828,102.234511,0.000000,1
364.600000,,,,,,,,,,,,,,28.146786,-82.307718,-17.225729,20.293947,102.483638,0.000000,1
364.700000,,,,,,,,,,,,,,28.146782,-82.307697,-17.175440,20.288065,102.732765,0.000000,1
364.800000,,,,,,,,,,,,,,28.146778,-82.307677,-17.125151,20.282184,102.981893,0.000000,1
364.900000,,,,,,,,,,,,,,28.146774,-82.307657,-17.074862,20.276303,103.231020,0.000000,1
365.000000,,,,,,,,,,,,,,28.146770,-82.307636,-17.025571,20.285320,103.442244,0.000000,1
365.100000,,,,,,,,,,,,,,28.146765,-82.307616,-16.977692,20.315411,103.599853,0.000000,1
365.200000,,,,,,,,,,,,,,28.146760,-82.307595,-16.929813,20.345502,103.757463,0.000000,1
365.300000,,,,,,,,,,,,,,28.146756,-82.307574,-16.881934,20.375593,103.915072,0.000000,1
365.400000,,,,,,,,,,,,,,28.146751,-82.307554,-16.834055,20.405683,104.072681,0.000000,1
365.500000,,,,,,,,,,,,,,28.146746,-82.307533,-16.786176,20.435774,104.230291,0.000000,1
365.600000,,,,,,,,,,,,,,28.146742,-82.307513,-16.738297,20.465865,104.387900,0.000000,1
365.700000,,,,,,,,,,,,,,28.146737,-82.307492,-16.690418,20.495956,104.545510,0.000000,1
365.800000,,,,,,,,,,,,,,28.146732,-82.307472,-16.642539,20.526047,104.703119,0.000000,1
365.900000,,,,,,,,,,,,,,28.146728,-82.307451,-16.594660,20.556137,104.860728,0.000000,1
366.000000,,,,,,,,,,,,,,28.146723,-82.307431,-16.549614,20.576587,105.039022,0.000000,1
366.100000,,,,,,,,,,,,,,28.146718,-82.307411,-16.507685,20.586425,105.240079,0.000000,1
366.200000,,,,,,,,,,,,,,28.146713,-82.307390,-16.465756,20.596263,105.441137,0.000000,1
366.300000,,,,,,,,,,,,,,28.146708,-82.307370,-16.423828,20.606101,105.642195,0.000000,1
366.400000,,,,,,,,,,,,,,28.146703,-82.307350,-16.381899,20.615939,105.843252,0.000000,1
366.500000,,,,,,,,,,,,,,28.146698,-82.307330,-16.339970,20.625777,106.044310,0.000000,1
366.600000,,,,,,,,,,,,,,28.146693,-82.307310,-16.298042,20.635616,106.245368,0.000000,1
366.700000,,,,,,,,,,,,,,28.146688,-82.307289,-16.256113,20.645454,106.446425,0.000000,1
366.800000,,,,,,,,,,,,,,28.146683,-82.307269,-16.214184,20.655292,106.647483,0.000000,1
366.900000,,,,,,,,,,,,,,28.146678,-82.307249,-16.172256,20.665130,106.848541,0.000000,1
367.000000,,,,,,,,,,,,,,28.146673,-82.307229,-16.151350,20.655280,107.057048,0.000000,1
367.100000,,,,,,,,,,,,,,28.146667,-82.307209,-16.156883,20.620669,107.274923,0.000000,1
367.200000,,,,,,,,,,,,,,28.146661,-82.307189,-16.162417,20.586059,107.492798,0.000000,1
367.300000,,,,,,,,,,,,,,28.146655,-82.307169,-16.167950,20.551448,107.710673,0.000000,1
367.400000,,,,,,,,,,,,,,28.146649,-82.307149,-16.173483,20.516837,107.928548,0.000000,1
367.500000,,,,,,,,,,,,,,28.146643,-82.307129,-16.179017,20.482227,108.146423,0.000000,1
367.600000,,,,,,,,,,,,,,28.146637,-82.307109,-16.184550,20.447616,108.364298,0.000000,1
367.700000,,,,,,,,,,,,,,28.146631,-82.307089,-16.190083,20.413005,108.582174,0.000000,1
367.800000,,,,,,,,,,,,,,28.146625,-82.307069,-16.195616,20.378395,108.800049,0.000000,1
367.900000,,,,,,,,,,,,,,28.146619,-82.307049,-16.201150,20.343784,109.017924,0.000000,1
368.000000,,,,,,,,,,,,,,28.146613,-82.307029,-16.179381,20.325871,109.315746,0.000000,1
368.100000,,,,,,,,,,,,,,28.146606,-82.307011,-16.120699,20.330535,109.721657,0.000000,1
368.200000,,,,,,,,,,,,,,28.146599,-82.306993,-16.062018,20.335198,110.127568,0.000000,1
368.300000,,,,,,,,,,,,,,28.146592,-82.306974,-16.003336,20.339861,110.533479,0.000000,1
368.400000,,,,,,,,,,,,,,28.146585,-82.306956,-15.944655,20.344525,110.939390,0.000000,1
368.500000,,,,,,,,,,,,,,28.146578,-82.306938,-15.885973,20.349188,111.345301,0.000000,1
368.600000,,,,,,,,,,,,,,28.146572,-82.306919,-15.827292,20.353851,111.751212,0.000000,1
368.700000,,,,,,,,,,,,,,28.146565,-82.306901,-15.768610,20.358514,112.157123,0.000000,1
368.800000,,,,,,,,,,,,,,28.146558,-82.306883,-15.709929,20.363178,112.563034,0.000000,1
368.900000,,,,,,,,,,,,,,28.146551,-82.306865,-15.651247,20.367841,112.968944,0.000000,1
369.000000,,,,,,,,,,,,,,28.146544,-82.306846,-15.592566,20.372504,113.374855,0.000000,1
369.100000,,,,,,,,,,,,,,28.146537,-82.306827,-15.543735,20.376758,113.731336,0.000000,1
369.200000,,,,,,,,,,,,,,28.146529,-82.306808,-15.503879,20.380638,114.042786,0.000000,1
369.300000,,,,,,,,,,,,,,28.146521,-82.306789,-15.464023,20.384518,114.354235,0.000000,1
369.400000,,,,,,,,,,,,,,28.146513,-82.306769,-15.424167,20.388399,114.665684,0.000000,1
369.500000,,,,,,,,,,,,,,28.146505,-82.306750,-15.384311,20.392279,114.977134,0.000000,1
369.600000,,,,,,,,,,,,,,28.146497,-82.306731,-15.344455,20.396159,115.288583,0.000000,1
369.700000,,,,,,,,,,,,,,28.146490,-82.306712,-15.304599,20.400040,115.600033,0.000000,1
369.800000,,,,,,,,,,,,,,28.146482,-82.306692,-15.264743,20.403920,115.911482,0.000000,1
369.900000,,,,,,,,,,,,,,28.146474,-82.306673,-15.224887,20.407800,116.222931,0.000000,1
370.000000,,,,,,,,,,,,,,28.146466,-82.306654,-15.185031,20.411681,116.534381,0.000000,1
370.100000,,,,,,,,,,,,,,28.146458,-82.306634,-15.189612,20.425081,116.837515,0.000000,1
370.200000,,,,,,,,,,,,,,28.146448,-82.306614,-15.240649,20.448433,117.131956,0.000000,1
370.300000,,,,,,,,,,,,,,28.146439,-82.306595,-15.291686,20.471785,117.426397,0.000000,1
370.400000,,,,,,,,,,,,,,28.146430,-82.306575,-15.342723,20.495137,117.720838,0.000000,1
370.500000,,,,,,,,,,,,,,28.146421,-82.306555,-15.393760,20.518490,118.015279,0.000000,1
370.600000,,,,,,,,,,,,,,28.146411,-82.306536,-15.444797,20.541842,118.309720,0.000000,1
370.700000,,,,,,,,,,,,,,28.146402,-82.306516,-15.495834,20.565194,118.604161,0.000000,1
370.800000,,,,,,,,,,,,,,28.146393,-82.306496,-15.546871,20.588546,118.898602,0.000000,1
370.900000,,,,,,,,,,,,,,28.146383,-82.306476,-15.597908,20.611899,119.193043,0.000000,1
371.000000,,,,,,,,,,,,,,28.146374,-82.306458,-15.606590,20.630217,119.450631,0.000000,1
371.100000,,,,,,,,,,,,,,28.146364,-82.306442,-15.570184,20.643175,119.668987,0.000000,1
371.200000,,,,,,,,,,,,,,28.146354,-82.306426,-15.533778,20.656134,119.887343,0.000000,1
371.300000,,,,,,,,,,,,,,28.146344,-82.306409,-15.497372,20.669093,120.105699,0.000000,1
371.400000,,,,,,,,,,,,,,28.146334,-82.306393,-15.460966,20.682052,120.324055,0.000000,1
371.500000,,,,,,,,,,,,,,28.146324,-82.306377,-15.424560,20.695011,120.542411,0.000000,1
371.600000,,,,,,,,,,,,,,28.146314,-82.306360,-15.388154,20.707970,120.760768,0.000000,1
371.700000,,,,,,,,,,,,,,28.146304,-82.306344,-15.351749,20.720929,120.979124,0.000000,1
371.800000,,,,,,,,,,,,,,28.146294,-82.306328,-15.315343,20.733888,121.197480,0.000000,1
371.900000,,,,,,,,,,,,,,28.146284,-82.306311,-15.278937,20.746847,121.415836,0.000000,1
372.000000,,,,,,,,,,,,,,28.146274,-82.306295,-15.273935,20.765780,121.627277,0.000000,1
372.100000,,,,,,,,,,,,,,28.146265,-82.306279,-15.301486,20.790906,121.831549,0.000000,1
372.200000,,,,,,,,,,,,,,28.146255,-82.306263,-15.329038,20.816032,122.035822,0.000000,1
372.300000,,,,,,,,,,,,,,28.146246,-82.306247,-15.356590,20.841157,122.240094,0.000000,1
372.400000,,,,,,,,,,,,,,28.146237,-82.306231,-15.384142,20.866283,122.444366,0.000000,1
372.500000,,,,,,,,,,,,,,28.146228,-82.306215,-15.411694,20.891409,122.648639,0.000000,1
372.600000,,,,,,,,,,,,,,28.146219,-82.306200,-15.439246,20.916535,122.852911,0.000000,1
372.700000,,,,,,,,,,,,,,28.146209,-82.306184,-15.466797,20.941661,123.057184,0.000000,1
372.800000,,,,,,,,,,,,,,28.146200,-82.306168,-15.494349,20.966787,123.261456,0.000000,1
372.900000,,,,,,,,,,,,,,28.146191,-82.306152,-15.521901,20.991913,123.465729,0.000000,1
373.000000,,,,,,,,,,,,,,28.146182,-82.306136,-15.549453,21.017039,123.670001,0.000000,1
373.100000,,,,,,,,,,,,,,28.146171,-82.306119,-15.562419,21.035720,123.818749,0.000000,1
373.200000,,,,,,,,,,,,,,28.146160,-82.306101,-15.563311,21.049068,123.921536,0.000000,1
373.300000,,,,,,,,,,,,,,28.146149,-82.306082,-15.564204,21.062415,124.024323,0.000000,1
373.400000,,,,,,,,,,,,,,28.146138,-82.306064,-15.565096,21.075762,124.127110,0.000000,1
373.500000,,,,,,,,,,,,,,28.146127,-82.306046,-15.565989,21.089110,124.229897,0.000000,1
373.600000,,,,,,,,,,,,,,28.146116,-82.306028,-15.566881,21.102457,124.332685,0.000000,1
373.700000,,,,,,,,,,,,,,28.146105,-82.306010,-15.567774,21.115804,124.435472,0.000000,1
373.800000,,,,,,,,,,,,,,28.146094,-82.305992,-15.568666,21.129152,124.538259,0.000000,1
373.900000,,,,,,,,,,,,,,28.146083,-82.305973,-15.569558,21.142499,124.641046,0.000000,1
374.000000,,,,,,,,,,,,,,28.146072,-82.305955,-15.570451,21.155847,124.743833,0.000000,1
374.100000,,,,,,,,,,,,,,28.146061,-82.305937,-15.547820,21.172286,124.800056,0.000000,1
374.200000,,,,,,,,,,,,,,28.146050,-82.305920,-15.506775,21.191145,124.819831,0.000000,1
374.300000,,,,,,,,,,,,,,28.146038,-82.305903,-15.465731,21.210004,124.839605,0.000000,1
374.400000,,,,,,,,,,,,,,28.146027,-82.305885,-15.424686,21.228863,124.859380,0.000000,1
374.500000,,,,,,,,,,,,,,28.146016,-82.305868,-15.383642,21.247722,124.879155,0.000000,1
374.600000,,,,,,,,,,,,,,28.146004,-82.305850,-15.342597,21.266581,124.898930,0.000000,1
374.700000,,,,,,,,,,,,,,28.145993,-82.305833,-15.301553,21.285440,124.918705,0.000000,1
374.800000,,,,,,,,,,,,,,28.145981,-82.305815,-15.260509,21.304299,124.938479,0.000000,1
374.900000,,,,,,,,,,,,,,28.145970,-82.305798,-15.219464,21.323158,124.958254,0.000000,1
375.000000,,,,,,,,,,,,,,28.145959,-82.305780,-15.178420,21.342017,124.978029,0.000000,1
375.100000,,,,,,,,,,,,,,28.145947,-82.305762,-15.148801,21.370187,124.943832,0.000000,1
375.200000,,,,,,,,,,,,,,28.145936,-82.305745,-15.128878,21.406259,124.863839,0.000000,1
375.300000,,,,,,,,,,,,,,28.145924,-82.305727,-15.108955,21.442330,124.783845,0.000000,1
375.400000,,,,,,,,,,,,,,28.145912,-82.305709,-15.089032,21.478402,124.703851,0.000000,1
375.500000,,,,,,,,,,,,,,28.145901,-82.305691,-15.069109,21.514474,124.623858,0.000000,1
375.600000,,,,,,,,,,,,,,28.145889,-82.305673,-15.049186,21.550545,124.543864,0.000000,1
375.700000,,,,,,,,,,,,,,28.145878,-82.305655,-15.029263,21.586617,124.463871,0.000000,1
375.800000,,,,,,,,,,,,,,28.145866,-82.305637,-15.009340,21.622688,124.383877,0.000000,1
375.900000,,,,,,,,,,,,,,28.145855,-82.305620,-14.989416,21.658760,124.303884,0.000000,1
376.000000,,,,,,,,,,,,,,28.145843,-82.305602,-14.969493,21.694831,124.223890,0.000000,1
376.100000,,,,,,,,,,,,,,28.145832,-82.305584,-14.934026,21.727484,124.194630,0.000000,1
376.200000,,,,,,,,,,,,,,28.145821,-82.305565,-14.885511,21.757266,124.207957,0.000000,1
376.300000,,,,,,,,,,,,,,28.145810,-82.305547,-14.836995,21.787048,124.221283,0.000000,1
376.400000,,,,,,,,,,,,,,28.145799,-82.305529,-14.788480,21.816830,124.234609,0.000000,1
376.500000,,,,,,,,,,,,,,28.145788,-82.305511,-14.739964,21.846613,124.247936,0.000000,1
376.600000,,,,,,,,,,,,,,28.145777,-82.305492,-14.691449,21.876395,124.261262,0.000000,1
376.700000,,,,,,,,,,,,,,28.145766,-82.305474,-14.642934,21.906177,124.274588,0.000000,1
376.800000,,,,,,,,,,,,,,28.145756,-82.305456,-14.594418,21.935959,124.287914,0.000000,1
376.900000,,,,,,,,,,,,,,28.145745,-82.305438,-14.545903,21.965741,124.301241,0.000000,1
377.000000,,,,,,,,,,,,,,28.145734,-82.305419,-14.497388,21.995524,124.314567,0.000000,1
377.100000,,,,,,,,,,,,,,28.145722,-82.305401,-14.465574,22.021274,124.309519,0.000000,1
377.200000,,,,,,,,,,,,,,28.145711,-82.305382,-14.451035,22.042855,124.285467,0.000000,1
377.300000,,,,,,,,,,,,,,28.145699,-82.305364,-14.436495,22.064436,124.261415,0.000000,1
377.400000,,,,,,,,,,,,,,28.145688,-82.305345,-14.421956,22.086017,124.237363,0.000000,1
377.500000,,,,,,,,,,,,,,28.145676,-82.305327,-14.407416,22.107598,124.213311,0.000000,1
377.600000,,,,,,,,,,,,,,28.145664,-82.305308,-14.392877,22.129178,124.189259,0.000000,1
377.700000,,,,,,,,,,,,,,28.145653,-82.305289,-14.378338,22.150759,124.165207,0.000000,1
377.800000,,,,,,,,,,,,,,28.145641,-82.305271,-14.363798,22.172340,124.141155,0.000000,1
377.900000,,,,,,,,,,,,,,28.145629,-82.305252,-14.349259,22.193921,124.117103,0.000000,1
378.000000,,,,,,,,,,,,,,28.145618,-82.305234,-14.334719,22.215502,124.093051,0.000000,1
378.100000,,,,,,,,,,,,,,28.145606,-82.305215,-14.322854,22.219565,124.102916,0.000000,1
378.200000,,,,,,,,,,,,,,28.145595,-82.305196,-14.313315,22.208392,124.142279,0.000000,1
378.300000,,,,,,,,,,,,,,28.145584,-82.305177,-14.303776,22.197219,124.181641,0.000000,1
378.400000,,,,,,,,,,,,,,28.145574,-82.305158,-14.294236,22.186047,124.221004,0.000000,1
378.500000,,,,,,,,,,,,,,28.145563,-82.305139,-14.284697,22.174874,124.260366,0.000000,1
378.600000,,,,,,,,,,,,,,28.145552,-82.305120,-14.275158,22.163702,124.299729,0.000000,1
378.700000,,,,,,,,,,,,,,28.145541,-82.305101,-14.265618,22.152529,124.339091,0.000000,1
378.800000,,,,,,,,,,,,,,28.145530,-82.305082,-14.256079,22.141356,124.378453,0.000000,1
378.900000,,,,,,,,,,,,,,28.145519,-82.305063,-14.246540,22.130184,124.417816,0.000000,1
379.000000,,,,,,,,,,,,,,28.145508,-82.305044,-14.237001,22.119011,124.457178,0.000000,1
379.100000,,,,,,,,,,,,,,28.145496,-82.305025,-14.219333,22.100715,124.501373,0.000000,1
379.200000,,,,,,,,,,,,,,28.145484,-82.305007,-14.195010,22.076585,124.549526,0.000000,1
379.300000,,,,,,,,,,,,,,28.145473,-82.304989,-14.170687,22.052455,124.597678,0.000000,1
379.400000,,,,,,,,,,,,,,28.145461,-82.304971,-14.146363,22.028325,124.645830,0.000000,1
379.500000,,,,,,,,,,,,,,28.145449,-82.304953,-14.122040,22.004195,124.693982,0.000000,1
379.600000,,,,,,,,,,,,,,28.145438,-82.304935,-14.097717,21.980065,124.742134,0.000000,1
379.700000,,,,,,,,,,,,,,28.145426,-82.304917,-14.073393,21.955935,124.790287,0.000000,1
379.800000,,,,,,,,,,,,,,28.145414,-82.304899,-14.049070,21.931805,124.838439,0.000000,1
379.900000,,,,,,,,,,,,,,28.145402,-82.304881,-14.024747,21.907675,124.886591,0.000000,1
380.000000,,,,,,,,,,,,,,28.145391,-82.304863,-14.000424,21.883545,124.934743,0.000000,1
380.100000,,,,,,,,,,,,,,28.145380,-82.304844,-14.005802,21.861293,124.868965,0.000000,1
380.200000,,,,,,,,,,,,,,28.145369,-82.304825,-14.037537,21.840707,124.702092,0.000000,1
380.300000,,,,,,,,,,,,,,28.145358,-82.304807,-14.069272,21.820122,124.535219,0.000000,1
380.400000,,,,,,,,,,,,,,28.145348,-82.304788,-14.101007,21.799536,124.368346,0.000000,1
380.500000,,,,,,,,,,,,,,28.145337,-82.304769,-14.132741,21.778951,124.201472,0.000000,1
380.600000,,,,,,,,,,,,,,28.145327,-82.304750,-14.164476,21.758365,124.034599,0.000000,1
380.700000,,,,,,,,,,,,,,28.145316,-82.304731,-14.196211,21.737779,123.867726,0.000000,1
380.800000,,,,,,,,,,,,,,28.145305,-82.304712,-14.227945,21.717194,123.700853,0.000000,1
380.900000,,,,,,,,,,,,,,28.145295,-82.304693,-14.259680,21.696608,123.533980,0.000000,1
381.000000,,,,,,,,,,,,,,28.145284,-82.304674,-14.291415,21.676023,123.367107,0.000000,1
381.100000,,,,,,,,,,,,,,28.145274,-82.304655,-14.266466,21.656652,123.216845,0.000000,1
381.200000,,,,,,,,,,,,,,28.145264,-82.304636,-14.190193,21.638380,123.081624,0.000000,1
381.300000,,,,,,,,,,,,,,28.145254,-82.304617,-14.113920,21.620109,122.946403,0.000000,1
381.400000,,,,,,,,,,,,,,28.145243,-82.304598,-14.037648,21.601838,122.811181,0.000000,1
381.500000,,,,,,,,,,,,,,28.145233,-82.304579,-13.961375,21.583567,122.675960,0.000000,1
381.600000,,,,,,,,,,,,,,28.145223,-82.304560,-13.885102,21.565296,122.540739,0.000000,1
381.700000,,,,,,,,,,,,,,28.145213,-82.304541,-13.808829,21.547024,122.405518,0.000000,1
381.800000,,,,,,,,,,,,,,28.145203,-82.304523,-13.732557,21.528753,122.270297,0.000000,1
381.900000,,,,,,,,,,,,,,28.145193,-82.304504,-13.656284,21.510482,122.135075,0.000000,1
382.000000,,,,,,,,,,,,,,28.145183,-82.304485,-13.580011,21.492211,121.999854,0.000000,1
382.100000,,,,,,,,,,,,,,28.145173,-82.304466,-13.538758,21.483995,121.849316,0.000000,1
382.200000,,,,,,,,,,,,,,28.145162,-82.304448,-13.533795,21.486200,121.682905,0.000000,1
382.300000,,,,,,,,,,,,,,28.145152,-82.304429,-13.528832,21.488405,121.516494,0.000000,1
382.400000,,,,,,,,,,,,,,28.145141,-82.304411,-13.523869,21.490609,121.350083,0.000000,1
382.500000,,,,,,,,,,,,,,28.145131,-82.304392,-13.518907,21.492814,121.183671,0.000000,1
382.600000,,,,,,,,,,,,,,28.145121,-82.304374,-13.513944,21.495019,121.017260,0.000000,1
382.700000,,,,,,,,,,,,,,28.145110,-82.304356,-13.508981,21.497224,120.850849,0.000000,1
382.800000,,,,,,,,,,,,,,28.145100,-82.304337,-13.504018,21.499429,120.684438,0.000000,1
382.900000,,,,,,,,,,,,,,28.145089,-82.304319,-13.499056,21.501634,120.518027,0.000000,1
383.000000,,,,,,,,,,,,,,28.145079,-82.304300,-13.494093,21.503839,120.351615,0.000000,1
383.100000,,,,,,,,,,,,,,28.145069,-82.304282,-13.514370,21.504721,120.227755,0.000000,1
383.200000,,,,,,,,,,,,,,28.145060,-82.304263,-13.560633,21.504242,120.147705,0.000000,1
383.300000,,,,,,,,,,,,,,28.145051,-82.304245,-13.606897,21.503763,120.067654,0.000000,1
383.400000,,,,,,,,,,,,,,28.145041,-82.304226,-13.653161,21.503284,119.987604,0.000000,1
383.500000,,,,,,,,,,,,,,28.145032,-82.304207,-13.699425,21.502805,119.907553,0.000000,1
383.600000,,,,,,,,,,,,,,28.145023,-82.304189,-13.745688,21.502326,119.827503,0.000000,1
383.700000,,,,,,,,,,,,,,28.145013,-82.304170,-13.791952,21.501846,119.747452,0.000000,1
383.800000,,,,,,,,,,,,,,28.145004,-82.304151,-13.838216,21.501367,119.667402,0.000000,1
383.900000,,,,,,,,,,,,,,28.144995,-82.304133,-13.884479,21.500888,119.587351,0.000000,1
384.000000,,,,,,,,,,,,,,28.144985,-82.304114,-13.930743,21.500409,119.507301,0.000000,1
384.100000,,,,,,,,,,,,,,28.144976,-82.304095,-13.947775,21.503987,119.434373,0.000000,1
384.200000,,,,,,,,,,,,,,28.144966,-82.304075,-13.939930,21.511019,119.367508,0.000000,1
384.300000,,,,,,,,,,,,,,28.144957,-82.304056,-13.932084,21.518050,119.300642,0.000000,1
384.400000,,,,,,,,,,,,,,28.144947,-82.304036,-13.924239,21.525082,119.233777,0.000000,1
384.500000,,,,,,,,,,,,,,28.144937,-82.304017,-13.916394,21.532113,119.166911,0.000000,1
384.600000,,,,,,,,,,,,,,28.144927,-82.303997,-13.908549,21.539144,119.100045,0.000000,1
384.700000,,,,,,,,,,,,,,28.144918,-82.303978,-13.900704,21.546176,119.033180,0.000000,1
384.800000,,,,,,,,,,,,,,28.144908,-82.303958,-13.892859,21.553207,118.966314,0.000000,1
384.900000,,,,,,,,,,,,,,28.144898,-82.303939,-13.885013,21.560238,118.899448,0.000000,1
385.000000,,,,,,,,,,,,,,28.144889,-82.303919,-13.877168,21.567270,118.832583,0.000000,1
385.100000,,,,,,,,,,,,,,28.144879,-82.303900,-13.862262,21.568983,118.790952,0.000000,1
385.200000,,,,,,,,,,,,,,28.144870,-82.303881,-13.840767,21.565735,118.772866,0.000000,1
385.300000,,,,,,,,,,,,,,28.144860,-82.303862,-13.819272,21.562486,118.754780,0.000000,1
385.400000,,,,,,,,,,,,,,28.144851,-82.303842,-13.797777,21.559238,118.736694,0.000000,1
385.500000,,,,,,,,,,,,,,28.144841,-82.303823,-13.776283,21.555989,118.718607,0.000000,1
385.600000,,,,,,,,,,,,,,28.144832,-82.303804,-13.754788,21.552741,118.700521,0.000000,1
385.700000,,,,,,,,,,,,,,28.144822,-82.303785,-13.733293,21.549493,118.682435,0.000000,1
385.800000,,,,,,,,,,,,,,28.144813,-82.303765,-13.711798,21.546244,118.664349,0.000000,1
385.900000,,,,,,,,,,,,,,28.144803,-82.303746,-13.690303,21.542996,118.646263,0.000000,1
386.000000,,,,,,,,,,,,,,28.144794,-82.303727,-13.668808,21.539747,118.628177,0.000000,1
386.100000,,,,,,,,,,,,,,28.144785,-82.303707,-13.648531,21.546091,118.531426,0.000000,1
386.200000,,,,,,,,,,,,,,28.144775,-82.303687,-13.629440,21.561773,118.358092,0.000000,1
386.300000,,,,,,,,,,,,,,28.144766,-82.303667,-13.610348,21.577456,118.184758,0.000000,1
386.400000,,,,,,,,,,,,,,28.144756,-82.303647,-13.591257,21.593138,118.011424,0.000000,1
386.500000,,,,,,,,,,,,,,28.144747,-82.303627,-13.572165,21.608820,117.838090,0.000000,1
386.600000,,,,,,,,,,,,,,28.144738,-82.303607,-13.553074,21.624502,117.664756,0.000000,1
386.700000,,,,,,,,,,,,,,28.144728,-82.303587,-13.533983,21.640184,117.491421,0.000000,1
386.800000,,,,,,,,,,,,,,28.144719,-82.303567,-13.514891,21.655867,117.318087,0.000000,1
386.900000,,,,,,,,,,,,,,28.144710,-82.303547,-13.495800,21.671549,117.144753,0.000000,1
387.000000,,,,,,,,,,,,,,28.144700,-82.303527,-13.476708,21.687231,116.971419,0.000000,1
387.100000,,,,,,,,,,,,,,28.144691,-82.303507,-13.434436,21.698393,116.700000,0.000000,1
387.200000,,,,,,,,,,,,,,28.144682,-82.303485,-13.371671,21.705560,116.341866,0.000000,1
387.300000,,,,,,,,,,,,,,28.144673,-82.303464,-13.308905,21.712727,115.983731,0.000000,1
387.400000,,,,,,,,,,,,,,28.144664,-82.303443,-13.246140,21.719893,115.625596,0.000000,1
387.500000,,,,,,,,,,,,,,28.144655,-82.303422,-13.183374,21.727060,115.267462,0.000000,1
387.600000,,,,,,,,,,,,,,28.144646,-82.303400,-13.120609,21.734227,114.909327,0.000000,1
387.700000,,,,,,,,,,,,,,28.144637,-82.303379,-13.057843,21.741393,114.551192,0.000000,1
387.800000,,,,,,,,,,,,,,28.144628,-82.303358,-12.995078,21.748560,114.193057,0.000000,1
387.900000,,,,,,,,,,,,,,28.144619,-82.303336,-12.932312,21.755727,113.834923,0.000000,1
388.000000,,,,,,,,,,,,,,28.144610,-82.303315,-12.869547,21.762893,113.476788,0.000000,1
388.100000,,,,,,,,,,,,,,28.144601,-82.303293,-12.830894,21.779049,113.371235,0.000000,1
388.200000,,,,,,,,,,,,,,28.144591,-82.303271,-12.797608,21.797206,113.321905,0.000000,1
388.300000,,,,,,,,,,,,,,28.144581,-82.303249,-12.764322,21.815363,113.272576,0.000000,1
388.400000,,,,,,,,,,,,,,28.144571,-82.303227,-12.731036,21.833520,113.223246,0.000000,1
388.500000,,,,,,,,,,,,,,28.144561,-82.303205,-12.697751,21.851676,113.173917,0.000000,1
388.600000,,,,,,,,,,,,,,28.144552,-82.303184,-12.664465,21.869833,113.124588,0.000000,1
388.700000,,,,,,,,,,,,,,28.144542,-82.303162,-12.631179,21.887990,113.075258,0.000000,1
388.800000,,,,,,,,,,,,,,28.144532,-82.303140,-12.597893,21.906147,113.025929,0.000000,1
388.900000,,,,,,,,,,,,,,28.144522,-82.303118,-12.564608,21.924303,112.976599,0.000000,1
389.000000,,,,,,,,,,,,,,28.144513,-82.303096,-12.531371,21.942969,112.909975,0.000000,1
389.100000,,,,,,,,,,,,,,28.144506,-82.303075,-12.498190,21.962214,112.823701,0.000000,1
389.200000,,,,,,,,,,,,,,28.144499,-82.303054,-12.465009,21.981458,112.737428,0.000000,1
389.300000,,,,,,,,,,,,,,28.144491,-82.303034,-12.431827,22.000703,112.651155,0.000000,1
389.400000,,,,,,,,,,,,,,28.144484,-82.303013,-12.398646,22.019947,112.564881,0.000000,1
389.500000,,,,,,,,,,,,,,28.144476,-82.302992,-12.365465,22.039191,112.478608,0.000000,1
389.600000,,,,,,,,,,,,,,28.144469,-82.302971,-12.332284,22.058436,112.392335,0.000000,1
389.700000,,,,,,,,,,,,,,28.144461,-82.302950,-12.299103,22.077680,112.306061,0.000000,1
389.800000,,,,,,,,,,,,,,28.144454,-82.302929,-12.265922,22.096925,112.219788,0.000000,1
389.900000,,,,,,,,,,,,,,28.144446,-82.302908,-12.232741,22.116169,112.133515,0.000000,1
390.000000,,,,,,,,,,,,,,28.144439,-82.302887,-12.275449,22.133618,112.073128,0.000000,1
390.100000,,,,,,,,,,,,,,28.144432,-82.302866,-12.403578,22.149046,112.041877,0.000000,1
390.200000,,,,,,,,,,,,,,28.144426,-82.302845,-12.531706,22.164473,112.010627,0.000000,1
390.300000,,,,,,,,,,,,,,28.144419,-82.302824,-12.659835,22.179901,111.979377,0.000000,1
390.400000,,,,,,,,,,,,,,28.144412,-82.302803,-12.787963,22.195329,111.948127,0.000000,1
390.500000,,,,,,,,,,,,,,28.144405,-82.302781,-12.916092,22.210757,111.916877,0.000000,1
390.600000,,,,,,,,,,,,,,28.144398,-82.302760,-13.044220,22.226184,111.885626,0.000000,1
390.700000,,,,,,,,,,,,,,28.144391,-82.302739,-13.172348,22.241612,111.854376,0.000000,1
390.800000,,,,,,,,,,,,,,28.144384,-82.302718,-13.300477,22.257040,111.823126,0.000000,1
390.900000,,,,,,,,,,,,,,28.144378,-82.302697,-13.428605,22.272467,111.791876,0.000000,1
391.000000,,,,,,,,,,,,,,28.144371,-82.302675,-13.453038,22.320928,111.741731,0.000000,1
391.100000,,,,,,,,,,,,,,28.144364,-82.302652,-13.365376,22.405096,111.671163,0.000000,1
391.200000,,,,,,,,,,,,,,28.144358,-82.302629,-13.277714,22.489264,111.600595,0.000000,1
391.300000,,,,,,,,,,,,,,28.144351,-82.302606,-13.190053,22.573432,111.530027,0.000000,1
391.400000,,,,,,,,,,,,,,28.144345,-82.302583,-13.102391,22.657601,111.459458,0.000000,1
391.500000,,,,,,,,,,,,,,28.144338,-82.302561,-13.014729,22.741769,111.388890,0.000000,1
391.600000,,,,,,,,,,,,,,28.144332,-82.302538,-12.927067,22.825937,111.318322,0.000000,1
391.700000,,,,,,,,,,,,,,28.144325,-82.302515,-12.839405,22.910106,111.247753,0.000000,1
391.800000,,,,,,,,,,,,,,28.144319,-82.302492,-12.751744,22.994274,111.177185,0.000000,1
391.900000,,,,,,,,,,,,,,28.144312,-82.302469,-12.664082,23.078442,111.106617,0.000000,1
392.000000,,,,,,,,,,,,,,28.144306,-82.302447,-12.632973,23.101557,111.063084,0.000000,1
392.100000,,,,,,,,,,,,,,28.144299,-82.302427,-12.691177,23.028252,111.062249,0.000000,1
392.200000,,,,,,,,,,,,,,28.144292,-82.302407,-12.749382,22.954946,111.061414,0.000000,1
392.300000,,,,,,,,,,,,,,28.144286,-82.302387,-12.807586,22.881640,111.060579,0.000000,1
392.400000,,,,,,,,,,,,,,28.144279,-82.302367,-12.865791,22.808334,111.059744,0.000000,1
392.500000,,,,,,,,,,,,,,28.144272,-82.302347,-12.923995,22.735029,111.058909,0.000000,1
392.600000,,,,,,,,,,,,,,28.144266,-82.302327,-12.982200,22.661723,111.058073,0.000000,1
392.700000,,,,,,,,,,,,,,28.144259,-82.302307,-13.040404,22.588417,111.057238,0.000000,1
392.800000,,,,,,,,,,,,,,28.144252,-82.302287,-13.098609,22.515111,111.056403,0.000000,1
392.900000,,,,,,,,,,,,,,28.144246,-82.302267,-13.156813,22.441806,111.055568,0.000000,1
393.000000,,,,,,,,,,,,,,28.144239,-82.302246,-13.205810,22.418112,111.066948,0.000000,1
393.100000,,,,,,,,,,,,,,28.144231,-82.302224,-13.239455,22.477140,111.098695,0.000000,1
393.200000,,,,,,,,,,,,,,28.144223,-82.302202,-13.273100,22.536167,111.130442,0.000000,1
393.300000,,,,,,,,,,,,,,28.144215,-82.302180,-13.306745,22.595194,111.162189,0.000000,1
393.400000,,,,,,,,,,,,,,28.144207,-82.302158,-13.340390,22.654221,111.193936,0.000000,1
393.500000,,,,,,,,,,,,,,28.144199,-82.302136,-13.374035,22.713249,111.225683,0.000000,1
393.600000,,,,,,,,,,,,,,28.144191,-82.302114,-13.407680,22.772276,111.257430,0.000000,1
393.700000,,,,,,,,,,,,,,28.144183,-82.302092,-13.441325,22.831303,111.289177,0.000000,1
393.800000,,,,,,,,,,,,,,28.144175,-82.302070,-13.474969,22.890330,111.320924,0.000000,1
393.900000,,,,,,,,,,,,,,28.144167,-82.302048,-13.508614,22.949358,111.352671,0.000000,1
394.000000,,,,,,,,,,,,,,28.144159,-82.302028,-13.542214,22.933713,111.399594,0.000000,1
394.100000,,,,,,,,,,,,,,28.144152,-82.302010,-13.575751,22.814818,111.467504,0.000000,1
394.200000,,,,,,,,,,,,,,28.144144,-82.301992,-13.609287,22.695922,111.535414,0.000000,1
394.300000,,,,,,,,,,,,,,28.144136,-82.301975,-13.642824,22.577026,111.603323,0.000000,1
394.400000,,,,,,,,,,,,,,28.144129,-82.301957,-13.676361,22.458130,111.671233,0.000000,1
394.500000,,,,,,,,,,,,,,28.144121,-82.301940,-13.709898,22.339235,111.739143,0.000000,1
394.600000,,,,,,,,,,,,,,28.144113,-82.301922,-13.743434,22.220339,111.807053,0.000000,1
394.700000,,,,,,,,,,,,,,28.144106,-82.301905,-13.776971,22.101443,111.874962,0.000000,1
394.800000,,,,,,,,,,,,,,28.144098,-82.301887,-13.810508,21.982547,111.942872,0.000000,1
394.900000,,,,,,,,,,,,,,28.144090,-82.301870,-13.844045,21.863652,112.010782,0.000000,1
395.000000,,,,,,,,,,,,,,28.144084,-82.301851,-13.962568,21.818268,111.905894,0.000000,1
395.100000,,,,,,,,,,,,,,28.144078,-82.301829,-14.198520,21.874459,111.562247,0.000000,1
395.200000,,,,,,,,,,,,,,28.144073,-82.301808,-14.434471,21.930650,111.218599,0.000000,1
395.300000,,,,,,,,,,,,,,28.144068,-82.301787,-14.670423,21.986840,110.874952,0.000000,1
395.400000,,,,,,,,,,,,,,28.144062,-82.301766,-14.906375,22.043031,110.531305,0.000000,1
395.500000,,,,,,,,,,,,,,28.144057,-82.301744,-15.142326,22.099222,110.187657,0.000000,1
395.600000,,,,,,,,,,,,,,28.144052,-82.301723,-15.378278,22.155413,109.844010,0.000000,1
395.700000,,,,,,,,,,,,,,28.144046,-82.301702,-15.614230,22.211603,109.500362,0.000000,1
395.800000,,,,,,,,,,,,,,28.144041,-82.301680,-15.850181,22.267794,109.156715,0.000000,1
395.900000,,,,,,,,,,,,,,28.144036,-82.301659,-16.086133,22.323985,108.813068,0.000000,1
396.000000,,,,,,,,,,,,,,28.144030,-82.301638,-16.322085,22.380176,108.469420,0.000000,1
396.100000,,,,,,,,,,,,,,28.144024,-82.301616,-16.406573,22.432419,108.211991,0.000000,1
396.200000,,,,,,,,,,,,,,28.144018,-82.301593,-16.332754,22.480536,108.044675,0.000000,1
396.300000,,,,,,,,,,,,,,28.144012,-82.301571,-16.258934,22.528653,107.877360,0.000000,1
396.400000,,,,,,,,,,,,,,28.144005,-82.301548,-16.185115,22.576770,107.710044,0.000000,1
396.500000,,,,,,,,,,,,,,28.143999,-82.301525,-16.111296,22.624887,107.542729,0.000000,1
396.600000,,,,,,,,,,,,,,28.143993,-82.301503,-16.037476,22.673004,107.375413,0.000000,1
396.700000,,,,,,,,,,,,,,28.143987,-82.301480,-15.963657,22.721121,107.208098,0.000000,1
396.800000,,,,,,,,,,,,,,28.143980,-82.301457,-15.889838,22.769238,107.040782,0.000000,1
396.900000,,,,,,,,,,,,,,28.143974,-82.301435,-15.816018,22.817355,106.873467,0.000000,1
397.000000,,,,,,,,,,,,,,28.143968,-82.301412,-15.742199,22.865472,106.706151,0.000000,1
397.100000,,,,,,,,,,,,,,28.143961,-82.301390,-15.674383,22.875646,106.592393,0.000000,1
397.200000,,,,,,,,,,,,,,28.143955,-82.301368,-15.612877,22.845929,106.534942,0.000000,1
397.300000,,,,,,,,,,,,,,28.143949,-82.301347,-15.551371,22.816213,106.477490,0.000000,1
397.400000,,,,,,,,,,,,,,28.143942,-82.301326,-15.489866,22.786496,106.420039,0.000000,1
397.500000,,,,,,,,,,,,,,28.143936,-82.301304,-15.428360,22.756779,106.362588,0.000000,1
397.600000,,,,,,,,,,,,,,28.143930,-82.301283,-15.366855,22.727062,106.305137,0.000000,1
397.700000,,,,,,,,,,,,,,28.143924,-82.301261,-15.305349,22.697345,106.247686,0.000000,1
397.800000,,,,,,,,,,,,,,28.143917,-82.301240,-15.243844,22.667628,106.190235,0.000000,1
397.900000,,,,,,,,,,,,,,28.143911,-82.301218,-15.182338,22.637911,106.132783,0.000000,1
398.000000,,,,,,,,,,,,,,28.143905,-82.301197,-15.120833,22.608194,106.075332,0.000000,1
398.100000,,,,,,,,,,,,,,28.143899,-82.301176,-15.080346,22.574090,106.000260,0.000000,1
398.200000,,,,,,,,,,,,,,28.143893,-82.301156,-15.062949,22.535166,105.905829,0.000000,1
398.300000,,,,,,,,,,,,,,28.143887,-82.301135,-15.045552,22.496242,105.811398,0.000000,1
398.400000,,,,,,,,,,,,,,28.143881,-82.301115,-15.028155,22.457317,105.716968,0.000000,1
398.500000,,,,,,,,,,,,,,28.143875,-82.301095,-15.010758,22.418393,105.622537,0.000000,1
398.600000,,,,,,,,,,,,,,28.143869,-82.301074,-14.993361,22.379469,105.528107,0.000000,1
398.700000,,,,,,,,,,,,,,28.143864,-82.301054,-14.975964,22.340545,105.433676,0.000000,1
398.800000,,,,,,,,,,,,,,28.143858,-82.301034,-14.958567,22.301621,105.339245,0.000000,1
398.900000,,,,,,,,,,,,,,28.143852,-82.301013,-14.941170,22.262697,105.244815,0.000000,1
399.000000,,,,,,,,,,,,,,28.143846,-82.300993,-14.923773,22.223772,105.150384,0.000000,1
399.100000,,,,,,,,,,,,,,28.143841,-82.300971,-14.854227,22.233253,104.964930,0.000000,1
399.200000,,,,,,,,,,,,,,28.143837,-82.300946,-14.724324,22.298756,104.674124,0.000000,1
399.300000,,,,,,,,,,,,,,28.143833,-82.300921,-14.594420,22.364260,104.383318,0.000000,1
399.400000,,,,,,,,,,,,,,28.143829,-82.300897,-14.464516,22.429764,104.092512,0.000000,1
399.500000,,,,,,,,,,,,,,28.143825,-82.300872,-14.334613,22.495268,103.801707,0.000000,1
399.600000,,,,,,,,,,,,,,28.143821,-82.300848,-14.204709,22.560772,103.510901,0.000000,1
399.700000,,,,,,,,,,,,,,28.143817,-82.300823,-14.074806,22.626275,103.220095,0.000000,1
399.800000,,,,,,,,,,,,,,28.143813,-82.300798,-13.944902,22.691779,102.929289,0.000000,1
399.900000,,,,,,,,,,,,,,28.143809,-82.300774,-13.814998,22.757283,102.638483,0.000000,1
400.000000,,,,,,,,,,,,,,28.143805,-82.300749,-13.685095,22.822787,102.347677,0.000000,1
400.100000,,,,,,,,,,,,,,28.143801,-82.300725,-13.554718,22.855126,102.154872,0.000000,1
400.200000,,,,,,,,,,,,,,28.143797,-82.300700,-13.423847,22.852745,102.064661,0.000000,1
400.300000,,,,,,,,,,,,,,28.143794,-82.300675,-13.292976,22.850364,101.974451,0.000000,1
400.400000,,,,,,,,,,,,,,28.143790,-82.300650,-13.162104,22.847983,101.884240,0.000000,1
400.500000,,,,,,,,,,,,,,28.143786,-82.300625,-13.031233,22.845602,101.794030,0.000000,1
400.600000,,,,,,,,,,,,,,28.143782,-82.300601,-12.900362,22.843221,101.703819,0.000000,1
400.700000,,,,,,,,,,,,,,28.143778,-82.300576,-12.769491,22.840841,101.613608,0.000000,1
400.800000,,,,,,,,,,,,,,28.143775,-82.300551,-12.638619,22.838460,101.523398,0.000000,1
400.900000,,,,,,,,,,,,,,28.143771,-82.300526,-12.507748,22.836079,101.433187,0.000000,1
401.000000,,,,,,,,,,,,,,28.143767,-82.300502,-12.376877,22.833698,101.342977,0.000000,1
401.100000,,,,,,,,,,,,,,28.143764,-82.300476,-12.218439,22.836831,101.239069,0.000000,1
401.200000,,,,,,,,,,,,,,28.143761,-82.300450,-12.022812,22.847404,101.116683,0.000000,1
401.300000,,,,,,,,,,,,,,28.143759,-82.300424,-11.827184,22.857976,100.994297,0.000000,1
401.400000,,,,,,,,,,,,,,28.143756,-82.300398,-11.631557,22.868548,100.871910,0.000000,1
401.500000,,,,,,,,,,,,,,28.143753,-82.300373,-11.435930,22.879120,100.749524,0.000000,1
401.600000,,,,,,,,,,,,,,28.143751,-82.300347,-11.240302,22.889693,100.627138,0.000000,1
401.700000,,,,,,,,,,,,,,28.143748,-82.300321,-11.044675,22.900265,100.504752,0.000000,1
401.800000,,,,,,,,,,,,,,28.143745,-82.300295,-10.849048,22.910837,100.382366,0.000000,1
401.900000,,,,,,,,,,,,,,28.143743,-82.300269,-10.653421,22.921410,100.259979,0.000000,1
402.000000,,,,,,,,,,,,,,28.143740,-82.300243,-10.457793,22.931982,100.137593,0.000000,1
402.100000,,,,,,,,,,,,,,28.143738,-82.300217,-10.366944,22.950854,100.032023,0.000000,1
402.200000,,,,,,,,,,,,,,28.143737,-82.300191,-10.373193,22.977418,99.942036,0.000000,1
402.300000,,,,,,,,,,,,,,28.143735,-82.300166,-10.379443,23.003981,99.852049,0.000000,1
402.400000,,,,,,,,,,,,,,28.143733,-82.300140,-10.385693,23.030545,99.762062,0.000000,1
402.500000,,,,,,,,,,,,,,28.143732,-82.300115,-10.391942,23.057109,99.672075,0.000000,1
402.600000,,,,,,,,,,,,,,28.143730,-82.300089,-10.398192,23.083672,99.582088,0.000000,1
402.700000,,,,,,,,,,,,,,28.143728,-82.300064,-10.404442,23.110236,99.492101,0.000000,1
402.800000,,,,,,,,,,,,,,28.143727,-82.300038,-10.410691,23.136800,99.402114,0.000000,1
402.900000,,,,,,,,,,,,,,28.143725,-82.300013,-10.416941,23.163364,99.312127,0.000000,1
403.000000,,,,,,,,,,,,,,28.143724,-82.299987,-10.423191,23.189927,99.222140,0.000000,1
403.100000,,,,,,,,,,,,,,28.143721,-82.299963,-10.437220,23.216165,99.129073,0.000000,1
403.200000,,,,,,,,,,,,,,28.143717,-82.299940,-10.462644,23.241925,99.031497,0.000000,1
403.300000,,,,,,,,,,,,,,28.143713,-82.299917,-10.488068,23.267685,98.933920,0.000000,1
403.400000,,,,,,,,,,,,,,28.143709,-82.299894,-10.513492,23.293444,98.836343,0.000000,1
403.500000,,,,,,,,,,,,,,28.143705,-82.299872,-10.538916,23.319204,98.738766,0.000000,1
403.600000,,,,,,,,,,,,,,28.143701,-82.299849,-10.564340,23.344964,98.641189,0.000000,1
403.700000,,,,,,,,,,,,,,28.143697,-82.299826,-10.589764,23.370724,98.543613,0.000000,1
403.800000,,,,,,,,,,,,,,28.143693,-82.299803,-10.615188,23.396484,98.446036,0.000000,1
403.900000,,,,,,,,,,,,,,28.143689,-82.299780,-10.640612,23.422244,98.348459,0.000000,1
404.000000,,,,,,,,,,,,,,28.143685,-82.299758,-10.666035,23.448003,98.250882,0.000000,1
404.100000,,,,,,,,,,,,,,28.143682,-82.299734,-10.698601,23.457195,98.094616,0.000000,1
404.200000,,,,,,,,,,,,,,28.143679,-82.299710,-10.737186,23.452422,97.888880,0.000000,1
404.300000,,,,,,,,,,,,,,28.143676,-82.299686,-10.775772,23.447649,97.683144,0.000000,1
404.400000,,,,,,,,,,,,,,28.143674,-82.299662,-10.814357,23.442876,97.477408,0.000000,1
404.500000,,,,,,,,,,,,,,28.143671,-82.299638,-10.852942,23.438103,97.271671,0.000000,1
404.600000,,,,,,,,,,,,,,28.143668,-82.299614,-10.891528,23.433330,97.065935,0.000000,1
404.700000,,,,,,,,,,,,,,28.143666,-82.299590,-10.930113,23.428557,96.860199,0.000000,1
404.800000,,,,,,,,,,,,,,28.143663,-82.299567,-10.968698,23.423784,96.654463,0.000000,1
404.900000,,,,,,,,,,,,,,28.143661,-82.299543,-11.007283,23.419011,96.448727,0.000000,1
405.000000,,,,,,,,,,,,,,28.143658,-82.299519,-11.045869,23.414237,96.242991,0.000000,1
405.100000,,,,,,,,,,,,,,28.143655,-82.299496,-11.017052,23.391681,96.092230,0.000000,1
405.200000,,,,,,,,,,,,,,28.143653,-82.299473,-10.931043,23.354036,95.988118,0.000000,1
405.300000,,,,,,,,,,,,,,28.143650,-82.299451,-10.845033,23.316390,95.884005,0.000000,1
405.400000,,,,,,,,,,,,,,28.143647,-82.299429,-10.759024,23.278745,95.779893,0.000000,1
405.500000,,,,,,,,,,,,,,28.143645,-82.299407,-10.673015,23.241100,95.675780,0.000000,1
405.600000,,,,,,,,,,,,,,28.143642,-82.299384,-10.587005,23.203454,95.571668,0.000000,1
405.700000,,,,,,,,,,,,,,28.143639,-82.299362,-10.500996,23.165809,95.467555,0.000000,1
405.800000,,,,,,,,,,,,,,28.143637,-82.299340,-10.414987,23.128163,95.363443,0.000000,1
405.900000,,,,,,,,,,,,,,28.143634,-82.299318,-10.328977,23.090518,95.259330,0.000000,1
406.000000,,,,,,,,,,,,,,28.143631,-82.299296,-10.242968,23.052872,95.155218,0.000000,1
406.100000,,,,,,,,,,,,,,28.143629,-82.299273,-10.182102,23.017096,95.063871,0.000000,1
406.200000,,,,,,,,,,,,,,28.143627,-82.299249,-10.161702,22.984327,94.993069,0.000000,1
406.300000,,,,,,,,,,,,,,28.143626,-82.299225,-10.141301,22.951559,94.922268,0.000000,1
406.400000,,,,,,,,,,,,,,28.143624,-82.299202,-10.120901,22.918791,94.851467,0.000000,1
406.500000,,,,,,,,,,,,,,28.143622,-82.299178,-10.100501,22.886022,94.780665,0.000000,1
406.600000,,,,,,,,,,,,,,28.143620,-82.299154,-10.080101,22.853254,94.709864,0.000000,1
406.700000,,,,,,,,,,,,,,28.143619,-82.299131,-10.059701,22.820485,94.639062,0.000000,1
406.800000,,,,,,,,,,,,,,28.143617,-82.299107,-10.039301,22.787717,94.568261,0.000000,1
406.900000,,,,,,,,,,,,,,28.143615,-82.299083,-10.018901,22.754948,94.497460,0.000000,1
407.000000,,,,,,,,,,,,,,28.143613,-82.299060,-9.998500,22.722180,94.426658,0.000000,1
407.100000,,,,,,,,,,,,,,28.143612,-82.299036,-9.980606,22.695559,94.351769,0.000000,1
407.200000,,,,,,,,,,,,,,28.143611,-82.299013,-9.964910,22.674330,94.273294,0.000000,1
407.300000,,,,,,,,,,,,,,28.143609,-82.298989,-9.949214,22.653102,94.194820,0.000000,1
407.400000,,,,,,,,,,,,,,28.143608,-82.298966,-9.933518,22.631873,94.116345,0.000000,1
407.500000,,,,,,,,,,,,,,28.143607,-82.298943,-9.917821,22.610644,94.037870,0.000000,1
407.600000,,,,,,,,,,,,,,28.143605,-82.298920,-9.902125,22.589416,93.959396,0.000000,1
407.700000,,,,,,,,,,,,,,28.143604,-82.298896,-9.886429,22.568187,93.880921,0.000000,1
407.800000,,,,,,,,,,,,,,28.143603,-82.298873,-9.870732,22.546958,93.802446,0.000000,1
407.900000,,,,,,,,,,,,,,28.143601,-82.298850,-9.855036,22.525729,93.723972,0.000000,1
408.000000,,,,,,,,,,,,,,28.143600,-82.298827,-9.839340,22.504501,93.645497,0.000000,1
408.100000,,,,,,,,,,,,,,28.143599,-82.298803,-9.837078,22.485264,93.561571,0.000000,1
408.200000,,,,,,,,,,,,,,28.143598,-82.298780,-9.848907,22.468115,93.471926,0.000000,1
408.300000,,,,,,,,,,,,,,28.143598,-82.298757,-9.860736,22.450967,93.382282,0.000000,1
408.400000,,,,,,,,,,,,,,28.143597,-82.298734,-9.872565,22.433819,93.292638,0.000000,1
408.500000,,,,,,,,,,,,,,28.143596,-82.298711,-9.884393,22.416671,93.202994,0.000000,1
408.600000,,,,,,,,,,,,,,28.143596,-82.298688,-9.896222,22.399522,93.113349,0.000000,1
408.700000,,,,,,,,,,,,,,28.143595,-82.298664,-9.908051,22.382374,93.023705,0.000000,1
408.800000,,,,,,,,,,,,,,28.143594,-82.298641,-9.919880,22.365226,92.934061,0.000000,1
408.900000,,,,,,,,,,,,,,28.143594,-82.298618,-9.931709,22.348078,92.844417,0.000000,1
409.000000,,,,,,,,,,,,,,28.143593,-82.298595,-9.943538,22.330929,92.754773,0.000000,1
409.100000,,,,,,,,,,,,,,28.143592,-82.298573,-9.954891,22.322707,92.637738,0.000000,1
409.200000,,,,,,,,,,,,,,28.143591,-82.298550,-9.965841,22.322077,92.497406,0.000000,1
409.300000,,,,,,,,,,,,,,28.143589,-82.298528,-9.976790,22.321447,92.357074,0.000000,1
409.400000,,,,,,,,,,,,,,28.143588,-82.298506,-9.987739,22.320816,92.216742,0.000000,1
409.500000,,,,,,,,,,,,,,28.143587,-82.298484,-9.998689,22.320186,92.076410,0.000000,1
409.600000,,,,,,,,,,,,,,28.143586,-82.298462,-10.009638,22.319556,91.936077,0.000000,1
409.700000,,,,,,,,,,,,,,28.143585,-82.298440,-10.020587,22.318925,91.795745,0.000000,1
409.800000,,,,,,,,,,,,,,28.143584,-82.298418,-10.031537,22.318295,91.655413,0.000000,1
409.900000,,,,,,,,,,,,,,28.143582,-82.298396,-10.042486,22.317665,91.515081,0.000000,1
410.000000,,,,,,,,,,,,,,28.143581,-82.298374,-10.053435,22.317035,91.374749,0.000000,1
410.100000,,,,,,,,,,,,,,28.143581,-82.298352,-10.075171,22.319937,91.240050,0.000000,1
410.200000,,,,,,,,,,,,,,28.143581,-82.298330,-10.107983,22.326466,91.111135,0.000000,1
410.300000,,,,,,,,,,,,,,28.143581,-82.298307,-10.140795,22.332996,90.982220,0.000000,1
410.400000,,,,,,,,,,,,,,28.143581,-82.298285,-10.173608,22.339525,90.853304,0.000000,1
410.500000,,,,,,,,,,,,,,28.143581,-82.298262,-10.206420,22.346055,90.724389,0.000000,1
410.600000,,,,,,,,,,,,,,28.143581,-82.298240,-10.239232,22.352584,90.595474,0.000000,1
410.700000,,,,,,,,,,,,,,28.143581,-82.298218,-10.272045,22.359114,90.466559,0.000000,1
410.800000,,,,,,,,,,,,,,28.143581,-82.298195,-10.304857,22.365643,90.337644,0.000000,1
410.900000,,,,,,,,,,,,,,28.143581,-82.298173,-10.337669,22.372173,90.208729,0.000000,1
411.000000,,,,,,,,,,,,,,28.143581,-82.298151,-10.370481,22.378702,90.079814,0.000000,1
411.100000,,,,,,,,,,,,,,28.143581,-82.298128,-10.410666,22.393151,89.982021,0.000000,1
411.200000,,,,,,,,,,,,,,28.143581,-82.298105,-10.457374,22.414606,89.911759,0.000000,1
411.300000,,,,,,,,,,,,,,28.143582,-82.298082,-10.504081,22.436061,89.841497,0.000000,1
411.400000,,,,,,,,,,,,,,28.143582,-82.298060,-10.550788,22.457516,89.771234,0.000000,1
411.500000,,,,,,,,,,,,,,28.143583,-82.298037,-10.597495,22.478971,89.700972,0.000000,1
411.600000,,,,,,,,,,,,,,28.143583,-82.298014,-10.644203,22.500426,89.630710,0.000000,1
411.700000,,,,,,,,,,,,,,28.143583,-82.297991,-10.690910,22.521881,89.560448,0.000000,1
411.800000,,,,,,,,,,,,,,28.143584,-82.297968,-10.737617,22.543336,89.490186,0.000000,1
411.900000,,,,,,,,,,,,,,28.143584,-82.297945,-10.784324,22.564791,89.419924,0.000000,1
412.000000,,,,,,,,,,,,,,28.143585,-82.297923,-10.831031,22.586246,89.349662,0.000000,1
412.100000,,,,,,,,,,,,,,28.143585,-82.297900,-10.858438,22.604687,89.325251,0.000000,1
412.200000,,,,,,,,,,,,,,28.143585,-82.297876,-10.857715,22.618735,89.367667,0.000000,1
412.300000,,,,,,,,,,,,,,28.143585,-82.297853,-10.856991,22.632784,89.410083,0.000000,1
412.400000,,,,,,,,,,,,,,28.143586,-82.297830,-10.856268,22.646832,89.452500,0.000000,1
412.500000,,,,,,,,,,,,,,28.143586,-82.297807,-10.855545,22.660881,89.494916,0.000000,1
412.600000,,,,,,,,,,,,,,28.143586,-82.297783,-10.854822,22.674929,89.537332,0.000000,1
412.700000,,,,,,,,,,,,,,28.143586,-82.297760,-10.854098,22.688977,89.579748,0.000000,1
412.800000,,,,,,,,,,,,,,28.143586,-82.297737,-10.853375,22.703026,89.622164,0.000000,1
412.900000,,,,,,,,,,,,,,28.143586,-82.297714,-10.852652,22.717074,89.664580,0.000000,1
413.000000,,,,,,,,,,,,,,28.143587,-82.297690,-10.851928,22.731122,89.706996,0.000000,1
413.100000,,,,,,,,,,,,,,28.143587,-82.297667,-10.834760,22.736865,89.736476,0.000000,1
413.200000,,,,,,,,,,,,,,28.143587,-82.297644,-10.802279,22.734875,89.753912,0.000000,1
413.300000,,,,,,,,,,,,,,28.143587,-82.297620,-10.769798,22.732885,89.771348,0.000000,1
413.400000,,,,,,,,,,,,,,28.143587,-82.297597,-10.737317,22.730895,89.788784,0.000000,1
413.500000,,,,,,,,,,,,,,28.143587,-82.297574,-10.704835,22.728905,89.806220,0.000000,1
413.600000,,,,,,,,,,,,,,28.143587,-82.297550,-10.672354,22.726915,89.823655,0.000000,1
413.700000,,,,,,,,,,,,,,28.143587,-82.297527,-10.639873,22.724925,89.841091,0.000000,1
413.800000,,,,,,,,,,,,,,28.143587,-82.297504,-10.607392,22.722935,89.858527,0.000000,1
413.900000,,,,,,,,,,,,,,28.143587,-82.297480,-10.574911,22.720945,89.875963,0.000000,1
414.000000,,,,,,,,,,,,,,28.143587,-82.297457,-10.542430,22.718955,89.893399,0.000000,1
414.100000,,,,,,,,,,,,,,28.143587,-82.297434,-10.490554,22.733154,89.903561,0.000000,1
414.200000,,,,,,,,,,,,,,28.143587,-82.297410,-10.421857,22.761393,89.907414,0.000000,1
414.300000,,,,,,,,,,,,,,28.143588,-82.297387,-10.353160,22.789632,89.911268,0.000000,1
414.400000,,,,,,,,,,,,,,28.143588,-82.297364,-10.284464,22.817872,89.915121,0.000000,1
414.500000,,,,,,,,,,,,,,28.143588,-82.297341,-10.215767,22.846111,89.918975,0.000000,1
414.600000,,,,,,,,,,,,,,28.143588,-82.297318,-10.147070,22.874350,89.922828,0.000000,1
414.700000,,,,,,,,,,,,,,28.143588,-82.297294,-10.078373,22.902589,89.926682,0.000000,1
414.800000,,,,,,,,,,,,,,28.143588,-82.297271,-10.009676,22.930829,89.930535,0.000000,1
414.900000,,,,,,,,,,,,,,28.143588,-82.297248,-9.940979,22.959068,89.934389,0.000000,1
415.000000,,,,,,,,,,,,,,28.143589,-82.297225,-9.872282,22.987307,89.938242,0.000000,1
415.100000,,,,,,,,,,,,,,28.143589,-82.297201,-9.822855,23.011087,89.948315,0.000000,1
415.200000,,,,,,,,,,,,,,28.143589,-82.297177,-9.794644,23.029956,89.965235,0.000000,1
415.300000,,,,,,,,,,,,,,28.143589,-82.297154,-9.766433,23.048826,89.982155,0.000000,1
415.400000,,,,,,,,,,,,,,28.143589,-82.297130,-9.738222,23.067695,89.999075,0.000000,1
415.500000,,,,,,,,,,,,,,28.143589,-82.297106,-9.710011,23.086565,90.015995,0.000000,1
415.600000,,,,,,,,,,,,,,28.143589,-82.297082,-9.681800,23.105434,90.032915,0.000000,1
415.700000,,,,,,,,,,,,,,28.143589,-82.297058,-9.653589,23.124304,90.049835,0.000000,1
415.800000,,,,,,,,,,,,,,28.143589,-82.297035,-9.625378,23.143173,90.066755,0.000000,1
415.900000,,,,,,,,,,,,,,28.143589,-82.297011,-9.597167,23.162043,90.083674,0.000000,1
416.000000,,,,,,,,,,,,,,28.143590,-82.296987,-9.568956,23.180912,90.100594,0.000000,1
416.100000,,,,,,,,,,,,,,28.143590,-82.296963,-9.538671,23.208928,90.091361,0.000000,1
416.200000,,,,,,,,,,,,,,28.143590,-82.296939,-9.506605,23.244801,90.059656,0.000000,1
416.300000,,,,,,,,,,,,,,28.143590,-82.296915,-9.474539,23.280675,90.027952,0.000000,1
416.400000,,,,,,,,,,,,,,28.143590,-82.296890,-9.442473,23.316548,89.996247,0.000000,1
416.500000,,,,,,,,,,,,,,28.143590,-82.296866,-9.410407,23.352422,89.964543,0.000000,1
416.600000,,,,,,,,,,,,,,28.143590,-82.296842,-9.378341,23.388295,89.932838,0.000000,1
416.700000,,,,,,,,,,,,,,28.143590,-82.296818,-9.346275,23.424169,89.901134,0.000000,1
416.800000,,,,,,,,,,,,,,28.143590,-82.296794,-9.314209,23.460042,89.869429,0.000000,1
416.900000,,,,,,,,,,,,,,28.143590,-82.296770,-9.282143,23.495916,89.837724,0.000000,1
417.000000,,,,,,,,,,,,,,28.143590,-82.296745,-9.250077,23.531790,89.806020,0.000000,1
417.100000,,,,,,,,,,,,,,28.143590,-82.296720,-9.273908,23.563185,89.788010,0.000000,1
417.200000,,,,,,,,,,,,,,28.143589,-82.296695,-9.304877,23.594008,89.771748,0.000000,1
417.300000,,,,,,,,,,,,,,28.143589,-82.296669,-9.335846,23.624830,89.755487,0.000000,1
417.400000,,,,,,,,,,,,,,28.143589,-82.296644,-9.366815,23.655653,89.739226,0.000000,1
417.500000,,,,,,,,,,,,,,28.143588,-82.296619,-9.397785,23.686476,89.722965,0.000000,1
417.600000,,,,,,,,,,,,,,28.143588,-82.296593,-9.428754,23.717299,89.706703,0.000000,1
417.700000,,,,,,,,,,,,,,28.143587,-82.296568,-9.459723,23.748122,89.690442,0.000000,1
417.800000,,,,,,,,,,,,,,28.143587,-82.296543,-9.490692,23.778945,89.674181,0.000000,1
417.900000,,,,,,,,,,,,,,28.143587,-82.296517,-9.521662,23.809768,89.657920,0.000000,1
418.000000,,,,,,,,,,,,,,28.143586,-82.296493,-9.540579,23.838902,89.663511,0.000000,1
418.100000,,,,,,,,,,,,,,28.143586,-82.296470,-9.537187,23.864908,89.709554,0.000000,1
418.200000,,,,,,,,,,,,,,28.143586,-82.296446,-9.533794,23.890915,89.755597,0.000000,1
418.300000,,,,,,,,,,,,,,28.143586,-82.296423,-9.530402,23.916922,89.801641,0.000000,1
418.400000,,,,,,,,,,,,,,28.143585,-82.296400,-9.527009,23.942928,89.847684,0.000000,1
418.500000,,,,,,,,,,,,,,28.143585,-82.296377,-9.523617,23.968935,89.893727,0.000000,1
418.600000,,,,,,,,,,,,,,28.143585,-82.296354,-9.520224,23.994941,89.939771,0.000000,1
418.700000,,,,,,,,,,,,,,28.143584,-82.296331,-9.516832,24.020948,89.985814,0.000000,1
418.800000,,,,,,,,,,,,,,28.143584,-82.296308,-9.513440,24.046954,90.031857,0.000000,1
418.900000,,,,,,,,,,,,,,28.143584,-82.296285,-9.510047,24.072961,90.077901,0.000000,1
419.000000,,,,,,,,,,,,,,28.143583,-82.296262,-9.506655,24.098967,90.123944,0.000000,1
419.100000,,,,,,,,,,,,,,28.143583,-82.296238,-9.515415,24.114138,90.143947,0.000000,1
419.200000,,,,,,,,,,,,,,28.143584,-82.296213,-9.535073,24.119591,90.140596,0.000000,1
419.300000,,,,,,,,,,,,,,28.143584,-82.296189,-9.554732,24.125044,90.137246,0.000000,1
419.400000,,,,,,,,,,,,,,28.143585,-82.296164,-9.574391,24.130497,90.133895,0.000000,1
419.500000,,,,,,,,,,,,,,28.143585,-82.296140,-9.594049,24.135950,90.130544,0.000000,1
419.600000,,,,,,,,,,,,,,28.143586,-82.296115,-9.613708,24.141403,90.127193,0.000000,1
419.700000,,,,,,,,,,,,,,28.143586,-82.296090,-9.633367,24.146856,90.123842,0.000000,1
419.800000,,,,,,,,,,,,,,28.143586,-82.296066,-9.653026,24.152309,90.120491,0.000000,1
419.900000,,,,,,,,,,,,,,28.143587,-82.296041,-9.672684,24.157762,90.117140,0.000000,1
420.000000,,,,,,,,,,,,,,28.143587,-82.296016,-9.692343,24.163215,90.113789,0.000000,1
420.100000,,,,,,,,,,,,,,28.143588,-82.296001,-9.704276,24.166525,90.111755,0.000000,1
420.200000,,,,,,,,,,,,,,28.143588,-82.296001,-9.704276,24.166525,90.111755,0.000000,1
420.300000,,,,,,,,,,,,,,28.143588,-82.296001,-9.704276,24.166525,90.111755,0.000000,1
