time_s,model_desiredCurvature,model_desiredAcceleration,laneLeft_prob,laneRight_prob,laneLeft_y,laneRight_y,laneChangeState,laneChangeDirection,aTarget,shouldStop,hasLead,fcw,longPlanSource
0.000000,0.002429,,0.021926,0.008542,-1.659790,1.976326,off,none,-0.588025,0,0,0,cruise
0.050000,0.002429,,0.021926,0.008542,-1.659790,1.976326,off,none,-0.588025,0,0,0,cruise
0.100000,0.002429,,0.021926,0.008542,-1.659790,1.976326,off,none,-0.588025,0,0,0,cruise
0.150000,0.002429,,0.021926,0.008542,-1.659790,1.976326,off,none,-0.588025,0,0,0,cruise
0.200000,0.002429,,0.021926,0.008542,-1.659790,1.976326,off,none,-0.588025,0,0,0,cruise
0.250000,0.002429,,0.021926,0.008542,-1.659790,1.976326,off,none,-0.588025,0,0,0,cruise
0.300000,0.002429,,0.021926,0.008542,-1.659790,1.976326,off,none,-0.588025,0,0,0,cruise
0.350000,0.002429,,0.021926,0.008542,-1.659790,1.976326,off,none,-0.588025,0,0,0,cruise
0.400000,0.002429,,0.021926,0.008542,-1.659790,1.976326,off,none,-0.588025,0,0,0,cruise
0.450000,0.002429,,0.021926,0.008542,-1.659790,1.976326,off,none,-0.588025,0,0,0,cruise
0.500000,0.002429,,0.021926,0.008542,-1.659790,1.976326,off,none,-0.588025,0,0,0,cruise
0.550000,0.002429,,0.021926,0.008542,-1.659790,1.976326,off,none,-0.588025,0,0,0,cruise
0.600000,0.002429,,0.021926,0.008542,-1.659790,1.976326,off,none,-0.588025,0,0,0,cruise
0.650000,0.002429,,0.021926,0.008542,-1.659790,1.976326,off,none,-0.588025,0,0,0,cruise
0.700000,0.002429,,0.021926,0.008542,-1.659790,1.976326,off,none,-0.588025,0,0,0,cruise
0.750000,0.002429,,0.021926,0.008542,-1.659790,1.976326,off,none,-0.588025,0,0,0,cruise
0.800000,0.002429,,0.021926,0.008542,-1.659790,1.976326,off,none,-0.588025,0,0,0,cruise
0.850000,0.002429,,0.021926,0.008542,-1.659790,1.976326,off,none,-0.588025,0,0,0,cruise
0.900000,0.002429,,0.021926,0.008542,-1.659790,1.976326,off,none,-0.588025,0,0,0,cruise
0.950000,0.002429,,0.021926,0.008542,-1.659790,1.976326,off,none,-0.588025,0,0,0,cruise
1.000000,0.002429,,0.021926,0.008542,-1.659790,1.976326,off,none,-0.588025,0,0,0,cruise
1.050000,0.002429,,0.021926,0.008542,-1.659790,1.976326,off,none,-0.588025,0,0,0,cruise
1.100000,0.002429,,0.021926,0.008542,-1.659790,1.976326,off,none,-0.588025,0,0,0,cruise
1.150000,0.002429,,0.021926,0.008542,-1.659790,1.976326,off,none,-0.588025,0,0,0,cruise
1.200000,0.002429,,0.021926,0.008542,-1.659790,1.976326,off,none,-0.588025,0,0,0,cruise
1.250000,0.002429,,0.021926,0.008542,-1.659790,1.976326,off,none,-0.588025,0,0,0,cruise
1.300000,0.002429,,0.021926,0.008542,-1.659790,1.976326,off,none,-0.588025,0,0,0,cruise
1.350000,0.002429,,0.021926,0.008542,-1.659790,1.976326,off,none,-0.588025,0,0,0,cruise
1.400000,0.002429,,0.021926,0.008542,-1.659790,1.976326,off,none,-0.588025,0,0,0,cruise
1.450000,0.002429,,0.021926,0.008542,-1.659790,1.976326,off,none,-0.588025,0,0,0,cruise
1.500000,0.002429,,0.021926,0.008542,-1.659790,1.976326,off,none,-0.588025,0,0,0,cruise
1.550000,0.002429,,0.021926,0.008542,-1.659790,1.976326,off,none,-0.588025,0,0,0,cruise
1.600000,0.002429,,0.021926,0.008542,-1.659790,1.976326,off,none,-0.588025,0,0,0,cruise
1.650000,0.002429,,0.021926,0.008542,-1.659790,1.976326,off,none,-0.588025,0,0,0,cruise
1.700000,0.002429,,0.021926,0.008542,-1.659790,1.976326,off,none,-0.588025,0,0,0,cruise
1.750000,0.002429,,0.021926,0.008542,-1.659790,1.976326,off,none,-0.588025,0,0,0,cruise
1.800000,0.002429,,0.021926,0.008542,-1.659790,1.976326,off,none,-0.588025,0,0,0,cruise
1.850000,0.002429,,0.021926,0.008542,-1.659790,1.976326,off,none,-0.588025,0,0,0,cruise
1.900000,0.002429,,0.021926,0.008542,-1.659790,1.976326,off,none,-0.588025,0,0,0,cruise
1.950000,0.002429,,0.021926,0.008542,-1.659790,1.976326,off,none,-0.588025,0,0,0,cruise
2.000000,0.002429,,0.021926,0.008542,-1.659790,1.976326,off,none,-0.588025,0,0,0,cruise
2.050000,0.002429,,0.021926,0.008542,-1.659790,1.976326,off,none,-0.588025,0,0,0,cruise
2.100000,0.002429,,0.021926,0.008542,-1.659790,1.976326,off,none,-0.588025,0,0,0,cruise
2.150000,0.002429,,0.021926,0.008542,-1.659790,1.976326,off,none,-0.588025,0,0,0,cruise
2.200000,0.002429,,0.021926,0.008542,-1.659790,1.976326,off,none,-0.588025,0,0,0,cruise
2.250000,0.002429,,0.021926,0.008542,-1.659790,1.976326,off,none,-0.588025,0,0,0,cruise
2.300000,0.002429,,0.021926,0.008542,-1.659790,1.976326,off,none,-0.588025,0,0,0,cruise
2.350000,0.002429,,0.021926,0.008542,-1.659790,1.976326,off,none,-0.588025,0,0,0,cruise
2.400000,0.002429,,0.021926,0.008542,-1.659790,1.976326,off,none,-0.588025,0,0,0,cruise
2.450000,0.002429,,0.021926,0.008542,-1.659790,1.976326,off,none,-0.588025,0,0,0,cruise
2.500000,0.002429,,0.021926,0.008542,-1.659790,1.976326,off,none,-0.588025,0,0,0,cruise
2.550000,0.002429,,0.021926,0.008542,-1.659790,1.976326,off,none,-0.588025,0,0,0,cruise
2.600000,0.002429,,0.021926,0.008542,-1.659790,1.976326,off,none,-0.588025,0,0,0,cruise
2.650000,0.002429,,0.021926,0.008542,-1.659790,1.976326,off,none,-0.588025,0,0,0,cruise
2.700000,0.002429,,0.021926,0.008542,-1.659790,1.976326,off,none,-0.588025,0,0,0,cruise
2.750000,0.002429,,0.021926,0.008542,-1.659790,1.976326,off,none,-0.588025,0,0,0,cruise
2.800000,0.002429,,0.021926,0.008542,-1.659790,1.976326,off,none,-0.588025,0,0,0,cruise
2.850000,0.002429,,0.021926,0.008542,-1.659790,1.976326,off,none,-0.588025,0,0,0,cruise
2.900000,0.002429,,0.021926,0.008542,-1.659790,1.976326,off,none,-0.588025,0,0,0,cruise
2.950000,0.002429,,0.021926,0.008542,-1.659790,1.976326,off,none,-0.588025,0,0,0,cruise
3.000000,0.002429,,0.021926,0.008542,-1.659790,1.976326,off,none,-0.588025,0,0,0,cruise
3.050000,0.002429,,0.021926,0.008542,-1.659790,1.976326,off,none,-0.588025,0,0,0,cruise
3.100000,0.002429,,0.021926,0.008542,-1.659790,1.976326,off,none,-0.588025,0,0,0,cruise
3.150000,0.002429,,0.021926,0.008542,-1.659790,1.976326,off,none,-0.588025,0,0,0,cruise
3.200000,0.002429,,0.021926,0.008542,-1.659790,1.976326,off,none,-0.588025,0,0,0,cruise
3.250000,0.002429,,0.021926,0.008542,-1.659790,1.976326,off,none,-0.588025,0,0,0,cruise
3.300000,0.002429,,0.021926,0.008542,-1.659790,1.976326,off,none,-0.588025,0,0,0,cruise
3.350000,0.002429,,0.021926,0.008542,-1.659790,1.976326,off,none,-0.588025,0,0,0,cruise
3.400000,0.002429,,0.021926,0.008542,-1.659790,1.976326,off,none,-0.588025,0,0,0,cruise
3.450000,0.002429,,0.021926,0.008542,-1.659790,1.976326,off,none,-0.588025,0,0,0,cruise
3.500000,0.002429,,0.021926,0.008542,-1.659790,1.976326,off,none,-0.588025,0,0,0,cruise
3.550000,0.002429,,0.021926,0.008542,-1.659790,1.976326,off,none,-0.588025,0,0,0,cruise
3.600000,0.002429,,0.021926,0.008542,-1.659790,1.976326,off,none,-0.588025,0,0,0,cruise
3.650000,0.002429,,0.021926,0.008542,-1.659790,1.976326,off,none,-0.588025,0,0,0,cruise
3.700000,0.002429,,0.021926,0.008542,-1.659790,1.976326,off,none,-0.588025,0,0,0,cruise
3.750000,0.002429,,0.021926,0.008542,-1.659790,1.976326,off,none,-0.588025,0,0,0,cruise
3.800000,0.002396,,0.023202,0.009602,-1.658662,1.956437,off,none,-0.588025,0,0,0,cruise
3.850000,0.002294,,0.027210,0.012933,-1.655119,1.893963,off,none,-0.314184,0,0,0,cruise
3.900000,0.001455,,0.028902,0.014360,-1.693427,1.836048,off,none,-0.072382,0,0,0,cruise
3.950000,0.000831,,0.029986,0.014699,-1.749774,1.819912,off,none,0.006203,0,0,0,cruise
4.000000,0.002710,,0.031307,0.016573,-1.708797,1.828907,off,none,0.011400,0,0,0,cruise
4.050000,0.003386,,0.024184,0.013375,-1.713821,1.840120,off,none,0.013890,0,0,0,cruise
4.100000,0.002612,,0.021690,0.010190,-1.749498,1.912928,off,none,0.049918,0,0,0,cruise
4.150000,0.002861,,0.023634,0.010824,-1.721175,1.930521,off,none,0.104725,0,0,0,cruise
4.200000,0.002915,,0.020553,0.009591,-1.781280,1.933406,off,none,0.157178,0,0,0,cruise
4.250000,0.001876,,0.017851,0.009317,-1.852812,1.789768,off,none,0.241552,0,0,0,cruise
4.300000,0.002725,,0.013898,0.007268,-1.840250,1.830979,off,none,0.272876,0,0,0,cruise
4.350000,0.005382,,0.010296,0.005708,-1.832800,1.879622,off,none,0.157250,0,0,0,cruise
4.400000,0.004880,,0.011344,0.006279,-1.819832,1.849394,off,none,-0.001089,0,0,0,cruise
4.450000,0.002787,,0.013320,0.007602,-1.802090,1.799834,off,none,-0.002471,0,0,0,cruise
4.500000,0.003245,,0.014592,0.008572,-1.825979,1.787563,off,none,0.097340,0,0,0,cruise
4.550000,0.004657,,0.014019,0.007675,-1.811541,1.838443,off,none,0.195608,0,0,0,cruise
4.600000,0.002496,,0.014901,0.007731,-1.783245,1.837138,off,none,0.265522,0,0,0,cruise
4.650000,0.001838,,0.015083,0.007597,-1.804098,1.812399,off,none,0.327256,0,0,0,cruise
4.700000,0.002010,,0.015013,0.007269,-1.824804,1.801137,off,none,0.382863,0,0,0,cruise
4.750000,0.002827,,0.015007,0.007904,-1.844934,1.787483,off,none,0.417164,0,0,0,cruise
4.800000,0.003769,,0.015092,0.007568,-1.836934,1.789415,off,none,0.423415,0,0,0,cruise
4.850000,0.003744,,0.014191,0.007403,-1.833181,1.824185,off,none,0.420789,0,0,0,cruise
4.900000,0.002629,,0.015951,0.007575,-1.852608,1.805563,off,none,0.425659,0,0,0,cruise
4.950000,0.002645,,0.014055,0.006754,-1.833842,1.790072,off,none,0.426258,0,0,0,cruise
5.000000,0.002812,,0.012979,0.006584,-1.859892,1.782424,off,none,0.415705,0,0,0,cruise
5.050000,0.002738,,0.013603,0.007021,-1.890596,1.793474,off,none,0.408126,0,0,0,cruise
5.100000,0.003714,,0.012322,0.007116,-1.835077,1.833427,off,none,0.422102,0,0,0,cruise
5.150000,0.003705,,0.012280,0.007504,-1.809995,1.832072,off,none,0.447661,0,0,0,cruise
5.200000,0.001030,,0.013412,0.008169,-1.824936,1.793874,off,none,0.479384,0,0,0,cruise
5.250000,-0.001850,,0.015072,0.008764,-1.840674,1.751972,off,none,0.504144,0,0,0,cruise
5.300000,-0.001241,,0.013762,0.007750,-1.813719,1.764243,off,none,0.517906,0,0,0,cruise
5.350000,-0.001973,,0.014280,0.007470,-1.817285,1.803854,off,none,0.577204,0,0,0,cruise
5.400000,-0.001976,,0.013813,0.007495,-1.779486,1.850220,off,none,0.611238,0,0,0,cruise
5.450000,-0.001356,,0.013342,0.006700,-1.714719,1.902317,off,none,0.575549,0,0,0,cruise
5.500000,0.000112,,0.018413,0.009654,-1.625066,1.865997,off,none,0.555396,0,0,0,cruise
5.550000,0.001205,,0.019780,0.010305,-1.614568,1.851761,off,none,0.600685,0,0,0,cruise
5.600000,0.000785,,0.012346,0.005955,-1.704402,1.879150,off,none,0.635234,0,0,0,cruise
5.650000,-0.000320,,0.014917,0.007527,-1.730337,1.801455,off,none,0.651704,0,0,0,cruise
5.700000,-0.000619,,0.016893,0.009271,-1.722866,1.733363,off,none,0.672524,0,0,0,cruise
5.750000,0.000060,,0.017421,0.009394,-1.728754,1.701096,off,none,0.685496,0,0,0,cruise
5.800000,-0.000208,,0.019156,0.009838,-1.714984,1.678011,off,none,0.672555,0,0,0,cruise
5.850000,-0.000207,,0.019755,0.010324,-1.679168,1.667799,off,none,0.666464,0,0,0,cruise
5.900000,0.000155,,0.018045,0.010150,-1.695722,1.681718,off,none,0.670153,0,0,0,cruise
5.950000,0.000089,,0.018767,0.010212,-1.729371,1.679999,off,none,0.661335,0,0,0,cruise
6.000000,0.000647,,0.020001,0.010887,-1.706449,1.671573,off,none,0.642421,0,0,0,cruise
6.050000,0.000657,,0.021389,0.011207,-1.688101,1.632963,off,none,0.653693,0,0,0,cruise
6.100000,0.000290,,0.018445,0.010053,-1.669896,1.642822,off,none,0.687179,0,0,0,cruise
6.150000,-0.000077,,0.016476,0.009351,-1.682866,1.641665,off,none,0.727676,0,0,0,cruise
6.200000,0.000350,,0.015111,0.008896,-1.719397,1.658819,off,none,0.738498,0,0,0,cruise
6.250000,0.000870,,0.015534,0.009475,-1.737909,1.646346,off,none,0.729856,0,0,0,cruise
6.300000,0.000975,,0.015664,0.009542,-1.752108,1.648205,off,none,0.746451,0,0,0,cruise
6.350000,0.000776,,0.014593,0.009303,-1.719262,1.676753,off,none,0.777461,0,0,0,cruise
6.400000,0.000862,,0.015537,0.010004,-1.688246,1.640218,off,none,0.810354,0,0,0,cruise
6.450000,0.000372,,0.016366,0.010502,-1.674270,1.610526,off,none,0.841755,0,0,0,cruise
6.500000,-0.000105,,0.015659,0.009869,-1.712298,1.612959,off,none,0.887865,0,0,0,cruise
6.550000,-0.000044,,0.015002,0.009968,-1.753349,1.607888,off,none,0.926974,0,0,0,cruise
6.600000,0.002445,,0.014207,0.010087,-1.751326,1.593478,off,none,0.951892,0,0,0,cruise
6.650000,0.003468,,0.013948,0.010033,-1.732086,1.605683,off,none,0.973053,0,0,0,cruise
6.700000,0.001576,,0.015149,0.010530,-1.729201,1.636771,off,none,1.006539,0,0,0,cruise
6.750000,0.002363,,0.013390,0.009791,-1.722100,1.651218,off,none,1.038157,0,0,0,cruise
6.800000,0.003828,,0.013384,0.010081,-1.739924,1.635669,off,none,1.037236,0,0,0,cruise
6.850000,0.007881,,0.012425,0.010154,-1.769875,1.650173,off,none,1.018173,0,0,0,cruise
6.900000,0.012252,,0.010989,0.009244,-1.806116,1.670583,off,none,1.022177,0,0,0,cruise
6.950000,0.010624,,0.011560,0.009224,-1.812939,1.666220,off,none,1.033220,0,0,0,cruise
7.000000,0.006578,,0.011925,0.009672,-1.798331,1.665543,off,none,1.030457,0,0,0,cruise
7.050000,0.005746,,0.012548,0.010453,-1.776623,1.639835,off,none,1.014759,0,0,0,cruise
7.100000,0.009380,,0.012060,0.010014,-1.791923,1.654231,off,none,0.997811,0,0,0,cruise
7.150000,0.014334,,0.010656,0.009510,-1.821297,1.671377,off,none,1.015891,0,0,0,cruise
7.200000,0.017843,,0.011074,0.010163,-1.826311,1.676296,off,none,1.067027,0,0,0,cruise
7.250000,0.028354,,0.011979,0.011626,-1.836204,1.670907,off,none,1.076443,0,0,0,cruise
7.300000,0.034655,,0.013082,0.012796,-1.827142,1.653316,off,none,1.050298,0,0,0,cruise
7.350000,0.042843,,0.012767,0.012556,-1.852425,1.660752,off,none,1.044561,0,0,0,cruise
7.400000,0.052370,,0.011286,0.011985,-1.887029,1.708255,off,none,1.043852,0,0,0,cruise
7.450000,0.046247,,0.010980,0.011348,-1.898079,1.726400,off,none,1.016227,0,0,0,cruise
7.500000,0.034090,,0.011184,0.011171,-1.880791,1.714771,off,none,0.966663,0,0,0,cruise
7.550000,0.022488,,0.011349,0.010812,-1.880897,1.699312,off,none,0.977569,0,0,0,cruise
7.600000,0.025442,,0.011193,0.010755,-1.884939,1.710793,off,none,1.027179,0,0,0,cruise
7.650000,0.022630,,0.010767,0.010240,-1.840668,1.681682,off,none,1.069675,0,0,0,cruise
7.700000,0.034284,,0.010185,0.010182,-1.863840,1.699199,off,none,1.039266,0,0,0,cruise
7.750000,0.034467,,0.010527,0.011363,-1.816475,1.695711,off,none,0.994788,0,0,0,cruise
7.800000,0.021265,,0.010755,0.010602,-1.814875,1.684033,off,none,0.977971,0,0,0,cruise
7.850000,0.010695,,0.011020,0.010081,-1.831758,1.665928,off,none,1.001385,0,0,0,cruise
7.900000,0.012650,,0.010880,0.010672,-1.884554,1.689937,off,none,1.055386,0,0,0,cruise
7.950000,0.014400,,0.010516,0.010010,-1.863966,1.696229,off,none,1.091658,0,0,0,cruise
8.000000,0.016274,,0.009984,0.010092,-1.846544,1.693916,off,none,1.062723,0,0,0,cruise
8.050000,0.023554,,0.009810,0.010175,-1.846125,1.696201,off,none,1.030608,0,0,0,cruise
8.100000,0.025253,,0.009427,0.009211,-1.863858,1.707442,off,none,1.050522,0,0,0,cruise
8.150000,0.017657,,0.009494,0.008890,-1.847194,1.706931,off,none,1.083239,0,0,0,cruise
8.200000,0.021072,,0.009340,0.009301,-1.832252,1.686045,off,none,1.092012,0,0,0,cruise
8.250000,0.021468,,0.009669,0.009300,-1.830227,1.640804,off,none,1.084693,0,0,0,cruise
8.300000,0.024419,,0.009334,0.009264,-1.848993,1.677417,off,none,1.074355,0,0,0,cruise
8.350000,0.026067,,0.009058,0.009273,-1.865724,1.703728,off,none,1.092404,0,0,0,cruise
8.400000,0.020669,,0.009356,0.009189,-1.891288,1.706608,off,none,1.102601,0,0,0,cruise
8.450000,0.019313,,0.009246,0.008892,-1.889458,1.690774,off,none,1.078466,0,0,0,cruise
8.500000,0.019185,,0.008933,0.009022,-1.880932,1.701570,off,none,1.053063,0,0,0,cruise
8.550000,0.022917,,0.008947,0.009056,-1.880086,1.707163,off,none,1.059212,0,0,0,cruise
8.600000,0.015722,,0.010099,0.010090,-1.895737,1.662099,off,none,1.091833,0,0,0,cruise
8.650000,0.020191,,0.009108,0.009238,-1.907839,1.674575,off,none,1.111839,0,0,0,cruise
8.700000,0.024324,,0.008849,0.009162,-1.876736,1.670366,off,none,1.095134,0,0,0,cruise
8.750000,0.024064,,0.009276,0.009895,-1.859824,1.648494,off,none,1.062602,0,0,0,cruise
8.800000,0.021349,,0.009754,0.010106,-1.865831,1.647682,off,none,1.058617,0,0,0,cruise
8.850000,0.023275,,0.009407,0.009806,-1.900150,1.643564,off,none,1.077897,0,0,0,cruise
8.900000,0.028537,,0.008640,0.008720,-1.917750,1.645128,off,none,1.084123,0,0,0,cruise
8.950000,0.030179,,0.009329,0.009300,-1.909210,1.626198,off,none,1.070883,0,0,0,cruise
9.000000,0.034294,,0.009824,0.010485,-1.895606,1.594334,off,none,1.051628,0,0,0,cruise
9.050000,0.031606,,0.010065,0.010598,-1.904674,1.591691,off,none,1.043924,0,0,0,cruise
9.100000,0.034208,,0.009851,0.010498,-1.921818,1.575491,off,none,1.053703,0,0,0,cruise
9.150000,0.038081,,0.008821,0.009059,-1.934300,1.620646,off,none,1.041076,0,0,0,cruise
9.200000,0.038769,,0.008378,0.008952,-1.912329,1.613786,off,none,1.022145,0,0,0,cruise
9.250000,0.039500,,0.009473,0.010146,-1.879845,1.552151,off,none,1.025093,0,0,0,cruise
9.300000,0.040771,,0.009206,0.010194,-1.894596,1.505095,off,none,1.041722,0,0,0,cruise
9.350000,0.042997,,0.008880,0.009770,-1.903344,1.494019,off,none,1.060981,0,0,0,cruise
9.400000,0.043501,,0.009056,0.009865,-1.915481,1.519253,off,none,1.061824,0,0,0,cruise
9.450000,0.051884,,0.009002,0.009649,-1.895210,1.519581,off,none,1.046039,0,0,0,cruise
9.500000,0.058296,,0.008801,0.009758,-1.857932,1.525882,off,none,1.066853,0,0,0,cruise
9.550000,0.056048,,0.009028,0.010454,-1.847103,1.486940,off,none,1.067742,0,0,0,cruise
9.600000,0.055318,,0.009609,0.010627,-1.875907,1.479143,off,none,1.078440,0,0,0,cruise
9.650000,0.056099,,0.009503,0.010411,-1.915847,1.474087,off,none,1.088186,0,0,0,cruise
9.700000,0.053377,,0.008599,0.009584,-1.910260,1.484705,off,none,1.062270,0,0,0,cruise
9.750000,0.051893,,0.008889,0.009791,-1.873046,1.487582,off,none,1.061512,0,0,0,cruise
9.800000,0.052812,,0.009306,0.010621,-1.890185,1.447856,off,none,1.057209,0,0,0,cruise
9.850000,0.045024,,0.009078,0.010308,-1.911078,1.443326,off,none,1.075972,0,0,0,cruise
9.900000,0.045117,,0.008744,0.010209,-1.909330,1.419507,off,none,1.107331,0,0,0,cruise
9.950000,0.046291,,0.008520,0.010009,-1.917471,1.389466,off,none,1.136549,0,0,0,cruise
10.000000,0.053443,,0.007806,0.009015,-1.914972,1.374404,off,none,1.111531,0,0,0,cruise
10.050000,0.058871,,0.007278,0.008405,-1.871795,1.363064,off,none,1.091039,0,0,0,cruise
10.100000,0.063583,,0.007070,0.008178,-1.873953,1.388288,off,none,1.092959,0,0,0,cruise
10.150000,0.075383,,0.006132,0.006939,-1.903457,1.415382,off,none,1.115456,0,0,0,cruise
10.200000,0.071476,,0.006342,0.007520,-1.919713,1.347137,off,none,1.126022,0,0,0,cruise
10.250000,0.070162,,0.006464,0.007611,-1.932348,1.330725,off,none,1.152775,0,0,0,cruise
10.300000,0.067163,,0.006434,0.007383,-1.939436,1.352372,off,none,1.172657,0,0,0,cruise
10.350000,0.075208,,0.006191,0.007289,-1.957365,1.299938,off,none,1.098375,0,0,0,cruise
10.400000,0.089829,,0.005708,0.006719,-1.916321,1.326317,off,none,1.025716,0,0,0,cruise
10.450000,0.103030,,0.005158,0.005998,-1.904695,1.388158,off,none,0.941430,0,0,0,cruise
10.500000,0.105058,,0.004845,0.005747,-1.956197,1.335544,off,none,0.963676,0,0,0,cruise
10.550000,0.105661,,0.004857,0.005797,-1.992906,1.311100,off,none,1.098392,0,0,0,cruise
10.600000,0.107190,,0.004937,0.005792,-1.997436,1.331092,off,none,1.174021,0,0,0,cruise
10.650000,0.094362,,0.005350,0.006806,-2.017917,1.303786,off,none,1.119798,0,0,0,cruise
10.700000,0.076387,,0.006277,0.008473,-2.031206,1.273651,off,none,1.016348,0,0,0,cruise
10.750000,0.067777,,0.007139,0.009730,-2.000915,1.281239,off,none,0.957843,0,0,0,cruise
10.800000,0.066871,,0.007448,0.010452,-2.005758,1.272232,off,none,0.949254,0,0,0,cruise
10.850000,0.071652,,0.008134,0.011297,-2.073074,1.238073,off,none,0.968740,0,0,0,cruise
10.900000,0.074854,,0.009176,0.013452,-2.077972,1.227183,off,none,0.992494,0,0,0,cruise
10.950000,0.081350,,0.009249,0.013591,-2.075038,1.232230,off,none,0.981970,0,0,0,cruise
11.000000,0.075709,,0.009572,0.013828,-2.073944,1.227256,off,none,0.957602,0,0,0,cruise
11.050000,0.088073,,0.009215,0.013211,-2.142378,1.235275,off,none,0.960184,0,0,0,cruise
11.100000,0.107125,,0.009246,0.012518,-2.216562,1.262589,off,none,0.959492,0,0,0,cruise
11.150000,0.113266,,0.009923,0.012889,-2.247597,1.252091,off,none,0.953599,0,0,0,cruise
11.200000,0.116559,,0.011436,0.015326,-2.234368,1.245779,off,none,0.953003,0,0,0,cruise
11.250000,0.119451,,0.011566,0.016112,-2.255789,1.218757,off,none,0.938526,0,0,0,cruise
11.300000,0.118524,,0.011080,0.015753,-2.298195,1.175405,off,none,0.899367,0,0,0,cruise
11.350000,0.115438,,0.010772,0.015609,-2.346178,1.157912,off,none,0.868237,0,0,0,cruise
11.400000,0.117707,,0.011197,0.016418,-2.375714,1.137075,off,none,0.881262,0,0,0,cruise
11.450000,0.124074,,0.012566,0.017345,-2.421693,1.097242,off,none,0.905311,0,0,0,cruise
11.500000,0.128681,,0.013662,0.018551,-2.454850,1.095492,off,none,0.893801,0,0,0,cruise
11.550000,0.131270,,0.014449,0.019175,-2.479468,1.089558,off,none,0.868692,0,0,0,cruise
11.600000,0.130688,,0.014570,0.018888,-2.500473,1.090692,off,none,0.872926,0,0,0,cruise
11.650000,0.136303,,0.015250,0.018727,-2.529013,1.117822,off,none,0.908286,0,0,0,cruise
11.700000,0.141495,,0.016565,0.018278,-2.542318,1.116683,off,none,0.909621,0,0,0,cruise
11.750000,0.141386,,0.017575,0.018366,-2.544364,1.110900,off,none,0.875040,0,0,0,cruise
11.800000,0.140719,,0.017459,0.020182,-2.510884,1.135069,off,none,0.849678,0,0,0,cruise
11.850000,0.144230,,0.017067,0.020020,-2.507839,1.151077,off,none,0.848069,0,0,0,cruise
11.900000,0.143940,,0.016760,0.018787,-2.554623,1.136058,off,none,0.867882,0,0,0,cruise
11.950000,0.143019,,0.017017,0.016511,-2.577367,1.138687,off,none,0.876215,0,0,0,cruise
12.000000,0.146149,,0.017693,0.014818,-2.562721,1.179231,off,none,0.878923,0,0,0,cruise
12.050000,0.147333,,0.017497,0.015246,-2.538774,1.210414,off,none,0.902574,0,0,0,cruise
12.100000,0.145777,,0.016277,0.015283,-2.561598,1.185696,off,none,0.918199,0,0,0,cruise
12.150000,0.144556,,0.015018,0.013699,-2.571243,1.155046,off,none,0.906877,0,0,0,cruise
12.200000,0.147282,,0.014609,0.012074,-2.537260,1.129969,off,none,0.873667,0,0,0,cruise
12.250000,0.146744,,0.014870,0.011661,-2.499844,1.124541,off,none,0.853497,0,0,0,cruise
12.300000,0.144388,,0.014758,0.011565,-2.508912,1.084416,off,none,0.855390,0,0,0,cruise
12.350000,0.138707,,0.012886,0.009973,-2.527378,1.008215,off,none,0.854775,0,0,0,cruise
12.400000,0.138280,,0.012486,0.009501,-2.524929,0.980679,off,none,0.858529,0,0,0,cruise
12.450000,0.141511,,0.013496,0.009969,-2.529994,0.970188,off,none,0.862744,0,0,0,cruise
12.500000,0.144145,,0.014694,0.010714,-2.526124,1.004574,off,none,0.888444,0,0,0,cruise
12.550000,0.144162,,0.015520,0.011360,-2.541884,1.031324,off,none,0.909819,0,0,0,cruise
12.600000,0.145458,,0.016194,0.011282,-2.610866,1.016456,off,none,0.916480,0,0,0,cruise
12.650000,0.143493,,0.016855,0.010825,-2.659791,1.003138,off,none,0.923548,0,0,0,cruise
12.700000,0.139111,,0.018200,0.010884,-2.617028,1.057074,off,none,0.916703,0,0,0,cruise
12.750000,0.134489,,0.018863,0.011087,-2.585663,1.043032,off,none,0.895684,0,0,0,cruise
12.800000,0.131413,,0.021532,0.011927,-2.560436,1.022395,off,none,0.883131,0,0,0,cruise
12.850000,0.129663,,0.024260,0.012125,-2.542642,1.013544,off,none,0.890304,0,0,0,cruise
12.900000,0.126037,,0.024759,0.010808,-2.433627,1.094537,off,none,0.888291,0,0,0,cruise
12.950000,0.123871,,0.025958,0.008674,-2.147025,1.328856,off,none,0.866159,0,0,0,cruise
13.000000,0.124219,,0.025463,0.008912,-2.053916,1.407040,off,none,0.872932,0,0,0,cruise
13.050000,0.123828,,0.023100,0.009125,-2.220412,1.231354,off,none,0.902748,0,0,0,cruise
13.100000,0.122366,,0.024956,0.007853,-2.251588,1.211975,off,none,0.911858,0,0,0,cruise
13.150000,0.121364,,0.032170,0.007898,-2.286668,1.103689,off,none,0.883292,0,0,0,cruise
13.200000,0.118719,,0.034800,0.008648,-2.349737,1.000201,off,none,0.879131,0,0,0,cruise
13.250000,0.116036,,0.034568,0.009108,-2.320658,1.041059,off,none,0.897614,0,0,0,cruise
13.300000,0.114077,,0.036935,0.009503,-2.109534,1.241813,off,none,0.893197,0,0,0,cruise
13.350000,0.112314,,0.041451,0.009371,-2.081149,1.249365,off,none,0.886718,0,0,0,cruise
13.400000,0.112981,,0.043996,0.008915,-1.979390,1.323045,off,none,0.869464,0,0,0,cruise
13.450000,0.113423,,0.039820,0.008660,-1.802779,1.483014,off,none,0.864428,0,0,0,cruise
13.500000,0.107932,,0.035075,0.008095,-1.830829,1.505762,off,none,0.873895,0,0,0,cruise
13.550000,0.101641,,0.034229,0.008287,-1.869545,1.468401,off,none,0.888550,0,0,0,cruise
13.600000,0.097321,,0.032025,0.009025,-1.955544,1.399436,off,none,0.887297,0,0,0,cruise
13.650000,0.092729,,0.031225,0.009011,-2.029493,1.314410,off,none,0.872674,0,0,0,cruise
13.700000,0.091361,,0.035927,0.009524,-1.931153,1.348307,off,none,0.867791,0,0,0,cruise
13.750000,0.087098,,0.040822,0.010620,-2.048273,1.157429,off,none,0.874593,0,0,0,cruise
13.800000,0.086058,,0.050461,0.011732,-2.046331,1.111049,off,none,0.873360,0,0,0,cruise
13.850000,0.086944,,0.056792,0.012675,-1.931206,1.210378,off,none,0.863503,0,0,0,cruise
13.900000,0.085985,,0.060495,0.012910,-1.885229,1.222954,off,none,0.850930,0,0,0,cruise
13.950000,0.086991,,0.065797,0.012882,-1.747206,1.337403,off,none,0.852585,0,0,0,cruise
14.000000,0.085538,,0.064501,0.012577,-1.709502,1.373816,off,none,0.853601,0,0,0,cruise
14.050000,0.082529,,0.067385,0.013525,-1.665001,1.389954,off,none,0.836369,0,0,0,cruise
14.100000,0.081602,,0.061000,0.012922,-1.615429,1.499790,off,none,0.820153,0,0,0,cruise
14.150000,0.081297,,0.055211,0.011547,-1.439867,1.695298,off,none,0.817003,0,0,0,cruise
14.200000,0.080852,,0.051564,0.010275,-1.150352,1.960476,off,none,0.828036,0,0,0,cruise
14.250000,0.079469,,0.046732,0.010083,-1.096211,2.023074,off,none,0.837370,0,0,0,cruise
14.300000,0.075381,,0.051186,0.011851,-1.056411,1.997468,off,none,0.842888,0,0,0,cruise
14.350000,0.070027,,0.061799,0.014737,-1.113477,1.872256,off,none,0.844400,0,0,0,cruise
14.400000,0.063986,,0.070018,0.016741,-1.160502,1.777045,off,none,0.853384,0,0,0,cruise
14.450000,0.060410,,0.070035,0.018073,-1.213726,1.697426,off,none,0.857176,0,0,0,cruise
14.500000,0.056157,,0.064101,0.016304,-1.211960,1.724606,off,none,0.850580,0,0,0,cruise
14.550000,0.050339,,0.063994,0.014361,-1.096264,1.783023,off,none,0.847144,0,0,0,cruise
14.600000,0.047538,,0.058525,0.013008,-1.078212,1.769758,off,none,0.837012,0,0,0,cruise
14.650000,0.047055,,0.057493,0.012356,-0.843792,1.994445,off,none,0.829962,0,0,0,cruise
14.700000,0.046661,,0.060958,0.012486,-0.753746,2.050607,off,none,0.832902,0,0,0,cruise
14.750000,0.044877,,0.060261,0.012316,-0.926349,1.883734,off,none,0.839118,0,0,0,cruise
14.800000,0.037867,,0.076473,0.014429,-0.992288,1.796752,off,none,0.840757,0,0,0,cruise
14.850000,0.033897,,0.077305,0.014857,-1.133903,1.708125,off,none,0.835651,0,0,0,cruise
14.900000,0.040101,,0.048390,0.011069,-1.349680,1.589728,off,none,0.822593,0,0,0,cruise
14.950000,0.037571,,0.045894,0.010433,-1.474856,1.475492,off,none,0.823064,0,0,0,cruise
15.000000,0.036501,,0.038117,0.010028,-1.570281,1.391143,off,none,0.841736,0,0,0,cruise
15.050000,0.030104,,0.045485,0.012965,-1.619555,1.319947,off,none,0.843907,0,0,0,cruise
15.100000,0.027682,,0.050310,0.016282,-1.654915,1.299222,off,none,0.842385,0,0,0,cruise
15.150000,0.026683,,0.052508,0.017885,-1.641056,1.325179,off,none,0.853895,0,0,0,cruise
15.200000,0.021617,,0.047243,0.015817,-1.599843,1.375690,off,none,0.868344,0,0,0,cruise
15.250000,0.020058,,0.031774,0.011612,-1.655950,1.363443,off,none,0.870339,0,0,0,cruise
15.300000,0.017386,,0.030792,0.011275,-1.676442,1.383577,off,none,0.868635,0,0,0,cruise
15.350000,0.017427,,0.028281,0.010860,-1.686066,1.482133,off,none,0.881905,0,0,0,cruise
15.400000,0.014593,,0.032052,0.012446,-1.614037,1.547597,off,none,0.897649,0,0,0,cruise
15.450000,0.015475,,0.027487,0.010992,-1.662975,1.555535,off,none,0.896842,0,0,0,cruise
15.500000,0.013357,,0.035203,0.012783,-1.669610,1.574449,off,none,0.903363,0,0,0,cruise
15.550000,0.007048,,0.054678,0.019307,-1.580026,1.601308,off,none,0.919944,0,0,0,cruise
15.600000,0.008643,,0.051271,0.019735,-1.640890,1.634361,off,none,0.925086,0,0,0,cruise
15.650000,0.010681,,0.043771,0.018651,-1.686752,1.679186,off,none,0.925081,0,0,0,cruise
15.700000,0.008672,,0.047796,0.019837,-1.608529,1.759865,off,none,0.933768,0,0,0,cruise
15.750000,0.008822,,0.050040,0.022069,-1.595409,1.767798,off,none,0.950081,0,0,0,cruise
15.800000,0.005210,,0.056162,0.024328,-1.593393,1.733532,off,none,0.961802,0,0,0,cruise
15.850000,0.004842,,0.055603,0.023609,-1.630731,1.788524,off,none,0.947041,0,0,0,cruise
15.900000,0.005946,,0.041648,0.019156,-1.731322,1.749641,off,none,0.937782,0,0,0,cruise
15.950000,0.007001,,0.034319,0.016463,-1.816147,1.707020,off,none,0.953081,0,0,0,cruise
16.000000,0.007799,,0.030308,0.014611,-1.840613,1.680362,off,none,0.976284,0,0,0,cruise
16.050000,0.007566,,0.030468,0.014758,-1.785919,1.712133,off,none,0.986280,0,0,0,cruise
16.100000,0.006306,,0.036551,0.018368,-1.728084,1.791656,off,none,1.005622,0,0,0,cruise
16.150000,0.004686,,0.040077,0.021495,-1.730318,1.831648,off,none,1.027389,0,0,0,cruise
16.200000,0.002340,,0.045372,0.023246,-1.609181,1.838980,off,none,1.022979,0,0,0,cruise
16.250000,0.001648,,0.047552,0.023706,-1.577699,1.810083,off,none,1.021254,0,0,0,cruise
16.300000,-0.001319,,0.055963,0.029362,-1.563064,1.817145,off,none,1.029763,0,0,0,cruise
16.350000,-0.002599,,0.057275,0.030142,-1.505999,1.859884,off,none,1.036455,0,0,0,cruise
16.400000,-0.003364,,0.057563,0.027201,-1.478038,1.855314,off,none,1.021971,0,0,0,cruise
16.450000,-0.005516,,0.056120,0.025319,-1.503238,1.799996,off,none,1.009980,0,0,0,cruise
16.500000,-0.006533,,0.052038,0.023480,-1.526899,1.740090,off,none,1.001128,0,0,0,cruise
16.550000,-0.005237,,0.050482,0.021246,-1.439976,1.784233,off,none,0.989623,0,0,0,cruise
16.600000,-0.003213,,0.049431,0.020604,-1.457204,1.803928,off,none,0.977982,0,0,0,cruise
16.650000,-0.004788,,0.050444,0.020949,-1.488621,1.819579,off,none,0.998367,0,0,0,cruise
16.700000,-0.006609,,0.049049,0.020697,-1.471383,1.790524,off,none,1.029648,0,0,0,cruise
16.750000,-0.006073,,0.044980,0.020380,-1.501908,1.774348,off,none,1.030254,0,0,0,cruise
16.800000,-0.008048,,0.046243,0.020901,-1.489284,1.779993,off,none,1.005391,0,0,0,cruise
16.850000,-0.009829,,0.050720,0.022635,-1.516429,1.785092,off,none,1.014226,0,0,0,cruise
16.900000,-0.010152,,0.051436,0.023548,-1.561628,1.734615,off,none,1.024205,0,0,0,cruise
16.950000,-0.010804,,0.052035,0.022790,-1.503789,1.704820,off,none,0.974836,0,0,0,cruise
17.000000,-0.011456,,0.052562,0.024220,-1.552023,1.681634,off,none,0.939207,0,0,0,cruise
17.050000,-0.011360,,0.054626,0.024127,-1.568403,1.641641,off,none,0.938321,0,0,0,cruise
17.100000,-0.010766,,0.060629,0.023274,-1.544908,1.690223,off,none,0.950389,0,0,0,cruise
17.150000,-0.012091,,0.056020,0.022980,-1.560774,1.685099,off,none,0.959101,0,0,0,cruise
17.200000,-0.014050,,0.050300,0.020360,-1.565062,1.665155,off,none,0.921166,0,0,0,cruise
17.250000,-0.014078,,0.049213,0.018926,-1.649507,1.644304,off,none,0.878171,0,0,0,cruise
17.300000,-0.013906,,0.046187,0.018431,-1.732293,1.605666,off,none,0.839048,0,0,0,cruise
17.350000,-0.014256,,0.045955,0.018342,-1.722993,1.602613,off,none,0.781600,0,0,0,cruise
17.400000,-0.016629,,0.047700,0.017758,-1.660449,1.621374,off,none,0.814816,0,0,0,cruise
17.450000,-0.017353,,0.047743,0.017396,-1.628068,1.653415,off,none,0.865780,0,0,0,cruise
17.500000,-0.018784,,0.047503,0.017400,-1.627251,1.656010,off,none,0.874253,0,0,0,cruise
17.550000,-0.018559,,0.046412,0.016628,-1.609205,1.661742,off,none,0.833977,0,0,0,cruise
17.600000,-0.019640,,0.051502,0.017651,-1.532608,1.649974,off,none,0.795089,0,0,0,cruise
17.650000,-0.019051,,0.047962,0.017549,-1.556553,1.627332,off,none,0.780842,0,0,0,cruise
17.700000,-0.021074,,0.047878,0.017149,-1.522966,1.632612,off,none,0.771793,0,0,0,cruise
17.750000,-0.021884,,0.050952,0.018540,-1.478913,1.619043,off,none,0.752615,0,0,0,cruise
17.800000,-0.020443,,0.046018,0.017195,-1.546798,1.622995,off,none,0.739147,0,0,0,cruise
17.850000,-0.019822,,0.045837,0.016200,-1.550960,1.647548,off,none,0.748071,0,0,0,cruise
17.900000,-0.020244,,0.047616,0.016919,-1.588266,1.625043,off,none,0.754944,0,0,0,cruise
17.950000,-0.020770,,0.042471,0.015492,-1.581691,1.609859,off,none,0.737568,0,0,0,cruise
18.000000,-0.020428,,0.045119,0.015775,-1.526259,1.663644,off,none,0.713147,0,0,0,cruise
18.050000,-0.020650,,0.044687,0.014812,-1.544177,1.693127,off,none,0.697054,0,0,0,cruise
18.100000,-0.021297,,0.044633,0.014385,-1.523100,1.673460,off,none,0.709285,0,0,0,cruise
18.150000,-0.021625,,0.045158,0.014503,-1.491325,1.644698,off,none,0.783876,0,0,0,cruise
18.200000,-0.022260,,0.039629,0.012280,-1.496149,1.667868,off,none,0.848398,0,0,0,cruise
18.250000,-0.023386,,0.035407,0.011811,-1.512652,1.667908,off,none,0.841193,0,0,0,cruise
18.300000,-0.022743,,0.035155,0.011352,-1.494032,1.646731,off,none,0.784064,0,0,0,cruise
18.350000,-0.023911,,0.036025,0.011467,-1.464330,1.678408,off,none,0.746961,0,0,0,cruise
18.400000,-0.026506,,0.034455,0.012412,-1.491913,1.640100,off,none,0.757320,0,0,0,cruise
18.450000,-0.025184,,0.032949,0.011192,-1.456040,1.605522,off,none,0.762810,0,0,0,cruise
18.500000,-0.023005,,0.036173,0.010316,-1.457926,1.599613,off,none,0.758288,0,0,0,cruise
18.550000,-0.025039,,0.042499,0.011583,-1.469749,1.612472,off,none,0.755022,0,0,0,cruise
18.600000,-0.026849,,0.042030,0.011628,-1.438223,1.621728,off,none,0.750935,0,0,0,cruise
18.650000,-0.026366,,0.041074,0.011791,-1.441825,1.598422,off,none,0.761592,0,0,0,cruise
18.700000,-0.028110,,0.047036,0.013543,-1.453775,1.543998,off,none,0.784102,0,0,0,cruise
18.750000,-0.026877,,0.048537,0.013489,-1.443742,1.530920,off,none,0.797027,0,0,0,cruise
18.800000,-0.024468,,0.044670,0.012301,-1.475489,1.550114,off,none,0.799153,0,0,0,cruise
18.850000,-0.025628,,0.043781,0.011948,-1.488943,1.547272,off,none,0.788718,0,0,0,cruise
18.900000,-0.028316,,0.044667,0.012783,-1.498973,1.491929,off,none,0.767576,0,0,0,cruise
18.950000,-0.028060,,0.045309,0.012275,-1.474143,1.495112,off,none,0.754964,0,0,0,cruise
19.000000,-0.026654,,0.048235,0.012371,-1.479686,1.504397,off,none,0.775396,0,0,0,cruise
19.050000,-0.027922,,0.049651,0.013384,-1.481006,1.452915,off,none,0.791720,0,0,0,cruise
19.100000,-0.026136,,0.044534,0.011093,-1.495063,1.476011,off,none,0.789891,0,0,0,cruise
19.150000,-0.026905,,0.043933,0.010341,-1.491967,1.478563,off,none,0.788200,0,0,0,cruise
19.200000,-0.028383,,0.047431,0.011273,-1.468249,1.454010,off,none,0.779545,0,0,0,cruise
19.250000,-0.029658,,0.045934,0.011457,-1.474116,1.440492,off,none,0.769174,0,0,0,cruise
19.300000,-0.030954,,0.045852,0.011773,-1.518825,1.446156,off,none,0.772550,0,0,0,cruise
19.350000,-0.032662,,0.046340,0.012651,-1.533511,1.457350,off,none,0.770843,0,0,0,cruise
19.400000,-0.032538,,0.041019,0.011178,-1.542653,1.500470,off,none,0.775390,0,0,0,cruise
19.450000,-0.031777,,0.043731,0.011164,-1.531533,1.508280,off,none,0.792767,0,0,0,cruise
19.500000,-0.030674,,0.046800,0.011029,-1.495349,1.535235,off,none,0.800912,0,0,0,cruise
19.550000,-0.032311,,0.051256,0.012189,-1.491147,1.514012,off,none,0.793730,0,0,0,cruise
19.600000,-0.031627,,0.051676,0.012334,-1.504282,1.495935,off,none,0.785615,0,0,0,cruise
19.650000,-0.031280,,0.049379,0.011573,-1.539670,1.516064,off,none,0.768477,0,0,0,cruise
19.700000,-0.033935,,0.049588,0.012285,-1.561094,1.489813,off,none,0.765491,0,0,0,cruise
19.750000,-0.034608,,0.047487,0.012034,-1.572390,1.500138,off,none,0.780684,0,0,0,cruise
19.800000,-0.034064,,0.051158,0.011749,-1.566876,1.515183,off,none,0.788658,0,0,0,cruise
19.850000,-0.033933,,0.052904,0.011445,-1.579339,1.491216,off,none,0.784776,0,0,0,cruise
19.900000,-0.036522,,0.045592,0.012066,-1.622711,1.453641,off,none,0.793747,0,0,0,cruise
19.950000,-0.037412,,0.046971,0.012818,-1.609134,1.449854,off,none,0.802093,0,0,0,cruise
20.000000,-0.036050,,0.048945,0.013289,-1.566627,1.470226,off,none,0.791465,0,0,0,cruise
20.050000,-0.035703,,0.047946,0.013013,-1.592283,1.478621,off,none,0.778688,0,0,0,cruise
20.100000,-0.037718,,0.040824,0.011274,-1.605070,1.500740,off,none,0.770023,0,0,0,cruise
20.150000,-0.038828,,0.036598,0.010028,-1.618090,1.533501,off,none,0.765394,0,0,0,cruise
20.200000,-0.036811,,0.038854,0.010430,-1.622198,1.566685,off,none,0.764514,0,0,0,cruise
20.250000,-0.035306,,0.040232,0.011832,-1.611177,1.540132,off,none,0.771574,0,0,0,cruise
20.300000,-0.034633,,0.038926,0.011221,-1.587927,1.556016,off,none,0.792524,0,0,0,cruise
20.350000,-0.033672,,0.039740,0.011176,-1.599947,1.538157,off,none,0.811622,0,0,0,cruise
20.400000,-0.034325,,0.038852,0.011361,-1.642323,1.510870,off,none,0.811137,0,0,0,cruise
20.450000,-0.036973,,0.037801,0.011341,-1.659888,1.521040,off,none,0.782329,0,0,0,cruise
20.500000,-0.038555,,0.036584,0.011608,-1.660677,1.525187,off,none,0.768389,0,0,0,cruise
20.550000,-0.038907,,0.043389,0.011897,-1.651582,1.553013,off,none,0.770831,0,0,0,cruise
20.600000,-0.035920,,0.045409,0.010696,-1.645489,1.568462,off,none,0.793911,0,0,0,cruise
20.650000,-0.035315,,0.039514,0.010382,-1.655800,1.563001,off,none,0.796005,0,0,0,cruise
20.700000,-0.035946,,0.037700,0.010822,-1.681148,1.569997,off,none,0.785333,0,0,0,cruise
20.750000,-0.035102,,0.036861,0.011520,-1.711462,1.520095,off,none,0.785342,0,0,0,cruise
20.800000,-0.035481,,0.039413,0.012271,-1.709538,1.491937,off,none,0.791453,0,0,0,cruise
20.850000,-0.034567,,0.040107,0.013241,-1.713942,1.478084,off,none,0.797308,0,0,0,cruise
20.900000,-0.033044,,0.037529,0.012833,-1.718976,1.492825,off,none,0.792738,0,0,0,cruise
20.950000,-0.034554,,0.037191,0.013306,-1.731289,1.515216,off,none,0.787037,0,0,0,cruise
21.000000,-0.034466,,0.036535,0.013998,-1.761433,1.488226,off,none,0.790138,0,0,0,cruise
21.050000,-0.034109,,0.034888,0.013576,-1.764362,1.480475,off,none,0.796850,0,0,0,cruise
21.100000,-0.031250,,0.033731,0.013252,-1.753807,1.493750,off,none,0.811605,0,0,0,cruise
21.150000,-0.029562,,0.036239,0.013127,-1.751710,1.497395,off,none,0.838125,0,0,0,cruise
21.200000,-0.032139,,0.036210,0.012836,-1.749382,1.504940,off,none,0.878944,0,0,0,cruise
21.250000,-0.034528,,0.032483,0.012918,-1.772332,1.489080,off,none,0.885541,0,0,0,cruise
21.300000,-0.032583,,0.034685,0.013898,-1.770115,1.469885,off,none,0.858485,0,0,0,cruise
21.350000,-0.032866,,0.034919,0.014772,-1.772877,1.463077,off,none,0.826279,0,0,0,cruise
21.400000,-0.035887,,0.033070,0.015230,-1.761704,1.440473,off,none,0.794739,0,0,0,cruise
21.450000,-0.035613,,0.034733,0.015170,-1.745675,1.412993,off,none,0.741288,0,0,0,cruise
21.500000,-0.033269,,0.033679,0.014337,-1.740641,1.463890,off,none,0.704299,0,0,0,cruise
21.550000,-0.032854,,0.033386,0.014702,-1.736298,1.502556,off,none,0.709144,0,0,0,cruise
21.600000,-0.031172,,0.034242,0.014890,-1.744396,1.498710,off,none,0.738144,0,0,0,cruise
21.650000,-0.030618,,0.035144,0.015379,-1.777301,1.473398,off,none,0.758105,0,0,0,cruise
21.700000,-0.030103,,0.036890,0.016184,-1.778827,1.461565,off,none,0.771600,0,0,0,cruise
21.750000,-0.029252,,0.038963,0.015778,-1.773187,1.454792,off,none,0.782530,0,0,0,cruise
21.800000,-0.028940,,0.038233,0.015982,-1.742587,1.451175,off,none,0.791356,0,0,0,cruise
21.850000,-0.028735,,0.037554,0.017349,-1.727325,1.438072,off,none,0.810159,0,0,0,cruise
21.900000,-0.027289,,0.037688,0.017353,-1.731845,1.474228,off,none,0.837632,0,0,0,cruise
21.950000,-0.024711,,0.039220,0.017286,-1.746015,1.477109,off,none,0.862940,0,0,0,cruise
22.000000,-0.023123,,0.040499,0.016651,-1.735077,1.509755,off,none,0.876255,0,0,0,cruise
22.050000,-0.026744,,0.042778,0.018413,-1.686065,1.470404,off,none,0.885063,0,0,0,cruise
22.100000,-0.030826,,0.042617,0.019284,-1.688074,1.427364,off,none,0.876707,0,0,0,cruise
22.150000,-0.034262,,0.039531,0.018072,-1.710202,1.477925,off,none,0.816552,0,0,0,cruise
22.200000,-0.034923,,0.042666,0.018999,-1.718152,1.466240,off,none,0.759598,0,0,0,cruise
22.250000,-0.035513,,0.044786,0.020540,-1.739298,1.403796,off,none,0.753536,0,0,0,cruise
22.300000,-0.034226,,0.042852,0.019268,-1.728178,1.438890,off,none,0.796088,0,0,0,cruise
22.350000,-0.032359,,0.044073,0.019363,-1.713643,1.455168,off,none,0.821651,0,0,0,cruise
22.400000,-0.035494,,0.041418,0.018912,-1.690965,1.485637,off,none,0.813344,0,0,0,cruise
22.450000,-0.038059,,0.041793,0.019032,-1.658523,1.508281,off,none,0.810056,0,0,0,cruise
22.500000,-0.034487,,0.040335,0.017935,-1.688519,1.519891,off,none,0.843650,0,0,0,cruise
22.550000,-0.035648,,0.036638,0.017065,-1.698113,1.513087,off,none,0.866787,0,0,0,cruise
22.600000,-0.037473,,0.035209,0.015700,-1.639198,1.537979,off,none,0.857386,0,0,0,cruise
22.650000,-0.036066,,0.036651,0.016372,-1.649937,1.510095,off,none,0.855846,0,0,0,cruise
22.700000,-0.035239,,0.038428,0.015973,-1.657736,1.524532,off,none,0.882468,0,0,0,cruise
22.750000,-0.034164,,0.039228,0.016716,-1.654524,1.550682,off,none,0.912375,0,0,0,cruise
22.800000,-0.032657,,0.039339,0.017257,-1.653891,1.513335,off,none,0.910844,0,0,0,cruise
22.850000,-0.030316,,0.036490,0.015811,-1.622624,1.528860,off,none,0.896384,0,0,0,cruise
22.900000,-0.030518,,0.035045,0.015121,-1.640717,1.555608,off,none,0.897522,0,0,0,cruise
22.950000,-0.033363,,0.034771,0.014471,-1.652271,1.540064,off,none,0.902922,0,0,0,cruise
23.000000,-0.034720,,0.032952,0.014313,-1.642687,1.493731,off,none,0.887611,0,0,0,cruise
23.050000,-0.034165,,0.029889,0.014115,-1.658632,1.461582,off,none,0.857596,0,0,0,cruise
23.100000,-0.036009,,0.028141,0.014159,-1.642027,1.447957,off,none,0.849178,0,0,0,cruise
23.150000,-0.037898,,0.030508,0.014581,-1.634383,1.425743,off,none,0.856912,0,0,0,cruise
23.200000,-0.035375,,0.033804,0.014088,-1.638209,1.460737,off,none,0.862470,0,0,0,cruise
23.250000,-0.033068,,0.033722,0.012672,-1.684898,1.441824,off,none,0.858277,0,0,0,cruise
23.300000,-0.033183,,0.036921,0.013169,-1.680079,1.434475,off,none,0.863839,0,0,0,cruise
23.350000,-0.032145,,0.039674,0.014230,-1.630357,1.435830,off,none,0.891027,0,0,0,cruise
23.400000,-0.031291,,0.040100,0.013482,-1.599094,1.481698,off,none,0.948836,0,0,0,cruise
23.450000,-0.031652,,0.039974,0.012840,-1.616124,1.502764,off,none,0.992813,0,0,0,cruise
23.500000,-0.033501,,0.038204,0.013336,-1.635997,1.473763,off,none,0.981102,0,0,0,cruise
23.550000,-0.033318,,0.037728,0.013310,-1.671774,1.454231,off,none,0.918680,0,0,0,cruise
23.600000,-0.033405,,0.038350,0.013474,-1.637444,1.470800,off,none,0.882751,0,0,0,cruise
23.650000,-0.035341,,0.035963,0.012797,-1.647098,1.451404,off,none,0.907736,0,0,0,cruise
23.700000,-0.032570,,0.038088,0.012536,-1.663285,1.471670,off,none,0.947597,0,0,0,cruise
23.750000,-0.031064,,0.041781,0.013148,-1.644358,1.498201,off,none,0.979112,0,0,0,cruise
23.800000,-0.032735,,0.039602,0.012553,-1.586926,1.541815,off,none,1.007115,0,0,0,cruise
23.850000,-0.033402,,0.036413,0.012247,-1.564517,1.534109,off,none,1.043037,0,0,0,cruise
23.900000,-0.033155,,0.039323,0.012689,-1.579762,1.533950,off,none,1.063405,0,0,0,cruise
23.950000,-0.032692,,0.039783,0.012358,-1.580796,1.620120,off,none,1.048153,0,0,0,cruise
24.000000,-0.034928,,0.034810,0.011964,-1.550634,1.614435,off,none,1.025918,0,0,0,cruise
24.050000,-0.035876,,0.030826,0.011955,-1.541715,1.570247,off,none,1.030409,0,0,0,cruise
24.100000,-0.036308,,0.030969,0.011159,-1.544428,1.607822,off,none,1.040981,0,0,0,cruise
24.150000,-0.037262,,0.028180,0.010156,-1.549273,1.570255,off,none,1.043471,0,0,0,cruise
24.200000,-0.036791,,0.027273,0.009601,-1.496540,1.593565,off,none,1.039930,0,0,0,cruise
24.250000,-0.035688,,0.028926,0.010077,-1.503765,1.614436,off,none,1.034461,0,0,0,cruise
24.300000,-0.035221,,0.028024,0.010680,-1.536903,1.645016,off,none,1.047938,0,0,0,cruise
24.350000,-0.034724,,0.030630,0.011189,-1.530532,1.625140,off,none,1.038744,0,0,0,cruise
24.400000,-0.034299,,0.030420,0.010675,-1.558140,1.577674,off,none,1.009232,0,0,0,cruise
24.450000,-0.034685,,0.029986,0.010453,-1.544377,1.595708,off,none,0.988820,0,0,0,cruise
24.500000,-0.032275,,0.030839,0.010544,-1.539062,1.612415,off,none,0.989729,0,0,0,cruise
24.550000,-0.032052,,0.029941,0.010534,-1.530998,1.622966,off,none,0.992902,0,0,0,cruise
24.600000,-0.029838,,0.027720,0.010169,-1.548646,1.628853,off,none,0.981697,0,0,0,cruise
24.650000,-0.027498,,0.028713,0.010470,-1.515746,1.631926,off,none,0.969178,0,0,0,cruise
24.700000,-0.028296,,0.029602,0.010894,-1.385120,1.693532,off,none,0.978767,0,0,0,cruise
24.750000,-0.026561,,0.027621,0.010596,-1.325008,1.738501,off,none,0.993247,0,0,0,cruise
24.800000,-0.025815,,0.025791,0.011060,-1.332958,1.729222,off,none,0.963551,0,0,0,cruise
24.850000,-0.024044,,0.025054,0.011625,-1.232801,1.786284,off,none,0.929864,0,0,0,cruise
24.900000,-0.021701,,0.025693,0.011833,-1.248634,1.790939,off,none,0.931156,0,0,0,cruise
24.950000,-0.025769,,0.027812,0.012758,-1.318221,1.732012,off,none,0.955684,0,0,0,cruise
25.000000,-0.027048,,0.028074,0.013388,-1.346326,1.720239,off,none,0.918750,0,0,0,cruise
25.050000,-0.025296,,0.026685,0.012746,-1.372093,1.690754,off,none,0.880018,0,0,0,cruise
25.100000,-0.025724,,0.028166,0.012583,-1.305252,1.716205,off,none,0.896297,0,0,0,cruise
25.150000,-0.026304,,0.028892,0.012442,-1.358831,1.762824,off,none,0.952120,0,0,0,cruise
25.200000,-0.027044,,0.024911,0.010697,-1.258859,1.892634,off,none,0.997384,0,0,0,cruise
25.250000,-0.028487,,0.023732,0.010415,-1.211126,1.987184,off,none,0.978632,0,0,0,cruise
25.300000,-0.028690,,0.023749,0.010358,-1.190547,2.041918,off,none,0.995998,0,0,0,cruise
25.350000,-0.029060,,0.025302,0.010250,-1.209283,2.046904,off,none,1.005537,0,0,0,cruise
25.400000,-0.027292,,0.026800,0.010739,-1.200096,2.070834,off,none,0.981597,0,0,0,cruise
25.450000,-0.027044,,0.026701,0.010649,-1.203209,2.108011,off,none,1.040050,0,0,0,cruise
25.500000,-0.025605,,0.026606,0.010255,-1.193662,2.124295,off,none,1.048294,0,0,0,cruise
25.550000,-0.023617,,0.026869,0.011011,-1.220816,2.130653,off,none,1.052931,0,0,0,cruise
25.600000,-0.022376,,0.027942,0.012365,-1.304029,2.101445,off,none,1.094222,0,0,0,cruise
25.650000,-0.021231,,0.031029,0.014556,-1.272526,2.075996,off,none,1.115018,0,0,0,cruise
25.700000,-0.021473,,0.031859,0.014024,-1.267834,2.056382,off,none,1.128436,0,0,0,cruise
25.750000,-0.020311,,0.034152,0.015067,-1.259503,2.050059,off,none,1.138430,0,0,0,cruise
25.800000,-0.018298,,0.034410,0.015731,-1.278292,2.038420,off,none,1.151549,0,0,0,cruise
25.850000,-0.016525,,0.033341,0.015271,-1.257496,2.067015,off,none,1.160124,0,0,0,cruise
25.900000,-0.014086,,0.032751,0.015878,-1.311277,2.024827,off,none,1.171532,0,0,0,cruise
25.950000,-0.012392,,0.029700,0.014909,-1.417474,2.003542,off,none,1.190552,0,0,0,cruise
26.000000,-0.011093,,0.029010,0.014288,-1.304956,2.103478,off,none,1.217841,0,0,0,cruise
26.050000,-0.009980,,0.029010,0.014184,-1.092850,2.164659,off,none,1.228619,0,0,0,cruise
26.100000,-0.010495,,0.031083,0.015411,-0.997944,2.158404,off,none,1.230594,0,0,0,cruise
26.150000,-0.010863,,0.031388,0.015083,-0.949685,2.200992,off,none,1.253501,0,0,0,cruise
26.200000,-0.011870,,0.032880,0.015183,-1.027641,2.140226,off,none,1.259368,0,0,0,cruise
26.250000,-0.012915,,0.036559,0.016023,-1.018560,2.146968,off,none,1.269945,0,0,0,cruise
26.300000,-0.013974,,0.039311,0.017403,-0.935988,2.180190,off,none,1.288409,0,0,0,cruise
26.350000,-0.011846,,0.040584,0.018704,-0.891666,2.196993,off,none,1.312758,0,0,0,cruise
26.400000,-0.009798,,0.041065,0.020071,-0.901675,2.145690,off,none,1.351017,0,0,0,cruise
26.450000,-0.011884,,0.043385,0.021194,-0.907805,2.179070,off,none,1.373952,0,0,0,cruise
26.500000,-0.012157,,0.042725,0.020695,-0.873192,2.229692,off,none,1.399493,0,0,0,cruise
26.550000,-0.008963,,0.041394,0.020278,-0.944316,2.182005,off,none,1.415917,0,0,0,cruise
26.600000,-0.007799,,0.041615,0.021210,-1.055812,2.146145,off,none,1.417787,0,0,0,cruise
26.650000,-0.007915,,0.042500,0.022741,-1.069241,2.157265,off,none,1.329486,0,0,0,cruise
26.700000,-0.007735,,0.043801,0.022216,-0.973620,2.177245,off,none,1.299137,0,0,0,cruise
26.750000,-0.008580,,0.049648,0.020691,-0.865506,2.291555,off,none,1.305764,0,0,0,cruise
26.800000,-0.008016,,0.044404,0.019515,-0.917118,2.263363,off,none,1.361777,0,0,0,cruise
26.850000,-0.007338,,0.041212,0.019194,-0.933998,2.250104,off,none,1.396863,0,0,0,cruise
26.900000,-0.007822,,0.046707,0.019999,-0.892931,2.298564,off,none,1.428657,0,0,0,cruise
26.950000,-0.007878,,0.050488,0.020953,-0.889722,2.331670,off,none,1.434596,0,0,0,cruise
27.000000,-0.007357,,0.056853,0.023504,-0.879635,2.355700,off,none,1.399496,0,0,0,cruise
27.050000,-0.006518,,0.057067,0.023901,-0.898525,2.350522,off,none,1.347549,0,0,0,cruise
27.100000,-0.005335,,0.052995,0.023857,-0.953523,2.307146,off,none,1.385922,0,0,0,cruise
27.150000,-0.003885,,0.055426,0.023931,-0.985720,2.275483,off,none,1.358969,0,0,0,cruise
27.200000,-0.004203,,0.059850,0.024456,-1.054978,2.240012,off,none,1.329675,0,0,0,cruise
27.250000,-0.004521,,0.064632,0.025652,-1.049443,2.235738,off,none,1.303390,0,0,0,cruise
27.300000,-0.004052,,0.070207,0.026675,-0.974416,2.271633,off,none,1.288197,0,0,0,cruise
27.350000,-0.002875,,0.063443,0.027066,-0.992284,2.243534,off,none,1.282762,0,0,0,cruise
27.400000,-0.002490,,0.061418,0.026636,-0.984481,2.250994,off,none,1.277792,0,0,0,cruise
27.450000,-0.003910,,0.061808,0.026360,-0.940606,2.253271,off,none,1.280424,0,0,0,cruise
27.500000,-0.004643,,0.064479,0.028330,-0.915149,2.270872,off,none,1.311664,0,0,0,cruise
27.550000,-0.003541,,0.066013,0.029123,-0.961474,2.239740,off,none,1.308633,0,0,0,cruise
27.600000,-0.005286,,0.062556,0.026372,-1.007928,2.207623,off,none,1.260448,0,0,0,cruise
27.650000,-0.005850,,0.066609,0.025892,-0.951899,2.244786,off,none,1.190195,0,0,0,cruise
27.700000,-0.005355,,0.070552,0.027541,-0.926600,2.190519,off,none,1.150421,0,0,0,cruise
27.750000,-0.005620,,0.075780,0.028668,-0.928298,2.152707,off,none,1.166018,0,0,0,cruise
27.800000,-0.005527,,0.079919,0.030480,-0.913258,2.124162,off,none,1.197172,0,0,0,cruise
27.850000,-0.005007,,0.082085,0.030803,-0.903851,2.109335,off,none,1.251982,0,0,0,cruise
27.900000,-0.004425,,0.094091,0.033944,-0.920510,2.070105,off,none,1.319907,0,0,0,cruise
27.950000,-0.002660,,0.107512,0.039155,-0.906932,1.991515,off,none,1.329968,0,0,0,cruise
28.000000,-0.001249,,0.087380,0.030546,-0.841272,1.995422,off,none,1.255766,0,0,0,cruise
28.050000,0.000172,,0.069780,0.023893,-0.803326,2.048518,off,none,1.239527,0,0,0,cruise
28.100000,0.001356,,0.063650,0.024038,-0.785672,2.050964,off,none,1.224014,0,0,0,cruise
28.150000,-0.000489,,0.064303,0.025633,-0.728216,2.066708,off,none,1.242113,0,0,0,cruise
28.200000,-0.003148,,0.068640,0.028472,-0.758549,2.020281,off,none,1.259812,0,0,0,cruise
28.250000,-0.002929,,0.069405,0.027411,-0.815918,1.991631,off,none,1.236619,0,0,0,cruise
28.300000,-0.002170,,0.061030,0.024901,-0.907325,2.000637,off,none,1.200616,0,0,0,cruise
28.350000,-0.002623,,0.058978,0.027490,-0.953637,1.980447,off,none,1.159131,0,0,0,cruise
28.400000,-0.002924,,0.069963,0.033695,-1.001218,2.073789,off,none,1.114960,0,0,0,cruise
28.450000,-0.003140,,0.072056,0.035622,-1.063102,2.159038,off,none,1.053831,0,0,0,cruise
28.500000,-0.002674,,0.081289,0.038193,-1.127640,2.214424,off,none,0.983469,0,0,0,cruise
28.550000,-0.002001,,0.092694,0.042521,-1.160676,2.262490,off,none,0.897731,0,0,0,cruise
28.600000,-0.001425,,0.101775,0.050729,-1.135939,2.219700,off,none,0.862680,0,0,0,cruise
28.650000,-0.001559,,0.115640,0.059351,-1.098574,2.181352,off,none,0.872217,0,0,0,cruise
28.700000,-0.001891,,0.108153,0.058980,-1.139659,2.142131,off,none,0.870770,0,0,0,cruise
28.750000,-0.001286,,0.112731,0.059583,-1.104949,2.167684,off,none,0.845625,0,0,0,cruise
28.800000,-0.000838,,0.131107,0.061297,-0.941448,2.268377,off,none,0.810400,0,0,0,cruise
28.850000,-0.002244,,0.136134,0.059030,-0.910988,2.317032,off,none,0.807690,0,0,0,cruise
28.900000,-0.002946,,0.117170,0.052209,-0.940655,2.327558,off,none,0.811650,0,0,0,cruise
28.950000,-0.002394,,0.131434,0.056312,-0.944089,2.288600,off,none,0.840692,0,0,0,cruise
29.000000,-0.002553,,0.148890,0.063496,-0.907088,2.195907,off,none,0.871434,0,0,0,cruise
29.050000,-0.002447,,0.152386,0.067395,-0.875858,2.126477,off,none,0.928934,0,0,0,cruise
29.100000,-0.002109,,0.145138,0.070132,-0.867390,2.050279,off,none,0.967234,0,0,0,cruise
29.150000,-0.002032,,0.124413,0.061506,-0.807990,2.057783,off,none,0.909308,0,0,0,cruise
29.200000,-0.001120,,0.112634,0.056388,-0.783462,2.068646,off,none,0.934518,0,0,0,cruise
29.250000,0.000343,,0.114574,0.053077,-0.784286,2.095651,off,none,0.953411,0,0,0,cruise
29.300000,0.001720,,0.119408,0.055603,-0.807767,2.099787,off,none,0.951116,0,0,0,cruise
29.350000,0.000041,,0.116044,0.054330,-0.833288,2.123115,off,none,0.953236,0,0,0,cruise
29.400000,-0.002360,,0.110216,0.049553,-0.869055,2.126159,off,none,0.936815,0,0,0,cruise
29.450000,-0.003139,,0.106654,0.056096,-0.868173,2.112888,off,none,0.906805,0,0,0,cruise
29.500000,-0.003186,,0.104322,0.054283,-0.870848,2.164616,off,none,0.875596,0,0,0,cruise
29.550000,-0.002564,,0.106095,0.052061,-0.869281,2.229280,off,none,0.871190,0,0,0,cruise
29.600000,-0.002924,,0.114568,0.054880,-0.861249,2.258695,off,none,0.852055,0,0,0,cruise
29.650000,-0.003231,,0.117320,0.055211,-0.830185,2.263325,off,none,0.833864,0,0,0,cruise
29.700000,-0.003397,,0.111153,0.059812,-0.833368,2.231665,off,none,0.836672,0,0,0,cruise
29.750000,-0.002715,,0.117332,0.058748,-0.834804,2.207186,off,none,0.873807,0,0,0,cruise
29.800000,-0.002441,,0.121303,0.058370,-0.833722,2.188052,off,none,0.922493,0,0,0,cruise
29.850000,-0.002863,,0.118492,0.060795,-0.830636,2.186877,off,none,0.932830,0,0,0,cruise
29.900000,-0.003393,,0.115144,0.059964,-0.829006,2.225481,off,none,0.845713,0,0,0,cruise
29.950000,-0.004201,,0.098798,0.055247,-0.845812,2.247134,off,none,0.873052,0,0,0,cruise
30.000000,-0.003118,,0.099372,0.055075,-0.882392,2.260783,off,none,0.876830,0,0,0,cruise
30.050000,-0.002680,,0.103938,0.058839,-0.875201,2.276143,off,none,0.879415,0,0,0,cruise
30.100000,-0.003141,,0.106610,0.061874,-0.850281,2.262398,off,none,0.895179,0,0,0,cruise
30.150000,-0.003589,,0.103879,0.058671,-0.829034,2.258144,off,none,0.929154,0,0,0,cruise
30.200000,-0.004133,,0.096804,0.055830,-0.860239,2.256090,off,none,0.959816,0,0,0,cruise
30.250000,-0.003271,,0.097877,0.053817,-0.909086,2.272959,off,none,0.934950,0,0,0,cruise
30.300000,-0.001595,,0.106278,0.055967,-0.935564,2.264326,off,none,0.911618,0,0,0,cruise
30.350000,-0.000552,,0.109568,0.057865,-0.954485,2.195483,off,none,0.890651,0,0,0,cruise
30.400000,-0.000625,,0.106106,0.054362,-0.938978,2.203166,off,none,0.871111,0,0,0,cruise
30.450000,-0.000735,,0.110896,0.057913,-0.929139,2.226936,off,none,0.874188,0,0,0,cruise
30.500000,-0.001260,,0.112441,0.055953,-0.960245,2.269068,off,none,0.886491,0,0,0,cruise
30.550000,-0.001087,,0.115262,0.057279,-0.961393,2.283342,off,none,0.891471,0,0,0,cruise
30.600000,-0.001667,,0.111078,0.058919,-0.950771,2.269529,off,none,0.901847,0,0,0,cruise
30.650000,-0.001807,,0.109361,0.056860,-0.960976,2.279081,off,none,0.898505,0,0,0,cruise
30.700000,-0.002171,,0.108678,0.059860,-0.917449,2.321143,off,none,0.833109,0,0,0,cruise
30.750000,-0.002293,,0.103531,0.060197,-0.882413,2.373103,off,none,0.846896,0,0,0,cruise
30.800000,-0.000537,,0.107595,0.058218,-0.869375,2.375797,off,none,0.862560,0,0,0,cruise
30.850000,0.000978,,0.108847,0.060371,-0.878308,2.339074,off,none,0.882975,0,0,0,cruise
30.900000,0.000207,,0.095776,0.059793,-0.945556,2.295090,off,none,0.881864,0,0,0,cruise
30.950000,0.000930,,0.094446,0.058530,-0.957821,2.312409,off,none,0.937652,0,0,0,cruise
31.000000,0.001689,,0.086597,0.058213,-0.984046,2.288424,off,none,0.930179,0,0,0,cruise
31.050000,0.002343,,0.089728,0.063084,-1.016110,2.207129,off,none,0.914329,0,0,0,cruise
31.100000,0.002283,,0.088835,0.066634,-1.033251,2.159239,off,none,0.918097,0,0,0,cruise
31.150000,0.002135,,0.080419,0.064749,-1.086185,2.097783,off,none,0.940857,0,0,0,cruise
31.200000,0.002777,,0.078381,0.065145,-1.127915,2.133282,off,none,0.961633,0,0,0,cruise
31.250000,0.003444,,0.081625,0.063592,-1.073475,2.280221,off,none,0.974189,0,0,0,cruise
31.300000,0.003997,,0.089145,0.060956,-0.951473,2.401409,off,none,1.017229,0,0,0,cruise
31.350000,0.003780,,0.094935,0.055821,-0.873499,2.386812,off,none,1.036323,0,0,0,cruise
31.400000,0.002688,,0.092186,0.054599,-0.926327,2.385220,off,none,1.029796,0,0,0,cruise
31.450000,0.000572,,0.086371,0.053921,-1.043064,2.365413,off,none,0.997886,0,0,0,cruise
31.500000,0.001604,,0.087941,0.059417,-1.041764,2.405133,off,none,0.972527,0,0,0,cruise
31.550000,0.003877,,0.084564,0.062190,-1.039798,2.440314,off,none,0.983244,0,0,0,cruise
31.600000,0.004144,,0.075878,0.062546,-1.125953,2.392291,off,none,0.987033,0,0,0,cruise
31.650000,0.003079,,0.063473,0.060103,-1.355071,2.312845,off,none,0.951983,0,0,0,cruise
31.700000,0.002600,,0.065602,0.061185,-1.416375,2.268815,off,none,0.892665,0,0,0,cruise
31.750000,0.003363,,0.066408,0.060251,-1.402662,2.401922,off,none,0.890547,0,0,0,cruise
31.800000,0.004570,,0.074884,0.062400,-1.379564,2.441104,off,none,0.892628,0,0,0,cruise
31.850000,0.004688,,0.087994,0.063181,-1.263248,2.443463,off,none,0.913194,0,0,0,cruise
31.900000,0.004379,,0.085670,0.056160,-1.161041,2.527622,off,none,0.953788,0,0,0,cruise
31.950000,0.003699,,0.079909,0.052618,-1.193939,2.525258,off,none,0.972540,0,0,0,cruise
32.000000,0.003560,,0.082606,0.051103,-1.219665,2.470154,off,none,0.972450,0,0,0,cruise
32.050000,0.003793,,0.080885,0.051667,-1.248702,2.452695,off,none,0.991957,0,0,0,cruise
32.100000,0.004055,,0.075612,0.057949,-1.321893,2.373090,off,none,0.990235,0,0,0,cruise
32.150000,0.004416,,0.073567,0.053980,-1.383335,2.325166,off,none,0.962070,0,0,0,cruise
32.200000,0.004110,,0.072245,0.046969,-1.374234,2.324586,off,none,0.952816,0,0,0,cruise
32.250000,0.003984,,0.069604,0.046172,-1.258754,2.413307,off,none,0.963144,0,0,0,cruise
32.300000,0.004326,,0.069548,0.049110,-1.254819,2.432848,off,none,0.989192,0,0,0,cruise
32.350000,0.004658,,0.073775,0.051977,-1.250862,2.423761,off,none,1.019198,0,0,0,cruise
32.400000,0.004766,,0.068049,0.050364,-1.308652,2.382735,off,none,1.015336,0,0,0,cruise
32.450000,0.004475,,0.065871,0.049549,-1.366282,2.336071,off,none,1.013257,0,0,0,cruise
32.500000,0.004798,,0.066950,0.048547,-1.344970,2.319526,off,none,0.968411,0,0,0,cruise
32.550000,0.004905,,0.067826,0.047541,-1.400034,2.398841,off,none,0.954039,0,0,0,cruise
32.600000,0.004767,,0.066579,0.051008,-1.404625,2.418750,off,none,0.931697,0,0,0,cruise
32.650000,0.005439,,0.065443,0.059254,-1.462998,2.243221,off,none,0.913341,0,0,0,cruise
32.700000,0.005517,,0.065858,0.068542,-1.580219,2.091396,off,none,0.940423,0,0,0,cruise
32.750000,0.005614,,0.068582,0.065046,-1.558014,2.098496,off,none,0.942625,0,0,0,cruise
32.800000,0.006742,,0.066804,0.058418,-1.534524,2.173090,off,none,0.953915,0,0,0,cruise
32.850000,0.007479,,0.063645,0.059028,-1.530449,2.194074,off,none,0.941225,0,0,0,cruise
32.900000,0.007036,,0.061972,0.057705,-1.506185,2.155306,off,none,0.959444,0,0,0,cruise
32.950000,0.006996,,0.061608,0.055383,-1.592718,2.063788,off,none,0.979964,0,0,0,cruise
33.000000,0.007228,,0.058156,0.055124,-1.536551,1.980607,off,none,1.001533,0,0,0,cruise
33.050000,0.007857,,0.054212,0.058402,-1.475233,1.949955,off,none,1.000177,0,0,0,cruise
33.100000,0.008194,,0.051276,0.057642,-1.491268,1.973026,off,none,1.001424,0,0,0,cruise
33.150000,0.008086,,0.045575,0.054003,-1.343868,2.015153,off,none,1.019763,0,0,0,cruise
33.200000,0.007109,,0.042988,0.049084,-1.355614,2.061757,off,none,1.005822,0,0,0,cruise
33.250000,0.007859,,0.041511,0.044248,-1.325791,2.041158,off,none,1.016575,0,0,0,cruise
33.300000,0.009339,,0.043988,0.044231,-1.286659,2.063135,off,none,1.036270,0,0,0,cruise
33.350000,0.009426,,0.043934,0.044055,-1.278025,2.113037,off,none,1.055423,0,0,0,cruise
33.400000,0.008883,,0.035688,0.040497,-1.363022,2.042068,off,none,1.004385,0,0,0,cruise
33.450000,0.008795,,0.029284,0.040822,-1.497511,1.950400,off,none,1.003529,0,0,0,cruise
33.500000,0.009505,,0.029749,0.041338,-1.581074,1.833206,off,none,0.970625,0,0,0,cruise
33.550000,0.010644,,0.030834,0.040417,-1.685514,1.774934,off,none,0.963608,0,0,0,cruise
33.600000,0.010825,,0.030695,0.037623,-1.696297,1.858230,off,none,0.967823,0,0,0,cruise
33.650000,0.011630,,0.035215,0.041157,-1.478032,1.994613,off,none,0.961370,0,0,0,cruise
33.700000,0.012373,,0.041256,0.050187,-1.311310,2.102299,off,none,0.926496,0,0,0,cruise
33.750000,0.012658,,0.044017,0.053036,-1.252021,2.172449,off,none,0.898157,0,0,0,cruise
33.800000,0.012922,,0.047305,0.052908,-1.231147,2.240622,off,none,0.859291,0,0,0,cruise
33.850000,0.013022,,0.047504,0.057578,-1.226320,2.200064,off,none,0.873263,0,0,0,cruise
33.900000,0.013327,,0.045640,0.056034,-1.155535,2.125643,off,none,0.915722,0,0,0,cruise
33.950000,0.013819,,0.041373,0.052893,-1.152620,2.060097,off,none,0.957596,0,0,0,cruise
34.000000,0.015068,,0.037973,0.052777,-1.152115,2.090728,off,none,1.006071,0,0,0,cruise
34.050000,0.016200,,0.033585,0.046175,-1.081241,2.189653,off,none,0.993081,0,0,0,cruise
34.100000,0.015964,,0.034892,0.045115,-1.025630,2.228986,off,none,0.948934,0,0,0,cruise
34.150000,0.014507,,0.038867,0.053698,-1.110788,2.147374,off,none,0.930949,0,0,0,cruise
34.200000,0.013516,,0.038407,0.052045,-1.240043,2.032514,off,none,0.947700,0,0,0,cruise
34.250000,0.013200,,0.037556,0.052606,-1.321013,1.974087,off,none,0.970218,0,0,0,cruise
34.300000,0.013787,,0.036333,0.050265,-1.239909,2.058395,off,none,1.004906,0,0,0,cruise
34.350000,0.013922,,0.037183,0.052792,-1.168569,2.120811,off,none,0.967156,0,0,0,cruise
34.400000,0.013032,,0.038463,0.056413,-1.151416,2.103830,off,none,0.944445,0,0,0,cruise
34.450000,0.013147,,0.040636,0.061170,-1.186192,2.052053,off,none,0.899743,0,0,0,cruise
34.500000,0.013167,,0.040208,0.065647,-1.227046,2.036519,off,none,0.890792,0,0,0,cruise
34.550000,0.013268,,0.039381,0.067741,-1.121456,2.120632,off,none,0.907264,0,0,0,cruise
34.600000,0.013305,,0.041211,0.068326,-1.064046,2.125580,off,none,0.927033,0,0,0,cruise
34.650000,0.013282,,0.041261,0.066851,-1.205011,2.030976,off,none,0.933750,0,0,0,cruise
34.700000,0.013765,,0.041752,0.064350,-1.214852,2.025995,off,none,0.925001,0,0,0,cruise
34.750000,0.013703,,0.044869,0.062554,-1.132328,2.052121,off,none,0.938868,0,0,0,cruise
34.800000,0.013658,,0.045590,0.069782,-1.195585,1.963302,off,none,0.943866,0,0,0,cruise
34.850000,0.014319,,0.046547,0.077840,-1.162555,1.967872,off,none,0.974521,0,0,0,cruise
34.900000,0.013560,,0.050729,0.072476,-1.112275,2.106768,off,none,0.975970,0,0,0,cruise
34.950000,0.012244,,0.050925,0.072570,-1.187691,2.055126,off,none,0.947739,0,0,0,cruise
35.000000,0.012088,,0.053898,0.078161,-1.083042,2.065918,off,none,0.903628,0,0,0,cruise
35.050000,0.012691,,0.052788,0.078206,-1.105874,2.042099,off,none,0.846617,0,0,0,cruise
35.100000,0.012740,,0.053088,0.087546,-1.171075,1.961284,off,none,0.841174,0,0,0,cruise
35.150000,0.013286,,0.052000,0.094574,-1.080278,2.001052,off,none,0.904091,0,0,0,cruise
35.200000,0.012804,,0.055970,0.084350,-0.999074,2.066555,off,none,0.945825,0,0,0,cruise
35.250000,0.013156,,0.059167,0.085471,-1.014685,2.089020,off,none,0.937433,0,0,0,cruise
35.300000,0.013018,,0.059584,0.079633,-1.024528,2.100212,off,none,0.905865,0,0,0,cruise
35.350000,0.012071,,0.057454,0.075496,-1.044444,2.064754,off,none,0.901081,0,0,0,cruise
35.400000,0.010797,,0.059283,0.067419,-1.045780,2.088758,off,none,0.924636,0,0,0,cruise
35.450000,0.010212,,0.061737,0.076543,-1.096303,1.997176,off,none,0.942119,0,0,0,cruise
35.500000,0.010694,,0.060679,0.072386,-1.108370,2.023924,off,none,0.956939,0,0,0,cruise
35.550000,0.011204,,0.057014,0.068455,-1.144665,2.042706,off,none,0.966734,0,0,0,cruise
35.600000,0.010238,,0.054886,0.080357,-1.266512,1.955998,off,none,0.893853,0,0,0,cruise
35.650000,0.008030,,0.065668,0.104243,-1.407582,1.712031,off,none,0.871872,0,0,0,cruise
35.700000,0.008193,,0.061249,0.096174,-1.341121,1.746938,off,none,0.874724,0,0,0,cruise
35.750000,0.008452,,0.056102,0.087052,-1.251248,1.920623,off,none,0.880216,0,0,0,cruise
35.800000,0.008298,,0.062530,0.100666,-1.197577,1.890359,off,none,0.883019,0,0,0,cruise
35.850000,0.008682,,0.053922,0.089776,-1.277370,1.835048,off,none,0.888933,0,0,0,cruise
35.900000,0.008145,,0.053239,0.086288,-1.316180,1.830891,off,none,0.838885,0,0,0,cruise
35.950000,0.007423,,0.060965,0.106021,-1.271948,1.811278,off,none,0.825218,0,0,0,cruise
36.000000,0.008260,,0.062822,0.113631,-1.216654,1.791335,off,none,0.827410,0,0,0,cruise
36.050000,0.008855,,0.058987,0.113042,-1.320136,1.714440,off,none,0.837828,0,0,0,cruise
36.100000,0.009030,,0.054691,0.121075,-1.402061,1.615104,off,none,0.893820,0,0,0,cruise
36.150000,0.009495,,0.048857,0.108338,-1.457091,1.548707,off,none,0.937855,0,0,0,cruise
36.200000,0.009855,,0.054456,0.105510,-1.358053,1.594043,off,none,0.909364,0,0,0,cruise
36.250000,0.009353,,0.063821,0.095543,-1.200173,1.767844,off,none,0.877651,0,0,0,cruise
36.300000,0.008746,,0.072834,0.096656,-1.151556,1.772291,off,none,0.841776,0,0,0,cruise
36.350000,0.008475,,0.067252,0.091795,-1.271432,1.706095,off,none,0.856518,0,0,0,cruise
36.400000,0.006652,,0.061994,0.105639,-1.393102,1.582344,off,none,0.908087,0,0,0,cruise
36.450000,0.004656,,0.062917,0.115802,-1.400975,1.506395,off,none,0.968937,0,0,0,cruise
36.500000,0.003780,,0.043986,0.100651,-1.648302,1.432969,off,none,0.895844,0,0,0,cruise
36.550000,0.004408,,0.032797,0.087780,-1.925630,1.417633,off,none,0.765937,0,0,0,cruise
36.600000,0.005828,,0.030806,0.083412,-1.988403,1.444285,off,none,0.716822,0,0,0,cruise
36.650000,0.006439,,0.034255,0.097254,-1.955880,1.419004,off,none,0.683402,0,0,0,cruise
36.700000,0.006129,,0.040101,0.095918,-1.788147,1.436922,off,none,0.696472,0,0,0,cruise
36.750000,0.007508,,0.033703,0.062188,-1.823691,1.456825,off,none,0.649764,0,0,0,cruise
36.800000,0.008680,,0.022924,0.045693,-1.989137,1.493516,off,none,0.580620,0,0,0,cruise
36.850000,0.008614,,0.030147,0.076681,-1.995440,1.575893,off,none,0.503306,0,0,0,cruise
36.900000,0.008737,,0.046752,0.113067,-1.876186,1.515778,off,none,0.628618,0,0,0,cruise
36.950000,0.006735,,0.059158,0.145172,-1.717671,1.603881,off,none,0.823832,0,0,0,cruise
37.000000,0.004734,,0.080222,0.166428,-1.535113,1.673596,off,none,0.975700,0,0,0,cruise
37.050000,0.004605,,0.094013,0.130571,-1.224812,1.745758,off,none,1.015481,0,0,0,cruise
37.100000,0.003703,,0.073496,0.100534,-1.391207,1.543121,off,none,0.924044,0,0,0,cruise
37.150000,0.005506,,0.058162,0.101821,-1.629096,1.355166,off,none,0.882417,0,0,0,cruise
37.200000,0.007350,,0.045929,0.103028,-1.821161,1.321430,off,none,0.852946,0,0,0,cruise
37.250000,0.006293,,0.037156,0.106955,-2.075887,1.287392,off,none,0.770426,0,0,0,cruise
37.300000,0.005314,,0.038788,0.123401,-2.153814,1.276844,off,none,0.714735,0,0,0,cruise
37.350000,0.005630,,0.035339,0.115059,-2.135869,1.294111,off,none,0.714016,0,0,0,cruise
37.400000,0.006632,,0.035716,0.096492,-1.988423,1.317934,off,none,0.731367,0,0,0,cruise
37.450000,0.006709,,0.039209,0.095277,-1.832346,1.394813,off,none,0.748756,0,0,0,cruise
37.500000,0.005222,,0.044085,0.106925,-1.840734,1.467534,off,none,0.749574,0,0,0,cruise
37.550000,0.004132,,0.044529,0.108812,-1.935364,1.437191,off,none,0.765929,0,0,0,cruise
37.600000,0.004101,,0.037616,0.098466,-2.035104,1.338222,off,none,0.815678,0,0,0,cruise
37.650000,0.005911,,0.034959,0.082178,-1.909816,1.333043,off,none,0.837500,0,0,0,cruise
37.700000,0.007495,,0.032711,0.067613,-1.815587,1.319179,off,none,0.843279,0,0,0,cruise
37.750000,0.007870,,0.033234,0.068844,-1.938232,1.252816,off,none,0.803153,0,0,0,cruise
37.800000,0.007755,,0.033002,0.068806,-2.088401,1.274846,off,none,0.790715,0,0,0,cruise
37.850000,0.007139,,0.034612,0.066048,-2.095180,1.297474,off,none,0.786904,0,0,0,cruise
37.900000,0.006685,,0.037614,0.064071,-1.997205,1.258214,off,none,0.801815,0,0,0,cruise
37.950000,0.006389,,0.042260,0.053489,-1.876234,1.361240,off,none,0.814289,0,0,0,cruise
38.000000,0.005942,,0.052141,0.056817,-1.812090,1.451878,off,none,0.819152,0,0,0,cruise
38.050000,0.006637,,0.044137,0.047742,-1.821284,1.415185,off,none,0.787470,0,0,0,cruise
38.100000,0.007218,,0.038773,0.037067,-1.839736,1.479340,off,none,0.767032,0,0,0,cruise
38.150000,0.008091,,0.038537,0.032907,-1.839636,1.488822,off,none,0.788023,0,0,0,cruise
38.200000,0.008913,,0.045583,0.032312,-1.638874,1.544792,off,none,0.818911,0,0,0,cruise
38.250000,0.008390,,0.052917,0.033500,-1.602879,1.534605,off,none,0.878883,0,0,0,cruise
38.300000,0.007785,,0.054985,0.038222,-1.747358,1.400144,off,none,0.871096,0,0,0,cruise
38.350000,0.006696,,0.049983,0.038620,-1.930265,1.251407,off,none,0.817630,0,0,0,cruise
38.400000,0.006061,,0.061006,0.046640,-1.959528,1.217746,off,none,0.819079,0,0,0,cruise
38.450000,0.005414,,0.069061,0.050946,-1.880227,1.265018,off,none,0.831398,0,0,0,cruise
38.500000,0.005526,,0.067492,0.047814,-1.867699,1.335764,off,none,0.850958,0,0,0,cruise
38.550000,0.005830,,0.072499,0.048433,-1.930790,1.315901,off,none,0.838004,0,0,0,cruise
38.600000,0.004867,,0.090365,0.053989,-1.911840,1.355003,off,none,0.829667,0,0,0,cruise
38.650000,0.005286,,0.096368,0.046651,-1.715381,1.550225,off,none,0.849757,0,0,0,cruise
38.700000,0.005100,,0.100906,0.047849,-1.601011,1.665717,off,none,0.863267,0,0,0,cruise
38.750000,0.004624,,0.111199,0.049495,-1.572665,1.734974,off,none,0.878985,0,0,0,cruise
38.800000,0.003551,,0.101651,0.048563,-1.697924,1.581596,off,none,0.916708,0,0,0,cruise
38.850000,0.003385,,0.102294,0.048464,-1.707065,1.603501,off,none,0.921027,0,0,0,cruise
38.900000,0.003992,,0.104056,0.043015,-1.523639,1.719361,off,none,0.974781,0,0,0,cruise
38.950000,0.003405,,0.121696,0.052866,-1.410871,1.813344,off,none,1.031933,0,0,0,cruise
39.000000,0.003024,,0.151021,0.057535,-1.338090,1.867450,off,none,1.039209,0,0,0,cruise
39.050000,0.003181,,0.144584,0.048378,-1.444847,1.761064,off,none,0.989068,0,0,0,cruise
39.100000,0.002995,,0.111633,0.042108,-1.749597,1.605817,off,none,0.925577,0,0,0,cruise
39.150000,0.001949,,0.130138,0.050229,-1.779484,1.600870,off,none,0.913581,0,0,0,cruise
39.200000,0.000648,,0.165066,0.059571,-1.636897,1.748898,off,none,0.931502,0,0,0,cruise
39.250000,0.000834,,0.158712,0.054836,-1.512009,1.907526,off,none,0.901412,0,0,0,cruise
39.300000,0.000358,,0.158071,0.060923,-1.541496,1.942847,off,none,0.887113,0,0,0,cruise
39.350000,-0.000106,,0.167899,0.064505,-1.303557,2.053961,off,none,0.886361,0,0,0,cruise
39.400000,0.000119,,0.192440,0.057850,-0.841035,2.364409,off,none,0.876636,0,0,0,cruise
39.450000,-0.000063,,0.196163,0.059511,-0.812215,2.418733,off,none,0.925568,0,0,0,cruise
39.500000,0.000601,,0.187972,0.058443,-0.774635,2.496194,off,none,0.955535,0,0,0,cruise
39.550000,0.000572,,0.173469,0.052763,-0.733623,2.567108,off,none,0.930279,0,0,0,cruise
39.600000,-0.000768,,0.188873,0.053767,-0.695400,2.601814,off,none,0.884964,0,0,0,cruise
39.650000,-0.001106,,0.190152,0.049751,-0.682758,2.631412,off,none,0.951988,0,0,0,cruise
39.700000,-0.001754,,0.199604,0.051290,-0.715886,2.556509,off,none,0.978855,0,0,0,cruise
39.750000,-0.001540,,0.188338,0.044179,-0.767874,2.513115,off,none,0.994630,0,0,0,cruise
39.800000,-0.000558,,0.189417,0.044192,-0.738478,2.496498,off,none,1.009582,0,0,0,cruise
39.850000,-0.000854,,0.185643,0.047254,-0.732692,2.447517,off,none,0.969520,0,0,0,cruise
39.900000,-0.000846,,0.202574,0.048049,-0.690812,2.444119,off,none,0.908187,0,0,0,cruise
39.950000,-0.000566,,0.203122,0.048100,-0.712476,2.436481,off,none,0.949230,0,0,0,cruise
40.000000,-0.000090,,0.216246,0.043157,-0.740979,2.487111,off,none,0.963437,0,0,0,cruise
40.050000,-0.000870,,0.226485,0.044183,-0.693527,2.574975,off,none,0.991739,0,0,0,cruise
40.100000,-0.002239,,0.215981,0.043737,-0.723315,2.550426,off,none,0.988691,0,0,0,cruise
40.150000,-0.002301,,0.228298,0.041304,-0.731495,2.560032,off,none,0.959364,0,0,0,cruise
40.200000,-0.001931,,0.239042,0.043520,-0.737825,2.597837,off,none,0.905921,0,0,0,cruise
40.250000,-0.001514,,0.221332,0.044341,-0.786132,2.527048,off,none,0.906544,0,0,0,cruise
40.300000,-0.001811,,0.220626,0.053350,-0.837214,2.417151,off,none,0.884976,0,0,0,cruise
40.350000,-0.002140,,0.213143,0.055221,-0.855172,2.330347,off,none,0.927400,0,0,0,cruise
40.400000,-0.001744,,0.209230,0.053731,-0.850936,2.410332,off,none,0.950882,0,0,0,cruise
40.450000,-0.001872,,0.212711,0.055044,-0.819955,2.441538,off,none,0.903482,0,0,0,cruise
40.500000,-0.002485,,0.202295,0.051300,-0.814415,2.454173,off,none,0.906518,0,0,0,cruise
40.550000,-0.003725,,0.206301,0.048796,-0.830995,2.460693,off,none,0.888674,0,0,0,cruise
40.600000,-0.002820,,0.207454,0.044274,-0.846851,2.429218,off,none,0.880716,0,0,0,cruise
40.650000,-0.001932,,0.222011,0.038455,-0.817218,2.427529,off,none,0.929689,0,0,0,cruise
40.700000,-0.002541,,0.223231,0.036241,-0.814170,2.368963,off,none,0.952981,0,0,0,cruise
40.750000,-0.002585,,0.204550,0.037678,-0.834789,2.373532,off,none,0.959722,0,0,0,cruise
40.800000,-0.002607,,0.193167,0.038366,-0.857157,2.430318,off,none,0.949121,0,0,0,cruise
40.850000,-0.002935,,0.172463,0.037850,-0.906113,2.368819,off,none,0.939626,0,0,0,cruise
40.900000,-0.002768,,0.171883,0.036114,-0.952892,2.280355,off,none,0.915545,0,0,0,cruise
40.950000,-0.001744,,0.174567,0.032602,-0.949304,2.320167,off,none,0.905005,0,0,0,cruise
41.000000,-0.001488,,0.182392,0.035247,-0.934001,2.338559,off,none,0.919945,0,0,0,cruise
41.050000,-0.001840,,0.167960,0.037506,-0.958450,2.301914,off,none,0.927439,0,0,0,cruise
41.100000,-0.001915,,0.164034,0.035936,-0.938768,2.352932,off,none,0.918183,0,0,0,cruise
41.150000,-0.002293,,0.184040,0.032876,-1.002057,2.308559,off,none,0.897292,0,0,0,cruise
41.200000,-0.003092,,0.183535,0.031297,-1.072828,2.241371,off,none,0.884758,0,0,0,cruise
41.250000,-0.003003,,0.182506,0.031130,-1.067211,2.214612,off,none,0.927222,0,0,0,cruise
41.300000,-0.003872,,0.166280,0.032684,-1.121909,2.140860,off,none,0.932395,0,0,0,cruise
41.350000,-0.002807,,0.165277,0.039255,-1.103582,2.136638,off,none,0.925406,0,0,0,cruise
41.400000,-0.002972,,0.166806,0.038010,-1.155173,2.075729,off,none,0.928040,0,0,0,cruise
41.450000,-0.004087,,0.172595,0.035578,-1.198363,2.026521,off,none,0.901861,0,0,0,cruise
41.500000,-0.004289,,0.171530,0.034746,-1.237957,2.000727,off,none,0.879506,0,0,0,cruise
41.550000,-0.004801,,0.165179,0.037267,-1.379473,1.963659,off,none,0.881446,0,0,0,cruise
41.600000,-0.004911,,0.155881,0.037014,-1.390748,1.923766,off,none,0.879272,0,0,0,cruise
41.650000,-0.005296,,0.159721,0.037051,-1.336767,1.907492,off,none,0.904894,0,0,0,cruise
41.700000,-0.006035,,0.151600,0.040920,-1.484193,1.876041,off,none,0.920714,0,0,0,cruise
41.750000,-0.004937,,0.147515,0.038955,-1.545064,1.888156,off,none,0.885217,0,0,0,cruise
41.800000,-0.004596,,0.148125,0.036595,-1.484970,1.950809,off,none,0.864808,0,0,0,cruise
41.850000,-0.004908,,0.146297,0.037468,-1.412534,1.968919,off,none,0.897906,0,0,0,cruise
41.900000,-0.004500,,0.140572,0.036502,-1.408229,2.011650,off,none,0.898792,0,0,0,cruise
41.950000,-0.004128,,0.134637,0.037634,-1.459745,2.010644,off,none,0.843163,0,0,0,cruise
42.000000,-0.004576,,0.137779,0.040135,-1.420147,1.962065,off,none,0.876134,0,0,0,cruise
42.050000,-0.004521,,0.148131,0.040584,-1.345396,1.983622,off,none,0.888518,0,0,0,cruise
42.100000,-0.004062,,0.146390,0.041872,-1.403219,1.953761,off,none,0.929834,0,0,0,cruise
42.150000,-0.004104,,0.151752,0.040102,-1.377567,1.911307,off,none,0.957933,0,0,0,cruise
42.200000,-0.003556,,0.159354,0.037998,-1.332426,1.915985,off,none,0.957519,0,0,0,cruise
42.250000,-0.003008,,0.161002,0.037334,-1.361493,1.894459,off,none,0.898460,0,0,0,cruise
42.300000,-0.003043,,0.159924,0.036770,-1.366344,1.861194,off,none,0.883654,0,0,0,cruise
42.350000,-0.003056,,0.169549,0.040842,-1.423912,1.901257,off,none,0.891187,0,0,0,cruise
42.400000,-0.002656,,0.155065,0.047298,-1.470906,1.899096,off,none,0.905050,0,0,0,cruise
42.450000,-0.002156,,0.142364,0.046987,-1.457136,1.880092,off,none,0.910993,0,0,0,cruise
42.500000,-0.002455,,0.140057,0.047494,-1.533155,1.859470,off,none,0.897677,0,0,0,cruise
42.550000,-0.003404,,0.160658,0.055825,-1.494062,1.867154,off,none,0.880805,0,0,0,cruise
42.600000,-0.003431,,0.170989,0.051202,-1.440656,1.850266,off,none,0.855347,0,0,0,cruise
42.650000,-0.002953,,0.170318,0.052281,-1.462029,1.856786,off,none,0.862991,0,0,0,cruise
42.700000,-0.002976,,0.154263,0.054138,-1.436657,1.890623,off,none,0.904537,0,0,0,cruise
42.750000,-0.003290,,0.154814,0.055299,-1.439669,1.892017,off,none,0.938653,0,0,0,cruise
42.800000,-0.002929,,0.154675,0.054520,-1.463751,1.865595,off,none,0.922175,0,0,0,cruise
42.850000,-0.001660,,0.156137,0.044811,-1.358801,1.914388,off,none,0.906773,0,0,0,cruise
42.900000,-0.002500,,0.174864,0.043029,-1.329849,1.892981,off,none,0.886356,0,0,0,cruise
42.950000,-0.003841,,0.159096,0.043813,-1.406317,1.888089,off,none,0.874929,0,0,0,cruise
43.000000,-0.003156,,0.169889,0.043194,-1.395787,1.954166,off,none,0.863776,0,0,0,cruise
43.050000,-0.002934,,0.178520,0.044312,-1.397371,1.996220,off,none,0.843947,0,0,0,cruise
43.100000,-0.002753,,0.168041,0.040083,-1.351459,2.066162,off,none,0.844089,0,0,0,cruise
43.150000,-0.002867,,0.173790,0.037801,-1.294749,2.128063,off,none,0.850590,0,0,0,cruise
43.200000,-0.002932,,0.166213,0.036342,-1.301014,2.065813,off,none,0.850817,0,0,0,cruise
43.250000,-0.002405,,0.161949,0.035402,-1.264797,2.016479,off,none,0.891229,0,0,0,cruise
43.300000,-0.002963,,0.163339,0.029767,-1.210822,1.945454,off,none,0.914881,0,0,0,cruise
43.350000,-0.002812,,0.173890,0.032802,-1.216303,1.933522,off,none,0.908008,0,0,0,cruise
43.400000,-0.001472,,0.181989,0.038424,-1.179577,1.975830,off,none,0.878166,0,0,0,cruise
43.450000,-0.001403,,0.181262,0.041230,-1.257024,2.018349,off,none,0.833752,0,0,0,cruise
43.500000,-0.001827,,0.168778,0.036015,-1.321083,2.080387,off,none,0.809210,0,0,0,cruise
43.550000,-0.001976,,0.180125,0.035501,-1.252767,2.110641,off,none,0.833814,0,0,0,cruise
43.600000,-0.001807,,0.186689,0.036143,-1.250081,2.084033,off,none,0.831004,0,0,0,cruise
43.650000,-0.001908,,0.168993,0.035886,-1.269004,2.017225,off,none,0.853799,0,0,0,cruise
43.700000,-0.002451,,0.162107,0.033191,-1.255226,1.979120,off,none,0.866437,0,0,0,cruise
43.750000,-0.002729,,0.183746,0.032946,-1.238492,2.021307,off,none,0.864303,0,0,0,cruise
43.800000,-0.002518,,0.198751,0.036961,-1.239977,1.939479,off,none,0.883815,0,0,0,cruise
43.850000,-0.001849,,0.175686,0.038415,-1.238494,1.947114,off,none,0.889533,0,0,0,cruise
43.900000,-0.000597,,0.165036,0.035862,-1.190299,2.006127,off,none,0.876854,0,0,0,cruise
43.950000,-0.001623,,0.156725,0.040322,-1.261679,1.935993,off,none,0.856203,0,0,0,cruise
44.000000,-0.002585,,0.171756,0.046399,-1.327996,1.911063,off,none,0.830969,0,0,0,cruise
44.050000,-0.001610,,0.163874,0.043225,-1.314690,1.935197,off,none,0.839701,0,0,0,cruise
44.100000,-0.002115,,0.155702,0.040897,-1.293783,1.964993,off,none,0.878330,0,0,0,cruise
44.150000,-0.002286,,0.173226,0.041775,-1.212094,1.986398,off,none,0.906376,0,0,0,cruise
44.200000,-0.001844,,0.166824,0.038825,-1.200267,1.966838,off,none,0.829409,0,0,0,cruise
44.250000,-0.000607,,0.145801,0.036913,-1.215719,1.985186,off,none,0.809986,0,0,0,cruise
44.300000,-0.000415,,0.164605,0.040098,-1.195717,1.999816,off,none,0.828685,0,0,0,cruise
44.350000,-0.001594,,0.186281,0.041223,-1.200074,2.019486,off,none,0.857666,0,0,0,cruise
44.400000,-0.001286,,0.193174,0.039120,-1.166370,2.132714,off,none,0.873899,0,0,0,cruise
44.450000,-0.001043,,0.191249,0.033956,-1.151378,2.193330,off,none,0.826853,0,0,0,cruise
44.500000,-0.001355,,0.184593,0.036118,-1.098607,2.213170,off,none,0.793303,0,0,0,cruise
44.550000,-0.002226,,0.200736,0.039662,-1.075282,2.151043,off,none,0.810736,0,0,0,cruise
44.600000,-0.002034,,0.215773,0.040079,-1.076686,2.166173,off,none,0.883082,0,0,0,cruise
44.650000,-0.001565,,0.232730,0.040165,-1.077985,2.127395,off,none,0.914412,0,0,0,cruise
44.700000,-0.002443,,0.222317,0.037376,-1.105332,2.094247,off,none,0.921332,0,0,0,cruise
44.750000,-0.002589,,0.206937,0.033851,-1.105220,2.114129,off,none,0.828555,0,0,0,cruise
44.800000,-0.001359,,0.189073,0.034536,-1.097893,2.088818,off,none,0.839853,0,0,0,cruise
44.850000,-0.001277,,0.197749,0.038071,-1.089765,2.097081,off,none,0.824777,0,0,0,cruise
44.900000,-0.001598,,0.225293,0.038775,-1.096631,2.181650,off,none,0.842868,0,0,0,cruise
44.950000,-0.001667,,0.197293,0.037887,-1.093811,2.164794,off,none,0.850191,0,0,0,cruise
45.000000,-0.001527,,0.175627,0.040178,-1.099144,2.205183,off,none,0.846891,0,0,0,cruise
45.050000,-0.002113,,0.179527,0.039139,-1.134339,2.190072,off,none,0.792826,0,0,0,cruise
45.100000,-0.003174,,0.182769,0.032204,-1.148038,2.160803,off,none,0.829027,0,0,0,cruise
45.150000,-0.003665,,0.184760,0.031714,-1.119911,2.120950,off,none,0.855104,0,0,0,cruise
45.200000,-0.003484,,0.185042,0.036617,-1.142577,2.111161,off,none,0.896079,0,0,0,cruise
45.250000,-0.003442,,0.188716,0.035739,-1.165390,2.150643,off,none,0.917040,0,0,0,cruise
45.300000,-0.002838,,0.182377,0.035818,-1.155999,2.195341,off,none,0.851585,0,0,0,cruise
45.350000,-0.003174,,0.188676,0.036317,-1.169766,2.122397,off,none,0.844582,0,0,0,cruise
45.400000,-0.003172,,0.187976,0.037275,-1.174345,2.090980,off,none,0.843401,0,0,0,cruise
45.450000,-0.001775,,0.175167,0.039770,-1.174969,2.111840,off,none,0.843321,0,0,0,cruise
45.500000,-0.002098,,0.174047,0.037925,-1.183513,2.108216,off,none,0.871611,0,0,0,cruise
45.550000,-0.002343,,0.200264,0.034226,-1.239028,2.097301,off,none,0.923262,0,0,0,cruise
45.600000,-0.003099,,0.226546,0.038765,-1.250981,2.090102,off,none,0.896618,0,0,0,cruise
45.650000,-0.003385,,0.203403,0.039050,-1.218893,2.041124,off,none,0.866878,0,0,0,cruise
45.700000,-0.002985,,0.178352,0.034420,-1.196266,2.067071,off,none,0.814982,0,0,0,cruise
45.750000,-0.003191,,0.172618,0.038277,-1.213253,2.106374,off,none,0.822685,0,0,0,cruise
45.800000,-0.002695,,0.167561,0.041368,-1.239326,2.124786,off,none,0.830494,0,0,0,cruise
45.850000,-0.003105,,0.170385,0.042371,-1.216600,2.089522,off,none,0.865108,0,0,0,cruise
45.900000,-0.003623,,0.163528,0.042119,-1.171494,2.004699,off,none,0.877928,0,0,0,cruise
45.950000,-0.003109,,0.169386,0.040310,-1.170353,2.007563,off,none,0.854913,0,0,0,cruise
46.000000,-0.002325,,0.158618,0.037194,-1.134031,2.074794,off,none,0.826563,0,0,0,cruise
46.050000,-0.001913,,0.141872,0.034657,-1.119210,2.055800,off,none,0.882612,0,0,0,cruise
46.100000,-0.001476,,0.142145,0.035062,-1.143387,2.023193,off,none,0.947218,0,0,0,cruise
46.150000,-0.001219,,0.137812,0.035309,-1.127762,2.047024,off,none,0.915341,0,0,0,cruise
46.200000,-0.001427,,0.129606,0.030768,-1.135341,1.994030,off,none,0.889609,0,0,0,cruise
46.250000,-0.000906,,0.134567,0.030019,-1.117874,1.964905,off,none,0.895381,0,0,0,cruise
46.300000,-0.000251,,0.141013,0.032898,-1.136385,1.984733,off,none,0.897924,0,0,0,cruise
46.350000,-0.001615,,0.151454,0.034700,-1.182072,2.027086,off,none,0.908127,0,0,0,cruise
46.400000,-0.002971,,0.144558,0.033678,-1.221749,2.044292,off,none,0.870598,0,0,0,cruise
46.450000,-0.002231,,0.126690,0.032826,-1.243795,2.063022,off,none,0.779810,0,0,0,cruise
46.500000,-0.003349,,0.144954,0.038452,-1.225039,2.079385,off,none,0.754867,0,0,0,cruise
46.550000,-0.004017,,0.164094,0.043326,-1.221374,2.100980,off,none,0.784355,0,0,0,cruise
46.600000,-0.003391,,0.176249,0.044380,-1.204445,2.154548,off,none,0.855993,0,0,0,cruise
46.650000,-0.003124,,0.159410,0.047293,-1.182638,2.102529,off,none,0.924008,0,0,0,cruise
46.700000,-0.002815,,0.132509,0.045087,-1.218274,2.086181,off,none,0.877019,0,0,0,cruise
46.750000,-0.002569,,0.143114,0.046942,-1.209467,2.080933,off,none,0.887566,0,0,0,cruise
46.800000,-0.002545,,0.161714,0.041652,-1.183992,2.017993,off,none,0.870154,0,0,0,cruise
46.850000,-0.002921,,0.170884,0.041290,-1.174491,1.988854,off,none,0.880652,0,0,0,cruise
46.900000,-0.004563,,0.161939,0.041318,-1.188607,1.980359,off,none,0.881121,0,0,0,cruise
46.950000,-0.004280,,0.143861,0.037315,-1.236746,2.041328,off,none,0.888292,0,0,0,cruise
47.000000,-0.003495,,0.140954,0.036836,-1.230280,2.083245,off,none,0.820109,0,0,0,cruise
47.050000,-0.003871,,0.143179,0.043188,-1.262072,2.100438,off,none,0.777267,0,0,0,cruise
47.100000,-0.003494,,0.146921,0.050426,-1.338732,2.145812,off,none,0.772980,0,0,0,cruise
47.150000,-0.002795,,0.153204,0.051680,-1.342339,2.136364,off,none,0.824335,0,0,0,cruise
47.200000,-0.002428,,0.153308,0.049662,-1.177758,2.144070,off,none,0.878831,0,0,0,cruise
47.250000,-0.002257,,0.150255,0.049387,-1.188471,2.133682,off,none,0.863707,0,0,0,cruise
47.300000,-0.002465,,0.167104,0.049657,-1.243254,2.087102,off,none,0.843917,0,0,0,cruise
47.350000,-0.002854,,0.190853,0.045121,-1.149293,2.061395,off,none,0.850501,0,0,0,cruise
47.400000,-0.002072,,0.180361,0.043682,-1.124195,2.071088,off,none,0.878130,0,0,0,cruise
47.450000,-0.001671,,0.169269,0.037648,-1.101431,2.118527,off,none,0.906947,0,0,0,cruise
47.500000,-0.001923,,0.175448,0.033255,-1.098162,2.112730,off,none,0.878594,0,0,0,cruise
47.550000,-0.002428,,0.171003,0.029045,-1.132690,2.149686,off,none,0.808429,0,0,0,cruise
47.600000,-0.003108,,0.160539,0.026589,-1.183297,2.207313,off,none,0.798183,0,0,0,cruise
47.650000,-0.003574,,0.159750,0.025806,-1.154915,2.220140,off,none,0.819867,0,0,0,cruise
47.700000,-0.003477,,0.145765,0.024074,-1.147106,2.227770,off,none,0.827352,0,0,0,cruise
47.750000,-0.002755,,0.143548,0.025850,-1.101908,2.225501,off,none,0.815431,0,0,0,cruise
47.800000,-0.002486,,0.152165,0.029356,-1.093183,2.278776,off,none,0.778918,0,0,0,cruise
47.850000,-0.002273,,0.155432,0.029122,-1.065497,2.306700,off,none,0.761252,0,0,0,cruise
47.900000,-0.002531,,0.146412,0.029914,-1.075038,2.312149,off,none,0.747117,0,0,0,cruise
47.950000,-0.003044,,0.144215,0.030370,-1.085705,2.326464,off,none,0.695297,0,0,0,cruise
48.000000,-0.002821,,0.136545,0.029323,-1.100638,2.323017,off,none,0.702193,0,0,0,cruise
48.050000,-0.002780,,0.138485,0.029866,-1.134967,2.309588,off,none,0.770602,0,0,0,cruise
48.100000,-0.002818,,0.146626,0.029230,-1.059318,2.330636,off,none,0.691674,0,0,0,cruise
48.150000,-0.002456,,0.155228,0.029261,-1.057101,2.296928,off,none,0.729266,0,0,0,cruise
48.200000,-0.002212,,0.160035,0.029387,-1.092034,2.274704,off,none,0.729884,0,0,0,cruise
48.250000,-0.002134,,0.151526,0.029824,-1.082854,2.289408,off,none,0.773136,0,0,0,cruise
48.300000,-0.002943,,0.149053,0.028726,-1.117656,2.252165,off,none,0.820670,0,0,0,cruise
48.350000,-0.003465,,0.158327,0.024757,-1.063446,2.251138,off,none,0.781102,0,0,0,cruise
48.400000,-0.003555,,0.160086,0.021359,-1.064572,2.163698,off,none,0.742308,0,0,0,cruise
48.450000,-0.004635,,0.152092,0.023638,-1.142523,2.087863,off,none,0.785134,0,0,0,cruise
48.500000,-0.004459,,0.141305,0.022669,-1.085694,2.177581,off,none,0.680078,0,0,0,cruise
48.550000,-0.003619,,0.120411,0.019342,-1.102689,2.358085,off,none,0.650603,0,0,0,cruise
48.600000,-0.003341,,0.111675,0.020937,-1.127207,2.387834,off,none,0.645949,0,0,0,cruise
48.650000,-0.003239,,0.117120,0.021580,-1.118513,2.355956,off,none,0.681543,0,0,0,cruise
48.700000,-0.003479,,0.116349,0.022449,-1.163344,2.290434,off,none,0.713095,0,0,0,cruise
48.750000,-0.003214,,0.120141,0.024485,-1.129679,2.286014,off,none,0.717984,0,0,0,cruise
48.800000,-0.002712,,0.119449,0.025805,-1.132332,2.252635,off,none,0.756625,0,0,0,cruise
48.850000,-0.002412,,0.112419,0.025990,-1.149103,2.230588,off,none,0.794354,0,0,0,cruise
48.900000,-0.002250,,0.109727,0.025072,-1.192349,2.129982,off,none,0.776551,0,0,0,cruise
48.950000,-0.002406,,0.118126,0.023583,-1.200176,2.035908,off,none,0.720194,0,0,0,cruise
49.000000,-0.002804,,0.121599,0.023623,-1.208854,2.065685,off,none,0.713258,0,0,0,cruise
49.050000,-0.003193,,0.104246,0.021806,-1.450792,2.062003,off,none,0.729121,0,0,0,cruise
49.100000,-0.003170,,0.100037,0.024474,-1.594199,2.073913,off,none,0.752399,0,0,0,cruise
49.150000,-0.002935,,0.097361,0.024076,-1.599379,2.093544,off,none,0.729072,0,0,0,cruise
49.200000,-0.002852,,0.101712,0.024989,-1.599519,2.151783,off,none,0.635356,0,0,0,cruise
49.250000,-0.003089,,0.107478,0.027599,-1.612586,2.185215,off,none,0.622693,0,0,0,cruise
49.300000,-0.003500,,0.108721,0.026220,-1.596967,2.236543,off,none,0.633092,0,0,0,cruise
49.350000,-0.003095,,0.117844,0.023231,-1.421838,2.224142,off,none,0.645525,0,0,0,cruise
49.400000,-0.002993,,0.120468,0.022728,-1.360252,2.226272,off,none,0.678736,0,0,0,cruise
49.450000,-0.003405,,0.107677,0.022504,-1.457892,2.185313,off,none,0.710496,0,0,0,cruise
49.500000,-0.003977,,0.101422,0.020047,-1.362119,2.238013,off,none,0.695799,0,0,0,cruise
49.550000,-0.004433,,0.099408,0.020177,-1.347800,2.245698,off,none,0.732322,0,0,0,cruise
49.600000,-0.003343,,0.091241,0.023008,-1.463549,2.079649,off,none,0.741588,0,0,0,cruise
49.650000,-0.002577,,0.086158,0.022793,-1.487596,1.988633,off,none,0.750695,0,0,0,cruise
49.700000,-0.003481,,0.097105,0.027138,-1.467436,2.003956,off,none,0.745751,0,0,0,cruise
49.750000,-0.003895,,0.100942,0.027405,-1.441754,2.065493,off,none,0.741738,0,0,0,cruise
49.800000,-0.004220,,0.097422,0.024867,-1.512011,2.070279,off,none,0.720569,0,0,0,cruise
49.850000,-0.004500,,0.095616,0.025116,-1.594308,2.028643,off,none,0.719319,0,0,0,cruise
49.900000,-0.004453,,0.090361,0.023888,-1.585415,1.982064,off,none,0.719404,0,0,0,cruise
49.950000,-0.004408,,0.085924,0.023906,-1.619786,1.920250,off,none,0.733042,0,0,0,cruise
50.000000,-0.004362,,0.094824,0.027407,-1.545546,1.922553,off,none,0.752964,0,0,0,cruise
50.050000,-0.004325,,0.093408,0.029110,-1.521628,1.908864,off,none,0.716515,0,0,0,cruise
50.100000,-0.003869,,0.088915,0.025946,-1.486050,1.905672,off,none,0.666513,0,0,0,cruise
50.150000,-0.003524,,0.079125,0.024668,-1.630308,1.895302,off,none,0.615705,0,0,0,cruise
50.200000,-0.003110,,0.080359,0.025344,-1.631995,1.855392,off,none,0.593324,0,0,0,cruise
50.250000,-0.003425,,0.086218,0.026733,-1.637058,1.911034,off,none,0.615785,0,0,0,cruise
50.300000,-0.003955,,0.086975,0.027134,-1.683454,1.941043,off,none,0.566027,0,0,0,cruise
50.350000,-0.004701,,0.084481,0.028365,-1.761251,1.930001,off,none,0.516589,0,0,0,cruise
50.400000,-0.004830,,0.085674,0.029472,-1.702163,1.898909,off,none,0.465461,0,0,0,cruise
50.450000,-0.003998,,0.081902,0.030596,-1.705238,1.872015,off,none,0.416303,0,0,0,cruise
50.500000,-0.003575,,0.080278,0.032252,-1.706252,1.878109,off,none,0.367670,0,0,0,cruise
50.550000,-0.004191,,0.083175,0.032697,-1.720405,1.871573,off,none,0.315902,0,0,0,cruise
50.600000,-0.003767,,0.081853,0.033213,-1.769571,1.854884,off,none,0.266675,0,0,0,cruise
50.650000,-0.003158,,0.077177,0.035251,-1.801240,1.816399,off,none,0.215192,0,0,0,cruise
50.700000,-0.002992,,0.072212,0.033416,-1.803698,1.819530,off,none,0.165348,0,0,0,cruise
50.750000,-0.003675,,0.072139,0.034540,-1.819631,1.811668,off,none,0.117935,0,0,0,cruise
50.800000,-0.004482,,0.075156,0.036699,-1.848740,1.776126,off,none,0.066577,0,0,0,cruise
50.850000,-0.004597,,0.073821,0.041551,-1.942829,1.779116,off,none,0.015920,0,0,0,cruise
50.900000,-0.004536,,0.077694,0.048131,-1.932518,1.778447,off,none,-0.032671,0,0,0,cruise
50.950000,-0.004362,,0.082865,0.049525,-1.924908,1.774139,off,none,-0.082858,0,0,0,cruise
51.000000,-0.004837,,0.087257,0.050213,-1.955694,1.756339,off,none,-0.132569,0,0,0,cruise
51.050000,-0.005621,,0.095874,0.054394,-1.910211,1.721739,off,none,-0.183086,0,0,0,cruise
51.100000,-0.004944,,0.095503,0.057459,-1.975551,1.735757,off,none,-0.233158,0,0,0,cruise
51.150000,-0.003942,,0.084810,0.059739,-2.112133,1.769869,off,none,-0.280545,0,0,0,cruise
51.200000,-0.003867,,0.089603,0.059625,-2.134162,1.771465,off,none,-0.308166,0,0,0,cruise
51.250000,-0.005091,,0.097148,0.059097,-2.187324,1.769996,off,none,-0.304383,0,0,0,cruise
51.300000,-0.005974,,0.092567,0.057065,-2.162791,1.745605,off,none,-0.300583,0,0,0,cruise
51.350000,-0.005997,,0.094439,0.063332,-2.111780,1.721324,off,none,-0.296968,0,0,0,cruise
51.400000,-0.005987,,0.092880,0.068395,-2.187861,1.716342,off,none,-0.290705,0,0,0,cruise
51.450000,-0.005541,,0.089346,0.063744,-2.136405,1.717455,off,none,-0.281699,0,0,0,cruise
51.500000,-0.005366,,0.085197,0.057952,-2.093730,1.693188,off,none,-0.270383,0,0,0,cruise
51.550000,-0.005326,,0.092667,0.061389,-2.112877,1.694910,off,none,-0.259922,0,0,0,cruise
51.600000,-0.005179,,0.098910,0.071203,-2.089171,1.712994,off,none,-0.252312,0,0,0,cruise
51.650000,-0.005148,,0.098668,0.076491,-2.133426,1.717112,off,none,-0.247123,0,0,0,cruise
51.700000,-0.004561,,0.103666,0.074216,-2.063756,1.713686,off,none,-0.245148,0,0,0,cruise
51.750000,-0.004771,,0.108629,0.074648,-1.966374,1.675819,off,none,-0.246817,0,0,0,cruise
51.800000,-0.005406,,0.106235,0.077960,-1.916198,1.639812,off,none,-0.253805,0,0,0,cruise
51.850000,-0.004644,,0.106830,0.085868,-1.934480,1.665013,off,none,-0.266742,0,0,0,cruise
51.900000,-0.003710,,0.112541,0.083618,-1.923502,1.672904,off,none,-0.283810,0,0,0,cruise
51.950000,-0.003802,,0.111267,0.071869,-1.935574,1.682143,off,none,-0.304167,0,0,0,cruise
52.000000,-0.004286,,0.114870,0.064609,-1.896953,1.687749,off,none,-0.321859,0,0,0,cruise
52.050000,-0.004730,,0.104751,0.067256,-1.957180,1.700428,off,none,-0.335169,0,0,0,cruise
52.100000,-0.004792,,0.102028,0.079481,-2.031859,1.694935,off,none,-0.342418,0,0,0,cruise
52.150000,-0.004704,,0.104900,0.084762,-2.074261,1.689094,off,none,-0.344896,0,0,0,cruise
52.200000,-0.005036,,0.098641,0.073132,-2.125412,1.683890,off,none,-0.344372,0,0,0,cruise
52.250000,-0.005269,,0.098881,0.079452,-2.201326,1.662542,off,none,-0.339118,0,0,0,cruise
52.300000,-0.005158,,0.099527,0.089441,-2.179375,1.650273,off,none,-0.332832,0,0,0,cruise
52.350000,-0.004896,,0.100654,0.097064,-2.183167,1.647485,off,none,-0.323818,0,0,0,cruise
52.400000,-0.004358,,0.102586,0.089475,-2.156362,1.652180,off,none,-0.315067,0,0,0,cruise
52.450000,-0.003685,,0.100348,0.079484,-2.087036,1.645672,off,none,-0.306697,0,0,0,cruise
52.500000,-0.003691,,0.099036,0.076297,-2.037883,1.631169,off,none,-0.298633,0,0,0,cruise
52.550000,-0.003584,,0.102262,0.078733,-2.094886,1.618621,off,none,-0.293691,0,0,0,cruise
52.600000,-0.003767,,0.104322,0.069232,-2.089891,1.590668,off,none,-0.287244,0,0,0,cruise
52.650000,-0.004956,,0.098857,0.057592,-2.082558,1.581156,off,none,-0.279679,0,0,0,cruise
52.700000,-0.005237,,0.095726,0.042022,-1.954879,1.582871,off,none,-0.274024,0,0,0,cruise
52.750000,-0.005352,,0.103931,0.039118,-1.937002,1.601151,off,none,-0.269828,0,0,0,cruise
52.800000,-0.005850,,0.102914,0.040586,-1.941076,1.589832,off,none,-0.264932,0,0,0,cruise
52.850000,-0.005381,,0.104124,0.042284,-1.933147,1.575301,off,none,-0.262016,0,0,0,cruise
52.900000,-0.003879,,0.111913,0.043105,-1.870649,1.583964,off,none,-0.262078,0,0,0,cruise
52.950000,-0.003065,,0.109577,0.040501,-1.820094,1.572391,off,none,-0.264335,0,0,0,cruise
53.000000,-0.003016,,0.107351,0.039027,-1.791193,1.573382,off,none,-0.272496,0,0,0,cruise
53.050000,-0.003045,,0.108942,0.041191,-1.793657,1.571758,off,none,-0.281681,0,0,0,cruise
53.100000,-0.003352,,0.107341,0.042198,-1.859140,1.573207,off,none,-0.292128,0,0,0,cruise
53.150000,-0.003734,,0.105847,0.041179,-1.865520,1.588313,off,none,-0.301392,0,0,0,cruise
53.200000,-0.003937,,0.108937,0.043460,-1.799940,1.602203,off,none,-0.308278,0,0,0,cruise
53.250000,-0.003711,,0.106954,0.041710,-1.766653,1.599967,off,none,-0.315681,0,0,0,cruise
53.300000,-0.003549,,0.102371,0.042528,-1.801069,1.596727,off,none,-0.321969,0,0,0,cruise
53.350000,-0.003360,,0.102700,0.043413,-1.852552,1.590465,off,none,-0.326195,0,0,0,cruise
53.400000,-0.003198,,0.109542,0.044870,-1.866557,1.580635,off,none,-0.327364,0,0,0,cruise
53.450000,-0.002963,,0.109225,0.043766,-1.793319,1.583375,off,none,-0.324386,0,0,0,cruise
53.500000,-0.003173,,0.098515,0.037206,-1.781980,1.574798,off,none,-0.317695,0,0,0,cruise
53.550000,-0.002499,,0.109048,0.043564,-1.742609,1.563862,off,none,-0.310803,0,0,0,cruise
53.600000,-0.002763,,0.110460,0.047876,-1.716521,1.547373,off,none,-0.307033,0,0,0,cruise
53.650000,-0.003453,,0.113837,0.050520,-1.781766,1.522962,off,none,-0.306097,0,0,0,cruise
53.700000,-0.002610,,0.126588,0.054639,-1.771313,1.512754,off,none,-0.306634,0,0,0,cruise
53.750000,-0.002523,,0.117652,0.047815,-1.694488,1.527229,off,none,-0.306899,0,0,0,cruise
53.800000,-0.002202,,0.109954,0.051145,-1.749923,1.538248,off,none,-0.307647,0,0,0,cruise
53.850000,-0.002263,,0.113589,0.054887,-1.742663,1.521119,off,none,-0.308132,0,0,0,cruise
53.900000,-0.002361,,0.117124,0.053456,-1.712299,1.513128,off,none,-0.307178,0,0,0,cruise
53.950000,-0.001109,,0.113637,0.049380,-1.676036,1.511743,off,none,-0.306493,0,0,0,cruise
54.000000,-0.000325,,0.101107,0.042564,-1.658308,1.516793,off,none,-0.305821,0,0,0,cruise
54.050000,-0.000802,,0.112432,0.049106,-1.647622,1.540387,off,none,-0.306029,0,0,0,cruise
54.100000,-0.000593,,0.103203,0.046937,-1.637639,1.545763,off,none,-0.304986,0,0,0,cruise
54.150000,-0.000405,,0.104098,0.040638,-1.605712,1.554784,off,none,-0.303561,0,0,0,cruise
54.200000,-0.001073,,0.121898,0.044039,-1.625300,1.552748,off,none,-0.302612,0,0,0,cruise
54.250000,-0.001175,,0.111779,0.042619,-1.617034,1.545037,off,none,-0.300565,0,0,0,cruise
54.300000,-0.000763,,0.105252,0.040945,-1.647788,1.553150,off,none,-0.299110,0,0,0,cruise
54.350000,-0.000851,,0.100388,0.039376,-1.644987,1.566540,off,none,-0.296298,0,0,0,cruise
54.400000,-0.001074,,0.105773,0.043429,-1.663889,1.553150,off,none,-0.292691,0,0,0,cruise
54.450000,-0.000395,,0.103143,0.044638,-1.677938,1.565260,off,none,-0.290734,0,0,0,cruise
54.500000,-0.000222,,0.095465,0.041375,-1.657719,1.567689,off,none,-0.287663,0,0,0,cruise
54.550000,-0.000123,,0.097663,0.040386,-1.662152,1.576494,off,none,-0.281886,0,0,0,cruise
54.600000,-0.000130,,0.100889,0.044121,-1.710294,1.590664,off,none,-0.263356,0,0,0,cruise
54.650000,-0.000096,,0.093149,0.040150,-1.686029,1.625028,off,none,-0.222062,0,0,0,cruise
54.700000,0.000134,,0.090938,0.036511,-1.701022,1.633477,off,none,-0.178707,0,0,0,cruise
54.750000,0.000236,,0.084867,0.033705,-1.719048,1.646675,off,none,-0.130735,0,0,0,cruise
54.800000,0.000593,,0.085844,0.033879,-1.719525,1.658913,off,none,-0.084918,0,0,0,cruise
54.850000,0.000194,,0.100262,0.034122,-1.711148,1.653461,off,none,-0.042396,0,0,0,cruise
54.900000,0.000113,,0.093285,0.029805,-1.678275,1.649377,off,none,-0.002875,0,0,0,cruise
54.950000,0.000803,,0.088364,0.029707,-1.626037,1.653286,off,none,0.033374,0,0,0,cruise
55.000000,0.000890,,0.084836,0.025071,-1.600770,1.639444,off,none,0.070788,0,0,0,cruise
55.050000,0.000284,,0.089886,0.028540,-1.642586,1.631874,off,none,0.106390,0,0,0,cruise
55.100000,0.000403,,0.102058,0.029529,-1.628248,1.630992,off,none,0.140026,0,0,0,cruise
55.150000,0.000752,,0.114054,0.029326,-1.572296,1.622479,off,none,0.177073,0,0,0,cruise
55.200000,0.000438,,0.109422,0.033272,-1.624534,1.595401,off,none,0.215278,0,0,0,cruise
55.250000,0.000779,,0.098342,0.031935,-1.626886,1.593096,off,none,0.257065,0,0,0,cruise
55.300000,0.001424,,0.093256,0.031105,-1.618389,1.608320,off,none,0.294456,0,0,0,cruise
55.350000,0.001330,,0.097019,0.032130,-1.622071,1.617253,off,none,0.326638,0,0,0,cruise
55.400000,0.001120,,0.097323,0.029443,-1.604273,1.615116,off,none,0.337712,0,0,0,cruise
55.450000,0.001030,,0.103442,0.031905,-1.587543,1.616762,off,none,0.359894,0,0,0,cruise
55.500000,0.001133,,0.114514,0.034091,-1.565913,1.601723,off,none,0.388821,0,0,0,cruise
55.550000,0.001536,,0.107304,0.026661,-1.520044,1.605998,off,none,0.400440,0,0,0,cruise
55.600000,0.001612,,0.111174,0.024244,-1.516519,1.615434,off,none,0.413844,0,0,0,cruise
55.650000,0.001119,,0.121267,0.026504,-1.505165,1.603898,off,none,0.439413,0,0,0,cruise
55.700000,0.000521,,0.128178,0.032296,-1.518066,1.591682,off,none,0.451506,0,0,0,cruise
55.750000,0.000913,,0.123774,0.030073,-1.515178,1.569132,off,none,0.449678,0,0,0,cruise
55.800000,0.001250,,0.102306,0.023590,-1.495847,1.586076,off,none,0.460630,0,0,0,cruise
55.850000,0.001307,,0.093009,0.021016,-1.510910,1.611776,off,none,0.486383,0,0,0,cruise
55.900000,0.001670,,0.101360,0.022360,-1.525874,1.607602,off,none,0.505623,0,0,0,cruise
55.950000,0.001652,,0.119377,0.026627,-1.532344,1.588576,off,none,0.492032,0,0,0,cruise
56.000000,0.001760,,0.128810,0.027472,-1.549263,1.558109,off,none,0.465463,0,0,0,cruise
56.050000,0.002049,,0.127942,0.025420,-1.542970,1.563968,off,none,0.450096,0,0,0,cruise
56.100000,0.001815,,0.150478,0.029893,-1.544448,1.557258,off,none,0.472394,0,0,0,cruise
56.150000,0.001396,,0.156466,0.030479,-1.551712,1.532361,off,none,0.438000,0,0,0,cruise
56.200000,0.001062,,0.143531,0.028827,-1.551972,1.547054,off,none,0.382804,0,0,0,cruise
56.250000,0.001249,,0.141643,0.032179,-1.528198,1.579298,off,none,0.356547,0,0,0,cruise
56.300000,0.001472,,0.157610,0.037553,-1.528945,1.561102,off,none,0.350277,0,0,0,cruise
56.350000,0.001320,,0.188407,0.043619,-1.534923,1.573918,off,none,0.363750,0,0,0,cruise
56.400000,0.001331,,0.187155,0.046008,-1.539682,1.569723,off,none,0.359525,0,0,0,cruise
56.450000,0.001465,,0.186524,0.046688,-1.539629,1.578541,off,none,0.355522,0,0,0,cruise
56.500000,0.001400,,0.196568,0.050061,-1.541110,1.589846,off,none,0.381594,0,0,0,cruise
56.550000,0.001189,,0.227346,0.049310,-1.573719,1.549125,off,none,0.421118,0,0,0,cruise
56.600000,0.001128,,0.238263,0.046303,-1.579585,1.547756,off,none,0.432260,0,0,0,cruise
56.650000,0.000995,,0.244899,0.042825,-1.562492,1.576773,off,none,0.409041,0,0,0,cruise
56.700000,0.001112,,0.254131,0.046782,-1.572523,1.579852,off,none,0.387263,0,0,0,cruise
56.750000,0.000983,,0.260541,0.044328,-1.583062,1.570234,off,none,0.407559,0,0,0,cruise
56.800000,0.000799,,0.275342,0.043477,-1.575340,1.561748,off,none,0.429817,0,0,0,cruise
56.850000,0.000691,,0.297418,0.049147,-1.576108,1.552299,off,none,0.434873,0,0,0,cruise
56.900000,0.000709,,0.325641,0.058996,-1.578322,1.519204,off,none,0.432740,0,0,0,cruise
56.950000,0.001002,,0.293453,0.057963,-1.583186,1.524274,off,none,0.429053,0,0,0,cruise
57.000000,0.001168,,0.275193,0.051654,-1.578922,1.539784,off,none,0.427629,0,0,0,cruise
57.050000,0.001188,,0.302011,0.057738,-1.554243,1.548720,off,none,0.446332,0,0,0,cruise
57.100000,0.001032,,0.387106,0.062389,-1.517301,1.565146,off,none,0.482999,0,0,0,cruise
57.150000,0.000852,,0.378554,0.060321,-1.548556,1.545421,off,none,0.525989,0,0,0,cruise
57.200000,0.000882,,0.254415,0.056973,-1.611118,1.518499,off,none,0.549104,0,0,0,cruise
57.250000,0.001185,,0.226368,0.046750,-1.604064,1.516460,off,none,0.547478,0,0,0,cruise
57.300000,0.001428,,0.222302,0.042010,-1.590640,1.513352,off,none,0.540989,0,0,0,cruise
57.350000,0.001361,,0.241787,0.047473,-1.609033,1.514134,off,none,0.551472,0,0,0,cruise
57.400000,0.001217,,0.234748,0.049537,-1.606503,1.511440,off,none,0.570731,0,0,0,cruise
57.450000,0.001093,,0.205102,0.041598,-1.613634,1.528507,off,none,0.583977,0,0,0,cruise
57.500000,0.001407,,0.199529,0.039338,-1.623467,1.532860,off,none,0.618596,0,0,0,cruise
57.550000,0.001440,,0.210660,0.037488,-1.641384,1.503515,off,none,0.669846,0,0,0,cruise
57.600000,0.001401,,0.226653,0.037993,-1.646641,1.511395,off,none,0.727806,0,0,0,cruise
57.650000,0.001370,,0.237473,0.045139,-1.642295,1.519771,off,none,0.749468,0,0,0,cruise
57.700000,0.001239,,0.225361,0.047118,-1.644103,1.527401,off,none,0.652228,0,0,0,cruise
57.750000,0.000776,,0.233649,0.047438,-1.638517,1.522519,off,none,0.469433,0,0,0,cruise
57.800000,0.000676,,0.234901,0.044416,-1.662714,1.528739,off,none,0.405317,0,0,0,cruise
57.850000,0.000861,,0.239002,0.043971,-1.666923,1.532128,off,none,0.476048,0,0,0,cruise
57.900000,0.001170,,0.238788,0.047496,-1.671902,1.522938,off,none,0.548834,0,0,0,cruise
57.950000,0.001596,,0.220165,0.044911,-1.682619,1.523664,off,none,0.587587,0,0,0,cruise
58.000000,0.001589,,0.216557,0.041961,-1.666619,1.529407,off,none,0.621176,0,0,0,cruise
58.050000,0.001376,,0.211794,0.042593,-1.684264,1.515023,off,none,0.659442,0,0,0,cruise
58.100000,0.001229,,0.227065,0.044179,-1.682500,1.517513,off,none,0.671907,0,0,0,cruise
58.150000,0.001269,,0.237344,0.051442,-1.664436,1.523464,off,none,0.669420,0,0,0,cruise
58.200000,0.001764,,0.204177,0.045685,-1.640474,1.519887,off,none,0.679233,0,0,0,cruise
58.250000,0.001975,,0.200894,0.045891,-1.622118,1.528956,off,none,0.707277,0,0,0,cruise
58.300000,0.001878,,0.194920,0.041522,-1.625040,1.526797,off,none,0.722528,0,0,0,cruise
58.350000,0.001841,,0.192337,0.035724,-1.650989,1.520791,off,none,0.746638,0,0,0,cruise
58.400000,0.001662,,0.189913,0.038597,-1.652537,1.514340,off,none,0.795625,0,0,0,cruise
58.450000,0.001463,,0.195500,0.043165,-1.664676,1.504537,off,none,0.835975,0,0,0,cruise
58.500000,0.001620,,0.203461,0.046395,-1.648486,1.513804,off,none,0.865586,0,0,0,cruise
58.550000,0.001594,,0.209329,0.051137,-1.636333,1.510132,off,none,0.876488,0,0,0,cruise
58.600000,0.001627,,0.207578,0.048121,-1.651398,1.522346,off,none,0.882797,0,0,0,cruise
58.650000,0.001651,,0.205889,0.045386,-1.635352,1.500988,off,none,0.885308,0,0,0,cruise
58.700000,0.001493,,0.185098,0.044332,-1.588474,1.505205,off,none,0.888015,0,0,0,cruise
58.750000,0.001531,,0.175550,0.042413,-1.593826,1.535772,off,none,0.894887,0,0,0,cruise
58.800000,0.001426,,0.173419,0.043500,-1.650684,1.506295,off,none,0.894988,0,0,0,cruise
58.850000,0.001473,,0.181193,0.045194,-1.647424,1.483555,off,none,0.880313,0,0,0,cruise
58.900000,0.001303,,0.190804,0.047689,-1.629838,1.483580,off,none,0.868654,0,0,0,cruise
58.950000,0.001643,,0.185273,0.051004,-1.611337,1.508213,off,none,0.874089,0,0,0,cruise
59.000000,0.001752,,0.179611,0.050581,-1.601648,1.502401,off,none,0.884095,0,0,0,cruise
59.050000,0.001461,,0.171377,0.047790,-1.618776,1.488600,off,none,0.894528,0,0,0,cruise
59.100000,0.001674,,0.177307,0.045014,-1.629371,1.468664,off,none,0.895406,0,0,0,cruise
59.150000,0.001656,,0.175140,0.041484,-1.606557,1.468791,off,none,0.916603,0,0,0,cruise
59.200000,0.001566,,0.179544,0.043549,-1.594904,1.485372,off,none,0.959968,0,0,0,cruise
59.250000,0.001863,,0.171497,0.047392,-1.609825,1.490239,off,none,1.002840,0,0,0,cruise
59.300000,0.001886,,0.163814,0.048268,-1.606947,1.465098,off,none,1.016529,0,0,0,cruise
59.350000,0.001732,,0.168679,0.045350,-1.572748,1.467488,off,none,1.030437,0,0,0,cruise
59.400000,0.001642,,0.173340,0.048431,-1.550167,1.470232,off,none,1.060619,0,0,0,cruise
59.450000,0.001919,,0.193928,0.055828,-1.557396,1.485407,off,none,1.078892,0,0,0,cruise
59.500000,0.001891,,0.195083,0.063242,-1.595250,1.468688,off,none,1.081949,0,0,0,cruise
59.550000,0.002052,,0.179534,0.066240,-1.608394,1.462194,off,none,1.108977,0,0,0,cruise
59.600000,0.002325,,0.177100,0.064724,-1.602502,1.480549,off,none,1.165391,0,0,0,cruise
59.650000,0.002188,,0.181452,0.067679,-1.557336,1.516142,off,none,1.211119,0,0,0,cruise
59.700000,0.001766,,0.164371,0.063580,-1.530024,1.522333,off,none,1.284744,0,0,0,cruise
59.750000,0.001960,,0.164308,0.059900,-1.543897,1.518863,off,none,1.380423,0,0,0,cruise
59.800000,0.002374,,0.185723,0.067095,-1.529277,1.525899,off,none,1.423241,0,0,0,cruise
59.850000,0.001951,,0.205332,0.068558,-1.570071,1.516308,off,none,1.404148,0,0,0,cruise
59.900000,0.001862,,0.201931,0.062829,-1.544933,1.555684,off,none,1.385534,0,0,0,cruise
59.950000,0.002079,,0.202675,0.063033,-1.474459,1.577050,off,none,1.442726,0,0,0,cruise
60.000000,0.002173,,0.193597,0.060598,-1.500153,1.545654,off,none,1.512370,0,0,0,cruise
60.050000,0.002197,,0.164830,0.060611,-1.524455,1.529629,off,none,1.509201,0,0,0,cruise
60.100000,0.002130,,0.169208,0.062964,-1.515359,1.523168,off,none,1.506821,0,0,0,cruise
60.150000,0.002188,,0.183458,0.069032,-1.482157,1.563407,off,none,1.504385,0,0,0,cruise
60.200000,0.001819,,0.199480,0.071645,-1.481320,1.573780,off,none,1.501568,0,0,0,cruise
60.250000,0.001923,,0.189615,0.067029,-1.511640,1.594524,off,none,1.498593,0,0,0,cruise
60.300000,0.002353,,0.180144,0.073602,-1.496356,1.585683,off,none,1.495922,0,0,0,cruise
60.350000,0.002276,,0.191597,0.079230,-1.501191,1.563962,off,none,1.493558,0,0,0,cruise
60.400000,0.002333,,0.184483,0.068788,-1.514988,1.609877,off,none,1.491001,0,0,0,cruise
60.450000,0.002220,,0.190927,0.068839,-1.543405,1.669544,off,none,1.488143,0,0,0,cruise
60.500000,0.001878,,0.208523,0.071287,-1.545112,1.645416,off,none,1.485238,0,0,0,cruise
60.550000,0.001932,,0.222556,0.077439,-1.511955,1.724894,off,none,1.481973,0,0,0,cruise
60.600000,0.001757,,0.239079,0.080517,-1.533121,1.687401,off,none,1.478388,0,0,0,cruise
60.650000,0.001772,,0.236614,0.073964,-1.481705,1.735022,off,none,1.475826,0,0,0,cruise
60.700000,0.001818,,0.230121,0.068202,-1.451000,1.813996,off,none,1.468755,0,0,0,cruise
60.750000,0.002202,,0.229364,0.073611,-1.405810,1.797912,off,none,1.457444,0,0,0,cruise
60.800000,0.002308,,0.265772,0.083181,-1.390693,1.787922,off,none,1.468416,0,0,0,cruise
60.850000,0.002224,,0.283551,0.087800,-1.498345,1.721163,off,none,1.464525,0,0,0,cruise
60.900000,0.001901,,0.284156,0.086177,-1.539389,1.689469,off,none,1.460623,0,0,0,cruise
60.950000,0.001720,,0.271482,0.072799,-1.511141,1.775340,off,none,1.456777,0,0,0,cruise
61.000000,0.002224,,0.245099,0.064010,-1.423367,1.895423,off,none,1.453837,0,0,0,cruise
61.050000,0.001940,,0.259189,0.068199,-1.418972,1.874087,off,none,1.450871,0,0,0,cruise
61.100000,0.001684,,0.264224,0.060367,-1.409673,1.863808,off,none,1.448120,0,0,0,cruise
61.150000,0.001623,,0.275721,0.064738,-1.414997,1.862609,off,none,1.445464,0,0,0,cruise
61.200000,0.001781,,0.281103,0.078341,-1.397096,1.877443,off,none,1.441907,0,0,0,cruise
61.250000,0.001880,,0.252220,0.078689,-1.428172,1.851759,off,none,1.437815,0,0,0,cruise
61.300000,0.001938,,0.252026,0.080835,-1.498354,1.787701,off,none,1.433828,0,0,0,cruise
61.350000,0.001989,,0.257761,0.078424,-1.483838,1.794286,off,none,1.429876,0,0,0,cruise
61.400000,0.001778,,0.262339,0.078562,-1.412525,1.788421,off,none,1.426355,0,0,0,cruise
61.450000,0.001271,,0.250090,0.079765,-1.407155,1.794606,off,none,1.422422,0,0,0,cruise
61.500000,0.001627,,0.260995,0.077789,-1.408495,1.886260,off,none,1.419019,0,0,0,cruise
61.550000,0.001407,,0.264570,0.073797,-1.423180,1.915386,off,none,1.415601,0,0,0,cruise
61.600000,0.001087,,0.234371,0.066090,-1.430046,1.900036,off,none,1.412096,0,0,0,cruise
61.650000,0.000961,,0.234942,0.061463,-1.443225,1.853598,off,none,1.408406,0,0,0,cruise
61.700000,0.000840,,0.219184,0.066429,-1.441994,1.808359,off,none,1.404820,0,0,0,cruise
61.750000,0.001252,,0.223485,0.067023,-1.433825,1.830893,off,none,1.401320,0,0,0,cruise
61.800000,0.001005,,0.231437,0.064208,-1.433192,1.825703,off,none,1.398094,0,0,0,cruise
61.850000,0.000744,,0.204892,0.060742,-1.474188,1.774470,off,none,1.395018,0,0,0,cruise
61.900000,0.000738,,0.198330,0.060402,-1.522360,1.738561,off,none,1.391947,0,0,0,cruise
61.950000,0.000888,,0.196960,0.065681,-1.519896,1.764660,off,none,1.388916,0,0,0,cruise
62.000000,0.001267,,0.196712,0.067963,-1.494603,1.752183,off,none,1.386055,0,0,0,cruise
62.050000,0.001429,,0.196574,0.073419,-1.491829,1.733790,off,none,1.383201,0,0,0,cruise
62.100000,0.002027,,0.192974,0.073532,-1.470410,1.761488,off,none,1.379931,0,0,0,cruise
62.150000,0.002034,,0.212200,0.075097,-1.472198,1.744059,off,none,1.376858,0,0,0,cruise
62.200000,0.001125,,0.212617,0.064914,-1.517947,1.722218,off,none,1.374532,0,0,0,cruise
62.250000,0.000770,,0.199126,0.058758,-1.555984,1.774344,off,none,1.372549,0,0,0,cruise
62.300000,0.000287,,0.192629,0.065877,-1.523139,1.726168,off,none,1.363233,0,0,0,cruise
62.350000,0.000401,,0.201612,0.075787,-1.438181,1.669978,off,none,1.334344,0,0,0,cruise
62.400000,0.000420,,0.200493,0.075208,-1.425839,1.683635,off,none,1.326141,0,0,0,cruise
62.450000,0.000177,,0.220569,0.077609,-1.474628,1.685226,off,none,1.350767,0,0,0,cruise
62.500000,0.000527,,0.231661,0.072987,-1.507621,1.733125,off,none,1.303453,0,0,0,cruise
62.550000,0.001066,,0.257226,0.063583,-1.533853,1.728531,off,none,1.222083,0,0,0,cruise
62.600000,0.001710,,0.285652,0.065258,-1.462501,1.673597,off,none,1.269284,0,0,0,cruise
62.650000,0.002233,,0.238409,0.060915,-1.414388,1.673701,off,none,1.339759,0,0,0,cruise
62.700000,0.002708,,0.243041,0.067849,-1.416017,1.624232,off,none,1.346819,0,0,0,cruise
62.750000,0.002787,,0.235651,0.068133,-1.450060,1.624224,off,none,1.320175,0,0,0,cruise
62.800000,0.002000,,0.237050,0.065423,-1.488503,1.638668,off,none,1.312317,0,0,0,cruise
62.850000,0.001625,,0.254061,0.066248,-1.525146,1.674004,off,none,1.296967,0,0,0,cruise
62.900000,0.001327,,0.281593,0.065860,-1.561223,1.687050,off,none,1.310154,0,0,0,cruise
62.950000,0.000495,,0.317938,0.074189,-1.563923,1.627585,off,none,1.308568,0,0,0,cruise
63.000000,0.000769,,0.310873,0.075733,-1.612950,1.624490,off,none,1.212232,0,0,0,cruise
63.050000,0.001507,,0.279983,0.071355,-1.630983,1.667529,off,none,1.189371,0,0,0,cruise
63.100000,0.001302,,0.270195,0.072985,-1.576558,1.669569,off,none,1.200677,0,0,0,cruise
63.150000,0.002461,,0.280504,0.081741,-1.504021,1.611875,off,none,1.277241,0,0,0,cruise
63.200000,0.003515,,0.283178,0.076327,-1.523849,1.610385,off,none,1.304202,0,0,0,cruise
63.250000,0.002866,,0.259758,0.077952,-1.551270,1.567894,off,none,1.280665,0,0,0,cruise
63.300000,0.002860,,0.172459,0.063250,-1.514437,1.594989,off,none,1.260574,0,0,0,cruise
63.350000,0.002906,,0.165776,0.058674,-1.415378,1.659241,off,none,1.261824,0,0,0,cruise
63.400000,0.002603,,0.176537,0.060191,-1.369266,1.685330,off,none,1.284258,0,0,0,cruise
63.450000,0.002489,,0.167071,0.054274,-1.392123,1.734341,off,none,1.287466,0,0,0,cruise
63.500000,0.002159,,0.155329,0.048008,-1.439477,1.844421,off,none,1.317138,0,0,0,cruise
63.550000,0.001744,,0.148018,0.041731,-1.435184,1.872329,off,none,1.299533,0,0,0,cruise
63.600000,0.001691,,0.147320,0.042970,-1.350011,1.850812,off,none,1.306437,0,0,0,cruise
63.650000,0.001471,,0.157219,0.048308,-1.335545,1.814532,off,none,1.319020,0,0,0,cruise
63.700000,0.001044,,0.167505,0.049921,-1.372869,1.795999,off,none,1.320511,0,0,0,cruise
63.750000,0.001295,,0.184522,0.048785,-1.359686,1.882393,off,none,1.318461,0,0,0,cruise
63.800000,0.002043,,0.207136,0.052415,-1.324821,1.940534,off,none,1.306174,0,0,0,cruise
63.850000,0.002097,,0.196470,0.043479,-1.323226,1.918623,off,none,1.285744,0,0,0,cruise
63.900000,0.002212,,0.200795,0.042776,-1.323054,1.971273,off,none,1.312304,0,0,0,cruise
63.950000,0.002110,,0.221832,0.045931,-1.325132,1.969376,off,none,1.309813,0,0,0,cruise
64.000000,0.002362,,0.233318,0.048937,-1.344196,1.951637,off,none,1.307675,0,0,0,cruise
64.050000,0.002015,,0.234859,0.046641,-1.366752,1.967386,off,none,1.305753,0,0,0,cruise
64.100000,0.001512,,0.203106,0.044588,-1.371600,1.889366,off,none,1.303384,0,0,0,cruise
64.150000,0.000914,,0.201258,0.041160,-1.356558,1.871774,off,none,1.302021,0,0,0,cruise
64.200000,0.001557,,0.202683,0.045908,-1.340009,1.901110,off,none,1.285641,0,0,0,cruise
64.250000,0.001925,,0.197511,0.049654,-1.337950,1.960260,off,none,1.256029,0,0,0,cruise
64.300000,0.002230,,0.201634,0.052439,-1.376940,1.992537,off,none,1.296517,0,0,0,cruise
64.350000,0.002152,,0.195846,0.055841,-1.343065,1.944748,off,none,1.294065,0,0,0,cruise
64.400000,0.000851,,0.204878,0.056472,-1.357736,1.866734,off,none,1.282918,0,0,0,cruise
64.450000,0.000587,,0.221023,0.059543,-1.405873,1.832778,off,none,1.261836,0,0,0,cruise
64.500000,0.001553,,0.219586,0.054420,-1.330066,1.968156,off,none,1.274083,0,0,0,cruise
64.550000,0.001532,,0.225203,0.054946,-1.342262,1.977793,off,none,1.268255,0,0,0,cruise
64.600000,0.001893,,0.213725,0.056766,-1.405204,1.896027,off,none,1.285717,0,0,0,cruise
64.650000,0.001990,,0.207755,0.063220,-1.389413,1.872322,off,none,1.277247,0,0,0,cruise
64.700000,0.001428,,0.214651,0.066212,-1.355880,1.866573,off,none,1.234665,0,0,0,cruise
64.750000,0.001730,,0.219047,0.071265,-1.365583,1.834393,off,none,1.197410,0,0,0,cruise
64.800000,0.002016,,0.216406,0.073633,-1.386355,1.858300,off,none,1.260054,0,0,0,cruise
64.850000,0.001988,,0.221442,0.075781,-1.389990,1.820092,off,none,1.262456,0,0,0,cruise
64.900000,0.001203,,0.219197,0.074392,-1.426301,1.790698,off,none,1.205649,0,0,0,cruise
64.950000,0.001392,,0.207458,0.069864,-1.430787,1.795644,off,none,1.167886,0,0,0,cruise
65.000000,0.002465,,0.184425,0.064349,-1.426714,1.801107,off,none,1.224862,0,0,0,cruise
65.050000,0.002500,,0.188085,0.065576,-1.443508,1.789315,off,none,1.225837,0,0,0,cruise
65.100000,0.002127,,0.194598,0.059949,-1.400143,1.765415,off,none,1.196855,0,0,0,cruise
65.150000,0.001685,,0.182500,0.055825,-1.405839,1.765948,off,none,1.187102,0,0,0,cruise
65.200000,0.001901,,0.177393,0.056608,-1.426580,1.791430,off,none,1.237134,0,0,0,cruise
65.250000,0.001909,,0.177029,0.059107,-1.439641,1.799138,off,none,1.234551,0,0,0,cruise
65.300000,0.001947,,0.176432,0.059791,-1.466289,1.782040,off,none,1.196823,0,0,0,cruise
65.350000,0.002666,,0.174391,0.056599,-1.505621,1.777833,off,none,1.190158,0,0,0,cruise
65.400000,0.002548,,0.170158,0.056656,-1.558227,1.776763,off,none,1.182986,0,0,0,cruise
65.450000,0.002524,,0.175532,0.057234,-1.538389,1.786637,off,none,1.213944,0,0,0,cruise
65.500000,0.002586,,0.164787,0.053652,-1.590367,1.766796,off,none,1.166957,0,0,0,cruise
65.550000,0.002204,,0.169344,0.056731,-1.622572,1.744017,off,none,1.159675,0,0,0,cruise
65.600000,0.001863,,0.176422,0.055645,-1.560855,1.771045,off,none,1.167104,0,0,0,cruise
65.650000,0.002153,,0.167933,0.055085,-1.647049,1.745068,off,none,1.104468,0,0,0,cruise
65.700000,0.002597,,0.172369,0.058018,-1.613580,1.753304,off,none,1.117764,0,0,0,cruise
65.750000,0.002598,,0.179342,0.054293,-1.458177,1.783972,off,none,1.135003,0,0,0,cruise
65.800000,0.002357,,0.180862,0.051723,-1.487515,1.764677,off,none,1.096468,0,0,0,cruise
65.850000,0.002610,,0.180901,0.051942,-1.485867,1.769370,off,none,1.116904,0,0,0,cruise
65.900000,0.002111,,0.184326,0.052049,-1.468921,1.760392,off,none,1.136349,0,0,0,cruise
65.950000,0.001774,,0.171793,0.046364,-1.473113,1.760714,off,none,1.219880,0,0,0,cruise
66.000000,0.002381,,0.171850,0.050457,-1.538882,1.767347,off,none,1.165494,0,0,0,cruise
66.050000,0.002229,,0.176357,0.054144,-1.637065,1.744039,off,none,1.162259,0,0,0,cruise
66.100000,0.002263,,0.173202,0.056294,-1.679157,1.735269,off,none,1.111951,0,0,0,cruise
66.150000,0.002095,,0.180981,0.058747,-1.702895,1.743011,off,none,1.106852,0,0,0,cruise
66.200000,0.002730,,0.192820,0.059882,-1.549804,1.792724,off,none,1.140717,0,0,0,cruise
66.250000,0.002868,,0.189417,0.056817,-1.559496,1.786356,off,none,1.095483,0,0,0,cruise
66.300000,0.002986,,0.178306,0.056789,-1.734864,1.737193,off,none,1.054700,0,0,0,cruise
66.350000,0.003013,,0.187794,0.063143,-1.748544,1.762140,off,none,1.045063,0,0,0,cruise
66.400000,0.003391,,0.160771,0.062109,-1.875771,1.774156,off,none,1.036262,0,0,0,cruise
66.450000,0.002640,,0.163784,0.060110,-1.865348,1.756400,off,none,0.992416,0,0,0,cruise
66.500000,0.002884,,0.160734,0.062453,-1.849352,1.748103,off,none,1.039380,0,0,0,cruise
66.550000,0.002804,,0.153030,0.063943,-1.899039,1.735167,off,none,1.001028,0,0,0,cruise
66.600000,0.003092,,0.162826,0.063541,-1.862112,1.717308,off,none,0.974319,0,0,0,cruise
66.650000,0.003704,,0.164119,0.069458,-1.853946,1.731379,off,none,1.010370,0,0,0,cruise
66.700000,0.003915,,0.161100,0.063617,-1.744977,1.724443,off,none,0.976233,0,0,0,cruise
66.750000,0.003619,,0.160247,0.057494,-1.751854,1.738919,off,none,0.911633,0,0,0,cruise
66.800000,0.003225,,0.179443,0.061734,-1.712517,1.743191,off,none,0.928838,0,0,0,cruise
66.850000,0.003477,,0.178323,0.062309,-1.730887,1.753536,off,none,0.958672,0,0,0,cruise
66.900000,0.003790,,0.172629,0.061394,-1.735157,1.761058,off,none,0.900129,0,0,0,cruise
66.950000,0.003862,,0.164372,0.054512,-1.663161,1.783374,off,none,0.939365,0,0,0,cruise
67.000000,0.003594,,0.174559,0.054775,-1.658821,1.790203,off,none,0.880269,0,0,0,cruise
67.050000,0.003643,,0.160242,0.057369,-1.839928,1.771226,off,none,0.877942,0,0,0,cruise
67.100000,0.003391,,0.163036,0.058665,-1.833605,1.748065,off,none,0.794000,0,0,0,cruise
67.150000,0.002812,,0.170785,0.055749,-1.819552,1.732427,off,none,0.815780,0,0,0,cruise
67.200000,0.003415,,0.183079,0.057127,-1.745132,1.718576,off,none,0.846736,0,0,0,cruise
67.250000,0.003926,,0.185933,0.062685,-1.750018,1.699152,off,none,0.858794,0,0,0,cruise
67.300000,0.003563,,0.161740,0.062359,-1.845566,1.763124,off,none,0.865208,0,0,0,cruise
67.350000,0.003510,,0.159979,0.058967,-1.832675,1.820305,off,none,0.854005,0,0,0,cruise
67.400000,0.003810,,0.141050,0.054890,-1.888575,1.841128,off,none,0.864865,0,0,0,cruise
67.450000,0.003451,,0.141994,0.050897,-1.812265,1.837800,off,none,0.902539,0,0,0,cruise
67.500000,0.002865,,0.146102,0.057996,-1.866896,1.771424,off,none,0.918222,0,0,0,cruise
67.550000,0.002935,,0.145199,0.058847,-1.905246,1.760340,off,none,0.910156,0,0,0,cruise
67.600000,0.002540,,0.142123,0.054365,-1.966256,1.789851,off,none,0.820592,0,0,0,cruise
67.650000,0.003084,,0.150332,0.063193,-1.967241,1.813678,off,none,0.831186,0,0,0,cruise
67.700000,0.003381,,0.152481,0.064896,-1.928468,1.852713,off,none,0.882382,0,0,0,cruise
67.750000,0.003517,,0.151568,0.060627,-1.945757,1.889637,off,none,0.942121,0,0,0,cruise
67.800000,0.002807,,0.145273,0.055721,-1.986663,1.818342,off,none,0.944867,0,0,0,cruise
67.850000,0.002369,,0.143822,0.055157,-1.990343,1.796596,off,none,0.907775,0,0,0,cruise
67.900000,0.002424,,0.134922,0.055808,-2.015043,1.787747,off,none,0.912408,0,0,0,cruise
67.950000,0.002890,,0.135656,0.056217,-2.026548,1.759656,off,none,0.881509,0,0,0,cruise
68.000000,0.002754,,0.132161,0.059756,-2.094531,1.750417,off,none,0.933037,0,0,0,cruise
68.050000,0.002427,,0.143459,0.068342,-2.117446,1.722032,off,none,0.920601,0,0,0,cruise
68.100000,0.002679,,0.151432,0.072297,-2.116889,1.683774,off,none,0.931275,0,0,0,cruise
68.150000,0.003116,,0.151752,0.069287,-2.036635,1.745548,off,none,0.981262,0,0,0,cruise
68.200000,0.002793,,0.147379,0.065067,-2.048831,1.821285,off,none,0.962989,0,0,0,cruise
68.250000,0.002100,,0.150984,0.065036,-2.092931,1.771325,off,none,0.983036,0,0,0,cruise
68.300000,0.001240,,0.149746,0.065948,-2.171401,1.669783,off,none,1.022893,0,0,0,cruise
68.350000,0.001839,,0.155616,0.064407,-2.175121,1.775702,off,none,1.102117,0,0,0,cruise
68.400000,0.002409,,0.158823,0.065187,-2.076676,1.804522,off,none,1.124027,0,0,0,cruise
68.450000,0.002579,,0.159986,0.066305,-2.012524,1.734619,off,none,1.053588,0,0,0,cruise
68.500000,0.002085,,0.158599,0.063945,-1.999446,1.687837,off,none,1.003095,0,0,0,cruise
68.550000,0.001443,,0.164682,0.065632,-1.939959,1.695585,off,none,0.992962,0,0,0,cruise
68.600000,0.001339,,0.174706,0.061923,-1.768904,1.740934,off,none,0.949019,0,0,0,cruise
68.650000,0.001641,,0.173755,0.060270,-1.795602,1.785065,off,none,0.975197,0,0,0,cruise
68.700000,0.001529,,0.187417,0.067871,-1.800161,1.848721,off,none,1.055448,0,0,0,cruise
68.750000,0.001778,,0.193043,0.069137,-1.780544,1.848033,off,none,1.109527,0,0,0,cruise
68.800000,0.001845,,0.188154,0.067157,-1.814970,1.747762,off,none,1.116077,0,0,0,cruise
68.850000,0.001026,,0.187468,0.061347,-1.857053,1.753112,off,none,1.131870,0,0,0,cruise
68.900000,0.000868,,0.186888,0.058953,-1.876073,1.746460,off,none,1.081661,0,0,0,cruise
68.950000,0.001702,,0.178849,0.063609,-1.986938,1.779419,off,none,1.077282,0,0,0,cruise
69.000000,0.001983,,0.179273,0.061973,-1.957970,1.786318,off,none,1.138721,0,0,0,cruise
69.050000,0.001362,,0.181075,0.060803,-1.909718,1.781407,off,none,1.157581,0,0,0,cruise
69.100000,0.001267,,0.170532,0.061130,-2.027327,1.792393,off,none,1.140936,0,0,0,cruise
69.150000,0.001484,,0.169395,0.064903,-2.109300,1.818007,off,none,1.073240,0,0,0,cruise
69.200000,0.001325,,0.185023,0.067834,-2.065935,1.815830,off,none,1.046415,0,0,0,cruise
69.250000,0.001312,,0.187475,0.067276,-2.024361,1.819124,off,none,1.090727,0,0,0,cruise
69.300000,0.000982,,0.179100,0.068885,-2.096069,1.762869,off,none,1.166721,0,0,0,cruise
69.350000,0.000897,,0.185560,0.070596,-2.087852,1.722585,off,none,1.123097,0,0,0,cruise
69.400000,0.001796,,0.183796,0.069475,-2.075884,1.774767,off,none,1.103201,0,0,0,cruise
69.450000,0.001749,,0.186189,0.068458,-1.999664,1.885366,off,none,1.027834,0,0,0,cruise
69.500000,0.001486,,0.198041,0.074440,-2.015669,1.902901,off,none,0.998953,0,0,0,cruise
69.550000,0.001760,,0.190326,0.077909,-2.097076,1.797697,off,none,0.977670,0,0,0,cruise
69.600000,0.002168,,0.165846,0.074147,-2.081521,1.770627,off,none,0.985609,0,0,0,cruise
69.650000,0.002230,,0.159639,0.068582,-2.071645,1.748321,off,none,1.004472,0,0,0,cruise
69.700000,0.002165,,0.176690,0.065772,-2.016688,1.793495,off,none,0.967220,0,0,0,cruise
69.750000,0.002323,,0.194967,0.067304,-1.944768,1.790038,off,none,0.964327,0,0,0,cruise
69.800000,0.002233,,0.203900,0.070147,-1.873030,1.743798,off,none,0.936885,0,0,0,cruise
69.850000,0.002246,,0.185212,0.067434,-1.795541,1.722121,off,none,0.929673,0,0,0,cruise
69.900000,0.002279,,0.187084,0.067844,-1.780524,1.775377,off,none,0.892185,0,0,0,cruise
69.950000,0.001754,,0.186742,0.062722,-1.879252,1.812347,off,none,0.913690,0,0,0,cruise
70.000000,0.001172,,0.185966,0.060236,-1.865028,1.803160,off,none,0.948671,0,0,0,cruise
70.050000,0.000361,,0.183454,0.062901,-1.927289,1.732525,off,none,0.993252,0,0,0,cruise
70.100000,0.000461,,0.201412,0.066071,-1.855005,1.754008,off,none,0.927711,0,0,0,cruise
70.150000,0.000840,,0.200838,0.072915,-1.917644,1.803544,off,none,0.924097,0,0,0,cruise
70.200000,0.000450,,0.226928,0.069481,-1.663016,1.815665,off,none,0.877876,0,0,0,cruise
70.250000,0.000409,,0.245979,0.072579,-1.567510,1.847908,off,none,0.844192,0,0,0,cruise
70.300000,0.000465,,0.237471,0.076794,-1.663139,1.878059,off,none,0.853322,0,0,0,cruise
70.350000,0.000076,,0.232703,0.068994,-1.607284,1.900564,off,none,0.880485,0,0,0,cruise
70.400000,0.000940,,0.221162,0.075722,-1.768039,1.852093,off,none,0.897811,0,0,0,cruise
70.450000,0.001076,,0.201762,0.062727,-1.752271,1.861071,off,none,0.831595,0,0,0,cruise
70.500000,0.000425,,0.230870,0.067199,-1.582588,1.885679,off,none,0.764217,0,0,0,cruise
70.550000,0.000618,,0.227111,0.069216,-1.515392,1.887246,off,none,0.801392,0,0,0,cruise
70.600000,0.000523,,0.198613,0.068591,-1.670777,1.873077,off,none,0.878150,0,0,0,cruise
70.650000,0.000571,,0.182017,0.072827,-1.862202,1.880486,off,none,0.907404,0,0,0,cruise
70.700000,0.000657,,0.204187,0.077929,-1.821869,1.861492,off,none,0.895649,0,0,0,cruise
70.750000,0.000488,,0.238069,0.077488,-1.706851,1.842235,off,none,0.945907,0,0,0,cruise
70.800000,-0.000091,,0.251748,0.061850,-1.567652,1.834888,off,none,1.007723,0,0,0,cruise
70.850000,-0.000208,,0.227389,0.049939,-1.557136,1.840325,off,none,0.941801,0,0,0,cruise
70.900000,-0.000020,,0.229401,0.047987,-1.454200,1.882362,off,none,0.834105,0,0,0,cruise
70.950000,0.000402,,0.234802,0.048652,-1.481174,1.895349,off,none,0.786375,0,0,0,cruise
71.000000,0.000702,,0.243532,0.062594,-1.523236,1.927421,off,none,0.789167,0,0,0,cruise
71.050000,0.000529,,0.244553,0.074369,-1.544855,1.939882,off,none,0.847428,0,0,0,cruise
71.100000,0.000392,,0.222575,0.069593,-1.623204,1.925041,off,none,0.929345,0,0,0,cruise
71.150000,0.000534,,0.203826,0.064350,-1.701440,1.903869,off,none,0.995616,0,0,0,cruise
71.200000,0.000653,,0.215314,0.057018,-1.607968,1.903709,off,none,0.927999,0,0,0,cruise
71.250000,0.000602,,0.263465,0.054883,-1.574665,1.894687,off,none,0.862049,0,0,0,cruise
71.300000,0.000583,,0.283719,0.055341,-1.543569,1.891308,off,none,0.903870,0,0,0,cruise
71.350000,0.000800,,0.275021,0.063090,-1.479167,1.892982,off,none,0.907446,0,0,0,cruise
71.400000,0.000735,,0.257213,0.061260,-1.492636,1.914741,off,none,0.903850,0,0,0,cruise
71.450000,0.000412,,0.275033,0.062227,-1.525651,1.918512,off,none,0.858392,0,0,0,cruise
71.500000,0.000139,,0.286728,0.065574,-1.568124,1.934068,off,none,0.818462,0,0,0,cruise
71.550000,0.000381,,0.305276,0.071644,-1.563287,1.933896,off,none,0.790784,0,0,0,cruise
71.600000,0.001038,,0.321965,0.073374,-1.542880,1.965729,off,none,0.757324,0,0,0,cruise
71.650000,0.000982,,0.291393,0.071314,-1.551686,2.009627,off,none,0.797704,0,0,0,cruise
71.700000,0.000884,,0.277346,0.070992,-1.585987,1.981511,off,none,0.831606,0,0,0,cruise
71.750000,0.000858,,0.293458,0.072981,-1.603140,1.979891,off,none,0.867497,0,0,0,cruise
71.800000,0.000970,,0.264084,0.076999,-1.583891,1.986256,off,none,0.839585,0,0,0,cruise
71.850000,0.000900,,0.265166,0.071162,-1.534956,2.009016,off,none,0.788179,0,0,0,cruise
71.900000,0.000699,,0.249151,0.053001,-1.539174,2.082620,off,none,0.759908,0,0,0,cruise
71.950000,0.000949,,0.221485,0.041763,-1.575117,2.115242,off,none,0.778525,0,0,0,cruise
72.000000,0.001241,,0.195908,0.045722,-1.593849,2.045397,off,none,0.816551,0,0,0,cruise
72.050000,0.001045,,0.180877,0.045577,-1.604890,1.949858,off,none,0.749226,0,0,0,cruise
72.100000,0.001063,,0.168413,0.044514,-1.622923,1.947343,off,none,0.714117,0,0,0,cruise
72.150000,0.000881,,0.149251,0.041571,-1.596202,1.972442,off,none,0.675295,0,0,0,cruise
72.200000,0.000776,,0.148201,0.036813,-1.610952,1.967339,off,none,0.672410,0,0,0,cruise
72.250000,0.000873,,0.150847,0.042502,-1.721912,1.915441,off,none,0.692071,0,0,0,cruise
72.300000,0.000998,,0.150820,0.041173,-1.716856,1.912937,off,none,0.743100,0,0,0,cruise
72.350000,0.001116,,0.165503,0.041898,-1.602308,1.931940,off,none,0.678680,0,0,0,cruise
72.400000,0.001158,,0.163085,0.040962,-1.623929,1.949155,off,none,0.656016,0,0,0,cruise
72.450000,0.001007,,0.159912,0.036014,-1.610330,1.936159,off,none,0.675122,0,0,0,cruise
72.500000,0.000679,,0.140669,0.031703,-1.657531,1.937520,off,none,0.708938,0,0,0,cruise
72.550000,0.000624,,0.118469,0.034353,-1.716139,1.935380,off,none,0.708220,0,0,0,cruise
72.600000,0.000446,,0.111207,0.036071,-1.712540,1.902980,off,none,0.730520,0,0,0,cruise
72.650000,0.000175,,0.107512,0.032997,-1.665453,1.887307,off,none,0.812129,0,0,0,cruise
72.700000,0.000288,,0.118301,0.035176,-1.621980,1.909062,off,none,0.862359,0,0,0,cruise
72.750000,0.000154,,0.115764,0.034104,-1.690371,1.915677,off,none,0.802680,0,0,0,cruise
72.800000,0.000165,,0.122293,0.030332,-1.670296,1.874331,off,none,0.780685,0,0,0,cruise
72.850000,0.000324,,0.136506,0.026078,-1.529338,1.887186,off,none,0.722432,0,0,0,cruise
72.900000,0.000133,,0.135029,0.024697,-1.562363,1.923437,off,none,0.703507,0,0,0,cruise
72.950000,0.000096,,0.120543,0.024061,-1.611738,1.947785,off,none,0.751236,0,0,0,cruise
73.000000,0.000104,,0.117919,0.027161,-1.663570,1.969537,off,none,0.745625,0,0,0,cruise
73.050000,0.000369,,0.129871,0.029211,-1.540220,1.992965,off,none,0.666380,0,0,0,cruise
73.100000,0.000475,,0.136882,0.028899,-1.441460,1.984520,off,none,0.615867,0,0,0,cruise
73.150000,0.000326,,0.130906,0.026813,-1.498306,1.951857,off,none,0.677723,0,0,0,cruise
73.200000,0.000085,,0.127289,0.025430,-1.473606,1.951077,off,none,0.713553,0,0,0,cruise
73.250000,-0.000249,,0.134118,0.025005,-1.477557,1.946406,off,none,0.726748,0,0,0,cruise
73.300000,0.000111,,0.137039,0.028131,-1.543325,1.909566,off,none,0.710181,0,0,0,cruise
73.350000,-0.000052,,0.129608,0.029391,-1.522195,1.895133,off,none,0.721534,0,0,0,cruise
73.400000,0.000052,,0.131395,0.029533,-1.514521,1.889599,off,none,0.717636,0,0,0,cruise
73.450000,0.000335,,0.142438,0.029855,-1.471734,1.905242,off,none,0.732210,0,0,0,cruise
73.500000,0.000343,,0.146017,0.028974,-1.458884,1.919150,off,none,0.750339,0,0,0,cruise
73.550000,0.000402,,0.140757,0.029375,-1.475282,1.902938,off,none,0.773614,0,0,0,cruise
73.600000,0.000248,,0.159349,0.033363,-1.473443,1.858276,off,none,0.783452,0,0,0,cruise
73.650000,-0.000032,,0.169198,0.034305,-1.514862,1.834205,off,none,0.780070,0,0,0,cruise
73.700000,0.000144,,0.173753,0.032094,-1.486640,1.868558,off,none,0.778879,0,0,0,cruise
73.750000,0.000315,,0.187675,0.034254,-1.472657,1.876969,off,none,0.795237,0,0,0,cruise
73.800000,0.000121,,0.199737,0.033138,-1.501273,1.867774,off,none,0.765935,0,0,0,cruise
73.850000,-0.000541,,0.197393,0.028728,-1.498528,1.897425,off,none,0.709234,0,0,0,cruise
73.900000,-0.000070,,0.204023,0.028082,-1.522859,1.925994,off,none,0.734263,0,0,0,cruise
73.950000,0.000586,,0.199856,0.032494,-1.554991,1.937144,off,none,0.819459,0,0,0,cruise
74.000000,0.000243,,0.209596,0.032910,-1.544100,1.955287,off,none,0.803183,0,0,0,cruise
74.050000,0.000058,,0.205961,0.031275,-1.520699,1.936862,off,none,0.784155,0,0,0,cruise
74.100000,0.000569,,0.222036,0.039519,-1.530625,1.956620,off,none,0.817020,0,0,0,cruise
74.150000,0.000823,,0.237060,0.042636,-1.544931,1.979257,off,none,0.841324,0,0,0,cruise
74.200000,0.000531,,0.263182,0.038917,-1.540003,1.960526,off,none,0.855983,0,0,0,cruise
74.250000,0.000007,,0.270272,0.042271,-1.562790,1.935040,off,none,0.838501,0,0,0,cruise
74.300000,-0.000146,,0.293202,0.034005,-1.575638,1.914190,off,none,0.841811,0,0,0,cruise
74.350000,-0.000419,,0.343501,0.027885,-1.587098,1.957982,off,none,0.856386,0,0,0,cruise
74.400000,-0.000445,,0.384154,0.023689,-1.618765,1.978821,off,none,0.793106,0,0,0,cruise
74.450000,-0.000274,,0.383627,0.025966,-1.620274,1.979598,off,none,0.731234,0,0,0,cruise
74.500000,-0.000386,,0.379384,0.034299,-1.611139,1.955779,off,none,0.725095,0,0,0,cruise
74.550000,-0.000332,,0.405052,0.037086,-1.588119,1.948156,off,none,0.756431,0,0,0,cruise
74.600000,-0.000360,,0.435003,0.036377,-1.584111,1.977106,off,none,0.792349,0,0,0,cruise
74.650000,-0.000620,,0.483811,0.030540,-1.596392,1.973947,off,none,0.769458,0,0,0,cruise
74.700000,-0.000379,,0.550917,0.031665,-1.589050,1.980330,off,none,0.765616,0,0,0,cruise
74.750000,-0.000321,,0.564553,0.031826,-1.596622,1.927873,off,none,0.801234,0,0,0,cruise
74.800000,-0.000647,,0.597491,0.028237,-1.625010,1.883071,off,none,0.806634,0,0,0,cruise
74.850000,-0.000734,,0.695398,0.030667,-1.631111,1.911298,off,none,0.786434,0,0,0,cruise
74.900000,-0.000257,,0.706452,0.031874,-1.619365,1.932999,off,none,0.798439,0,0,0,cruise
74.950000,-0.000166,,0.738807,0.028774,-1.623971,1.987138,off,none,0.846577,0,0,0,cruise
75.000000,-0.000306,,0.776596,0.032834,-1.635321,1.980383,off,none,0.819038,0,0,0,cruise
75.050000,-0.000384,,0.811587,0.035136,-1.654909,1.936268,off,none,0.797067,0,0,0,cruise
75.100000,-0.000333,,0.823555,0.034604,-1.646937,1.934932,off,none,0.797269,0,0,0,cruise
75.150000,0.000038,,0.832357,0.038145,-1.649344,1.903598,off,none,0.783912,0,0,0,cruise
75.200000,-0.000018,,0.828282,0.038349,-1.647736,1.898920,off,none,0.734229,0,0,0,cruise
75.250000,-0.000320,,0.823919,0.038270,-1.649380,1.878682,off,none,0.785229,0,0,0,cruise
75.300000,-0.000175,,0.837875,0.038791,-1.658771,1.922493,off,none,0.793135,0,0,0,cruise
75.350000,-0.000213,,0.834069,0.040431,-1.654976,1.912852,off,none,0.744890,0,0,0,cruise
75.400000,-0.000049,,0.814326,0.037797,-1.650804,1.855946,off,none,0.694061,0,0,0,cruise
75.450000,0.000183,,0.820579,0.036832,-1.653179,1.873034,off,none,0.645001,0,0,0,cruise
75.500000,0.000109,,0.857069,0.043932,-1.665939,1.869243,off,none,0.594258,0,0,0,cruise
75.550000,0.000146,,0.865669,0.043237,-1.659382,1.828349,off,none,0.543742,0,0,0,cruise
75.600000,0.000339,,0.874266,0.043783,-1.668798,1.765759,off,none,0.494553,0,0,0,cruise
75.650000,0.000375,,0.859027,0.036545,-1.672299,1.770806,off,none,0.443643,0,0,0,cruise
75.700000,0.000154,,0.855078,0.036641,-1.663256,1.766297,off,none,0.394399,0,0,0,cruise
75.750000,0.000334,,0.883460,0.046298,-1.653874,1.766033,off,none,0.369008,0,0,0,cruise
75.800000,0.000295,,0.912843,0.055971,-1.633657,1.744844,off,none,0.395510,0,0,0,cruise
75.850000,0.000428,,0.901195,0.051074,-1.627054,1.735307,off,none,0.344906,0,0,0,cruise
75.900000,0.000499,,0.905362,0.046955,-1.624346,1.737550,off,none,0.294260,0,0,0,cruise
75.950000,0.000197,,0.915733,0.044804,-1.621943,1.746859,off,none,0.244667,0,0,0,cruise
76.000000,0.000317,,0.900603,0.043985,-1.614978,1.740311,off,none,0.195305,0,0,0,cruise
76.050000,0.000237,,0.916763,0.050247,-1.592025,1.757212,off,none,0.145195,0,0,0,cruise
76.100000,0.000238,,0.909212,0.044389,-1.580651,1.757608,off,none,0.094799,0,0,0,cruise
76.150000,0.000427,,0.904302,0.048375,-1.598843,1.758949,off,none,0.043482,0,0,0,cruise
76.200000,0.000373,,0.906502,0.052769,-1.606883,1.791266,off,none,-0.005519,0,0,0,cruise
76.250000,0.000510,,0.890595,0.054118,-1.613928,1.796117,off,none,-0.054839,0,0,0,cruise
76.300000,0.000570,,0.877991,0.061691,-1.620617,1.783069,off,none,-0.105816,0,0,0,cruise
76.350000,0.000540,,0.862662,0.061678,-1.611825,1.776870,off,none,-0.155040,0,0,0,cruise
76.400000,0.000568,,0.758155,0.056171,-1.593996,1.762931,off,none,-0.205247,0,0,0,cruise
76.450000,0.000549,,0.647647,0.053068,-1.583526,1.766861,off,none,-0.254719,0,0,0,cruise
76.500000,0.000661,,0.685271,0.061455,-1.588402,1.773234,off,none,-0.298093,0,0,0,cruise
76.550000,0.001036,,0.769268,0.073014,-1.580554,1.784025,off,none,-0.301797,0,0,0,cruise
76.600000,0.000935,,0.740482,0.078245,-1.581530,1.792198,off,none,-0.276318,0,0,0,cruise
76.650000,0.000896,,0.651092,0.070444,-1.588895,1.781878,off,none,-0.312326,0,0,0,cruise
76.700000,0.000758,,0.585143,0.058752,-1.590642,1.779874,off,none,-0.313415,0,0,0,cruise
76.750000,0.000899,,0.591706,0.058852,-1.578881,1.787388,off,none,-0.314203,0,0,0,cruise
76.800000,0.000899,,0.605984,0.058981,-1.571338,1.787498,off,none,-0.303461,0,0,0,cruise
76.850000,0.000832,,0.671381,0.061022,-1.562681,1.783390,off,none,-0.253865,0,0,0,cruise
76.900000,0.000613,,0.667711,0.061091,-1.568775,1.781207,off,none,-0.202248,0,0,0,cruise
76.950000,0.000568,,0.630790,0.058651,-1.568860,1.792756,off,none,-0.153017,0,0,0,cruise
77.000000,0.001090,,0.562962,0.056759,-1.558081,1.791239,off,none,-0.103526,0,0,0,cruise
77.050000,0.001231,,0.576324,0.063350,-1.547869,1.792497,off,none,-0.078931,0,0,0,cruise
77.100000,0.001201,,0.634070,0.064223,-1.538473,1.810622,off,none,-0.103316,0,0,0,cruise
77.150000,0.001286,,0.551424,0.077922,-1.542670,1.804075,off,none,-0.054222,0,0,0,cruise
77.200000,0.001324,,0.489039,0.079847,-1.547386,1.803365,off,none,-0.003897,0,0,0,cruise
77.250000,0.001700,,0.442228,0.075034,-1.547169,1.831751,off,none,0.045706,0,0,0,cruise
77.300000,0.002055,,0.363373,0.089065,-1.574158,1.836647,off,none,0.096838,0,0,0,cruise
77.350000,0.002164,,0.320738,0.103219,-1.584179,1.831203,off,none,0.146607,0,0,0,cruise
77.400000,0.002300,,0.270892,0.114883,-1.589358,1.832981,off,none,0.196546,0,0,0,cruise
77.450000,0.001674,,0.277563,0.101440,-1.588063,1.855114,off,none,0.246009,0,0,0,cruise
77.500000,0.001875,,0.278365,0.103932,-1.587482,1.868746,off,none,0.296285,0,0,0,cruise
77.550000,0.001801,,0.244750,0.093120,-1.582668,1.858043,off,none,0.345915,0,0,0,cruise
77.600000,0.001371,,0.225826,0.077379,-1.604117,1.858339,off,none,0.396132,0,0,0,cruise
77.650000,0.001459,,0.239089,0.077268,-1.625396,1.864998,off,none,0.445717,0,0,0,cruise
77.700000,0.001499,,0.245748,0.066518,-1.616422,1.881163,off,none,0.497479,0,0,0,cruise
77.750000,0.001633,,0.239460,0.072647,-1.608509,1.891328,off,none,0.544542,0,0,0,cruise
77.800000,0.001859,,0.216725,0.087786,-1.576633,1.868090,off,none,0.588394,0,0,0,cruise
77.850000,0.001646,,0.218291,0.080605,-1.551460,1.872711,off,none,0.623680,0,0,0,cruise
77.900000,0.001755,,0.230339,0.082801,-1.538756,1.893852,off,none,0.697103,0,0,0,cruise
77.950000,0.001553,,0.265175,0.102504,-1.544511,1.917651,off,none,0.746701,0,0,0,cruise
78.000000,0.001240,,0.293549,0.106794,-1.558896,1.901918,off,none,0.795592,0,0,0,cruise
78.050000,0.000561,,0.298221,0.093153,-1.572299,1.884498,off,none,0.847038,0,0,0,cruise
78.100000,0.001024,,0.264641,0.059645,-1.537272,1.866907,off,none,0.858858,0,0,0,cruise
78.150000,0.001477,,0.275775,0.040490,-1.528923,1.915158,off,none,0.777443,0,0,0,cruise
78.200000,0.001361,,0.301876,0.037720,-1.528996,2.004588,off,none,0.728213,0,0,0,cruise
78.250000,0.001457,,0.297561,0.052634,-1.529036,2.010415,off,none,0.686700,0,0,0,cruise
78.300000,0.001093,,0.254675,0.056007,-1.552595,2.011941,off,none,0.680885,0,0,0,cruise
78.350000,0.000242,,0.214099,0.052392,-1.547146,2.021954,off,none,0.716803,0,0,0,cruise
78.400000,0.000143,,0.204955,0.054350,-1.553414,2.083091,off,none,0.750928,0,0,0,cruise
78.450000,0.000646,,0.213227,0.056912,-1.568091,2.103188,off,none,0.646556,0,0,0,cruise
78.500000,0.001740,,0.205505,0.057590,-1.523533,1.977735,off,none,0.591460,0,0,0,cruise
78.550000,0.001392,,0.202051,0.059991,-1.389593,1.897038,off,none,0.630062,0,0,0,cruise
78.600000,0.001460,,0.191992,0.074255,-1.318467,1.845091,off,none,0.643334,0,0,0,cruise
78.650000,0.001698,,0.187497,0.075729,-1.244302,1.827479,off,none,0.721233,0,0,0,cruise
78.700000,0.001650,,0.217964,0.072697,-1.227947,1.863363,off,none,0.842138,0,0,0,cruise
78.750000,0.002162,,0.264606,0.075160,-1.302527,1.873818,off,none,1.052643,0,0,0,cruise
78.800000,0.001852,,0.271848,0.050514,-1.354495,1.968558,off,none,1.031696,0,0,0,cruise
78.850000,0.001243,,0.251068,0.024289,-1.472959,2.066125,off,none,0.678182,0,0,0,cruise
78.900000,0.001133,,0.289418,0.028094,-1.658155,2.059775,off,none,0.542994,0,0,0,cruise
78.950000,0.000977,,0.292816,0.033613,-1.774125,2.150383,off,none,0.579616,0,0,0,cruise
79.000000,0.001049,,0.196356,0.040157,-1.889794,2.128384,off,none,0.573259,0,0,0,cruise
79.050000,0.001428,,0.138302,0.053019,-1.972983,2.112261,off,none,0.645040,0,0,0,cruise
79.100000,0.001345,,0.137816,0.062892,-1.990071,2.053980,off,none,0.613812,0,0,0,cruise
79.150000,0.001539,,0.143284,0.062238,-1.944839,2.075026,off,none,0.650622,0,0,0,cruise
79.200000,0.001519,,0.137532,0.055349,-1.960374,2.096528,off,none,0.705282,0,0,0,cruise
79.250000,0.001524,,0.137301,0.055713,-2.025493,2.076075,off,none,0.695395,0,0,0,cruise
79.300000,0.000953,,0.151480,0.060469,-2.155313,2.046889,off,none,0.734926,0,0,0,cruise
79.350000,0.000704,,0.134981,0.058189,-2.214942,1.971509,off,none,0.704006,0,0,0,cruise
79.400000,0.000447,,0.129696,0.060485,-2.226115,1.995697,off,none,0.731621,0,0,0,cruise
79.450000,0.000105,,0.139778,0.063047,-2.253486,2.019012,off,none,0.756216,0,0,0,cruise
79.500000,0.000207,,0.143672,0.060874,-2.248632,1.991119,off,none,0.678756,0,0,0,cruise
79.550000,-0.000295,,0.154393,0.070440,-2.329853,1.995971,off,none,0.684006,0,0,0,cruise
79.600000,0.000152,,0.150756,0.076054,-2.334622,2.024355,off,none,0.641705,0,0,0,cruise
79.650000,0.000559,,0.166831,0.088124,-2.357264,1.999074,off,none,0.607391,0,0,0,cruise
79.700000,0.000096,,0.159588,0.081350,-2.373510,2.043206,off,none,0.594987,0,0,0,cruise
79.750000,-0.000095,,0.142696,0.067992,-2.347498,2.064858,off,none,0.566198,0,0,0,cruise
79.800000,-0.000119,,0.152051,0.065234,-2.321227,2.040365,off,none,0.516401,0,0,0,cruise
79.850000,-0.000211,,0.131604,0.059789,-2.325517,2.060226,off,none,0.466237,0,0,0,cruise
79.900000,-0.001089,,0.129924,0.059398,-2.323358,2.074896,off,none,0.415153,0,0,0,cruise
79.950000,-0.000341,,0.144800,0.056683,-2.259836,2.071026,off,none,0.365680,0,0,0,cruise
80.000000,0.000042,,0.167267,0.066592,-2.294769,2.060311,off,none,0.315573,0,0,0,cruise
80.050000,-0.000959,,0.171353,0.071696,-2.356351,2.091274,off,none,0.266305,0,0,0,cruise
80.100000,-0.000903,,0.167619,0.069815,-2.342921,2.135910,off,none,0.215248,0,0,0,cruise
80.150000,-0.000136,,0.170413,0.063900,-2.354557,2.230591,off,none,0.164651,0,0,0,cruise
80.200000,-0.000831,,0.125243,0.045789,-2.352965,2.255600,off,none,0.115102,0,0,0,cruise
80.250000,-0.000871,,0.114069,0.043947,-2.346375,2.256657,off,none,0.065112,0,0,0,cruise
80.300000,-0.000089,,0.117716,0.045890,-2.370912,2.197001,off,none,0.015474,0,0,0,cruise
80.350000,0.000410,,0.122553,0.050231,-2.424420,2.107203,off,none,-0.033284,0,0,0,cruise
80.400000,0.000540,,0.133054,0.053793,-2.418080,2.105624,off,none,-0.083369,0,0,0,cruise
80.450000,0.000060,,0.117225,0.050929,-2.372304,2.113105,off,none,-0.133804,0,0,0,cruise
80.500000,0.000857,,0.106166,0.040665,-2.323707,2.118610,off,none,-0.184424,0,0,0,cruise
80.550000,0.001283,,0.103999,0.036028,-2.266176,2.108332,off,none,-0.233823,0,0,0,cruise
80.600000,0.000753,,0.107010,0.034892,-2.227190,2.130948,off,none,-0.284200,0,0,0,cruise
80.650000,0.000119,,0.112734,0.031548,-2.239079,2.171834,off,none,-0.327579,0,0,0,cruise
80.700000,0.000009,,0.105885,0.026849,-2.219310,2.171419,off,none,-0.346445,0,0,0,cruise
80.750000,0.000034,,0.113008,0.025844,-2.286921,2.190189,off,none,-0.355912,0,0,0,cruise
80.800000,0.000630,,0.135986,0.032896,-2.328758,2.228280,off,none,-0.364309,0,0,0,cruise
80.850000,0.000865,,0.112194,0.029029,-2.275276,2.281899,off,none,-0.369193,0,0,0,cruise
80.900000,0.000445,,0.090682,0.023135,-2.257488,2.271338,off,none,-0.370942,0,0,0,cruise
80.950000,0.000272,,0.074191,0.020561,-2.256324,2.254515,off,none,-0.370473,0,0,0,cruise
81.000000,0.000347,,0.052526,0.016330,-2.260803,2.276162,off,none,-0.366234,0,0,0,cruise
81.050000,0.000742,,0.048017,0.014841,-2.239165,2.278542,off,none,-0.358934,0,0,0,cruise
81.100000,0.001283,,0.048646,0.014380,-2.202646,2.258785,off,none,-0.351581,0,0,0,cruise
81.150000,0.002225,,0.038837,0.010875,-2.244136,2.327296,off,none,-0.347817,0,0,0,cruise
81.200000,0.002475,,0.033544,0.009619,-2.212278,2.309956,off,none,-0.345660,0,0,0,cruise
81.250000,0.002733,,0.046501,0.013771,-2.129935,2.253870,off,none,-0.345813,0,0,0,cruise
81.300000,0.002240,,0.060711,0.016995,-2.144698,2.249673,off,none,-0.346314,0,0,0,cruise
81.350000,0.001268,,0.056475,0.014671,-2.192569,2.297865,off,none,-0.347747,0,0,0,cruise
81.400000,0.001016,,0.058579,0.015377,-2.251130,2.265770,off,none,-0.350855,0,0,0,cruise
81.450000,0.000996,,0.055533,0.015280,-2.257353,2.237968,off,none,-0.352016,0,0,0,cruise
81.500000,0.001505,,0.044092,0.014532,-2.223141,2.240916,off,none,-0.351849,0,0,0,cruise
81.550000,0.002747,,0.040476,0.014659,-2.168224,2.143779,off,none,-0.349641,0,0,0,cruise
81.600000,0.002983,,0.037060,0.013769,-2.171628,2.130305,off,none,-0.350882,0,0,0,cruise
81.650000,0.002030,,0.035683,0.013107,-2.254813,2.192890,off,none,-0.353843,0,0,0,cruise
81.700000,0.001912,,0.033450,0.012103,-2.240796,2.206240,off,none,-0.358527,0,0,0,cruise
81.750000,0.002041,,0.033741,0.011222,-2.250517,2.193283,off,none,-0.364293,0,0,0,cruise
81.800000,0.002195,,0.041071,0.014296,-2.248401,2.203996,off,none,-0.371022,0,0,0,cruise
81.850000,0.002430,,0.038321,0.014972,-2.197307,2.198514,off,none,-0.375273,0,0,0,cruise
81.900000,0.002551,,0.031768,0.014471,-2.099630,2.192020,off,none,-0.377380,0,0,0,cruise
81.950000,0.002357,,0.035580,0.014394,-1.966984,2.153967,off,none,-0.378647,0,0,0,cruise
82.000000,0.002159,,0.033213,0.012041,-1.893634,2.071943,off,none,-0.378198,0,0,0,cruise
82.050000,0.002791,,0.032946,0.012426,-1.987166,2.026113,off,none,-0.375969,0,0,0,cruise
82.100000,0.003102,,0.035232,0.012263,-1.959721,1.989477,off,none,-0.371400,0,0,0,cruise
82.150000,0.003062,,0.036628,0.011967,-1.858952,1.978375,off,none,-0.366322,0,0,0,cruise
82.200000,0.003075,,0.040997,0.013318,-1.738595,1.927671,off,none,-0.361657,0,0,0,cruise
82.250000,0.003382,,0.037259,0.013639,-1.735833,1.869910,off,none,-0.356265,0,0,0,cruise
82.300000,0.003403,,0.035532,0.012458,-1.744419,1.890758,off,none,-0.352153,0,0,0,cruise
82.350000,0.003039,,0.035399,0.014319,-1.771958,1.900190,off,none,-0.349307,0,0,0,cruise
82.400000,0.003375,,0.038288,0.016258,-1.770427,1.898790,off,none,-0.346929,0,0,0,cruise
82.450000,0.003212,,0.043314,0.015882,-1.687598,1.885118,off,none,-0.345655,0,0,0,cruise
82.500000,0.002526,,0.044590,0.016289,-1.654237,1.875180,off,none,-0.346955,0,0,0,cruise
82.550000,0.002548,,0.043458,0.016802,-1.640650,1.885526,off,none,-0.349219,0,0,0,cruise
82.600000,0.002802,,0.047947,0.015595,-1.608981,1.859211,off,none,-0.353351,0,0,0,cruise
82.650000,0.002040,,0.050219,0.015644,-1.638773,1.827233,off,none,-0.356766,0,0,0,cruise
82.700000,0.002008,,0.055398,0.017105,-1.621839,1.773108,off,none,-0.360548,0,0,0,cruise
82.750000,0.001598,,0.062381,0.018997,-1.630521,1.776705,off,none,-0.365793,0,0,0,cruise
82.800000,0.001569,,0.061339,0.018681,-1.617852,1.789103,off,none,-0.370563,0,0,0,cruise
82.850000,0.001641,,0.058071,0.018335,-1.590617,1.787320,off,none,-0.373724,0,0,0,cruise
82.900000,0.000993,,0.065623,0.021439,-1.656320,1.687042,off,none,-0.375589,0,0,0,cruise
82.950000,0.000902,,0.071478,0.024138,-1.675649,1.668881,off,none,-0.376821,0,0,0,cruise
83.000000,0.000891,,0.069128,0.021828,-1.604754,1.717796,off,none,-0.377394,0,0,0,cruise
83.050000,0.001224,,0.074579,0.022514,-1.596782,1.738772,off,none,-0.375828,0,0,0,cruise
83.100000,0.001516,,0.088164,0.026799,-1.568859,1.710253,off,none,-0.361422,0,0,0,cruise
83.150000,0.001711,,0.083272,0.024677,-1.558804,1.743191,off,none,-0.311946,0,0,0,cruise
83.200000,0.001801,,0.064052,0.020513,-1.600563,1.813761,off,none,-0.287095,0,0,0,cruise
83.250000,0.001936,,0.054310,0.016900,-1.611514,1.847947,off,none,-0.330871,0,0,0,cruise
83.300000,0.001817,,0.057938,0.018520,-1.616069,1.832490,off,none,-0.351214,0,0,0,cruise
83.350000,0.001783,,0.047227,0.016413,-1.661421,1.826839,off,none,-0.344379,0,0,0,cruise
83.400000,0.001376,,0.045272,0.015850,-1.634234,1.827365,off,none,-0.337445,0,0,0,cruise
83.450000,0.001494,,0.046884,0.015154,-1.620552,1.859629,off,none,-0.329228,0,0,0,cruise
83.500000,0.001570,,0.046694,0.016560,-1.592378,1.887940,off,none,-0.321660,0,0,0,cruise
83.550000,0.001326,,0.044893,0.016891,-1.613758,1.868551,off,none,-0.317294,0,0,0,cruise
83.600000,0.001135,,0.047329,0.017912,-1.554563,1.784842,off,none,-0.316294,0,0,0,cruise
83.650000,0.000685,,0.052823,0.019608,-1.535942,1.760760,off,none,-0.318709,0,0,0,cruise
83.700000,0.000864,,0.052562,0.018261,-1.538334,1.781597,off,none,-0.308719,0,0,0,cruise
83.750000,0.001201,,0.048591,0.016178,-1.558773,1.798868,off,none,-0.281901,0,0,0,cruise
83.800000,0.001079,,0.037768,0.013185,-1.609645,1.854604,off,none,-0.319258,0,0,0,cruise
83.850000,0.001018,,0.039714,0.014602,-1.612764,1.848241,off,none,-0.322140,0,0,0,cruise
83.900000,0.000825,,0.054769,0.020367,-1.585123,1.835283,off,none,-0.329470,0,0,0,cruise
83.950000,0.000751,,0.072624,0.029275,-1.509477,1.794445,off,none,-0.337974,0,0,0,cruise
84.000000,0.000874,,0.078106,0.032597,-1.427797,1.770040,off,none,-0.345746,0,0,0,cruise
84.050000,0.001203,,0.077840,0.031540,-1.474081,1.772334,off,none,-0.349564,0,0,0,cruise
84.100000,0.001293,,0.078400,0.031978,-1.517950,1.718412,off,none,-0.347219,0,0,0,cruise
84.150000,0.000717,,0.060854,0.029323,-1.495128,1.701753,off,none,-0.338829,0,0,0,cruise
84.200000,0.000413,,0.058080,0.037431,-1.503981,1.701263,off,none,-0.318270,0,0,0,cruise
84.250000,0.000596,,0.056916,0.041822,-1.554750,1.707057,off,none,-0.279710,0,0,0,cruise
84.300000,0.000874,,0.046041,0.026597,-1.533847,1.824923,off,none,-0.268827,0,0,0,cruise
84.350000,0.000707,,0.049500,0.030723,-1.530947,1.819929,off,none,-0.233117,0,0,0,cruise
84.400000,0.000314,,0.057766,0.038946,-1.501813,1.748123,off,none,-0.196662,0,0,0,cruise
84.450000,0.000200,,0.056376,0.035511,-1.466440,1.692886,off,none,-0.159508,0,0,0,cruise
84.500000,0.000139,,0.050786,0.037659,-1.437110,1.588694,off,none,-0.125495,0,0,0,cruise
84.550000,-0.000046,,0.042704,0.040650,-1.489403,1.564520,off,none,-0.086210,0,0,0,cruise
84.600000,-0.000095,,0.048487,0.039395,-1.487629,1.619784,off,none,-0.048140,0,0,0,cruise
84.650000,-0.000079,,0.051458,0.039319,-1.469642,1.692322,off,none,-0.008946,0,0,0,cruise
84.700000,-0.000107,,0.056559,0.051526,-1.484045,1.702927,off,none,0.015781,0,0,0,cruise
84.750000,-0.000486,,0.064683,0.059205,-1.483709,1.645700,off,none,0.041089,0,0,0,cruise
84.800000,-0.000422,,0.083838,0.059289,-1.374643,1.713284,off,none,0.073195,0,0,0,cruise
84.850000,-0.000044,,0.086951,0.056652,-1.397921,1.734215,off,none,0.113403,0,0,0,cruise
84.900000,0.000224,,0.052252,0.041876,-1.539902,1.667857,off,none,0.155132,0,0,0,cruise
84.950000,0.000064,,0.037381,0.029610,-1.503222,1.677376,off,none,0.197215,0,0,0,cruise
85.000000,-0.000255,,0.036350,0.030155,-1.570506,1.671694,off,none,0.234605,0,0,0,cruise
85.050000,-0.000290,,0.041658,0.036574,-1.616666,1.654257,off,none,0.273491,0,0,0,cruise
85.100000,-0.000436,,0.037522,0.035485,-1.617716,1.652921,off,none,0.309386,0,0,0,cruise
85.150000,-0.000023,,0.030340,0.029619,-1.632200,1.627773,off,none,0.345609,0,0,0,cruise
85.200000,0.000250,,0.027387,0.024000,-1.609320,1.588173,off,none,0.375261,0,0,0,cruise
85.250000,0.000091,,0.028909,0.029646,-1.631478,1.495571,off,none,0.400912,0,0,0,cruise
85.300000,-0.000399,,0.032962,0.036291,-1.660233,1.494730,off,none,0.430642,0,0,0,cruise
85.350000,-0.000022,,0.031568,0.034172,-1.667263,1.465170,off,none,0.459597,0,0,0,cruise
85.400000,0.000646,,0.024984,0.027230,-1.714177,1.480717,off,none,0.484160,0,0,0,cruise
85.450000,0.000266,,0.023658,0.023066,-1.679463,1.503732,off,none,0.505068,0,0,0,cruise
85.500000,-0.000724,,0.024737,0.026875,-1.688428,1.469340,off,none,0.525502,0,0,0,cruise
85.550000,-0.000571,,0.027590,0.025319,-1.682614,1.553900,off,none,0.540539,0,0,0,cruise
85.600000,-0.001094,,0.023568,0.017707,-1.540294,1.681838,off,none,0.520150,0,0,0,cruise
85.650000,-0.001643,,0.014429,0.010957,-1.434698,1.764394,off,none,0.513291,0,0,0,cruise
85.700000,-0.001685,,0.015216,0.012259,-1.311697,1.781435,off,none,0.537963,0,0,0,cruise
85.750000,-0.001226,,0.018866,0.017068,-1.280938,1.746174,off,none,0.568341,0,0,0,cruise
85.800000,-0.001037,,0.017815,0.018808,-1.370438,1.730732,off,none,0.591131,0,0,0,cruise
85.850000,-0.000671,,0.020085,0.020635,-1.360905,1.738453,off,none,0.582696,0,0,0,cruise
85.900000,0.000064,,0.018547,0.020707,-1.302419,1.716439,off,none,0.591160,0,0,0,cruise
85.950000,0.000351,,0.015487,0.018329,-1.254976,1.731223,off,none,0.583219,0,0,0,cruise
86.000000,0.000359,,0.014187,0.018421,-1.284601,1.738160,off,none,0.544426,0,0,0,cruise
86.050000,-0.000226,,0.015826,0.021753,-1.342264,1.746842,off,none,0.513827,0,0,0,cruise
86.100000,-0.000346,,0.015910,0.021064,-1.399230,1.751053,off,none,0.465407,0,0,0,cruise
86.150000,-0.000294,,0.014173,0.018180,-1.455151,1.706113,off,none,0.418545,0,0,0,cruise
86.200000,-0.000954,,0.013127,0.016073,-1.511382,1.724224,off,none,0.399307,0,0,0,cruise
86.250000,-0.000752,,0.011823,0.016580,-1.478698,1.702199,off,none,0.402240,0,0,0,cruise
86.300000,-0.000824,,0.011556,0.014966,-1.453004,1.778127,off,none,0.441455,0,0,0,cruise
86.350000,-0.001128,,0.013077,0.017488,-1.403672,1.720404,off,none,0.485607,0,0,0,cruise
86.400000,-0.000602,,0.014525,0.020919,-1.413443,1.645790,off,none,0.497961,0,0,0,cruise
86.450000,-0.001515,,0.016493,0.023131,-1.424062,1.718798,off,none,0.452465,0,0,0,cruise
86.500000,-0.003943,,0.013956,0.017582,-1.393623,1.782368,off,none,0.411776,0,0,0,cruise
86.550000,-0.004854,,0.012138,0.015775,-1.493828,1.732055,off,none,0.418107,0,0,0,cruise
86.600000,-0.004509,,0.014073,0.017623,-1.490919,1.677718,off,none,0.446744,0,0,0,cruise
86.650000,-0.001683,,0.013102,0.014462,-1.410162,1.646535,off,none,0.467000,0,0,0,cruise
86.700000,-0.001304,,0.010753,0.011691,-1.355823,1.610133,off,none,0.475365,0,0,0,cruise
86.750000,-0.002322,,0.009393,0.011329,-1.377740,1.585264,off,none,0.456106,0,0,0,cruise
86.800000,-0.004947,,0.008078,0.010204,-1.383922,1.600949,off,none,0.453070,0,0,0,cruise
86.850000,-0.005887,,0.007222,0.008686,-1.343103,1.631188,off,none,0.468603,0,0,0,cruise
86.900000,-0.004464,,0.006573,0.007560,-1.320177,1.591873,off,none,0.500188,0,0,0,cruise
86.950000,-0.002688,,0.006193,0.006816,-1.352431,1.588151,off,none,0.539917,0,0,0,cruise
87.000000,-0.003400,,0.005835,0.006629,-1.385769,1.606733,off,none,0.535752,0,0,0,cruise
87.050000,-0.004594,,0.005138,0.005578,-1.350773,1.658260,off,none,0.472551,0,0,0,cruise
87.100000,-0.004846,,0.005248,0.005431,-1.348363,1.640103,off,none,0.448735,0,0,0,cruise
87.150000,-0.002998,,0.006418,0.006521,-1.374065,1.658192,off,none,0.521136,0,0,0,cruise
87.200000,0.000967,,0.007670,0.009257,-1.406979,1.660522,off,none,0.592980,0,0,0,cruise
87.250000,0.001986,,0.009568,0.013114,-1.367805,1.489227,off,none,0.559186,0,0,0,cruise
87.300000,0.001064,,0.009780,0.014344,-1.380819,1.470535,off,none,0.473831,0,0,0,cruise
87.350000,0.000742,,0.009727,0.015126,-1.402886,1.463736,off,none,0.414267,0,0,0,cruise
87.400000,0.001253,,0.009943,0.014595,-1.409731,1.478179,off,none,0.417881,0,0,0,cruise
87.450000,0.001617,,0.010779,0.017256,-1.400751,1.446807,off,none,0.450784,0,0,0,cruise
87.500000,0.002462,,0.011015,0.019341,-1.395838,1.394434,off,none,0.493474,0,0,0,cruise
87.550000,0.001959,,0.010332,0.020345,-1.384502,1.370871,off,none,0.534103,0,0,0,cruise
87.600000,0.002391,,0.011973,0.020576,-1.387110,1.360010,off,none,0.591533,0,0,0,cruise
87.650000,0.002390,,0.013746,0.022144,-1.394263,1.351525,off,none,0.651477,0,0,0,cruise
87.700000,0.002338,,0.013150,0.025862,-1.387392,1.342229,off,none,0.678046,0,0,0,cruise
87.750000,0.002898,,0.012408,0.028978,-1.423342,1.326523,off,none,0.600919,0,0,0,cruise
87.800000,0.002178,,0.012753,0.031175,-1.498629,1.297835,off,none,0.409767,0,0,0,cruise
87.850000,0.002307,,0.013387,0.032074,-1.480966,1.291163,off,none,0.339250,0,0,0,cruise
87.900000,0.004001,,0.013845,0.031706,-1.476195,1.286712,off,none,0.430010,0,0,0,cruise
87.950000,0.002662,,0.013934,0.031650,-1.494129,1.306153,off,none,0.521481,0,0,0,cruise
88.000000,0.001026,,0.013536,0.028636,-1.511135,1.321120,off,none,0.561784,0,0,0,cruise
88.050000,-0.000432,,0.014564,0.034963,-1.505774,1.284925,off,none,0.581658,0,0,0,cruise
88.100000,-0.000269,,0.015025,0.039548,-1.518186,1.259886,off,none,0.611641,0,0,0,cruise
88.150000,0.001243,,0.016054,0.041931,-1.512540,1.248168,off,none,0.635701,0,0,0,cruise
88.200000,0.003500,,0.017061,0.042355,-1.525914,1.235994,off,none,0.629765,0,0,0,cruise
88.250000,0.003718,,0.018046,0.038931,-1.507561,1.258152,off,none,0.615588,0,0,0,cruise
88.300000,0.003853,,0.019649,0.037784,-1.482790,1.250946,off,none,0.619742,0,0,0,cruise
88.350000,0.003578,,0.019211,0.041126,-1.475565,1.225620,off,none,0.638515,0,0,0,cruise
88.400000,0.004682,,0.019988,0.039339,-1.469627,1.218979,off,none,0.659111,0,0,0,cruise
88.450000,0.003915,,0.019582,0.037979,-1.481850,1.242269,off,none,0.697249,0,0,0,cruise
88.500000,0.004611,,0.018979,0.034101,-1.518208,1.239483,off,none,0.720970,0,0,0,cruise
88.550000,0.007080,,0.019424,0.032395,-1.542950,1.231853,off,none,0.717302,0,0,0,cruise
88.600000,0.006953,,0.020909,0.035007,-1.528141,1.250846,off,none,0.664125,0,0,0,cruise
88.650000,0.005259,,0.021412,0.035095,-1.509688,1.260960,off,none,0.596361,0,0,0,cruise
88.700000,0.003700,,0.020163,0.031095,-1.484379,1.232578,off,none,0.561788,0,0,0,cruise
88.750000,0.002027,,0.017381,0.026959,-1.460705,1.183925,off,none,0.561141,0,0,0,cruise
88.800000,0.003002,,0.018690,0.031298,-1.431734,1.130986,off,none,0.587490,0,0,0,cruise
88.850000,0.005644,,0.022151,0.036680,-1.390382,1.150123,off,none,0.653616,0,0,0,cruise
88.900000,0.007250,,0.023591,0.039322,-1.428799,1.152480,off,none,0.705932,0,0,0,cruise
88.950000,0.008304,,0.022575,0.039364,-1.481787,1.173653,off,none,0.672662,0,0,0,cruise
89.000000,0.009947,,0.021608,0.040836,-1.483057,1.212556,off,none,0.645691,0,0,0,cruise
89.050000,0.009295,,0.022645,0.044541,-1.426716,1.232206,off,none,0.649016,0,0,0,cruise
89.100000,0.006693,,0.024456,0.048035,-1.379218,1.235306,off,none,0.636276,0,0,0,cruise
89.150000,0.006114,,0.025895,0.051712,-1.373211,1.236894,off,none,0.667455,0,0,0,cruise
89.200000,0.009277,,0.026691,0.051386,-1.395391,1.209805,off,none,0.686139,0,0,0,cruise
89.250000,0.011752,,0.029127,0.054737,-1.413476,1.208753,off,none,0.601670,0,0,0,cruise
89.300000,0.011710,,0.030586,0.058255,-1.409431,1.212767,off,none,0.557992,0,0,0,cruise
89.350000,0.008276,,0.029069,0.054854,-1.378185,1.215955,off,none,0.621535,0,0,0,cruise
89.400000,0.005941,,0.030039,0.055357,-1.379718,1.225672,off,none,0.684424,0,0,0,cruise
89.450000,0.004875,,0.032296,0.058206,-1.380077,1.233172,off,none,0.643698,0,0,0,cruise
89.500000,0.005402,,0.039659,0.072068,-1.354624,1.242126,off,none,0.551897,0,0,0,cruise
89.550000,0.004327,,0.039195,0.076273,-1.338181,1.242423,off,none,0.515707,0,0,0,cruise
89.600000,0.002493,,0.037023,0.072458,-1.320936,1.236120,off,none,0.565191,0,0,0,cruise
89.650000,0.002865,,0.040759,0.074480,-1.327490,1.224639,off,none,0.604817,0,0,0,cruise
89.700000,0.004792,,0.038287,0.066410,-1.357122,1.225208,off,none,0.599084,0,0,0,cruise
89.750000,0.006177,,0.033808,0.055777,-1.398272,1.218950,off,none,0.585046,0,0,0,cruise
89.800000,0.001406,,0.033099,0.050158,-1.408162,1.226249,off,none,0.598218,0,0,0,cruise
89.850000,-0.009288,,0.028902,0.042087,-1.377329,1.227430,off,none,0.618028,0,0,0,cruise
89.900000,-0.017203,,0.026987,0.039474,-1.387582,1.236666,off,none,0.625196,0,0,0,cruise
89.950000,-0.013135,,0.024968,0.032432,-1.429513,1.234631,off,none,0.633711,0,0,0,cruise
90.000000,-0.008210,,0.023872,0.030185,-1.457232,1.243896,off,none,0.631687,0,0,0,cruise
90.050000,-0.009585,,0.022613,0.025922,-1.438820,1.269249,off,none,0.876737,0,0,0,cruise
90.100000,-0.074206,,0.021883,0.026760,-1.386972,1.283092,off,none,1.598499,0,0,0,cruise
90.150000,-0.191800,,0.021901,0.030285,-1.391778,1.276720,off,none,1.600000,0,0,0,cruise
90.200000,-0.197956,,0.021875,0.032104,-1.382780,1.287996,off,none,1.600000,0,0,0,cruise
90.250000,-0.197842,,0.021598,0.032018,-1.371008,1.291214,off,none,1.497133,0,0,0,cruise
90.300000,-0.197076,,0.019166,0.035051,-1.377472,1.303916,off,none,1.104148,0,0,0,cruise
90.350000,-0.197624,,0.019505,0.038132,-1.397102,1.305499,off,none,0.905429,0,0,0,cruise
90.400000,-0.198262,,0.022545,0.039429,-1.402382,1.320410,off,none,0.940247,0,0,0,cruise
90.450000,-0.197633,,0.022185,0.037408,-1.417196,1.324430,off,none,0.936584,0,0,0,cruise
90.500000,-0.197187,,0.022255,0.038329,-1.417630,1.327562,off,none,0.917855,0,0,0,cruise
90.550000,-0.197377,,0.022593,0.036553,-1.436030,1.322650,off,none,0.898412,0,0,0,cruise
90.600000,-0.197231,,0.021648,0.035937,-1.449662,1.327370,off,none,0.884584,0,0,0,cruise
90.650000,-0.197496,,0.021394,0.037026,-1.451302,1.330993,off,none,0.877001,0,0,0,cruise
90.700000,-0.197356,,0.021511,0.034994,-1.447839,1.325622,off,none,0.874290,0,0,0,cruise
90.750000,-0.196496,,0.023231,0.033426,-1.446832,1.329598,off,none,0.874468,0,0,0,cruise
90.800000,-0.196780,,0.024086,0.032405,-1.434807,1.336590,off,none,0.875796,0,0,0,cruise
90.850000,-0.197489,,0.027001,0.033990,-1.413306,1.364413,off,none,0.877255,0,0,0,cruise
90.900000,-0.197830,,0.026456,0.034812,-1.435180,1.366107,off,none,0.878314,0,0,0,cruise
90.950000,-0.198037,,0.024371,0.032530,-1.461599,1.368499,off,none,0.878902,0,0,0,cruise
91.000000,-0.196782,,0.026602,0.031539,-1.450337,1.396454,off,none,0.879121,0,0,0,cruise
91.050000,-0.195826,,0.029278,0.030767,-1.436748,1.414280,off,none,0.879117,0,0,0,cruise
91.100000,-0.195926,,0.030904,0.030569,-1.435107,1.405033,off,none,0.879021,0,0,0,cruise
91.150000,-0.196290,,0.030290,0.030342,-1.448430,1.413094,off,none,0.878915,0,0,0,cruise
91.200000,-0.197020,,0.027387,0.028331,-1.459049,1.443703,off,none,0.878832,0,0,0,cruise
91.250000,-0.197075,,0.029955,0.030109,-1.446835,1.455901,off,none,0.878785,0,0,0,cruise
91.300000,-0.197009,,0.032457,0.032703,-1.435404,1.450491,off,none,0.878767,0,0,0,cruise
91.350000,-0.196763,,0.034387,0.035184,-1.435188,1.431238,off,none,0.878767,0,0,0,cruise
91.400000,-0.196595,,0.033370,0.034716,-1.437411,1.440303,off,none,0.878774,0,0,0,cruise
91.450000,-0.196194,,0.031401,0.032468,-1.453455,1.465705,off,none,0.878782,0,0,0,cruise
91.500000,-0.196289,,0.031107,0.032554,-1.472492,1.459115,off,none,0.878788,0,0,0,cruise
91.550000,-0.195980,,0.031043,0.032552,-1.483375,1.471539,off,none,0.878792,0,0,0,cruise
91.600000,-0.195663,,0.032007,0.032499,-1.486440,1.469406,off,none,0.878793,0,0,0,cruise
91.650000,-0.195063,,0.033696,0.032228,-1.498541,1.474535,off,none,0.878793,0,0,0,cruise
91.700000,-0.194743,,0.035306,0.033168,-1.474118,1.472952,off,none,0.878793,0,0,0,cruise
91.750000,-0.195618,,0.033040,0.031704,-1.446262,1.536048,off,none,0.878792,0,0,0,cruise
91.800000,-0.196210,,0.030768,0.030041,-1.447682,1.557618,off,none,0.878792,0,0,0,cruise
91.850000,-0.196082,,0.027444,0.028767,-1.465823,1.564575,off,none,0.878791,0,0,0,cruise
91.900000,-0.195216,,0.026973,0.027304,-1.478458,1.588804,off,none,0.878791,0,0,0,cruise
91.950000,-0.195445,,0.025767,0.025494,-1.501008,1.593838,off,none,0.878791,0,0,0,cruise
92.000000,-0.194506,,0.024945,0.023998,-1.498187,1.598506,off,none,0.878791,0,0,0,cruise
92.050000,-0.193167,,0.025275,0.023607,-1.472204,1.629340,off,none,0.878791,0,0,0,cruise
92.100000,-0.190683,,0.024112,0.023158,-1.449157,1.648710,off,none,0.878791,0,0,0,cruise
92.150000,-0.188698,,0.023405,0.022199,-1.454303,1.663235,off,none,0.878791,0,0,0,cruise
92.200000,-0.190661,,0.024079,0.023306,-1.454806,1.665563,off,none,0.878791,0,0,0,cruise
92.250000,-0.188363,,0.023898,0.022535,-1.472778,1.718282,off,none,0.878791,0,0,0,cruise
92.300000,-0.190973,,0.023355,0.020188,-1.463467,1.739233,off,none,0.878791,0,0,0,cruise
92.350000,-0.190504,,0.023590,0.020157,-1.466254,1.702699,off,none,0.878791,0,0,0,cruise
92.400000,-0.188720,,0.023831,0.019903,-1.463869,1.693701,off,none,0.878791,0,0,0,cruise
92.450000,-0.182389,,0.022859,0.020614,-1.447849,1.707912,off,none,0.878791,0,0,0,cruise
92.500000,-0.182077,,0.023582,0.021610,-1.454308,1.698173,off,none,0.878791,0,0,0,cruise
92.550000,-0.195315,,0.024742,0.021626,-1.409693,1.710023,off,none,0.878791,0,0,0,cruise
92.600000,-0.193591,,0.026262,0.023166,-1.377805,1.721336,off,none,0.878791,0,0,0,cruise
92.650000,-0.191836,,0.026718,0.023084,-1.400644,1.734465,off,none,0.878791,0,0,0,cruise
92.700000,-0.190678,,0.026917,0.021176,-1.404525,1.766001,off,none,0.878791,0,0,0,cruise
92.750000,-0.185835,,0.025756,0.019377,-1.400244,1.749281,off,none,0.878791,0,0,0,cruise
92.800000,-0.192913,,0.025733,0.020252,-1.418281,1.680020,off,none,0.878791,0,0,0,cruise
92.850000,-0.189811,,0.025177,0.020237,-1.365041,1.667534,off,none,0.878791,0,0,0,cruise
92.900000,-0.166355,,0.024529,0.019430,-1.398689,1.687430,off,none,0.878791,0,0,0,cruise
92.950000,-0.118982,,0.026706,0.021195,-1.436080,1.674559,off,none,0.878791,0,0,0,cruise
93.000000,-0.087606,,0.029402,0.023411,-1.437773,1.666130,off,none,0.878791,0,0,0,cruise
93.050000,-0.112941,,0.029482,0.021009,-1.426482,1.665527,off,none,0.878791,0,0,0,cruise
93.100000,-0.195075,,0.029375,0.019731,-1.405147,1.702762,off,none,0.878791,0,0,0,cruise
93.150000,-0.197445,,0.029492,0.020231,-1.413959,1.701108,off,none,0.878791,0,0,0,cruise
93.200000,-0.197645,,0.029399,0.020062,-1.428263,1.693740,off,none,0.878791,0,0,0,cruise
93.250000,-0.197757,,0.029150,0.019144,-1.429000,1.675462,off,none,0.878791,0,0,0,cruise
93.300000,-0.197958,,0.031600,0.020522,-1.399857,1.695613,off,none,0.878791,0,0,0,cruise
93.350000,-0.198397,,0.032023,0.021342,-1.429314,1.636155,off,none,0.878791,0,0,0,cruise
93.400000,-0.199264,,0.032736,0.021956,-1.445834,1.617932,off,none,0.878791,0,0,0,cruise
93.450000,-0.199309,,0.031138,0.020880,-1.434798,1.657210,off,none,0.878791,0,0,0,cruise
93.500000,-0.199315,,0.030539,0.021549,-1.479390,1.644259,off,none,0.878791,0,0,0,cruise
93.550000,-0.199364,,0.032627,0.022053,-1.458267,1.656159,off,none,0.878791,0,0,0,cruise
93.600000,-0.198620,,0.033893,0.022273,-1.454410,1.618928,off,none,0.878791,0,0,0,cruise
93.650000,-0.198279,,0.034930,0.022970,-1.462717,1.621444,off,none,0.878791,0,0,0,cruise
93.700000,-0.199262,,0.034662,0.022619,-1.485190,1.627402,off,none,0.878791,0,0,0,cruise
93.750000,-0.197708,,0.035151,0.023052,-1.495506,1.617297,off,none,0.878791,0,0,0,cruise
93.800000,-0.177853,,0.035893,0.022299,-1.492842,1.638591,off,none,0.878791,0,0,0,cruise
93.850000,-0.127329,,0.035287,0.024297,-1.479618,1.632877,off,none,0.878791,0,0,0,cruise
93.900000,-0.075928,,0.034096,0.026193,-1.461583,1.598999,off,none,0.878791,0,0,0,cruise
93.950000,-0.070205,,0.035551,0.027574,-1.469807,1.614344,off,none,0.878791,0,0,0,cruise
94.000000,-0.130014,,0.035982,0.026813,-1.485981,1.670564,off,none,0.878791,0,0,0,cruise
94.050000,-0.183759,,0.035708,0.025067,-1.495590,1.704316,off,none,0.878791,0,0,0,cruise
94.100000,-0.198014,,0.034413,0.024508,-1.514065,1.706063,off,none,0.878791,0,0,0,cruise
94.150000,-0.198393,,0.033796,0.025934,-1.523845,1.660957,off,none,0.878791,0,0,0,cruise
94.200000,-0.198950,,0.035139,0.027884,-1.532912,1.672874,off,none,0.878791,0,0,0,cruise
94.250000,-0.199266,,0.035980,0.029147,-1.540201,1.653751,off,none,0.878791,0,0,0,cruise
94.300000,-0.199566,,0.035745,0.029333,-1.519474,1.652393,off,none,0.878791,0,0,0,cruise
94.350000,-0.199309,,0.037639,0.029395,-1.488753,1.691527,off,none,0.878791,0,0,0,cruise
94.400000,-0.199042,,0.035824,0.029548,-1.494631,1.699317,off,none,0.878791,0,0,0,cruise
94.450000,-0.199109,,0.036763,0.029745,-1.498622,1.703174,off,none,0.878791,0,0,0,cruise
94.500000,-0.199357,,0.038786,0.028653,-1.479732,1.686558,off,none,0.878791,0,0,0,cruise
94.550000,-0.198710,,0.040930,0.029629,-1.468917,1.710369,off,none,0.878791,0,0,0,cruise
94.600000,-0.198982,,0.043010,0.031749,-1.459159,1.717636,off,none,0.878791,0,0,0,cruise
94.650000,-0.198583,,0.042451,0.034846,-1.470135,1.705985,off,none,0.878791,0,0,0,cruise
94.700000,-0.186286,,0.041624,0.035484,-1.518715,1.677239,off,none,0.878791,0,0,0,cruise
94.750000,-0.171307,,0.039171,0.032183,-1.522413,1.711012,off,none,0.878791,0,0,0,cruise
94.800000,-0.190109,,0.039352,0.033924,-1.519534,1.717574,off,none,0.878791,0,0,0,cruise
94.850000,-0.197836,,0.041300,0.036373,-1.508591,1.687698,off,none,0.878791,0,0,0,cruise
94.900000,-0.198739,,0.041933,0.041722,-1.469961,1.682587,off,none,0.878791,0,0,0,cruise
94.950000,-0.192444,,0.045772,0.048702,-1.464478,1.704824,off,none,0.878791,0,0,0,cruise
95.000000,-0.176726,,0.046475,0.043930,-1.508681,1.686580,off,none,0.878791,0,0,0,cruise
95.050000,-0.172153,,0.045943,0.040335,-1.540127,1.647721,off,none,0.878791,0,0,0,cruise
95.100000,-0.176552,,0.048668,0.037599,-1.498847,1.683328,off,none,0.878791,0,0,0,cruise
95.150000,-0.180772,,0.046929,0.039932,-1.485544,1.693231,off,none,0.878791,0,0,0,cruise
95.200000,-0.195579,,0.051521,0.045222,-1.478829,1.668798,off,none,0.878791,0,0,0,cruise
95.250000,-0.170109,,0.052597,0.046296,-1.471524,1.689184,off,none,0.878791,0,0,0,cruise
95.300000,-0.119559,,0.053758,0.048000,-1.458157,1.648476,off,none,0.878791,0,0,0,cruise
95.350000,-0.087480,,0.051767,0.046263,-1.488580,1.610303,off,none,0.878791,0,0,0,cruise
95.400000,-0.014033,,0.052855,0.054349,-1.516810,1.620257,off,none,0.878791,0,0,0,cruise
95.450000,0.043379,,0.058709,0.062186,-1.440478,1.646887,off,none,0.878791,0,0,0,cruise
95.500000,0.073193,,0.062532,0.059702,-1.444956,1.654782,off,none,0.878791,0,0,0,cruise
95.550000,0.079812,,0.064230,0.055278,-1.488989,1.593643,off,none,0.878791,0,0,0,cruise
95.600000,0.066720,,0.071802,0.059138,-1.406857,1.657701,off,none,0.878791,0,0,0,cruise
95.650000,0.122764,,0.069552,0.066519,-1.387114,1.659881,off,none,0.878791,0,0,0,cruise
95.700000,0.187111,,0.072387,0.066978,-1.405943,1.627205,off,none,0.878791,0,0,0,cruise
95.750000,0.193296,,0.073843,0.058958,-1.453394,1.592993,off,none,0.878791,0,0,0,cruise
95.800000,0.192706,,0.072020,0.064756,-1.521376,1.513088,off,none,0.878791,0,0,0,cruise
95.850000,0.195548,,0.076654,0.057831,-1.416174,1.571198,off,none,0.878791,0,0,0,cruise
95.900000,0.195629,,0.080487,0.068449,-1.358781,1.602209,off,none,0.878791,0,0,0,cruise
95.950000,0.197708,,0.076130,0.068826,-1.380324,1.579882,off,none,0.878791,0,0,0,cruise
96.000000,0.198011,,0.081337,0.067018,-1.359279,1.603432,off,none,0.878791,0,0,0,cruise
96.050000,0.198271,,0.081184,0.069649,-1.347542,1.562301,off,none,0.878791,0,0,0,cruise
96.100000,0.197700,,0.078253,0.063932,-1.365587,1.585797,off,none,0.878791,0,0,0,cruise
96.150000,0.196729,,0.080647,0.070226,-1.354867,1.623583,off,none,0.878791,0,0,0,cruise
96.200000,0.198019,,0.085311,0.072562,-1.345348,1.622901,off,none,0.878791,0,0,0,cruise
96.250000,0.199358,,0.079345,0.061034,-1.447654,1.542252,off,none,0.878791,0,0,0,cruise
96.300000,0.199335,,0.078753,0.063411,-1.482584,1.514750,off,none,0.878791,0,0,0,cruise
96.350000,0.198796,,0.078879,0.068978,-1.424445,1.550617,off,none,0.878791,0,0,0,cruise
96.400000,0.199353,,0.081420,0.065894,-1.454106,1.556706,off,none,0.878791,0,0,0,cruise
96.450000,0.198679,,0.089265,0.071222,-1.458144,1.543472,off,none,0.878791,0,0,0,cruise
96.500000,0.198541,,0.086234,0.066280,-1.445980,1.582581,off,none,0.878791,0,0,0,cruise
96.550000,0.198456,,0.086235,0.071022,-1.474892,1.590653,off,none,0.878791,0,0,0,cruise
96.600000,0.198343,,0.089513,0.067027,-1.480852,1.613348,off,none,0.878791,0,0,0,cruise
96.650000,0.199370,,0.092978,0.072973,-1.459092,1.642729,off,none,0.878791,0,0,0,cruise
96.700000,0.199519,,0.092678,0.076769,-1.479737,1.668806,off,none,0.878791,0,0,0,cruise
96.750000,0.200153,,0.088715,0.063757,-1.446863,1.713433,off,none,0.878791,0,0,0,cruise
96.800000,0.199889,,0.086968,0.064512,-1.326741,1.733988,off,none,0.878791,0,0,0,cruise
96.850000,0.199734,,0.088467,0.066490,-1.335790,1.739446,off,none,0.878791,0,0,0,cruise
96.900000,0.199781,,0.089450,0.065361,-1.356822,1.734782,off,none,0.878791,0,0,0,cruise
96.950000,0.200043,,0.089982,0.063936,-1.371697,1.737621,off,none,0.878791,0,0,0,cruise
97.000000,0.199940,,0.089726,0.061391,-1.335077,1.788240,off,none,0.878791,0,0,0,cruise
97.050000,0.200352,,0.089326,0.059682,-1.370426,1.782104,off,none,0.878791,0,0,0,cruise
97.100000,0.200926,,0.090851,0.061333,-1.346280,1.790661,off,none,0.878791,0,0,0,cruise
97.150000,0.200009,,0.097932,0.067990,-1.319958,1.812825,off,none,0.878791,0,0,0,cruise
97.200000,0.199472,,0.100484,0.075906,-1.313985,1.794328,off,none,0.878791,0,0,0,cruise
97.250000,0.200096,,0.098265,0.066817,-1.350767,1.826429,off,none,0.878791,0,0,0,cruise
97.300000,0.200096,,0.095999,0.069262,-1.372486,1.818765,off,none,0.878791,0,0,0,cruise
97.350000,0.200096,,0.092485,0.073836,-1.359246,1.842415,off,none,0.878791,0,0,0,cruise
97.400000,0.199936,,0.092594,0.072826,-1.380783,1.843704,off,none,0.878791,0,0,0,cruise
97.450000,0.199376,,0.098953,0.078293,-1.361724,1.852235,off,none,0.878791,0,0,0,cruise
97.500000,0.199245,,0.099247,0.070425,-1.384579,1.834994,off,none,0.878791,0,0,0,cruise
97.550000,0.199735,,0.098636,0.073069,-1.380625,1.848307,off,none,0.878791,0,0,0,cruise
97.600000,0.199312,,0.098367,0.080698,-1.324615,1.903521,off,none,0.878791,0,0,0,cruise
97.650000,0.199841,,0.102451,0.080561,-1.368604,1.897073,off,none,0.878791,0,0,0,cruise
97.700000,0.199572,,0.097285,0.070620,-1.372721,1.885902,off,none,0.878791,0,0,0,cruise
97.750000,0.199362,,0.096677,0.069348,-1.349957,1.914339,off,none,0.878791,0,0,0,cruise
97.800000,0.199211,,0.099680,0.075974,-1.350682,1.924794,off,none,0.878791,0,0,0,cruise
97.850000,0.199418,,0.097778,0.080700,-1.352573,1.923438,off,none,0.878791,0,0,0,cruise
97.900000,0.195433,,0.092711,0.072785,-1.330103,1.928613,off,none,1.057081,0,0,0,cruise
97.950000,0.148157,,0.095247,0.075159,-1.322767,1.922859,off,none,1.591482,0,0,0,cruise
98.000000,0.056409,,0.090660,0.073063,-1.280996,1.938444,off,none,1.586141,0,0,0,cruise
98.050000,0.034552,,0.092501,0.082889,-1.273012,1.961549,off,none,1.561711,0,0,0,cruise
98.100000,0.026537,,0.093455,0.079085,-1.281825,1.959052,off,none,1.429391,0,0,0,cruise
98.150000,0.026715,,0.099522,0.078776,-1.241988,1.998365,off,none,1.202823,0,0,0,cruise
98.200000,0.022161,,0.100170,0.080189,-1.263309,1.975732,off,none,1.077870,0,0,0,cruise
98.250000,0.025495,,0.095806,0.080044,-1.280856,1.970390,off,none,1.042557,0,0,0,cruise
98.300000,0.028310,,0.102100,0.086893,-1.231856,2.022783,off,none,1.017532,0,0,0,cruise
98.350000,0.024528,,0.097924,0.084240,-1.258515,2.040850,off,none,1.050068,0,0,0,cruise
98.400000,0.021100,,0.114245,0.095847,-1.238211,2.065210,off,none,1.147810,0,0,0,cruise
98.450000,0.019521,,0.117084,0.094146,-1.270234,2.054495,off,none,1.221436,0,0,0,cruise
98.500000,0.018174,,0.102105,0.083666,-1.283297,2.084771,off,none,1.220166,0,0,0,cruise
98.550000,0.019495,,0.094327,0.080730,-1.310495,2.053335,off,none,1.161375,0,0,0,cruise
98.600000,0.020533,,0.089938,0.072298,-1.239749,2.039501,off,none,1.104915,0,0,0,cruise
98.650000,0.018596,,0.089361,0.071654,-1.225244,2.072494,off,none,1.105619,0,0,0,cruise
98.700000,0.017436,,0.089754,0.067758,-1.245306,2.065932,off,none,1.167518,0,0,0,cruise
98.750000,0.016240,,0.091034,0.068666,-1.249671,2.063366,off,none,1.246687,0,0,0,cruise
98.800000,0.017698,,0.097373,0.076026,-1.291128,2.056338,off,none,1.294121,0,0,0,cruise
98.850000,0.016582,,0.096854,0.072727,-1.337710,2.059934,off,none,1.285482,0,0,0,cruise
98.900000,0.014376,,0.104187,0.066371,-1.304722,2.020835,off,none,1.281563,0,0,0,cruise
98.950000,0.015013,,0.111163,0.071089,-1.277766,1.994298,off,none,1.311818,0,0,0,cruise
99.000000,0.015773,,0.112352,0.073502,-1.305164,1.998310,off,none,1.348835,0,0,0,cruise
99.050000,0.014000,,0.111880,0.077213,-1.369648,1.998158,off,none,1.355042,0,0,0,cruise
99.100000,0.012585,,0.111467,0.080271,-1.457206,1.950650,off,none,1.368989,0,0,0,cruise
99.150000,0.011507,,0.117267,0.083774,-1.432145,1.972704,off,none,1.431500,0,0,0,cruise
99.200000,0.010378,,0.126275,0.078386,-1.362459,1.994535,off,none,1.495221,0,0,0,cruise
99.250000,0.008760,,0.116572,0.067510,-1.429384,1.938868,off,none,1.518702,0,0,0,cruise
99.300000,0.008785,,0.110420,0.062634,-1.501628,1.855964,off,none,1.501482,0,0,0,cruise
99.350000,0.008630,,0.127705,0.073020,-1.457238,1.863779,off,none,1.486474,0,0,0,cruise
99.400000,0.007841,,0.150017,0.082325,-1.402800,1.931604,off,none,1.509403,0,0,0,cruise
99.450000,0.005789,,0.137494,0.070844,-1.408861,1.894205,off,none,1.487385,0,0,0,cruise
99.500000,0.005792,,0.139766,0.065998,-1.392689,1.888131,off,none,1.423530,0,0,0,cruise
99.550000,0.006397,,0.132161,0.058963,-1.384036,1.874623,off,none,1.449776,0,0,0,cruise
99.600000,0.005259,,0.143930,0.061683,-1.363545,1.866420,off,none,1.528838,0,0,0,cruise
99.650000,0.005468,,0.151478,0.072682,-1.358305,1.848958,off,none,1.526364,0,0,0,cruise
99.700000,0.005055,,0.141044,0.077265,-1.347526,1.858590,off,none,1.523567,0,0,0,cruise
99.750000,0.002285,,0.140650,0.088759,-1.451173,1.760600,off,none,1.520958,0,0,0,cruise
99.800000,0.001606,,0.151478,0.100396,-1.471103,1.742918,off,none,1.518362,0,0,0,cruise
99.850000,0.001327,,0.159053,0.097546,-1.400240,1.812243,off,none,1.515848,0,0,0,cruise
99.900000,0.001157,,0.172915,0.096869,-1.394429,1.850046,off,none,1.505811,0,0,0,cruise
99.950000,0.001649,,0.192491,0.098009,-1.262186,1.936209,off,none,1.470638,0,0,0,cruise
100.000000,0.003288,,0.201061,0.099067,-1.324925,1.920708,off,none,1.436829,0,0,0,cruise
100.050000,0.005912,,0.182480,0.090002,-1.412993,1.893807,off,none,1.401427,0,0,0,cruise
100.100000,0.007194,,0.171351,0.092212,-1.486838,1.858749,off,none,1.389537,0,0,0,cruise
100.150000,0.005796,,0.164869,0.087346,-1.547460,1.820400,off,none,1.417128,0,0,0,cruise
100.200000,0.004188,,0.169514,0.089114,-1.377235,1.871045,off,none,1.452524,0,0,0,cruise
100.250000,0.002825,,0.184553,0.097452,-1.336388,1.845622,off,none,1.455258,0,0,0,cruise
100.300000,0.003367,,0.180277,0.091751,-1.492908,1.766329,off,none,1.410005,0,0,0,cruise
100.350000,0.003514,,0.184298,0.094198,-1.470326,1.810968,off,none,1.359172,0,0,0,cruise
100.400000,0.003517,,0.195181,0.105914,-1.447170,1.861686,off,none,1.326512,0,0,0,cruise
100.450000,0.002256,,0.172314,0.094184,-1.446195,1.811843,off,none,1.328406,0,0,0,cruise
100.500000,0.001769,,0.147412,0.088174,-1.586256,1.743268,off,none,1.355259,0,0,0,cruise
100.550000,0.003363,,0.146200,0.084239,-1.667719,1.745802,off,none,1.331324,0,0,0,cruise
100.600000,0.003649,,0.157989,0.087282,-1.551386,1.829599,off,none,1.333440,0,0,0,cruise
100.650000,0.002923,,0.148174,0.083640,-1.667620,1.828352,off,none,1.276843,0,0,0,cruise
100.700000,0.002729,,0.162826,0.088009,-1.612703,1.823986,off,none,1.222400,0,0,0,cruise
100.750000,0.002820,,0.174494,0.092019,-1.587659,1.746018,off,none,1.167336,0,0,0,cruise
100.800000,0.003612,,0.158001,0.079977,-1.648148,1.782076,off,none,1.113853,0,0,0,cruise
100.850000,0.004170,,0.144015,0.066810,-1.649135,1.864229,off,none,1.090563,0,0,0,cruise
100.900000,0.003411,,0.144820,0.067931,-1.588384,1.852956,off,none,1.139206,0,0,0,cruise
100.950000,0.002177,,0.142801,0.070774,-1.562868,1.787403,off,none,1.216155,0,0,0,cruise
101.000000,0.001666,,0.150063,0.086397,-1.509222,1.713949,off,none,1.264928,0,0,0,cruise
101.050000,0.003132,,0.140091,0.085897,-1.525190,1.768278,off,none,1.281893,0,0,0,cruise
101.100000,0.003139,,0.141502,0.076900,-1.471461,1.795014,off,none,1.342304,0,0,0,cruise
101.150000,0.003427,,0.140781,0.074759,-1.499956,1.791534,off,none,1.332188,0,0,0,cruise
101.200000,0.003029,,0.133606,0.070243,-1.693933,1.845547,off,none,1.321857,0,0,0,cruise
101.250000,0.003009,,0.123477,0.066768,-1.770824,1.896076,off,none,1.350546,0,0,0,cruise
101.300000,0.002397,,0.118881,0.058574,-1.719003,1.908065,off,none,1.392511,0,0,0,cruise
101.350000,0.002504,,0.122147,0.060750,-1.635094,1.859290,off,none,1.376609,0,0,0,cruise
101.400000,0.002742,,0.123237,0.067893,-1.623524,1.829309,off,none,1.397381,0,0,0,cruise
101.450000,0.003302,,0.127317,0.067830,-1.696680,1.829870,off,none,1.452233,0,0,0,cruise
101.500000,0.003118,,0.130515,0.066035,-1.750599,1.876234,off,none,1.446469,0,0,0,cruise
101.550000,0.003276,,0.127818,0.064164,-1.724167,1.821704,off,none,1.448535,0,0,0,cruise
101.600000,0.003555,,0.120952,0.062960,-1.768914,1.811404,off,none,1.445620,0,0,0,cruise
101.650000,0.003534,,0.114683,0.063542,-1.685085,1.799591,off,none,1.426146,0,0,0,cruise
101.700000,0.002403,,0.122441,0.066740,-1.614587,1.842667,off,none,1.354611,0,0,0,cruise
101.750000,0.002167,,0.142591,0.068669,-1.455148,1.898780,off,none,1.316032,0,0,0,cruise
101.800000,0.001923,,0.136786,0.062839,-1.413956,1.873984,off,none,1.283364,0,0,0,cruise
101.850000,0.001736,,0.135812,0.060589,-1.332776,1.860832,off,none,1.295779,0,0,0,cruise
101.900000,0.001503,,0.129016,0.060621,-1.387248,1.884787,off,none,1.330448,0,0,0,cruise
101.950000,0.001505,,0.127492,0.069665,-1.557262,1.902632,off,none,1.329903,0,0,0,cruise
102.000000,0.001799,,0.137393,0.067987,-1.516551,1.896062,off,none,1.306166,0,0,0,cruise
102.050000,0.001527,,0.139152,0.074604,-1.518780,1.870507,off,none,1.329993,0,0,0,cruise
102.100000,0.002286,,0.142717,0.086229,-1.621684,1.869875,off,none,1.328069,0,0,0,cruise
102.150000,0.003522,,0.136910,0.089405,-1.648106,1.843639,off,none,1.293792,0,0,0,cruise
102.200000,0.002468,,0.141619,0.090336,-1.697252,1.824857,off,none,1.209937,0,0,0,cruise
102.250000,0.002304,,0.139673,0.080544,-1.672402,1.832060,off,none,1.162862,0,0,0,cruise
102.300000,0.003140,,0.123758,0.075719,-1.686700,1.826381,off,none,1.188736,0,0,0,cruise
102.350000,0.002482,,0.126463,0.082919,-1.760657,1.868382,off,none,1.250560,0,0,0,cruise
102.400000,0.002844,,0.129783,0.092399,-1.834182,1.914639,off,none,1.275836,0,0,0,cruise
102.450000,0.002241,,0.132640,0.092821,-1.822764,1.926510,off,none,1.276423,0,0,0,cruise
102.500000,0.000690,,0.128876,0.087948,-1.693973,1.917997,off,none,1.250274,0,0,0,cruise
102.550000,0.000928,,0.126257,0.089263,-1.688135,1.936958,off,none,1.229567,0,0,0,cruise
102.600000,0.001310,,0.125402,0.091646,-1.787995,1.943188,off,none,1.198068,0,0,0,cruise
102.650000,0.001890,,0.135123,0.089878,-1.695528,2.008264,off,none,1.188912,0,0,0,cruise
102.700000,0.002067,,0.142967,0.093953,-1.684685,2.009907,off,none,1.200747,0,0,0,cruise
102.750000,0.002096,,0.140534,0.105817,-1.710497,1.969391,off,none,1.166441,0,0,0,cruise
102.800000,0.001864,,0.135034,0.100606,-1.655685,1.962329,off,none,1.178869,0,0,0,cruise
102.850000,0.002592,,0.132949,0.087270,-1.494887,1.982976,off,none,1.235381,0,0,0,cruise
102.900000,0.004032,,0.131253,0.106194,-1.603002,1.906976,off,none,1.248752,0,0,0,cruise
102.950000,0.001821,,0.136834,0.111071,-1.747663,1.942474,off,none,1.174598,0,0,0,cruise
103.000000,0.001088,,0.132507,0.107965,-1.850080,1.986208,off,none,1.208607,0,0,0,cruise
103.050000,0.001012,,0.128146,0.118877,-1.896311,1.943454,off,none,1.268695,0,0,0,cruise
103.100000,0.000521,,0.128759,0.113783,-1.865235,1.969496,off,none,1.275067,0,0,0,cruise
103.150000,0.001502,,0.132262,0.109068,-1.842024,2.012122,off,none,1.251827,0,0,0,cruise
103.200000,0.002059,,0.140548,0.104214,-1.868360,2.028050,off,none,1.228703,0,0,0,cruise
103.250000,0.001750,,0.135240,0.103050,-1.895679,2.023912,off,none,1.257003,0,0,0,cruise
103.300000,0.002068,,0.132737,0.116941,-1.940120,1.956547,off,none,1.283008,0,0,0,cruise
103.350000,0.002449,,0.114919,0.103457,-1.986528,1.924961,off,none,1.294023,0,0,0,cruise
103.400000,0.002844,,0.118623,0.107479,-1.949887,1.949602,off,none,1.300473,0,0,0,cruise
103.450000,0.003733,,0.124357,0.107869,-1.978945,1.993101,off,none,1.303367,0,0,0,cruise
103.500000,0.003413,,0.126393,0.104828,-1.942229,1.950301,off,none,1.306506,0,0,0,cruise
103.550000,0.001837,,0.126280,0.094385,-1.945694,1.915953,off,none,1.358227,0,0,0,cruise
103.600000,0.001484,,0.133280,0.100389,-1.969535,1.881382,off,none,1.348332,0,0,0,cruise
103.650000,0.003587,,0.129383,0.111540,-1.973265,1.887933,off,none,1.375605,0,0,0,cruise
103.700000,0.003449,,0.138984,0.105712,-2.034485,1.952980,off,none,1.373382,0,0,0,cruise
103.750000,0.001201,,0.158805,0.118413,-2.081273,1.979088,off,none,1.371529,0,0,0,cruise
103.800000,0.000922,,0.167388,0.120172,-2.112084,1.973297,off,none,1.368862,0,0,0,cruise
103.850000,0.001078,,0.184096,0.110932,-2.215657,2.001253,off,none,1.366361,0,0,0,cruise
103.900000,0.001168,,0.242383,0.126137,-2.289911,1.984166,off,none,1.364434,0,0,0,cruise
103.950000,0.000848,,0.271206,0.136097,-2.378025,2.044417,off,none,1.362247,0,0,0,cruise
104.000000,0.000793,,0.226930,0.120115,-2.260871,1.967872,off,none,1.360104,0,0,0,cruise
104.050000,0.000312,,0.191343,0.104743,-2.104602,1.943446,off,none,1.357775,0,0,0,cruise
104.100000,0.001134,,0.171125,0.113178,-2.072848,1.900119,off,none,1.355666,0,0,0,cruise
104.150000,0.002052,,0.174339,0.109973,-2.032759,1.938011,off,none,1.340896,0,0,0,cruise
104.200000,0.000909,,0.193125,0.126162,-2.060681,1.868727,off,none,1.305531,0,0,0,cruise
104.250000,0.000391,,0.180603,0.103741,-1.996041,1.860190,off,none,1.337409,0,0,0,cruise
104.300000,0.000986,,0.151037,0.084484,-1.964475,1.875492,off,none,1.340350,0,0,0,cruise
104.350000,0.000958,,0.168152,0.115724,-1.935217,1.827489,off,none,1.321840,0,0,0,cruise
104.400000,0.000341,,0.182931,0.154877,-2.039041,1.809702,off,none,1.343936,0,0,0,cruise
104.450000,0.000187,,0.177249,0.155991,-2.118850,1.795029,off,none,1.339934,0,0,0,cruise
104.500000,-0.000312,,0.166510,0.161625,-2.103390,1.780914,off,none,1.332504,0,0,0,cruise
104.550000,0.000009,,0.159996,0.163025,-2.027419,1.783197,off,none,1.317141,0,0,0,cruise
104.600000,-0.000084,,0.155539,0.141998,-2.016272,1.788156,off,none,1.280286,0,0,0,cruise
104.650000,-0.000106,,0.152306,0.135253,-2.007739,1.778016,off,none,1.313704,0,0,0,cruise
104.700000,0.000003,,0.160191,0.139461,-1.995488,1.764193,off,none,1.262060,0,0,0,cruise
104.750000,0.000371,,0.156243,0.144247,-1.989485,1.768570,off,none,1.290413,0,0,0,cruise
104.800000,0.000322,,0.148682,0.143996,-1.961615,1.760434,off,none,1.269540,0,0,0,cruise
104.850000,0.000051,,0.156066,0.145142,-1.847969,1.761098,off,none,1.232018,0,0,0,cruise
104.900000,0.000202,,0.176056,0.174309,-1.801715,1.755053,off,none,1.209132,0,0,0,cruise
104.950000,0.000463,,0.169971,0.187763,-1.793768,1.701514,off,none,1.311467,0,0,0,cruise
105.000000,0.000683,,0.152363,0.165852,-1.763987,1.696810,off,none,1.307342,0,0,0,cruise
105.050000,0.000669,,0.140840,0.174437,-1.794622,1.736342,off,none,1.300879,0,0,0,cruise
105.100000,0.000352,,0.133173,0.201971,-1.809763,1.712060,off,none,1.244196,0,0,0,cruise
105.150000,0.000964,,0.131879,0.199784,-1.841519,1.714366,off,none,1.210439,0,0,0,cruise
105.200000,0.000610,,0.136813,0.171135,-1.848163,1.675563,off,none,1.207541,0,0,0,cruise
105.250000,-0.000072,,0.130910,0.163619,-1.896432,1.688930,off,none,1.158115,0,0,0,cruise
105.300000,0.000582,,0.133130,0.168249,-1.970902,1.733082,off,none,1.115551,0,0,0,cruise
105.350000,0.001143,,0.134266,0.170853,-2.063645,1.753078,off,none,1.098439,0,0,0,cruise
105.400000,0.000931,,0.128602,0.161597,-2.139108,1.759633,off,none,1.098367,0,0,0,cruise
105.450000,0.001101,,0.123791,0.171397,-2.014876,1.738790,off,none,1.152026,0,0,0,cruise
105.500000,0.000715,,0.117311,0.133686,-2.002855,1.753528,off,none,1.158116,0,0,0,cruise
105.550000,-0.000796,,0.118682,0.150163,-2.073260,1.784129,off,none,1.157987,0,0,0,cruise
105.600000,-0.000780,,0.114815,0.164974,-2.157983,1.746396,off,none,1.127516,0,0,0,cruise
105.650000,-0.000040,,0.129564,0.159763,-2.229556,1.749067,off,none,1.162812,0,0,0,cruise
105.700000,-0.000005,,0.139050,0.179995,-2.199870,1.752473,off,none,1.191135,0,0,0,cruise
105.750000,-0.000177,,0.131936,0.218257,-2.080316,1.778480,off,none,1.138831,0,0,0,cruise
105.800000,-0.000113,,0.139531,0.250987,-2.095252,1.797914,off,none,1.009121,0,0,0,cruise
105.850000,0.000373,,0.153293,0.268734,-2.164045,1.794870,off,none,1.031150,0,0,0,cruise
105.900000,0.000519,,0.137674,0.260730,-2.125146,1.755158,off,none,1.080149,0,0,0,cruise
105.950000,0.000460,,0.132047,0.271281,-2.125646,1.766540,off,none,1.130555,0,0,0,cruise
106.000000,0.000459,,0.130944,0.305927,-2.136561,1.765109,off,none,1.198937,0,0,0,cruise
106.050000,-0.000191,,0.121904,0.293358,-2.076069,1.730063,off,none,1.165073,0,0,0,cruise
106.100000,-0.000766,,0.109553,0.341797,-2.220809,1.668555,off,none,1.233221,0,0,0,cruise
106.150000,-0.000470,,0.120493,0.297004,-2.194519,1.639007,off,none,1.234987,0,0,0,cruise
106.200000,-0.000026,,0.141168,0.332514,-2.147548,1.664602,off,none,1.217935,0,0,0,cruise
106.250000,-0.000228,,0.142858,0.381806,-2.221695,1.698665,off,none,1.252852,0,0,0,cruise
106.300000,-0.000086,,0.144184,0.411398,-2.319977,1.730096,off,none,1.162271,0,0,0,cruise
106.350000,0.000063,,0.139968,0.430045,-2.252472,1.734893,off,none,1.119019,0,0,0,cruise
106.400000,0.000285,,0.144308,0.448279,-2.201359,1.754252,off,none,1.132338,0,0,0,cruise
106.450000,0.000125,,0.131687,0.351861,-2.133499,1.773538,off,none,1.140681,0,0,0,cruise
106.500000,-0.000341,,0.121263,0.373797,-2.128872,1.768817,off,none,1.151240,0,0,0,cruise
106.550000,-0.000303,,0.116965,0.378709,-2.242557,1.767541,off,none,1.225093,0,0,0,cruise
106.600000,0.000136,,0.124981,0.329750,-2.270989,1.753672,off,none,1.162369,0,0,0,cruise
106.650000,0.000025,,0.131714,0.344817,-2.286275,1.737066,off,none,1.158200,0,0,0,cruise
106.700000,-0.000079,,0.145319,0.414313,-2.302935,1.755348,off,none,1.153557,0,0,0,cruise
106.750000,0.000574,,0.145519,0.441027,-2.304691,1.744889,off,none,1.184189,0,0,0,cruise
106.800000,0.000844,,0.153911,0.513145,-2.408294,1.758831,off,none,1.181308,0,0,0,cruise
106.850000,0.000720,,0.161260,0.548507,-2.478191,1.774445,off,none,1.095725,0,0,0,cruise
106.900000,0.000398,,0.157236,0.573669,-2.456044,1.776061,off,none,1.081516,0,0,0,cruise
106.950000,-0.000057,,0.157612,0.542391,-2.437911,1.770996,off,none,1.169678,0,0,0,cruise
107.000000,-0.000512,,0.136739,0.460050,-2.509163,1.737628,off,none,1.225503,0,0,0,cruise
107.050000,-0.000619,,0.152002,0.499038,-2.635676,1.729701,off,none,1.204838,0,0,0,cruise
107.100000,-0.000028,,0.199052,0.616011,-2.830448,1.734517,off,none,1.148943,0,0,0,cruise
107.150000,0.000399,,0.246995,0.758654,-2.755501,1.743798,off,none,1.100109,0,0,0,cruise
107.200000,0.000976,,0.282248,0.817888,-2.665409,1.795898,off,none,1.098712,0,0,0,cruise
107.250000,0.001033,,0.241196,0.754369,-2.625192,1.835836,off,none,1.067674,0,0,0,cruise
107.300000,0.000744,,0.219024,0.722896,-2.613949,1.829014,off,none,1.076520,0,0,0,cruise
107.350000,0.000689,,0.251750,0.782484,-2.708291,1.819694,off,none,1.131574,0,0,0,cruise
107.400000,0.001089,,0.260874,0.816883,-2.667575,1.849323,off,none,1.076186,0,0,0,cruise
107.450000,0.001062,,0.269873,0.814833,-2.685077,1.854025,off,none,1.115394,0,0,0,cruise
107.500000,0.000920,,0.263923,0.788877,-2.701242,1.858475,off,none,1.114283,0,0,0,cruise
107.550000,0.001455,,0.261860,0.792446,-2.675697,1.869297,off,none,1.057879,0,0,0,cruise
107.600000,0.001739,,0.291272,0.831812,-2.668691,1.867699,off,none,1.112072,0,0,0,cruise
107.650000,0.001629,,0.334137,0.857150,-2.602087,1.877712,off,none,1.127670,0,0,0,cruise
107.700000,0.001687,,0.352688,0.855233,-2.590122,1.881354,off,none,1.166286,0,0,0,cruise
107.750000,0.001772,,0.358801,0.846056,-2.554828,1.899637,off,none,1.177825,0,0,0,cruise
107.800000,0.001697,,0.350541,0.841679,-2.563756,1.909708,off,none,1.162814,0,0,0,cruise
107.850000,0.001347,,0.344481,0.864888,-2.562413,1.932911,off,none,1.147348,0,0,0,cruise
107.900000,0.000997,,0.345187,0.841958,-2.526750,1.922733,off,none,1.172712,0,0,0,cruise
107.950000,0.000868,,0.353460,0.819152,-2.489505,1.879303,off,none,1.209806,0,0,0,cruise
108.000000,0.001258,,0.387656,0.844945,-2.476087,1.884904,off,none,1.154218,0,0,0,cruise
108.050000,0.000991,,0.453237,0.880184,-2.488195,1.914054,off,none,1.066621,0,0,0,cruise
108.100000,0.000536,,0.449803,0.892599,-2.506951,1.928562,off,none,1.091291,0,0,0,cruise
108.150000,0.000446,,0.480005,0.911070,-2.490563,1.916213,off,none,1.110859,0,0,0,cruise
108.200000,0.000369,,0.447057,0.902353,-2.475440,1.912507,off,none,1.059746,0,0,0,cruise
108.250000,0.001257,,0.412004,0.886416,-2.461778,1.914116,off,none,1.015650,0,0,0,cruise
108.300000,0.002375,,0.503451,0.920026,-2.459996,1.954871,off,none,1.092850,0,0,0,cruise
108.350000,0.002189,,0.562874,0.926228,-2.454902,1.968606,off,none,1.118887,0,0,0,cruise
108.400000,0.001813,,0.573951,0.917542,-2.426853,1.962040,off,none,1.147794,0,0,0,cruise
108.450000,0.002272,,0.542122,0.906145,-2.420795,1.948527,off,none,1.200602,0,0,0,cruise
108.500000,0.001616,,0.513718,0.897433,-2.460878,1.935029,off,none,1.152238,0,0,0,cruise
108.550000,0.001486,,0.587645,0.920670,-2.457665,1.917204,off,none,1.179236,0,0,0,cruise
108.600000,0.002189,,0.659026,0.933207,-2.381903,1.966114,off,none,1.222383,0,0,0,cruise
108.650000,0.001932,,0.608294,0.915646,-2.331639,1.985878,off,none,1.168102,0,0,0,cruise
108.700000,0.002176,,0.604132,0.911654,-2.290782,2.006200,off,none,1.060300,0,0,0,cruise
108.750000,0.002295,,0.612783,0.926402,-2.272123,2.016412,off,none,1.082930,0,0,0,cruise
108.800000,0.002577,,0.661461,0.945017,-2.277840,2.036708,off,none,1.112005,0,0,0,cruise
108.850000,0.002467,,0.690183,0.950248,-2.308259,2.031788,off,none,1.091215,0,0,0,cruise
108.900000,0.002682,,0.690554,0.940010,-2.307757,2.034892,off,none,1.094348,0,0,0,cruise
108.950000,0.002550,,0.718713,0.925615,-2.266993,2.013364,off,none,1.101825,0,0,0,cruise
109.000000,0.002335,,0.736373,0.930153,-2.305774,2.016430,off,none,1.116812,0,0,0,cruise
109.050000,0.002230,,0.732558,0.929418,-2.286085,2.028295,off,none,1.027052,0,0,0,cruise
109.100000,0.002045,,0.713377,0.934805,-2.318925,2.040858,off,none,1.002506,0,0,0,cruise
109.150000,0.002421,,0.696005,0.932438,-2.339046,2.051681,off,none,0.992419,0,0,0,cruise
109.200000,0.002613,,0.686639,0.926302,-2.329343,2.041361,off,none,1.100829,0,0,0,cruise
109.250000,0.002547,,0.661576,0.921667,-2.365706,2.046235,off,none,1.117447,0,0,0,cruise
109.300000,0.002423,,0.675019,0.911081,-2.371540,2.040212,off,none,1.107639,0,0,0,cruise
109.350000,0.001500,,0.721053,0.899744,-2.357955,2.046078,off,none,1.141164,0,0,0,cruise
109.400000,0.001563,,0.734267,0.904376,-2.317189,2.040095,off,none,1.171147,0,0,0,cruise
109.450000,0.001918,,0.713777,0.898746,-2.326881,2.030846,off,none,1.178818,0,0,0,cruise
109.500000,0.001815,,0.724272,0.890267,-2.333155,2.057280,off,none,1.147348,0,0,0,cruise
109.550000,0.002217,,0.771699,0.879679,-2.320238,2.065227,off,none,1.022523,0,0,0,cruise
109.600000,0.002275,,0.789674,0.895448,-2.311606,2.069870,off,none,1.032328,0,0,0,cruise
109.650000,0.002172,,0.778730,0.887238,-2.312064,2.088480,off,none,1.080998,0,0,0,cruise
109.700000,0.002332,,0.767463,0.878325,-2.345169,2.086387,off,none,1.095340,0,0,0,cruise
109.750000,0.002038,,0.812813,0.873526,-2.315524,2.083564,off,none,1.094946,0,0,0,cruise
109.800000,0.001457,,0.848230,0.868953,-2.287225,2.055523,off,none,1.102797,0,0,0,cruise
109.850000,0.002168,,0.877866,0.890459,-2.267244,2.061510,off,none,1.132992,0,0,0,cruise
109.900000,0.001935,,0.892068,0.898841,-2.291196,2.076791,off,none,1.027188,0,0,0,cruise
109.950000,0.002008,,0.852542,0.891001,-2.286842,2.072556,off,none,0.941666,0,0,0,cruise
110.000000,0.002014,,0.854010,0.879760,-2.272503,2.097390,off,none,0.998302,0,0,0,cruise
110.050000,0.001849,,0.856643,0.888140,-2.244009,2.116745,off,none,1.059215,0,0,0,cruise
110.100000,0.001331,,0.885016,0.911224,-2.263941,2.103041,off,none,1.062612,0,0,0,cruise
110.150000,0.001549,,0.909041,0.920540,-2.262203,2.103655,off,none,1.017138,0,0,0,cruise
110.200000,0.002254,,0.931671,0.928363,-2.224696,2.106538,off,none,1.014735,0,0,0,cruise
110.250000,0.002149,,0.941462,0.922989,-2.220456,2.102670,off,none,0.991883,0,0,0,cruise
110.300000,0.001395,,0.936951,0.903999,-2.228147,2.098929,off,none,0.926388,0,0,0,cruise
110.350000,0.000975,,0.930011,0.883996,-2.248435,2.077629,off,none,0.931230,0,0,0,cruise
110.400000,0.001087,,0.926910,0.916198,-2.251746,2.079871,off,none,0.918221,0,0,0,cruise
110.450000,0.001261,,0.931843,0.915386,-2.188298,2.103222,off,none,0.907505,0,0,0,cruise
110.500000,0.001610,,0.932484,0.905137,-2.139570,2.133095,off,none,0.895825,0,0,0,cruise
110.550000,0.001761,,0.923746,0.891482,-2.124340,2.131344,off,none,0.875289,0,0,0,cruise
110.600000,0.001598,,0.924036,0.897555,-2.107477,2.116136,off,none,0.872884,0,0,0,cruise
110.650000,0.001996,,0.923574,0.899570,-2.070292,2.129015,off,none,0.879867,0,0,0,cruise
110.700000,0.001666,,0.918188,0.894291,-2.047048,2.139861,off,none,0.906588,0,0,0,cruise
110.750000,0.001529,,0.926127,0.906006,-2.068536,2.113510,off,none,0.815839,0,0,0,cruise
110.800000,0.001606,,0.921581,0.923402,-2.042302,2.142287,off,none,0.848784,0,0,0,cruise
110.850000,0.001728,,0.927141,0.920385,-2.026338,2.145364,off,none,0.859199,0,0,0,cruise
110.900000,0.001833,,0.929226,0.919614,-2.057206,2.121374,off,none,0.859389,0,0,0,cruise
110.950000,0.001980,,0.915836,0.895913,-2.050128,2.109677,off,none,0.884935,0,0,0,cruise
111.000000,0.001131,,0.889949,0.856248,-2.005400,2.102215,off,none,0.936855,0,0,0,cruise
111.050000,0.000720,,0.889241,0.843475,-1.986922,2.066380,off,none,0.876154,0,0,0,cruise
111.100000,0.000786,,0.925159,0.884738,-1.999993,2.052348,off,none,0.798458,0,0,0,cruise
111.150000,0.000753,,0.896981,0.862928,-1.973837,2.065118,off,none,0.811570,0,0,0,cruise
111.200000,0.000869,,0.857722,0.840569,-1.946337,2.072096,off,none,0.840018,0,0,0,cruise
111.250000,0.000527,,0.862161,0.845829,-1.927121,2.067449,off,none,0.863997,0,0,0,cruise
111.300000,0.000411,,0.841093,0.853109,-1.899158,2.059997,off,none,0.811858,0,0,0,cruise
111.350000,0.000517,,0.872297,0.863343,-1.896832,2.041362,off,none,0.783513,0,0,0,cruise
111.400000,0.000875,,0.907304,0.884143,-1.906603,2.041769,off,none,0.797507,0,0,0,cruise
111.450000,0.001434,,0.923748,0.932092,-1.898180,2.074436,off,none,0.780617,0,0,0,cruise
111.500000,0.001313,,0.923449,0.924293,-1.861689,2.052825,off,none,0.680906,0,0,0,cruise
111.550000,0.001420,,0.917480,0.923670,-1.858716,2.056797,off,none,0.615688,0,0,0,cruise
111.600000,0.001725,,0.911681,0.930280,-1.850429,2.076726,off,none,0.650777,0,0,0,cruise
111.650000,0.001710,,0.888119,0.896906,-1.850085,2.100218,off,none,0.701707,0,0,0,cruise
111.700000,0.001782,,0.875471,0.877417,-1.830285,2.074569,off,none,0.726148,0,0,0,cruise
111.750000,0.001707,,0.860530,0.876634,-1.824293,2.029923,off,none,0.709324,0,0,0,cruise
111.800000,0.001507,,0.874429,0.890715,-1.849905,2.034619,off,none,0.815203,0,0,0,cruise
111.850000,0.001385,,0.883429,0.901168,-1.846666,2.038440,off,none,0.890914,0,0,0,cruise
111.900000,0.001539,,0.893321,0.900862,-1.862785,2.038313,off,none,0.957143,0,0,0,cruise
111.950000,0.001257,,0.915050,0.896236,-1.798665,1.999986,off,none,0.915407,0,0,0,cruise
112.000000,0.001164,,0.915577,0.890695,-1.759755,2.004298,off,none,0.909606,0,0,0,cruise
112.050000,0.001027,,0.920337,0.906077,-1.756815,2.025976,off,none,0.921545,0,0,0,cruise
112.100000,0.001289,,0.914015,0.905253,-1.757049,2.069909,off,none,0.907526,0,0,0,cruise
112.150000,0.001132,,0.901036,0.880310,-1.794698,2.099123,off,none,0.863864,0,0,0,cruise
112.200000,0.001023,,0.844551,0.823316,-1.782262,2.106246,off,none,0.894120,0,0,0,cruise
112.250000,0.001313,,0.779193,0.751511,-1.744727,2.108882,off,none,0.907682,0,0,0,cruise
112.300000,0.000773,,0.840023,0.778569,-1.737151,2.116445,off,none,0.901411,0,0,0,cruise
112.350000,0.000883,,0.876137,0.800446,-1.696716,2.067417,off,none,0.844383,0,0,0,cruise
112.400000,0.001493,,0.889939,0.842727,-1.654945,2.038298,off,none,0.819979,0,0,0,cruise
112.450000,0.001150,,0.867159,0.857389,-1.631036,2.006327,off,none,0.785387,0,0,0,cruise
112.500000,0.000775,,0.836261,0.856162,-1.631472,1.997145,off,none,0.779016,0,0,0,cruise
112.550000,0.000928,,0.831114,0.828970,-1.662150,2.023666,off,none,0.791617,0,0,0,cruise
112.600000,0.001137,,0.815524,0.816606,-1.679708,2.016511,off,none,0.858838,0,0,0,cruise
112.650000,0.001136,,0.820353,0.831989,-1.699716,1.998741,off,none,0.888804,0,0,0,cruise
112.700000,0.000897,,0.838531,0.854458,-1.658683,1.980352,off,none,0.888938,0,0,0,cruise
112.750000,0.000969,,0.814107,0.847262,-1.616645,1.950478,off,none,0.891646,0,0,0,cruise
112.800000,0.000783,,0.768317,0.824425,-1.608350,1.942072,off,none,0.915449,0,0,0,cruise
112.850000,0.000767,,0.783615,0.841118,-1.608037,1.933963,off,none,0.849946,0,0,0,cruise
112.900000,0.001014,,0.808418,0.879349,-1.601741,1.938479,off,none,0.807851,0,0,0,cruise
112.950000,0.000577,,0.844602,0.887163,-1.597519,1.941750,off,none,0.838645,0,0,0,cruise
113.000000,0.000497,,0.844294,0.882400,-1.602186,1.946809,off,none,0.935828,0,0,0,cruise
113.050000,0.000496,,0.855851,0.890089,-1.598025,1.933272,off,none,0.878222,0,0,0,cruise
113.100000,0.000575,,0.870343,0.882882,-1.597507,1.912764,off,none,0.855471,0,0,0,cruise
113.150000,0.000689,,0.846046,0.852429,-1.599491,1.913523,off,none,0.820804,0,0,0,cruise
113.200000,0.000867,,0.852886,0.887373,-1.606141,1.902176,off,none,0.863858,0,0,0,cruise
113.250000,0.000777,,0.835615,0.859033,-1.623477,1.898417,off,none,0.933948,0,0,0,cruise
113.300000,0.000967,,0.816848,0.841670,-1.626183,1.903922,off,none,0.888311,0,0,0,cruise
113.350000,0.001409,,0.834459,0.856601,-1.615188,1.884292,off,none,0.847705,0,0,0,cruise
113.400000,0.002111,,0.902611,0.881201,-1.625849,1.873957,off,none,0.817227,0,0,0,cruise
113.450000,0.001333,,0.912601,0.852397,-1.618718,1.846075,off,none,0.831982,0,0,0,cruise
113.500000,0.001209,,0.894681,0.841316,-1.633303,1.841728,off,none,0.791918,0,0,0,cruise
113.550000,0.001778,,0.903212,0.879067,-1.666852,1.797837,off,none,0.773771,0,0,0,cruise
113.600000,0.001869,,0.892201,0.867896,-1.705353,1.787313,off,none,0.824047,0,0,0,cruise
113.650000,0.002010,,0.887929,0.882791,-1.747873,1.769201,off,none,0.850747,0,0,0,cruise
113.700000,0.001940,,0.885993,0.873002,-1.761948,1.745190,off,none,0.847834,0,0,0,cruise
113.750000,0.001810,,0.870237,0.872851,-1.772559,1.712085,off,none,0.903764,0,0,0,cruise
113.800000,0.001873,,0.889498,0.890732,-1.763878,1.667783,off,none,0.981995,0,0,0,cruise
113.850000,0.001782,,0.872363,0.869396,-1.740266,1.652775,off,none,0.899686,0,0,0,cruise
113.900000,0.002068,,0.886073,0.880036,-1.741347,1.627547,off,none,0.801220,0,0,0,cruise
113.950000,0.002242,,0.903563,0.901539,-1.756591,1.627410,off,none,0.814877,0,0,0,cruise
114.000000,0.002554,,0.898703,0.922663,-1.761079,1.631176,off,none,0.862951,0,0,0,cruise
114.050000,0.002689,,0.893712,0.911315,-1.778231,1.616146,off,none,0.891300,0,0,0,cruise
114.100000,0.003010,,0.853664,0.882711,-1.775058,1.594057,off,none,0.864433,0,0,0,cruise
114.150000,0.003075,,0.856694,0.856949,-1.775371,1.567931,off,none,0.893849,0,0,0,cruise
114.200000,0.003020,,0.852856,0.859848,-1.760069,1.557420,off,none,0.910467,0,0,0,cruise
114.250000,0.003174,,0.801848,0.829541,-1.773594,1.559742,off,none,0.926851,0,0,0,cruise
114.300000,0.003051,,0.813315,0.838095,-1.799839,1.541866,off,none,0.874430,0,0,0,cruise
114.350000,0.002932,,0.858728,0.860515,-1.799228,1.541096,off,none,0.870696,0,0,0,cruise
114.400000,0.003254,,0.870131,0.886736,-1.806458,1.517513,off,none,0.854362,0,0,0,cruise
114.450000,0.003414,,0.862643,0.888589,-1.829364,1.500315,off,none,0.830293,0,0,0,cruise
114.500000,0.003276,,0.869934,0.897273,-1.829884,1.503626,off,none,0.826196,0,0,0,cruise
114.550000,0.003005,,0.914847,0.930736,-1.796899,1.492152,off,none,0.928408,0,0,0,cruise
114.600000,0.003242,,0.917330,0.929931,-1.781632,1.492131,off,none,0.932680,0,0,0,cruise
114.650000,0.003812,,0.927615,0.931816,-1.794443,1.469734,off,none,0.877978,0,0,0,cruise
114.700000,0.003276,,0.950088,0.930949,-1.788653,1.450959,off,none,0.833243,0,0,0,cruise
114.750000,0.003482,,0.951477,0.941030,-1.806080,1.444530,off,none,0.835427,0,0,0,cruise
114.800000,0.003673,,0.944037,0.939025,-1.811982,1.435606,off,none,0.857810,0,0,0,cruise
114.850000,0.003782,,0.926724,0.928734,-1.797224,1.435149,off,none,0.862640,0,0,0,cruise
114.900000,0.004141,,0.922178,0.927543,-1.783036,1.420437,off,none,0.822649,0,0,0,cruise
114.950000,0.004431,,0.914633,0.912352,-1.808308,1.402943,off,none,0.890892,0,0,0,cruise
115.000000,0.004633,,0.898826,0.886386,-1.820651,1.411253,off,none,0.928552,0,0,0,cruise
115.050000,0.004266,,0.903157,0.873966,-1.841274,1.424969,off,none,0.937311,0,0,0,cruise
115.100000,0.003600,,0.913474,0.879806,-1.862496,1.422303,off,none,0.965529,0,0,0,cruise
115.150000,0.003454,,0.909742,0.871416,-1.830684,1.440981,off,none,0.985539,0,0,0,cruise
115.200000,0.003604,,0.901311,0.855782,-1.831382,1.445927,off,none,0.880157,0,0,0,cruise
115.250000,0.003400,,0.911958,0.866390,-1.874390,1.436668,off,none,0.843954,0,0,0,cruise
115.300000,0.003490,,0.916275,0.872051,-1.893317,1.437453,off,none,0.867979,0,0,0,cruise
115.350000,0.004650,,0.908644,0.888333,-1.869071,1.446572,off,none,0.915519,0,0,0,cruise
115.400000,0.005100,,0.908722,0.904614,-1.833523,1.457220,off,none,0.917608,0,0,0,cruise
115.450000,0.005423,,0.889472,0.890705,-1.844471,1.461640,off,none,0.895929,0,0,0,cruise
115.500000,0.005333,,0.860885,0.860313,-1.884174,1.440249,off,none,0.847818,0,0,0,cruise
115.550000,0.004969,,0.893923,0.861416,-1.892513,1.426776,off,none,0.840037,0,0,0,cruise
115.600000,0.005763,,0.911535,0.867873,-1.882468,1.428829,off,none,0.834083,0,0,0,cruise
115.650000,0.005989,,0.901008,0.860905,-1.883638,1.434259,off,none,0.852539,0,0,0,cruise
115.700000,0.006012,,0.898793,0.868562,-1.881854,1.422281,off,none,0.919132,0,0,0,cruise
115.750000,0.006490,,0.905594,0.874733,-1.867871,1.412454,off,none,0.945101,0,0,0,cruise
115.800000,0.005838,,0.925184,0.883076,-1.839614,1.405908,off,none,0.899069,0,0,0,cruise
115.850000,0.005276,,0.927342,0.877632,-1.807670,1.422438,off,none,0.891378,0,0,0,cruise
115.900000,0.005061,,0.934218,0.884445,-1.809502,1.438124,off,none,0.899368,0,0,0,cruise
115.950000,0.005635,,0.934273,0.895812,-1.838301,1.435874,off,none,0.870170,0,0,0,cruise
116.000000,0.006306,,0.932570,0.898183,-1.880129,1.417252,off,none,0.880389,0,0,0,cruise
116.050000,0.006140,,0.930017,0.885890,-1.878513,1.422519,off,none,0.880986,0,0,0,cruise
116.100000,0.006468,,0.935651,0.889448,-1.832367,1.449370,off,none,0.926172,0,0,0,cruise
116.150000,0.007125,,0.938669,0.906634,-1.833298,1.463751,off,none,0.894559,0,0,0,cruise
116.200000,0.007316,,0.932698,0.899682,-1.841906,1.455422,off,none,0.857957,0,0,0,cruise
116.250000,0.007506,,0.934970,0.902908,-1.812767,1.456830,off,none,0.841785,0,0,0,cruise
116.300000,0.006663,,0.936386,0.892819,-1.801831,1.443591,off,none,0.836555,0,0,0,cruise
116.350000,0.006648,,0.937291,0.896873,-1.795793,1.443007,off,none,0.890110,0,0,0,cruise
116.400000,0.007279,,0.941310,0.903027,-1.789581,1.454141,off,none,0.885670,0,0,0,cruise
116.450000,0.007008,,0.939223,0.899588,-1.793850,1.454755,off,none,0.919573,0,0,0,cruise
116.500000,0.007068,,0.945772,0.908044,-1.785417,1.470582,off,none,0.926050,0,0,0,cruise
116.550000,0.007187,,0.947966,0.911583,-1.773284,1.481224,off,none,0.860255,0,0,0,cruise
116.600000,0.007283,,0.944802,0.904196,-1.766442,1.483572,off,none,0.878292,0,0,0,cruise
116.650000,0.007321,,0.948379,0.912979,-1.747090,1.503117,off,none,0.878612,0,0,0,cruise
116.700000,0.007109,,0.949919,0.903884,-1.732379,1.509924,off,none,0.904893,0,0,0,cruise
116.750000,0.007787,,0.948483,0.911456,-1.733923,1.505318,off,none,0.946765,0,0,0,cruise
116.800000,0.008689,,0.948864,0.925496,-1.737534,1.495087,off,none,0.859013,0,0,0,cruise
116.850000,0.008891,,0.947715,0.926778,-1.735792,1.507759,off,none,0.828868,0,0,0,cruise
116.900000,0.008724,,0.945356,0.930666,-1.718802,1.523498,off,none,0.889795,0,0,0,cruise
116.950000,0.008319,,0.948775,0.903356,-1.714184,1.516968,off,none,0.820040,0,0,0,cruise
117.000000,0.007354,,0.945639,0.852254,-1.716189,1.484366,off,none,0.915168,0,0,0,cruise
117.050000,0.007371,,0.942402,0.868534,-1.740844,1.462918,off,none,0.973499,0,0,0,cruise
117.100000,0.007419,,0.935259,0.876439,-1.708801,1.479335,off,none,0.908390,0,0,0,cruise
117.150000,0.007919,,0.938927,0.900951,-1.670136,1.514917,off,none,0.844769,0,0,0,cruise
117.200000,0.008550,,0.930803,0.897010,-1.676130,1.536090,off,none,0.862121,0,0,0,cruise
117.250000,0.008195,,0.934936,0.903494,-1.652650,1.530003,off,none,0.857296,0,0,0,cruise
117.300000,0.007992,,0.940682,0.924258,-1.651250,1.532689,off,none,0.885905,0,0,0,cruise
117.350000,0.007914,,0.940960,0.916284,-1.667651,1.552476,off,none,0.938245,0,0,0,cruise
117.400000,0.008132,,0.942966,0.913260,-1.664245,1.560779,off,none,0.935053,0,0,0,cruise
117.450000,0.008659,,0.946804,0.931514,-1.695070,1.560465,off,none,0.940292,0,0,0,cruise
117.500000,0.008688,,0.945696,0.946246,-1.709508,1.567230,off,none,0.902268,0,0,0,cruise
117.550000,0.008211,,0.943130,0.940971,-1.705515,1.573528,off,none,0.916753,0,0,0,cruise
117.600000,0.007637,,0.936506,0.930919,-1.712453,1.565997,off,none,0.987163,0,0,0,cruise
117.650000,0.008065,,0.939705,0.931626,-1.695193,1.572384,off,none,0.999702,0,0,0,cruise
117.700000,0.007867,,0.949675,0.944549,-1.713226,1.569895,off,none,0.994050,0,0,0,cruise
117.750000,0.007354,,0.951592,0.944782,-1.671105,1.586410,off,none,0.920490,0,0,0,cruise
117.800000,0.007280,,0.952219,0.951203,-1.686523,1.577201,off,none,0.948239,0,0,0,cruise
117.850000,0.007042,,0.945831,0.946302,-1.720818,1.549269,off,none,0.925066,0,0,0,cruise
117.900000,0.007997,,0.945765,0.962937,-1.717447,1.549316,off,none,0.899921,0,0,0,cruise
117.950000,0.008115,,0.943519,0.963433,-1.724420,1.561658,off,none,0.804686,0,0,0,cruise
118.000000,0.007649,,0.945246,0.959837,-1.739548,1.561945,off,none,0.890902,0,0,0,cruise
118.050000,0.007736,,0.954269,0.966568,-1.749372,1.559572,off,none,0.828556,0,0,0,cruise
118.100000,0.007704,,0.953569,0.965477,-1.754683,1.569209,off,none,0.882221,0,0,0,cruise
118.150000,0.007729,,0.963875,0.973105,-1.748296,1.557801,off,none,0.954048,0,0,0,cruise
118.200000,0.007425,,0.961377,0.972616,-1.771493,1.512860,off,none,0.922151,0,0,0,cruise
118.250000,0.007022,,0.946141,0.968298,-1.767577,1.502987,off,none,0.892902,0,0,0,cruise
118.300000,0.006628,,0.935786,0.965288,-1.780101,1.504007,off,none,0.925119,0,0,0,cruise
118.350000,0.006168,,0.948073,0.966475,-1.802436,1.490667,off,none,0.962508,0,0,0,cruise
118.400000,0.006451,,0.940760,0.969135,-1.827508,1.501316,off,none,0.999219,0,0,0,cruise
118.450000,0.006380,,0.932495,0.970349,-1.829394,1.498460,off,none,1.030650,0,0,0,cruise
118.500000,0.005547,,0.947978,0.970536,-1.824696,1.489453,off,none,0.943054,0,0,0,cruise
118.550000,0.005477,,0.951101,0.967946,-1.870819,1.452013,off,none,0.949349,0,0,0,cruise
118.600000,0.005715,,0.946208,0.964934,-1.921985,1.429374,off,none,0.897438,0,0,0,cruise
118.650000,0.005664,,0.952594,0.972385,-1.935913,1.417400,off,none,0.913326,0,0,0,cruise
118.700000,0.005287,,0.949451,0.972773,-1.953369,1.408962,off,none,0.903689,0,0,0,cruise
118.750000,0.004960,,0.941301,0.969857,-1.971914,1.395375,off,none,0.913213,0,0,0,cruise
118.800000,0.005098,,0.932271,0.966916,-2.019762,1.363135,off,none,0.862744,0,0,0,cruise
118.850000,0.004956,,0.954054,0.972849,-1.988416,1.365637,off,none,0.907007,0,0,0,cruise
118.900000,0.004600,,0.965552,0.977898,-1.959787,1.362662,off,none,0.921441,0,0,0,cruise
118.950000,0.004345,,0.964214,0.975000,-1.970812,1.367813,off,none,0.906972,0,0,0,cruise
119.000000,0.004267,,0.945085,0.972460,-1.996636,1.357244,off,none,0.875485,0,0,0,cruise
119.050000,0.003812,,0.935575,0.970177,-1.999783,1.366043,off,none,0.909535,0,0,0,cruise
119.100000,0.003375,,0.954422,0.972292,-1.995801,1.368461,off,none,0.906786,0,0,0,cruise
119.150000,0.003259,,0.956988,0.973498,-1.977973,1.382130,off,none,0.882590,0,0,0,cruise
119.200000,0.003219,,0.952612,0.971323,-1.977939,1.354096,off,none,0.883035,0,0,0,cruise
119.250000,0.002949,,0.940307,0.971338,-1.994315,1.327645,off,none,0.909255,0,0,0,cruise
119.300000,0.002864,,0.912656,0.970140,-2.011658,1.320124,off,none,0.907487,0,0,0,cruise
119.350000,0.002757,,0.913151,0.968208,-2.030072,1.304047,off,none,0.891914,0,0,0,cruise
119.400000,0.002341,,0.943582,0.968683,-2.007295,1.307240,off,none,0.872994,0,0,0,cruise
119.450000,0.001703,,0.971288,0.974711,-1.978932,1.318977,off,none,0.928816,0,0,0,cruise
119.500000,0.001446,,0.973147,0.977029,-1.950921,1.310014,off,none,0.915764,0,0,0,cruise
119.550000,0.001202,,0.971722,0.973873,-1.951654,1.303490,off,none,0.846392,0,0,0,cruise
119.600000,0.000968,,0.974184,0.974461,-1.979602,1.292838,off,none,0.862693,0,0,0,cruise
119.650000,0.001163,,0.973976,0.976709,-1.994386,1.272115,off,none,0.812974,0,0,0,cruise
119.700000,0.001147,,0.975324,0.977885,-2.003456,1.263422,off,none,0.788618,0,0,0,cruise
119.750000,0.000970,,0.972999,0.973888,-2.021776,1.267087,off,none,0.794700,0,0,0,cruise
119.800000,0.000656,,0.968724,0.967651,-2.001988,1.274418,off,none,0.888531,0,0,0,cruise
119.850000,0.000455,,0.971639,0.970400,-2.003505,1.285530,off,none,0.940510,0,0,0,cruise
119.900000,0.000629,,0.969911,0.967977,-2.019686,1.285427,off,none,0.948659,0,0,0,cruise
119.950000,0.000562,,0.968095,0.965105,-1.999203,1.263284,off,none,0.948560,0,0,0,cruise
120.000000,0.000341,,0.970664,0.969274,-1.964682,1.271596,off,none,0.914575,0,0,0,cruise
120.050000,0.000375,,0.969610,0.972505,-1.984419,1.292110,off,none,0.839801,0,0,0,cruise
120.100000,0.000466,,0.964208,0.971783,-2.021397,1.293474,off,none,0.782258,0,0,0,cruise
120.150000,0.000472,,0.971401,0.975648,-2.019063,1.306381,off,none,0.825082,0,0,0,cruise
120.200000,0.000473,,0.971434,0.975054,-2.011982,1.315369,off,none,0.861926,0,0,0,cruise
120.250000,0.000458,,0.977245,0.979734,-2.004783,1.319437,off,none,0.873456,0,0,0,cruise
120.300000,0.000149,,0.976391,0.977772,-2.001623,1.310666,off,none,0.869485,0,0,0,cruise
120.350000,-0.000229,,0.974549,0.974708,-2.023859,1.315377,off,none,0.870407,0,0,0,cruise
120.400000,-0.000307,,0.975083,0.972911,-2.016046,1.319032,off,none,0.848801,0,0,0,cruise
120.450000,-0.000283,,0.975985,0.974567,-2.005886,1.316084,off,none,0.802317,0,0,0,cruise
120.500000,-0.000361,,0.972238,0.968638,-2.009885,1.312929,off,none,0.787114,0,0,0,cruise
120.550000,-0.000180,,0.969141,0.965983,-1.998599,1.311412,off,none,0.749304,0,0,0,cruise
120.600000,0.000095,,0.973627,0.972065,-2.020644,1.315630,off,none,0.727970,0,0,0,cruise
120.650000,-0.000108,,0.975231,0.971297,-2.032833,1.315577,off,none,0.745201,0,0,0,cruise
120.700000,-0.000394,,0.975272,0.968925,-2.039549,1.311007,off,none,0.777662,0,0,0,cruise
120.750000,0.000032,,0.976264,0.972062,-2.057910,1.300273,off,none,0.711275,0,0,0,cruise
120.800000,0.000133,,0.975567,0.968849,-2.054357,1.299825,off,none,0.674209,0,0,0,cruise
120.850000,-0.000285,,0.973380,0.959086,-2.053794,1.306573,off,none,0.737762,0,0,0,cruise
120.900000,-0.000174,,0.973312,0.957705,-2.052000,1.304643,off,none,0.756025,0,0,0,cruise
120.950000,0.000172,,0.975297,0.968243,-2.019173,1.306726,off,none,0.751662,0,0,0,cruise
121.000000,-0.000055,,0.975931,0.965567,-2.013109,1.315075,off,none,0.755006,0,0,0,cruise
121.050000,-0.000507,,0.976090,0.956284,-2.011858,1.315979,off,none,0.798237,0,0,0,cruise
121.100000,-0.000215,,0.976277,0.961241,-2.000705,1.325195,off,none,0.819088,0,0,0,cruise
121.150000,0.000338,,0.978023,0.971367,-1.986464,1.350187,off,none,0.808991,0,0,0,cruise
121.200000,0.000398,,0.977224,0.969996,-1.964474,1.354114,off,none,0.801858,0,0,0,cruise
121.250000,0.000026,,0.977043,0.968178,-1.958851,1.358459,off,none,0.819171,0,0,0,cruise
121.300000,-0.000087,,0.979261,0.970147,-1.970685,1.354932,off,none,0.788692,0,0,0,cruise
121.350000,-0.000189,,0.979519,0.969328,-1.989792,1.347216,off,none,0.760601,0,0,0,cruise
121.400000,-0.000201,,0.978984,0.966976,-1.986733,1.350180,off,none,0.798346,0,0,0,cruise
121.450000,0.000098,,0.979114,0.972204,-1.968072,1.356358,off,none,0.793442,0,0,0,cruise
121.500000,0.000026,,0.978054,0.966264,-1.980538,1.345784,off,none,0.771405,0,0,0,cruise
121.550000,-0.000164,,0.976879,0.960325,-1.983318,1.348957,off,none,0.754169,0,0,0,cruise
121.600000,-0.000475,,0.975181,0.954535,-1.967314,1.366723,off,none,0.821244,0,0,0,cruise
121.650000,-0.000147,,0.975677,0.961784,-1.957869,1.364040,off,none,0.833973,0,0,0,cruise
121.700000,0.000321,,0.975850,0.965331,-1.944266,1.361842,off,none,0.837517,0,0,0,cruise
121.750000,0.000328,,0.975957,0.964397,-1.945383,1.360629,off,none,0.820789,0,0,0,cruise
121.800000,-0.000199,,0.974140,0.953104,-1.956431,1.362128,off,none,0.833392,0,0,0,cruise
121.850000,-0.000117,,0.975934,0.955809,-1.952344,1.361018,off,none,0.821912,0,0,0,cruise
121.900000,0.000130,,0.978346,0.963626,-1.952938,1.365676,off,none,0.806178,0,0,0,cruise
121.950000,0.000022,,0.977142,0.954380,-1.959702,1.368240,off,none,0.860265,0,0,0,cruise
122.000000,0.000042,,0.977540,0.954166,-1.961773,1.369345,off,none,0.872116,0,0,0,cruise
122.050000,0.000108,,0.976232,0.953753,-1.960228,1.366940,off,none,0.908659,0,0,0,cruise
122.100000,0.000185,,0.976405,0.958679,-1.940022,1.364470,off,none,0.877233,0,0,0,cruise
122.150000,0.000092,,0.978169,0.957564,-1.941255,1.371969,off,none,0.910999,0,0,0,cruise
122.200000,0.000199,,0.980108,0.958840,-1.940004,1.387427,off,none,0.904664,0,0,0,cruise
122.250000,0.000182,,0.979805,0.955929,-1.935884,1.397369,off,none,0.864008,0,0,0,cruise
122.300000,-0.000216,,0.977643,0.949277,-1.956648,1.391664,off,none,0.847767,0,0,0,cruise
122.350000,-0.000438,,0.976549,0.946427,-1.971865,1.396595,off,none,0.852146,0,0,0,cruise
122.400000,-0.000027,,0.977078,0.958561,-1.949066,1.408670,off,none,0.887106,0,0,0,cruise
122.450000,-0.000054,,0.975901,0.955120,-1.933060,1.413510,off,none,0.875115,0,0,0,cruise
122.500000,-0.000161,,0.972920,0.949596,-1.910692,1.413884,off,none,0.892313,0,0,0,cruise
122.550000,-0.000087,,0.974904,0.947084,-1.876583,1.406763,off,none,0.888602,0,0,0,cruise
122.600000,0.000102,,0.974055,0.943856,-1.852505,1.414421,off,none,0.902067,0,0,0,cruise
122.650000,0.000019,,0.975978,0.943605,-1.851225,1.430305,off,none,0.855138,0,0,0,cruise
122.700000,-0.000222,,0.976353,0.946283,-1.844878,1.432598,off,none,0.862205,0,0,0,cruise
122.750000,-0.000178,,0.972473,0.940247,-1.842158,1.426196,off,none,0.892731,0,0,0,cruise
122.800000,-0.000316,,0.968208,0.940229,-1.839859,1.428801,off,none,0.884083,0,0,0,cruise
122.850000,-0.000349,,0.963029,0.938892,-1.837822,1.442451,off,none,0.855801,0,0,0,cruise
122.900000,-0.000287,,0.966868,0.936605,-1.822039,1.449067,off,none,0.849623,0,0,0,cruise
122.950000,-0.000403,,0.972882,0.942698,-1.830100,1.452611,off,none,0.900734,0,0,0,cruise
123.000000,-0.000567,,0.975042,0.945349,-1.843658,1.441291,off,none,0.864486,0,0,0,cruise
123.050000,-0.000555,,0.972819,0.942493,-1.837259,1.439853,off,none,0.926130,0,0,0,cruise
123.100000,-0.000654,,0.973485,0.949332,-1.818170,1.444799,off,none,0.908605,0,0,0,cruise
123.150000,-0.000473,,0.973448,0.955510,-1.814707,1.441651,off,none,0.896534,0,0,0,cruise
123.200000,-0.000595,,0.973004,0.948534,-1.813016,1.445867,off,none,0.902432,0,0,0,cruise
123.250000,-0.000793,,0.972058,0.944437,-1.816788,1.457490,off,none,0.931053,0,0,0,cruise
123.300000,-0.000595,,0.970228,0.945960,-1.799821,1.462952,off,none,0.919923,0,0,0,cruise
123.350000,-0.000550,,0.971817,0.941376,-1.796644,1.458632,off,none,0.890255,0,0,0,cruise
123.400000,-0.000673,,0.971337,0.941607,-1.787526,1.474441,off,none,0.929576,0,0,0,cruise
123.450000,-0.000864,,0.973735,0.943553,-1.803016,1.487677,off,none,0.900972,0,0,0,cruise
123.500000,-0.001132,,0.975857,0.947788,-1.794207,1.490240,off,none,0.880260,0,0,0,cruise
123.550000,-0.001407,,0.972604,0.941958,-1.781020,1.503665,off,none,0.876238,0,0,0,cruise
123.600000,-0.001542,,0.970958,0.936954,-1.785010,1.507843,off,none,0.875716,0,0,0,cruise
123.650000,-0.001510,,0.973653,0.944952,-1.786341,1.498051,off,none,0.816266,0,0,0,cruise
123.700000,-0.001605,,0.972645,0.939618,-1.782447,1.503115,off,none,0.853713,0,0,0,cruise
123.750000,-0.001799,,0.970864,0.938732,-1.778440,1.525889,off,none,0.879531,0,0,0,cruise
123.800000,-0.001779,,0.969375,0.935849,-1.770732,1.550053,off,none,0.881149,0,0,0,cruise
123.850000,-0.001967,,0.972300,0.946180,-1.764051,1.564428,off,none,0.781355,0,0,0,cruise
123.900000,-0.002273,,0.972808,0.947748,-1.765058,1.574357,off,none,0.733319,0,0,0,cruise
123.950000,-0.002807,,0.974661,0.953499,-1.767243,1.581023,off,none,0.713011,0,0,0,cruise
124.000000,-0.003163,,0.976769,0.960255,-1.769236,1.592456,off,none,0.716709,0,0,0,cruise
124.050000,-0.003048,,0.976533,0.958517,-1.769890,1.585804,off,none,0.731194,0,0,0,cruise
124.100000,-0.002921,,0.973045,0.950196,-1.761706,1.581874,off,none,0.745829,0,0,0,cruise
124.150000,-0.002929,,0.969435,0.943159,-1.764896,1.587145,off,none,0.805001,0,0,0,cruise
124.200000,-0.003042,,0.969734,0.936234,-1.760946,1.593465,off,none,0.764080,0,0,0,cruise
124.250000,-0.003226,,0.971504,0.931348,-1.743475,1.608009,off,none,0.669390,0,0,0,cruise
124.300000,-0.003322,,0.970148,0.929398,-1.736463,1.623774,off,none,0.645447,0,0,0,cruise
124.350000,-0.003378,,0.970992,0.935902,-1.728149,1.652346,off,none,0.711437,0,0,0,cruise
124.400000,-0.003810,,0.974210,0.937786,-1.719345,1.656496,off,none,0.746132,0,0,0,cruise
124.450000,-0.004551,,0.974613,0.938280,-1.732253,1.652151,off,none,0.708045,0,0,0,cruise
124.500000,-0.004453,,0.974974,0.943701,-1.731232,1.663908,off,none,0.689773,0,0,0,cruise
124.550000,-0.004476,,0.977287,0.948060,-1.716687,1.663720,off,none,0.710136,0,0,0,cruise
124.600000,-0.004828,,0.977559,0.943590,-1.721986,1.661572,off,none,0.671196,0,0,0,cruise
124.650000,-0.005470,,0.976097,0.928837,-1.720506,1.664522,off,none,0.696104,0,0,0,cruise
124.700000,-0.005593,,0.973755,0.926564,-1.730942,1.679826,off,none,0.737610,0,0,0,cruise
124.750000,-0.005340,,0.973755,0.921317,-1.727934,1.675258,off,none,0.716406,0,0,0,cruise
124.800000,-0.005406,,0.975692,0.917322,-1.710217,1.675004,off,none,0.672900,0,0,0,cruise
124.850000,-0.005952,,0.975860,0.906001,-1.729196,1.664090,off,none,0.669870,0,0,0,cruise
124.900000,-0.005993,,0.976925,0.908296,-1.732081,1.658075,off,none,0.671085,0,0,0,cruise
124.950000,-0.006005,,0.977253,0.923774,-1.742870,1.651223,off,none,0.645229,0,0,0,cruise
125.000000,-0.006642,,0.976371,0.920370,-1.757050,1.652960,off,none,0.624202,0,0,0,cruise
125.050000,-0.006852,,0.976094,0.920270,-1.770161,1.649173,off,none,0.684034,0,0,0,cruise
125.100000,-0.006698,,0.977184,0.931314,-1.766663,1.633684,off,none,0.684059,0,0,0,cruise
125.150000,-0.006536,,0.977840,0.932172,-1.756829,1.617147,off,none,0.708320,0,0,0,cruise
125.200000,-0.006491,,0.974706,0.917845,-1.760439,1.610563,off,none,0.741550,0,0,0,cruise
125.250000,-0.006711,,0.975949,0.915175,-1.735715,1.618623,off,none,0.767585,0,0,0,cruise
125.300000,-0.006604,,0.973905,0.909924,-1.707330,1.632446,off,none,0.795763,0,0,0,cruise
125.350000,-0.006525,,0.973372,0.919649,-1.696971,1.628054,off,none,0.794998,0,0,0,cruise
125.400000,-0.006876,,0.976104,0.930080,-1.721184,1.628574,off,none,0.818942,0,0,0,cruise
125.450000,-0.006899,,0.978574,0.941539,-1.710883,1.639663,off,none,0.798383,0,0,0,cruise
125.500000,-0.006455,,0.976247,0.938287,-1.697198,1.635160,off,none,0.818021,0,0,0,cruise
125.550000,-0.006587,,0.974478,0.928454,-1.699100,1.641881,off,none,0.853730,0,0,0,cruise
125.600000,-0.006555,,0.973291,0.923698,-1.698221,1.642538,off,none,0.859166,0,0,0,cruise
125.650000,-0.006535,,0.973016,0.920894,-1.710697,1.632758,off,none,0.816402,0,0,0,cruise
125.700000,-0.006543,,0.971814,0.928689,-1.746593,1.629220,off,none,0.796981,0,0,0,cruise
125.750000,-0.006672,,0.968206,0.926069,-1.747295,1.637042,off,none,0.865221,0,0,0,cruise
125.800000,-0.006857,,0.973234,0.939120,-1.740679,1.650942,off,none,0.823474,0,0,0,cruise
125.850000,-0.006988,,0.971821,0.928839,-1.730572,1.660418,off,none,0.812236,0,0,0,cruise
125.900000,-0.007037,,0.967877,0.911452,-1.734391,1.650852,off,none,0.862612,0,0,0,cruise
125.950000,-0.007192,,0.965177,0.908895,-1.731458,1.657333,off,none,0.886221,0,0,0,cruise
126.000000,-0.007316,,0.964622,0.917010,-1.724109,1.668192,off,none,0.829369,0,0,0,cruise
126.050000,-0.007550,,0.965487,0.912516,-1.723169,1.666971,off,none,0.827211,0,0,0,cruise
126.100000,-0.007395,,0.965879,0.904557,-1.710077,1.658719,off,none,0.860435,0,0,0,cruise
126.150000,-0.007146,,0.965394,0.872525,-1.687928,1.627760,off,none,0.896484,0,0,0,cruise
126.200000,-0.007184,,0.967036,0.860779,-1.700116,1.625650,off,none,0.901924,0,0,0,cruise
126.250000,-0.007334,,0.965958,0.847310,-1.684787,1.627653,off,none,0.855222,0,0,0,cruise
126.300000,-0.007594,,0.968395,0.870536,-1.711482,1.655636,off,none,0.900961,0,0,0,cruise
126.350000,-0.007787,,0.973304,0.874722,-1.743147,1.668543,off,none,0.940150,0,0,0,cruise
126.400000,-0.007665,,0.973959,0.863674,-1.736976,1.667997,off,none,0.912278,0,0,0,cruise
126.450000,-0.007591,,0.972526,0.840019,-1.752992,1.661813,off,none,0.873372,0,0,0,cruise
126.500000,-0.007230,,0.968850,0.846928,-1.747200,1.655148,off,none,0.876537,0,0,0,cruise
126.550000,-0.007211,,0.965978,0.842304,-1.735537,1.665474,off,none,0.906923,0,0,0,cruise
126.600000,-0.007741,,0.962517,0.809764,-1.739350,1.666198,off,none,0.848292,0,0,0,cruise
126.650000,-0.007740,,0.961929,0.768409,-1.740563,1.662568,off,none,0.833788,0,0,0,cruise
126.700000,-0.007505,,0.961131,0.760599,-1.746018,1.668420,off,none,0.843075,0,0,0,cruise
126.750000,-0.007564,,0.959673,0.750517,-1.748628,1.659216,off,none,0.867516,0,0,0,cruise
126.800000,-0.007685,,0.960996,0.740517,-1.758973,1.654348,off,none,0.836973,0,0,0,cruise
126.850000,-0.007765,,0.962143,0.741979,-1.747402,1.663198,off,none,0.867403,0,0,0,cruise
126.900000,-0.007685,,0.959219,0.750335,-1.754739,1.669771,off,none,0.900754,0,0,0,cruise
126.950000,-0.007497,,0.958149,0.728175,-1.757991,1.664330,off,none,0.883185,0,0,0,cruise
127.000000,-0.007836,,0.955359,0.703092,-1.746170,1.664976,off,none,0.843109,0,0,0,cruise
127.050000,-0.007818,,0.954988,0.711276,-1.762971,1.667733,off,none,0.849588,0,0,0,cruise
127.100000,-0.007621,,0.956102,0.723388,-1.755414,1.677220,off,none,0.897512,0,0,0,cruise
127.150000,-0.007770,,0.958309,0.745539,-1.751368,1.687611,off,none,0.881719,0,0,0,cruise
127.200000,-0.007610,,0.957123,0.723033,-1.760215,1.688528,off,none,0.885721,0,0,0,cruise
127.250000,-0.007375,,0.952010,0.745600,-1.752340,1.690569,off,none,0.906451,0,0,0,cruise
127.300000,-0.007325,,0.950515,0.747057,-1.747991,1.679713,off,none,0.861015,0,0,0,cruise
127.350000,-0.007377,,0.947202,0.754565,-1.740017,1.689346,off,none,0.847512,0,0,0,cruise
127.400000,-0.007482,,0.939384,0.749191,-1.742296,1.678104,off,none,0.859339,0,0,0,cruise
127.450000,-0.007344,,0.941299,0.714800,-1.750407,1.660659,off,none,0.888834,0,0,0,cruise
127.500000,-0.007462,,0.949908,0.729240,-1.754681,1.670598,off,none,0.867990,0,0,0,cruise
127.550000,-0.007380,,0.946542,0.775134,-1.754550,1.651520,off,none,0.858058,0,0,0,cruise
127.600000,-0.007215,,0.948297,0.801308,-1.758999,1.647639,off,none,0.871906,0,0,0,cruise
127.650000,-0.006943,,0.947210,0.773014,-1.771438,1.647230,off,none,0.873978,0,0,0,cruise
127.700000,-0.006543,,0.946667,0.821097,-1.761305,1.646660,off,none,0.835912,0,0,0,cruise
127.750000,-0.006747,,0.948430,0.848429,-1.770180,1.636379,off,none,0.852296,0,0,0,cruise
127.800000,-0.007146,,0.948886,0.847037,-1.780284,1.630957,off,none,0.909742,0,0,0,cruise
127.850000,-0.006617,,0.950123,0.855319,-1.784672,1.636094,off,none,0.898905,0,0,0,cruise
127.900000,-0.006286,,0.945986,0.869745,-1.771678,1.644281,off,none,0.884330,0,0,0,cruise
127.950000,-0.006150,,0.945596,0.851514,-1.738642,1.638722,off,none,0.887674,0,0,0,cruise
128.000000,-0.006611,,0.947811,0.864828,-1.718361,1.663393,off,none,0.891804,0,0,0,cruise
128.050000,-0.006848,,0.950050,0.857188,-1.720994,1.674441,off,none,0.854180,0,0,0,cruise
128.100000,-0.006527,,0.952769,0.888413,-1.725728,1.660506,off,none,0.888217,0,0,0,cruise
128.150000,-0.006575,,0.960807,0.888974,-1.748976,1.658683,off,none,0.921721,0,0,0,cruise
128.200000,-0.006659,,0.963501,0.882383,-1.763935,1.674196,off,none,0.898760,0,0,0,cruise
128.250000,-0.006725,,0.964326,0.870847,-1.756302,1.683414,off,none,0.875015,0,0,0,cruise
128.300000,-0.006366,,0.964847,0.884701,-1.749978,1.668424,off,none,0.905868,0,0,0,cruise
128.350000,-0.006794,,0.966037,0.851703,-1.712492,1.680652,off,none,0.899169,0,0,0,cruise
128.400000,-0.006676,,0.963564,0.825457,-1.689532,1.700860,off,none,0.885364,0,0,0,cruise
128.450000,-0.006279,,0.961073,0.847432,-1.692805,1.694000,off,none,0.895958,0,0,0,cruise
128.500000,-0.006245,,0.962131,0.860939,-1.702992,1.669248,off,none,0.928834,0,0,0,cruise
128.550000,-0.006599,,0.963845,0.861674,-1.722347,1.650269,off,none,0.919190,0,0,0,cruise
128.600000,-0.006690,,0.967450,0.860613,-1.719792,1.647244,off,none,0.896372,0,0,0,cruise
128.650000,-0.006834,,0.969549,0.858574,-1.698911,1.680212,off,none,0.931765,0,0,0,cruise
128.700000,-0.006893,,0.975505,0.880710,-1.687868,1.699508,off,none,0.920937,0,0,0,cruise
128.750000,-0.006755,,0.978471,0.900629,-1.660896,1.712674,off,none,0.905463,0,0,0,cruise
128.800000,-0.006479,,0.976514,0.898068,-1.634835,1.721695,off,none,0.887653,0,0,0,cruise
128.850000,-0.006343,,0.976766,0.893512,-1.593819,1.750456,off,none,0.917546,0,0,0,cruise
128.900000,-0.006903,,0.979681,0.901093,-1.589711,1.759666,off,none,0.903859,0,0,0,cruise
128.950000,-0.006814,,0.979933,0.910862,-1.588156,1.757830,off,none,0.845767,0,0,0,cruise
129.000000,-0.006653,,0.980156,0.918489,-1.588214,1.748422,off,none,0.801437,0,0,0,cruise
129.050000,-0.006207,,0.978652,0.903695,-1.585209,1.731421,off,none,0.757922,0,0,0,cruise
129.100000,-0.006349,,0.976362,0.898241,-1.560148,1.738498,off,none,0.707058,0,0,0,cruise
129.150000,-0.006670,,0.977951,0.892248,-1.541156,1.744437,off,none,0.657815,0,0,0,cruise
129.200000,-0.006489,,0.979957,0.924524,-1.532574,1.759800,off,none,0.606943,0,0,0,cruise
129.250000,-0.006347,,0.980653,0.932781,-1.524263,1.772552,off,none,0.558014,0,0,0,cruise
129.300000,-0.006382,,0.981712,0.935051,-1.523625,1.780867,off,none,0.507474,0,0,0,cruise
129.350000,-0.006187,,0.980965,0.934514,-1.509540,1.782932,off,none,0.457816,0,0,0,cruise
129.400000,-0.006562,,0.982860,0.929061,-1.516513,1.773299,off,none,0.406530,0,0,0,cruise
129.450000,-0.006792,,0.980331,0.910664,-1.505316,1.773988,off,none,0.356504,0,0,0,cruise
129.500000,-0.006513,,0.976621,0.900807,-1.486999,1.779079,off,none,0.307275,0,0,0,cruise
129.550000,-0.006179,,0.977071,0.911144,-1.476732,1.780913,off,none,0.257737,0,0,0,cruise
129.600000,-0.005893,,0.979253,0.929395,-1.502927,1.778416,off,none,0.206798,0,0,0,cruise
129.650000,-0.006284,,0.980784,0.932082,-1.513792,1.784818,off,none,0.157663,0,0,0,cruise
129.700000,-0.006262,,0.980785,0.919975,-1.486449,1.807710,off,none,0.108600,0,0,0,cruise
129.750000,-0.006122,,0.981023,0.909713,-1.464687,1.822406,off,none,0.056945,0,0,0,cruise
129.800000,-0.006037,,0.982249,0.920586,-1.470169,1.827980,off,none,0.006558,0,0,0,cruise
129.850000,-0.006153,,0.980071,0.914997,-1.469546,1.846341,off,none,-0.043687,0,0,0,cruise
129.900000,-0.006244,,0.981223,0.920777,-1.473956,1.848538,off,none,-0.092825,0,0,0,cruise
129.950000,-0.006009,,0.982666,0.933791,-1.453343,1.850325,off,none,-0.141474,0,0,0,cruise
130.000000,-0.005945,,0.981639,0.926734,-1.412838,1.869315,off,none,-0.193127,0,0,0,cruise
130.050000,-0.006040,,0.981143,0.925081,-1.414099,1.887365,off,none,-0.242996,0,0,0,cruise
130.100000,-0.006009,,0.982026,0.932096,-1.442153,1.877186,off,none,-0.291556,0,0,0,cruise
130.150000,-0.006212,,0.981388,0.923096,-1.470733,1.871383,off,none,-0.333201,0,0,0,cruise
130.200000,-0.006032,,0.982125,0.923890,-1.451094,1.882430,off,none,-0.339654,0,0,0,cruise
130.250000,-0.005868,,0.980542,0.921138,-1.443468,1.890598,off,none,-0.342321,0,0,0,cruise
130.300000,-0.006042,,0.981561,0.922237,-1.447228,1.893551,off,none,-0.343953,0,0,0,cruise
130.350000,-0.006077,,0.981993,0.937623,-1.458213,1.879418,off,none,-0.343276,0,0,0,cruise
130.400000,-0.006232,,0.982942,0.934341,-1.471856,1.871793,off,none,-0.340829,0,0,0,cruise
130.450000,-0.006387,,0.984277,0.930372,-1.471100,1.866777,off,none,-0.337052,0,0,0,cruise
130.500000,-0.006457,,0.981181,0.923946,-1.491814,1.869043,off,none,-0.335771,0,0,0,cruise
130.550000,-0.006390,,0.977869,0.918345,-1.495431,1.869359,off,none,-0.336940,0,0,0,cruise
130.600000,-0.005584,,0.977422,0.920402,-1.483338,1.849092,off,none,-0.340266,0,0,0,cruise
130.650000,-0.005514,,0.977752,0.913149,-1.500816,1.848549,off,none,-0.346805,0,0,0,cruise
130.700000,-0.005613,,0.979124,0.917287,-1.505519,1.856196,off,none,-0.354102,0,0,0,cruise
130.750000,-0.005109,,0.978180,0.923960,-1.483112,1.874867,off,none,-0.361439,0,0,0,cruise
130.800000,-0.005235,,0.980783,0.934590,-1.490415,1.876341,off,none,-0.369090,0,0,0,cruise
130.850000,-0.005746,,0.981699,0.933581,-1.502262,1.891339,off,none,-0.373620,0,0,0,cruise
130.900000,-0.006353,,0.983108,0.921546,-1.518774,1.874382,off,none,-0.377848,0,0,0,cruise
130.950000,-0.005997,,0.983184,0.933058,-1.505688,1.870677,off,none,-0.382370,0,0,0,cruise
131.000000,-0.005854,,0.983262,0.931149,-1.485126,1.882196,off,none,-0.382811,0,0,0,cruise
131.050000,-0.006192,,0.985953,0.930533,-1.487453,1.877200,off,none,-0.381604,0,0,0,cruise
131.100000,-0.006495,,0.987933,0.923563,-1.489449,1.879910,off,none,-0.378369,0,0,0,cruise
131.150000,-0.006476,,0.985677,0.903223,-1.514025,1.885979,off,none,-0.375083,0,0,0,cruise
131.200000,-0.006306,,0.985908,0.909692,-1.519252,1.885917,off,none,-0.372048,0,0,0,cruise
131.250000,-0.006134,,0.985309,0.917475,-1.501989,1.875293,off,none,-0.371655,0,0,0,cruise
131.300000,-0.005778,,0.984478,0.925922,-1.491463,1.866912,off,none,-0.372229,0,0,0,cruise
131.350000,-0.005923,,0.984949,0.909902,-1.487954,1.860037,off,none,-0.373952,0,0,0,cruise
131.400000,-0.006191,,0.985297,0.880206,-1.504202,1.850482,off,none,-0.377885,0,0,0,cruise
131.450000,-0.005864,,0.985121,0.884805,-1.507966,1.848709,off,none,-0.383442,0,0,0,cruise
131.500000,-0.005520,,0.984265,0.886819,-1.500573,1.852552,off,none,-0.389066,0,0,0,cruise
131.550000,-0.005930,,0.984603,0.859113,-1.512009,1.844566,off,none,-0.380485,0,0,0,cruise
131.600000,-0.006092,,0.986284,0.865866,-1.514073,1.856505,off,none,-0.352836,0,0,0,cruise
131.650000,-0.005895,,0.985351,0.857409,-1.520531,1.874375,off,none,-0.389302,0,0,0,cruise
131.700000,-0.006049,,0.984374,0.862501,-1.524071,1.864162,off,none,-0.387146,0,0,0,cruise
131.750000,-0.006092,,0.982204,0.864516,-1.539438,1.859057,off,none,-0.385317,0,0,0,cruise
131.800000,-0.006023,,0.983032,0.898568,-1.555530,1.833400,off,none,-0.385140,0,0,0,cruise
131.850000,-0.005736,,0.985953,0.920241,-1.567365,1.799966,off,none,-0.384981,0,0,0,cruise
131.900000,-0.005991,,0.985456,0.916604,-1.583265,1.780855,off,none,-0.381902,0,0,0,cruise
131.950000,-0.005791,,0.983378,0.908410,-1.598207,1.745278,off,none,-0.379822,0,0,0,cruise
132.000000,-0.005354,,0.983678,0.907482,-1.608964,1.747002,off,none,-0.377599,0,0,0,cruise
132.050000,-0.005410,,0.983763,0.916105,-1.629846,1.740361,off,none,-0.377258,0,0,0,cruise
132.100000,-0.005689,,0.983917,0.917758,-1.634060,1.728293,off,none,-0.375805,0,0,0,cruise
132.150000,-0.005700,,0.984229,0.918330,-1.645940,1.701946,off,none,-0.374830,0,0,0,cruise
132.200000,-0.005523,,0.986389,0.928565,-1.679244,1.659128,off,none,-0.375334,0,0,0,cruise
132.250000,-0.005464,,0.986137,0.927785,-1.683303,1.655316,off,none,-0.376024,0,0,0,cruise
132.300000,-0.005395,,0.985040,0.935645,-1.687071,1.643172,off,none,-0.378365,0,0,0,cruise
132.350000,-0.005084,,0.986369,0.948084,-1.692401,1.623643,off,none,-0.380268,0,0,0,cruise
132.400000,-0.005104,,0.987262,0.944444,-1.713374,1.608381,off,none,-0.380679,0,0,0,cruise
132.450000,-0.004911,,0.986184,0.937206,-1.714831,1.594532,off,none,-0.380393,0,0,0,cruise
132.500000,-0.004566,,0.986434,0.940342,-1.729475,1.582259,off,none,-0.378321,0,0,0,cruise
132.550000,-0.004492,,0.987051,0.934015,-1.743516,1.568314,off,none,-0.374736,0,0,0,cruise
132.600000,-0.004435,,0.986656,0.945131,-1.759291,1.564258,off,none,-0.370120,0,0,0,cruise
132.650000,-0.004123,,0.985017,0.953316,-1.758961,1.559048,off,none,-0.370871,0,0,0,cruise
132.700000,-0.003793,,0.984395,0.955445,-1.755570,1.562758,off,none,-0.373199,0,0,0,cruise
132.750000,-0.003615,,0.983265,0.959156,-1.741203,1.568305,off,none,-0.373588,0,0,0,cruise
132.800000,-0.003631,,0.984219,0.959402,-1.734573,1.560248,off,none,-0.375995,0,0,0,cruise
132.850000,-0.003279,,0.982432,0.954065,-1.731446,1.547218,off,none,-0.379197,0,0,0,cruise
132.900000,-0.003175,,0.983355,0.959493,-1.744599,1.541332,off,none,-0.380518,0,0,0,cruise
132.950000,-0.003112,,0.982219,0.960075,-1.745723,1.553403,off,none,-0.378827,0,0,0,cruise
133.000000,-0.002893,,0.979517,0.958047,-1.754376,1.566458,off,none,-0.378095,0,0,0,cruise
133.050000,-0.002591,,0.985064,0.973303,-1.765377,1.564075,off,none,-0.379379,0,0,0,cruise
133.100000,-0.002540,,0.983173,0.969502,-1.761284,1.567646,off,none,-0.380201,0,0,0,cruise
133.150000,-0.002332,,0.981632,0.970257,-1.762993,1.563633,off,none,-0.381327,0,0,0,cruise
133.200000,-0.001985,,0.981061,0.973431,-1.788495,1.571176,off,none,-0.381192,0,0,0,cruise
133.250000,-0.001818,,0.979854,0.972450,-1.783583,1.581958,off,none,-0.382015,0,0,0,cruise
133.300000,-0.001963,,0.980622,0.968372,-1.740759,1.610597,off,none,-0.380946,0,0,0,cruise
133.350000,-0.001726,,0.978375,0.965646,-1.742747,1.618190,off,none,-0.382007,0,0,0,cruise
133.400000,-0.001283,,0.979209,0.971649,-1.769727,1.602562,off,none,-0.380813,0,0,0,cruise
133.450000,-0.001353,,0.976745,0.970281,-1.775557,1.609872,off,none,-0.378973,0,0,0,cruise
133.500000,-0.001164,,0.974447,0.968636,-1.757953,1.637534,off,none,-0.382176,0,0,0,cruise
133.550000,-0.000858,,0.975875,0.970299,-1.748944,1.651882,off,none,-0.384782,0,0,0,cruise
133.600000,-0.000479,,0.975471,0.972618,-1.726498,1.672132,off,none,-0.386445,0,0,0,cruise
133.650000,-0.000670,,0.973110,0.965815,-1.716875,1.670024,off,none,-0.387437,0,0,0,cruise
133.700000,-0.000412,,0.970847,0.962369,-1.717018,1.660741,off,none,-0.388357,0,0,0,cruise
133.750000,-0.000239,,0.969968,0.963662,-1.718476,1.679371,off,none,-0.385509,0,0,0,cruise
133.800000,-0.000326,,0.969424,0.958839,-1.708052,1.708477,off,none,-0.384363,0,0,0,cruise
133.850000,-0.000161,,0.966961,0.956507,-1.678878,1.734412,off,none,-0.386353,0,0,0,cruise
133.900000,0.000159,,0.966822,0.957200,-1.658178,1.727942,off,none,-0.390346,0,0,0,cruise
133.950000,0.000381,,0.971047,0.960234,-1.633329,1.729438,off,none,-0.392780,0,0,0,cruise
134.000000,0.000217,,0.969384,0.952756,-1.617028,1.743845,off,none,-0.393318,0,0,0,cruise
134.050000,0.000336,,0.970443,0.956172,-1.609677,1.773689,off,none,-0.393223,0,0,0,cruise
134.100000,0.000740,,0.968591,0.959071,-1.615039,1.795514,off,none,-0.390946,0,0,0,cruise
134.150000,0.000450,,0.966456,0.951015,-1.630667,1.796564,off,none,-0.388026,0,0,0,cruise
134.200000,0.000587,,0.964643,0.948849,-1.643221,1.787259,off,none,-0.386420,0,0,0,cruise
134.250000,0.000909,,0.965759,0.953745,-1.646359,1.780948,off,none,-0.385471,0,0,0,cruise
134.300000,0.001119,,0.966338,0.950803,-1.658611,1.789929,off,none,-0.381821,0,0,0,cruise
134.350000,0.001507,,0.965307,0.950444,-1.670357,1.787782,off,none,-0.380169,0,0,0,cruise
134.400000,0.001875,,0.964816,0.952738,-1.651524,1.787118,off,none,-0.377591,0,0,0,cruise
134.450000,0.001773,,0.966291,0.953993,-1.667339,1.768473,off,none,-0.364953,0,0,0,cruise
134.500000,0.001543,,0.970384,0.951866,-1.695206,1.753033,off,none,-0.314677,0,0,0,cruise
134.550000,0.001805,,0.972960,0.953473,-1.701917,1.748308,off,none,-0.265140,0,0,0,cruise
134.600000,0.002259,,0.973526,0.956552,-1.694140,1.751689,off,none,-0.215593,0,0,0,cruise
134.650000,0.002180,,0.968569,0.947299,-1.683651,1.762594,off,none,-0.165168,0,0,0,cruise
134.700000,0.002060,,0.972875,0.957276,-1.699831,1.732721,off,none,-0.114355,0,0,0,cruise
134.750000,0.002730,,0.970816,0.959188,-1.721735,1.721543,off,none,-0.064886,0,0,0,cruise
134.800000,0.003099,,0.972584,0.961598,-1.710456,1.713049,off,none,-0.015358,0,0,0,cruise
134.850000,0.003027,,0.971973,0.963040,-1.696914,1.701838,off,none,0.034766,0,0,0,cruise
134.900000,0.003073,,0.973218,0.966290,-1.678692,1.693594,off,none,0.084526,0,0,0,cruise
134.950000,0.003301,,0.971386,0.962651,-1.685156,1.695410,off,none,0.134374,0,0,0,cruise
135.000000,0.003063,,0.969058,0.960182,-1.694055,1.676801,off,none,0.164968,0,0,0,cruise
135.050000,0.003077,,0.970039,0.964807,-1.693945,1.655634,off,none,0.114001,0,0,0,cruise
135.100000,0.003458,,0.970430,0.969148,-1.689252,1.654256,off,none,0.063283,0,0,0,cruise
135.150000,0.003271,,0.968260,0.970140,-1.680691,1.650269,off,none,0.013499,0,0,0,cruise
135.200000,0.003240,,0.967494,0.972613,-1.706362,1.632086,off,none,-0.037977,0,0,0,cruise
135.250000,0.003696,,0.964817,0.974426,-1.738074,1.611556,off,none,-0.086172,0,0,0,cruise
135.300000,0.003728,,0.960739,0.969905,-1.734782,1.609189,off,none,-0.136819,0,0,0,cruise
135.350000,0.003190,,0.964089,0.965343,-1.732690,1.598073,off,none,-0.185603,0,0,0,cruise
135.400000,0.003331,,0.963166,0.958466,-1.744321,1.577565,off,none,-0.235651,0,0,0,cruise
135.450000,0.003540,,0.967737,0.961845,-1.739477,1.572822,off,none,-0.285700,0,0,0,cruise
135.500000,0.003318,,0.968319,0.970395,-1.735117,1.582428,off,none,-0.333858,0,0,0,cruise
135.550000,0.003328,,0.969114,0.968959,-1.714025,1.598788,off,none,-0.365445,0,0,0,cruise
135.600000,0.003767,,0.967362,0.964982,-1.734688,1.596401,off,none,-0.364979,0,0,0,cruise
135.650000,0.004037,,0.967860,0.969022,-1.729998,1.584824,off,none,-0.362103,0,0,0,cruise
135.700000,0.004060,,0.964628,0.965775,-1.730881,1.576571,off,none,-0.358912,0,0,0,cruise
135.750000,0.004110,,0.956612,0.961128,-1.747281,1.565372,off,none,-0.356510,0,0,0,cruise
135.800000,0.004564,,0.958960,0.965709,-1.748789,1.534708,off,none,-0.358025,0,0,0,cruise
135.850000,0.004539,,0.962288,0.958270,-1.721656,1.524675,off,none,-0.362488,0,0,0,cruise
135.900000,0.003715,,0.963597,0.945892,-1.698518,1.536228,off,none,-0.368936,0,0,0,cruise
135.950000,0.003946,,0.967217,0.959368,-1.700278,1.545708,off,none,-0.372168,0,0,0,cruise
136.000000,0.004599,,0.960344,0.960347,-1.717929,1.543411,off,none,-0.373047,0,0,0,cruise
136.050000,0.005171,,0.954268,0.960103,-1.738005,1.533250,off,none,-0.370434,0,0,0,cruise
136.100000,0.005223,,0.950542,0.956765,-1.744081,1.553841,off,none,-0.366392,0,0,0,cruise
136.150000,0.005890,,0.946264,0.958376,-1.715411,1.565993,off,none,-0.359852,0,0,0,cruise
136.200000,0.006256,,0.947766,0.968308,-1.693235,1.534854,off,none,-0.349227,0,0,0,cruise
136.250000,0.006234,,0.935235,0.961613,-1.728311,1.522874,off,none,-0.336693,0,0,0,cruise
136.300000,0.006198,,0.925324,0.953934,-1.739996,1.536003,off,none,-0.319317,0,0,0,cruise
136.350000,0.005611,,0.941113,0.952518,-1.739242,1.549201,off,none,-0.290019,0,0,0,cruise
136.400000,0.004625,,0.968621,0.967874,-1.710840,1.529825,off,none,-0.332260,0,0,0,cruise
136.450000,0.004086,,0.967662,0.969785,-1.677878,1.547509,off,none,-0.344936,0,0,0,cruise
136.500000,0.004411,,0.940330,0.951857,-1.685339,1.562979,off,none,-0.360587,0,0,0,cruise
136.550000,0.005362,,0.921032,0.938056,-1.717459,1.559616,off,none,-0.358684,0,0,0,cruise
136.600000,0.005499,,0.947022,0.948956,-1.728400,1.560163,off,none,-0.308637,0,0,0,cruise
136.650000,0.005129,,0.946779,0.950201,-1.727144,1.544724,off,none,-0.278735,0,0,0,cruise
136.700000,0.005092,,0.923483,0.948688,-1.764203,1.528349,off,none,-0.325338,0,0,0,cruise
136.750000,0.005224,,0.918337,0.948042,-1.783852,1.516683,off,none,-0.351604,0,0,0,cruise
136.800000,0.004944,,0.919256,0.938946,-1.795932,1.511719,off,none,-0.348020,0,0,0,cruise
136.850000,0.004869,,0.945307,0.953939,-1.785530,1.510482,off,none,-0.348254,0,0,0,cruise
136.900000,0.004819,,0.953001,0.962827,-1.753709,1.510172,off,none,-0.347653,0,0,0,cruise
136.950000,0.005063,,0.949815,0.963686,-1.737410,1.515480,off,none,-0.338939,0,0,0,cruise
137.000000,0.005172,,0.956431,0.967604,-1.721040,1.539475,off,none,-0.288707,0,0,0,cruise
137.050000,0.005130,,0.949322,0.962574,-1.750107,1.517775,off,none,-0.239355,0,0,0,cruise
137.100000,0.005225,,0.940402,0.948044,-1.753845,1.517963,off,none,-0.187905,0,0,0,cruise
137.150000,0.005188,,0.939002,0.949159,-1.766082,1.515470,off,none,-0.138637,0,0,0,cruise
137.200000,0.004866,,0.944497,0.961087,-1.778061,1.487235,off,none,-0.088021,0,0,0,cruise
137.250000,0.004670,,0.948361,0.956817,-1.786515,1.477800,off,none,-0.039152,0,0,0,cruise
137.300000,0.004623,,0.944708,0.948291,-1.782514,1.488230,off,none,-0.009534,0,0,0,cruise
137.350000,0.004613,,0.945065,0.941069,-1.779214,1.485663,off,none,-0.038718,0,0,0,cruise
137.400000,0.005009,,0.952425,0.946822,-1.776647,1.490157,off,none,0.012048,0,0,0,cruise
137.450000,0.005204,,0.950896,0.951644,-1.789628,1.488586,off,none,0.060896,0,0,0,cruise
137.500000,0.005017,,0.950944,0.946119,-1.815476,1.489488,off,none,0.110692,0,0,0,cruise
137.550000,0.005041,,0.945642,0.937948,-1.816171,1.475445,off,none,0.160776,0,0,0,cruise
137.600000,0.005401,,0.938641,0.925770,-1.823218,1.467064,off,none,0.211069,0,0,0,cruise
137.650000,0.005238,,0.933140,0.916961,-1.825008,1.467636,off,none,0.261579,0,0,0,cruise
137.700000,0.004982,,0.936525,0.921745,-1.829077,1.474773,off,none,0.310268,0,0,0,cruise
137.750000,0.005369,,0.922580,0.914066,-1.844501,1.468523,off,none,0.361004,0,0,0,cruise
137.800000,0.006046,,0.929139,0.927303,-1.820784,1.479423,off,none,0.411766,0,0,0,cruise
137.850000,0.006115,,0.953645,0.940421,-1.802510,1.496036,off,none,0.460828,0,0,0,cruise
137.900000,0.006422,,0.960779,0.939467,-1.806489,1.518039,off,none,0.510712,0,0,0,cruise
137.950000,0.006814,,0.948294,0.926833,-1.794630,1.511197,off,none,0.561116,0,0,0,cruise
138.000000,0.007071,,0.947614,0.929169,-1.764580,1.522221,off,none,0.611894,0,0,0,cruise
138.050000,0.007373,,0.952487,0.931126,-1.756156,1.524903,off,none,0.660786,0,0,0,cruise
138.100000,0.007391,,0.958413,0.938974,-1.748688,1.532817,off,none,0.710916,0,0,0,cruise
138.150000,0.007102,,0.958897,0.934765,-1.740923,1.555871,off,none,0.761113,0,0,0,cruise
138.200000,0.006479,,0.961239,0.941528,-1.740771,1.552974,off,none,0.811381,0,0,0,cruise
138.250000,0.006374,,0.965773,0.947018,-1.740207,1.567714,off,none,0.857488,0,0,0,cruise
138.300000,0.006570,,0.970896,0.953368,-1.724525,1.579285,off,none,0.890062,0,0,0,cruise
138.350000,0.006340,,0.973206,0.953178,-1.722545,1.584248,off,none,0.891441,0,0,0,cruise
138.400000,0.006391,,0.972279,0.949941,-1.709478,1.592409,off,none,0.820288,0,0,0,cruise
138.450000,0.006972,,0.973241,0.956713,-1.694507,1.594546,off,none,0.794291,0,0,0,cruise
138.500000,0.007968,,0.972378,0.961713,-1.685091,1.590495,off,none,0.858941,0,0,0,cruise
138.550000,0.007830,,0.968889,0.948092,-1.682065,1.613174,off,none,0.834712,0,0,0,cruise
138.600000,0.007872,,0.968545,0.949192,-1.680651,1.636959,off,none,0.862405,0,0,0,cruise
138.650000,0.008409,,0.973004,0.962566,-1.664373,1.661979,off,none,0.876096,0,0,0,cruise
138.700000,0.008295,,0.974724,0.967482,-1.639800,1.689762,off,none,0.913332,0,0,0,cruise
138.750000,0.007958,,0.972707,0.964455,-1.643103,1.677467,off,none,0.896400,0,0,0,cruise
138.800000,0.007744,,0.973225,0.964949,-1.633593,1.669592,off,none,0.929507,0,0,0,cruise
138.850000,0.007407,,0.976951,0.969730,-1.613828,1.664573,off,none,0.931707,0,0,0,cruise
138.900000,0.007234,,0.978752,0.974094,-1.593738,1.669118,off,none,0.937352,0,0,0,cruise
138.950000,0.007199,,0.974655,0.969132,-1.571476,1.697186,off,none,0.907452,0,0,0,cruise
139.000000,0.007597,,0.975165,0.972811,-1.569838,1.708960,off,none,0.870873,0,0,0,cruise
139.050000,0.007644,,0.974264,0.965893,-1.578544,1.704794,off,none,0.880041,0,0,0,cruise
139.100000,0.007761,,0.975161,0.967167,-1.598453,1.692776,off,none,0.904613,0,0,0,cruise
139.150000,0.007962,,0.972828,0.964037,-1.597447,1.671341,off,none,0.960971,0,0,0,cruise
139.200000,0.007519,,0.973224,0.967320,-1.588020,1.667706,off,none,0.923015,0,0,0,cruise
139.250000,0.007551,,0.971359,0.965085,-1.596693,1.653531,off,none,0.876810,0,0,0,cruise
139.300000,0.007217,,0.974986,0.964945,-1.595881,1.636661,off,none,0.848039,0,0,0,cruise
139.350000,0.007604,,0.973983,0.964623,-1.580164,1.642327,off,none,0.875768,0,0,0,cruise
139.400000,0.007660,,0.974269,0.965593,-1.575506,1.641083,off,none,0.890283,0,0,0,cruise
139.450000,0.007509,,0.972304,0.960266,-1.576561,1.622840,off,none,0.842744,0,0,0,cruise
139.500000,0.007524,,0.972819,0.958960,-1.563297,1.597951,off,none,0.794973,0,0,0,cruise
139.550000,0.007542,,0.972195,0.956278,-1.552327,1.604379,off,none,0.838305,0,0,0,cruise
139.600000,0.007523,,0.973671,0.955813,-1.565259,1.613371,off,none,0.840402,0,0,0,cruise
139.650000,0.007650,,0.970660,0.952819,-1.547952,1.608605,off,none,0.901814,0,0,0,cruise
139.700000,0.008067,,0.969667,0.959086,-1.543000,1.597291,off,none,0.939359,0,0,0,cruise
139.750000,0.008277,,0.967787,0.957794,-1.558390,1.602154,off,none,0.929164,0,0,0,cruise
139.800000,0.008353,,0.967909,0.958998,-1.556185,1.612246,off,none,0.920496,0,0,0,cruise
139.850000,0.008010,,0.971431,0.963596,-1.571584,1.607240,off,none,0.947724,0,0,0,cruise
139.900000,0.007874,,0.972590,0.962781,-1.573321,1.603951,off,none,0.978541,0,0,0,cruise
139.950000,0.007993,,0.973103,0.963277,-1.567179,1.604915,off,none,0.949515,0,0,0,cruise
140.000000,0.007599,,0.974789,0.966025,-1.535830,1.617009,off,none,0.928386,0,0,0,cruise
140.050000,0.007149,,0.977773,0.963969,-1.513895,1.637736,off,none,0.912185,0,0,0,cruise
140.100000,0.006613,,0.980287,0.966362,-1.514539,1.623004,off,none,0.886427,0,0,0,cruise
140.150000,0.006787,,0.978706,0.966457,-1.512115,1.583236,off,none,0.841088,0,0,0,cruise
140.200000,0.007462,,0.978750,0.973454,-1.503462,1.570990,off,none,0.841565,0,0,0,cruise
140.250000,0.007660,,0.976592,0.972697,-1.506298,1.556174,off,none,0.835450,0,0,0,cruise
140.300000,0.007252,,0.976705,0.969366,-1.520823,1.529233,off,none,0.838549,0,0,0,cruise
140.350000,0.006668,,0.974438,0.964236,-1.540834,1.514386,off,none,0.903317,0,0,0,cruise
140.400000,0.007151,,0.972001,0.963422,-1.555339,1.488316,off,none,0.960182,0,0,0,cruise
140.450000,0.007729,,0.970676,0.962097,-1.542397,1.469218,off,none,0.929304,0,0,0,cruise
140.500000,0.007571,,0.965816,0.957491,-1.540188,1.462498,off,none,0.821358,0,0,0,cruise
140.550000,0.007286,,0.966653,0.959180,-1.544400,1.450876,off,none,0.790697,0,0,0,cruise
140.600000,0.007152,,0.964111,0.955533,-1.537759,1.468964,off,none,0.878680,0,0,0,cruise
140.650000,0.007551,,0.959928,0.949039,-1.547730,1.478980,off,none,0.851816,0,0,0,cruise
140.700000,0.007549,,0.961484,0.956561,-1.557775,1.456177,off,none,0.901090,0,0,0,cruise
140.750000,0.007554,,0.963446,0.964359,-1.546922,1.447084,off,none,0.873546,0,0,0,cruise
140.800000,0.007119,,0.963765,0.964255,-1.549387,1.462589,off,none,0.893213,0,0,0,cruise
140.850000,0.006607,,0.962370,0.960672,-1.546490,1.469131,off,none,0.896823,0,0,0,cruise
140.900000,0.006408,,0.961147,0.957816,-1.562357,1.495029,off,none,0.909764,0,0,0,cruise
140.950000,0.006985,,0.961008,0.965046,-1.561164,1.503586,off,none,0.942960,0,0,0,cruise
141.000000,0.006943,,0.958308,0.963709,-1.569680,1.492135,off,none,0.903421,0,0,0,cruise
141.050000,0.006462,,0.961476,0.963018,-1.587702,1.485157,off,none,0.870201,0,0,0,cruise
141.100000,0.006133,,0.964202,0.962787,-1.612196,1.482229,off,none,0.833111,0,0,0,cruise
141.150000,0.005982,,0.964164,0.969332,-1.628692,1.490589,off,none,0.802330,0,0,0,cruise
141.200000,0.005850,,0.966111,0.973167,-1.633451,1.485819,off,none,0.788358,0,0,0,cruise
141.250000,0.005876,,0.959881,0.968433,-1.664300,1.466119,off,none,0.884009,0,0,0,cruise
141.300000,0.005801,,0.948940,0.957377,-1.702906,1.461951,off,none,0.869956,0,0,0,cruise
141.350000,0.005223,,0.957491,0.962507,-1.703486,1.462057,off,none,0.883726,0,0,0,cruise
141.400000,0.004550,,0.961288,0.965309,-1.700795,1.483534,off,none,0.896680,0,0,0,cruise
141.450000,0.004699,,0.959139,0.965628,-1.721605,1.482741,off,none,0.873641,0,0,0,cruise
141.500000,0.004922,,0.955796,0.963407,-1.751781,1.457507,off,none,0.810964,0,0,0,cruise
141.550000,0.004670,,0.963787,0.968325,-1.774411,1.466463,off,none,0.775990,0,0,0,cruise
141.600000,0.004486,,0.965990,0.968366,-1.798393,1.460527,off,none,0.801382,0,0,0,cruise
141.650000,0.004092,,0.962617,0.960468,-1.798980,1.461733,off,none,0.850417,0,0,0,cruise
141.700000,0.003454,,0.963290,0.964236,-1.791492,1.435239,off,none,0.882013,0,0,0,cruise
141.750000,0.003418,,0.964146,0.970524,-1.809200,1.409991,off,none,0.874751,0,0,0,cruise
141.800000,0.003866,,0.961064,0.972283,-1.822933,1.411351,off,none,0.866711,0,0,0,cruise
141.850000,0.003664,,0.960369,0.970346,-1.833934,1.400236,off,none,0.835778,0,0,0,cruise
141.900000,0.003089,,0.961308,0.969099,-1.847442,1.389939,off,none,0.795157,0,0,0,cruise
141.950000,0.003428,,0.950926,0.960196,-1.846523,1.392290,off,none,0.785930,0,0,0,cruise
142.000000,0.004196,,0.952606,0.967875,-1.838012,1.391469,off,none,0.770792,0,0,0,cruise
142.050000,0.003766,,0.959109,0.970009,-1.847310,1.377665,off,none,0.782344,0,0,0,cruise
142.100000,0.003234,,0.963222,0.968574,-1.878940,1.364480,off,none,0.846083,0,0,0,cruise
142.150000,0.003129,,0.954599,0.957401,-1.899882,1.347231,off,none,0.795850,0,0,0,cruise
142.200000,0.003360,,0.949656,0.956766,-1.895797,1.344138,off,none,0.745946,0,0,0,cruise
142.250000,0.003147,,0.946217,0.955365,-1.896506,1.340033,off,none,0.695527,0,0,0,cruise
142.300000,0.003174,,0.947235,0.955730,-1.912408,1.336412,off,none,0.645954,0,0,0,cruise
142.350000,0.003188,,0.940448,0.952278,-1.894316,1.338132,off,none,0.595993,0,0,0,cruise
142.400000,0.003057,,0.937447,0.948931,-1.887644,1.355134,off,none,0.544688,0,0,0,cruise
142.450000,0.002978,,0.950109,0.957420,-1.901715,1.352088,off,none,0.494581,0,0,0,cruise
142.500000,0.003599,,0.950354,0.962528,-1.908024,1.351396,off,none,0.446140,0,0,0,cruise
142.550000,0.003919,,0.948028,0.965426,-1.894991,1.354206,off,none,0.395875,0,0,0,cruise
142.600000,0.003703,,0.950332,0.962630,-1.908958,1.361453,off,none,0.345374,0,0,0,cruise
142.650000,0.003870,,0.947909,0.957323,-1.916886,1.360411,off,none,0.295418,0,0,0,cruise
142.700000,0.004241,,0.951055,0.959480,-1.912775,1.350949,off,none,0.243703,0,0,0,cruise
142.750000,0.004369,,0.957745,0.967205,-1.904831,1.367188,off,none,0.195604,0,0,0,cruise
142.800000,0.004400,,0.963084,0.966000,-1.892256,1.375450,off,none,0.146380,0,0,0,cruise
142.850000,0.004466,,0.963974,0.960246,-1.884456,1.362986,off,none,0.096099,0,0,0,cruise
142.900000,0.004511,,0.959706,0.954686,-1.881843,1.357677,off,none,0.045920,0,0,0,cruise
142.950000,0.005011,,0.952113,0.956858,-1.872414,1.372242,off,none,-0.004333,0,0,0,cruise
143.000000,0.005480,,0.950944,0.959480,-1.846448,1.401195,off,none,-0.055217,0,0,0,cruise
143.050000,0.005327,,0.959008,0.964674,-1.827352,1.413762,off,none,-0.105423,0,0,0,cruise
143.100000,0.004943,,0.967843,0.966489,-1.808412,1.430367,off,none,-0.154224,0,0,0,cruise
143.150000,0.005378,,0.968868,0.967224,-1.810159,1.440404,off,none,-0.204211,0,0,0,cruise
143.200000,0.005611,,0.967037,0.968151,-1.799994,1.440178,off,none,-0.254971,0,0,0,cruise
143.250000,0.005520,,0.966704,0.968886,-1.810327,1.454811,off,none,-0.302882,0,0,0,cruise
143.300000,0.005358,,0.962266,0.965426,-1.812294,1.467680,off,none,-0.345363,0,0,0,cruise
143.350000,0.005304,,0.969915,0.967959,-1.802181,1.481015,off,none,-0.349452,0,0,0,cruise
143.400000,0.005422,,0.971472,0.969843,-1.805516,1.474633,off,none,-0.346128,0,0,0,cruise
143.450000,0.005742,,0.965943,0.964557,-1.786371,1.478863,off,none,-0.343508,0,0,0,cruise
143.500000,0.005523,,0.962404,0.958716,-1.794451,1.501486,off,none,-0.342184,0,0,0,cruise
143.550000,0.005584,,0.962531,0.956475,-1.793220,1.512911,off,none,-0.343355,0,0,0,cruise
143.600000,0.005484,,0.965560,0.955680,-1.804416,1.506046,off,none,-0.346875,0,0,0,cruise
143.650000,0.005894,,0.961643,0.954771,-1.831810,1.487919,off,none,-0.348966,0,0,0,cruise
143.700000,0.005769,,0.963326,0.951604,-1.839056,1.487234,off,none,-0.347651,0,0,0,cruise
143.750000,0.005854,,0.963849,0.963564,-1.834701,1.492211,off,none,-0.342598,0,0,0,cruise
143.800000,0.005835,,0.962125,0.961315,-1.845584,1.505335,off,none,-0.339993,0,0,0,cruise
143.850000,0.005489,,0.965439,0.961879,-1.847156,1.522370,off,none,-0.339134,0,0,0,cruise
143.900000,0.004942,,0.968553,0.957647,-1.838453,1.544872,off,none,-0.341160,0,0,0,cruise
143.950000,0.005019,,0.964322,0.958212,-1.815734,1.566957,off,none,-0.347434,0,0,0,cruise
144.000000,0.005468,,0.954284,0.942778,-1.811501,1.594052,off,none,-0.355352,0,0,0,cruise
144.050000,0.005364,,0.956966,0.935663,-1.802919,1.614367,off,none,-0.362036,0,0,0,cruise
144.100000,0.005245,,0.961462,0.948001,-1.786915,1.596213,off,none,-0.369307,0,0,0,cruise
144.150000,0.005907,,0.963239,0.955319,-1.776637,1.591121,off,none,-0.372494,0,0,0,cruise
144.200000,0.006909,,0.965110,0.963590,-1.784344,1.584645,off,none,-0.369992,0,0,0,cruise
144.250000,0.007025,,0.963207,0.961668,-1.788081,1.583181,off,none,-0.365402,0,0,0,cruise
144.300000,0.006353,,0.968644,0.965598,-1.809260,1.572017,off,none,-0.361549,0,0,0,cruise
144.350000,0.006147,,0.969727,0.964388,-1.811135,1.539763,off,none,-0.357865,0,0,0,cruise
144.400000,0.006094,,0.964633,0.961560,-1.795384,1.540327,off,none,-0.359413,0,0,0,cruise
144.450000,0.005507,,0.963171,0.955739,-1.791126,1.542716,off,none,-0.360260,0,0,0,cruise
144.500000,0.005751,,0.969932,0.959488,-1.801487,1.540430,off,none,-0.360098,0,0,0,cruise
144.550000,0.006266,,0.969433,0.961546,-1.811643,1.518117,off,none,-0.356208,0,0,0,cruise
144.600000,0.006305,,0.968552,0.965813,-1.812248,1.514106,off,none,-0.349545,0,0,0,cruise
144.650000,0.006517,,0.965345,0.969461,-1.802306,1.521383,off,none,-0.342361,0,0,0,cruise
144.700000,0.006257,,0.962981,0.964738,-1.810273,1.516113,off,none,-0.336840,0,0,0,cruise
144.750000,0.006014,,0.964138,0.961214,-1.829412,1.502427,off,none,-0.334007,0,0,0,cruise
144.800000,0.005903,,0.963491,0.959687,-1.827361,1.501115,off,none,-0.331714,0,0,0,cruise
144.850000,0.005871,,0.960093,0.960429,-1.825036,1.501410,off,none,-0.328733,0,0,0,cruise
144.900000,0.006090,,0.950557,0.952039,-1.822806,1.507080,off,none,-0.322871,0,0,0,cruise
144.950000,0.006175,,0.948919,0.950281,-1.827547,1.513098,off,none,-0.316828,0,0,0,cruise
145.000000,0.006329,,0.949120,0.947264,-1.831518,1.512404,off,none,-0.313907,0,0,0,cruise
145.050000,0.006050,,0.943091,0.939584,-1.841761,1.522176,off,none,-0.313311,0,0,0,cruise
145.100000,0.005787,,0.946970,0.948953,-1.828271,1.522601,off,none,-0.314179,0,0,0,cruise
145.150000,0.006177,,0.950088,0.953558,-1.813242,1.546227,off,none,-0.315716,0,0,0,cruise
145.200000,0.006432,,0.947601,0.950390,-1.817979,1.545908,off,none,-0.315445,0,0,0,cruise
145.250000,0.006048,,0.948366,0.943877,-1.838903,1.552296,off,none,-0.314613,0,0,0,cruise
145.300000,0.005955,,0.941609,0.935026,-1.839311,1.548289,off,none,-0.311052,0,0,0,cruise
145.350000,0.006388,,0.931858,0.927922,-1.820813,1.539208,off,none,-0.309549,0,0,0,cruise
145.400000,0.006130,,0.923549,0.920272,-1.826573,1.528128,off,none,-0.310793,0,0,0,cruise
145.450000,0.005084,,0.922394,0.900926,-1.832058,1.523393,off,none,-0.316093,0,0,0,cruise
145.500000,0.004672,,0.929522,0.889500,-1.814261,1.537682,off,none,-0.321831,0,0,0,cruise
145.550000,0.005041,,0.929461,0.902086,-1.815261,1.556707,off,none,-0.326066,0,0,0,cruise
145.600000,0.005913,,0.923869,0.922017,-1.815589,1.558440,off,none,-0.327461,0,0,0,cruise
145.650000,0.005887,,0.913467,0.916977,-1.813485,1.571007,off,none,-0.324963,0,0,0,cruise
145.700000,0.006103,,0.905116,0.909919,-1.787809,1.582684,off,none,-0.317602,0,0,0,cruise
145.750000,0.006519,,0.912352,0.914776,-1.801209,1.593663,off,none,-0.306939,0,0,0,cruise
145.800000,0.006776,,0.901660,0.913585,-1.821405,1.633500,off,none,-0.293265,0,0,0,cruise
145.850000,0.006895,,0.871548,0.906950,-1.823143,1.625705,off,none,-0.279612,0,0,0,cruise
145.900000,0.006401,,0.857401,0.884127,-1.807141,1.601551,off,none,-0.270075,0,0,0,cruise
145.950000,0.004917,,0.862749,0.850306,-1.847840,1.569620,off,none,-0.267123,0,0,0,cruise
146.000000,0.004310,,0.889131,0.851179,-1.881053,1.572264,off,none,-0.268494,0,0,0,cruise
146.050000,0.004228,,0.914501,0.895080,-1.876304,1.584735,off,none,-0.274484,0,0,0,cruise
146.100000,0.003776,,0.895997,0.891411,-1.887064,1.593520,off,none,-0.283384,0,0,0,cruise
146.150000,0.003716,,0.870936,0.877160,-1.906408,1.604657,off,none,-0.292311,0,0,0,cruise
146.200000,0.003953,,0.858384,0.874640,-1.895237,1.602652,off,none,-0.302262,0,0,0,cruise
146.250000,0.004205,,0.864567,0.889846,-1.937978,1.617063,off,none,-0.310883,0,0,0,cruise
146.300000,0.003982,,0.844769,0.874585,-1.954466,1.627791,off,none,-0.316411,0,0,0,cruise
146.350000,0.003593,,0.841060,0.829574,-1.922446,1.599049,off,none,-0.318362,0,0,0,cruise
146.400000,0.003466,,0.864932,0.847956,-1.918562,1.592415,off,none,-0.320923,0,0,0,cruise
146.450000,0.003527,,0.865478,0.872342,-1.956430,1.595089,off,none,-0.321734,0,0,0,cruise
146.500000,0.003766,,0.841735,0.847911,-1.960240,1.568242,off,none,-0.317962,0,0,0,cruise
146.550000,0.004383,,0.841927,0.853463,-1.953150,1.577781,off,none,-0.313991,0,0,0,cruise
146.600000,0.003750,,0.848697,0.847424,-1.946460,1.593626,off,none,-0.311724,0,0,0,cruise
146.650000,0.002465,,0.843425,0.821927,-1.935498,1.593034,off,none,-0.309817,0,0,0,cruise
146.700000,0.002476,,0.837118,0.821020,-1.932495,1.591029,off,none,-0.308210,0,0,0,cruise
146.750000,0.002890,,0.820789,0.810620,-1.906266,1.543698,off,none,-0.303947,0,0,0,cruise
146.800000,0.003023,,0.825744,0.826996,-1.910153,1.553563,off,none,-0.303253,0,0,0,cruise
146.850000,0.003056,,0.798853,0.813800,-1.899472,1.540375,off,none,-0.304151,0,0,0,cruise
146.900000,0.002709,,0.793606,0.790451,-1.896059,1.521588,off,none,-0.304450,0,0,0,cruise
146.950000,0.002816,,0.803375,0.783605,-1.912319,1.520828,off,none,-0.307070,0,0,0,cruise
147.000000,0.003153,,0.781964,0.763648,-1.931180,1.521073,off,none,-0.308628,0,0,0,cruise
147.050000,0.002728,,0.740762,0.707185,-1.936579,1.510743,off,none,-0.306144,0,0,0,cruise
147.100000,0.002911,,0.713527,0.705085,-1.947842,1.492976,off,none,-0.304029,0,0,0,cruise
147.150000,0.002937,,0.686981,0.665013,-1.951105,1.474313,off,none,-0.301929,0,0,0,cruise
147.200000,0.002390,,0.661266,0.637783,-1.963455,1.449252,off,none,-0.301713,0,0,0,cruise
147.250000,0.002308,,0.584029,0.612016,-1.954970,1.445507,off,none,-0.301491,0,0,0,cruise
147.300000,0.002526,,0.562288,0.588983,-1.951453,1.450925,off,none,-0.304233,0,0,0,cruise
147.350000,0.003329,,0.520245,0.555320,-1.971675,1.451291,off,none,-0.305136,0,0,0,cruise
147.400000,0.003296,,0.564078,0.632388,-1.959493,1.460281,off,none,-0.305400,0,0,0,cruise
147.450000,0.002083,,0.620249,0.626674,-1.960358,1.489823,off,none,-0.305420,0,0,0,cruise
147.500000,0.002351,,0.613538,0.647743,-1.947890,1.494635,off,none,-0.305924,0,0,0,cruise
147.550000,0.003099,,0.567768,0.621374,-1.944696,1.494957,off,none,-0.305732,0,0,0,cruise
147.600000,0.002757,,0.539387,0.567382,-1.970622,1.485013,off,none,-0.306155,0,0,0,cruise
147.650000,0.002932,,0.526829,0.573565,-1.968773,1.470396,off,none,-0.305297,0,0,0,cruise
147.700000,0.003107,,0.542232,0.586335,-1.957804,1.474228,off,none,-0.305166,0,0,0,cruise
147.750000,0.002512,,0.586738,0.638184,-1.942629,1.487429,off,none,-0.308619,0,0,0,cruise
147.800000,0.002609,,0.564107,0.633528,-1.930621,1.497772,off,none,-0.311875,0,0,0,cruise
147.850000,0.003270,,0.541457,0.605338,-1.934319,1.491987,off,none,-0.314739,0,0,0,cruise
147.900000,0.003323,,0.551061,0.601303,-1.933177,1.477855,off,none,-0.316960,0,0,0,cruise
147.950000,0.002538,,0.548350,0.628082,-1.936426,1.483025,off,none,-0.320118,0,0,0,cruise
148.000000,0.002753,,0.524245,0.630236,-1.944163,1.475403,off,none,-0.322924,0,0,0,cruise
148.050000,0.003132,,0.522488,0.611831,-1.929319,1.488944,off,none,-0.327546,0,0,0,cruise
148.100000,0.003002,,0.532401,0.594342,-1.923129,1.492304,off,none,-0.331634,0,0,0,cruise
148.150000,0.002840,,0.536176,0.546726,-1.926230,1.492985,off,none,-0.334635,0,0,0,cruise
148.200000,0.003043,,0.540597,0.524480,-1.931506,1.496951,off,none,-0.335380,0,0,0,cruise
148.250000,0.003405,,0.537329,0.534638,-1.911850,1.493658,off,none,-0.334413,0,0,0,cruise
148.300000,0.004001,,0.523209,0.520658,-1.879255,1.511275,off,none,-0.333955,0,0,0,cruise
148.350000,0.004665,,0.545584,0.522134,-1.862815,1.521169,off,none,-0.322190,0,0,0,cruise
148.400000,0.003897,,0.569303,0.566696,-1.876487,1.502544,off,none,-0.271955,0,0,0,cruise
148.450000,0.003367,,0.564827,0.551478,-1.888374,1.477949,off,none,-0.221718,0,0,0,cruise
148.500000,0.003719,,0.590972,0.529249,-1.870434,1.484117,off,none,-0.170977,0,0,0,cruise
148.550000,0.004455,,0.586832,0.533417,-1.875258,1.501997,off,none,-0.121733,0,0,0,cruise
148.600000,0.004562,,0.550653,0.433578,-1.865168,1.522127,off,none,-0.070629,0,0,0,cruise
148.650000,0.004370,,0.538833,0.412884,-1.872762,1.518132,off,none,-0.021758,0,0,0,cruise
148.700000,0.003931,,0.509282,0.425932,-1.871975,1.502092,off,none,0.029491,0,0,0,cruise
148.750000,0.004622,,0.486887,0.389312,-1.853218,1.518053,off,none,0.078621,0,0,0,cruise
148.800000,0.005051,,0.478698,0.364382,-1.840895,1.523318,off,none,0.128014,0,0,0,cruise
148.850000,0.003760,,0.461758,0.295239,-1.831462,1.519354,off,none,0.162692,0,0,0,cruise
148.900000,0.004126,,0.482206,0.320044,-1.796184,1.553743,off,none,0.148013,0,0,0,cruise
148.950000,0.004881,,0.460194,0.278214,-1.803479,1.585566,off,none,0.161369,0,0,0,cruise
149.000000,0.004612,,0.507718,0.337074,-1.798458,1.601472,off,none,0.150745,0,0,0,cruise
149.050000,0.003806,,0.536194,0.373286,-1.790431,1.578851,off,none,0.118778,0,0,0,cruise
149.100000,0.004205,,0.499290,0.301460,-1.785572,1.605830,off,none,0.108298,0,0,0,cruise
149.150000,0.004357,,0.477468,0.232862,-1.782441,1.628724,off,none,0.124866,0,0,0,cruise
149.200000,0.004126,,0.462875,0.193482,-1.764230,1.648772,off,none,0.178245,0,0,0,cruise
149.250000,0.003886,,0.464001,0.198202,-1.738767,1.656995,off,none,0.231977,0,0,0,cruise
149.300000,0.004963,,0.437978,0.203504,-1.732539,1.670636,off,none,0.181919,0,0,0,cruise
149.350000,0.004708,,0.375865,0.157683,-1.722046,1.681264,off,none,0.131723,0,0,0,cruise
149.400000,0.004259,,0.343427,0.123984,-1.712337,1.676934,off,none,0.162869,0,0,0,cruise
149.450000,0.004041,,0.365857,0.146415,-1.714984,1.690636,off,none,0.187574,0,0,0,cruise
149.500000,0.004857,,0.380077,0.151477,-1.706131,1.713703,off,none,0.188927,0,0,0,cruise
149.550000,0.004834,,0.403087,0.156716,-1.673722,1.713308,off,none,0.194699,0,0,0,cruise
149.600000,0.004548,,0.422753,0.184125,-1.667634,1.705778,off,none,0.210774,0,0,0,cruise
149.650000,0.005442,,0.381682,0.170994,-1.685513,1.731050,off,none,0.235895,0,0,0,cruise
149.700000,0.005921,,0.412007,0.178402,-1.689316,1.738223,off,none,0.229887,0,0,0,cruise
149.750000,0.005837,,0.416276,0.199235,-1.676954,1.743486,off,none,0.215509,0,0,0,cruise
149.800000,0.006267,,0.365383,0.166430,-1.689581,1.734214,off,none,0.231245,0,0,0,cruise
149.850000,0.006310,,0.350841,0.149958,-1.688628,1.735889,off,none,0.250337,0,0,0,cruise
149.900000,0.004575,,0.312573,0.117451,-1.663403,1.721311,off,none,0.281160,0,0,0,cruise
149.950000,0.004411,,0.347220,0.148703,-1.668787,1.709621,off,none,0.303349,0,0,0,cruise
150.000000,0.005710,,0.385021,0.191154,-1.662703,1.725726,off,none,0.347865,0,0,0,cruise
150.050000,0.005046,,0.362894,0.190736,-1.662806,1.700058,off,none,0.383466,0,0,0,cruise
150.100000,0.004741,,0.312767,0.171509,-1.690583,1.689553,off,none,0.408488,0,0,0,cruise
150.150000,0.005465,,0.303623,0.145792,-1.716499,1.705927,off,none,0.348096,0,0,0,cruise
150.200000,0.005709,,0.292797,0.149436,-1.711428,1.712748,off,none,0.218750,0,0,0,cruise
150.250000,0.005118,,0.306163,0.150634,-1.681144,1.706534,off,none,0.169922,0,0,0,cruise
150.300000,0.004649,,0.285669,0.137531,-1.682439,1.712041,off,none,0.279422,0,0,0,cruise
150.350000,0.004993,,0.290095,0.145468,-1.704835,1.702462,off,none,0.409739,0,0,0,cruise
150.400000,0.004770,,0.270920,0.134904,-1.686472,1.706172,off,none,0.490819,0,0,0,cruise
150.450000,0.004960,,0.272043,0.132830,-1.688752,1.710416,off,none,0.524448,0,0,0,cruise
150.500000,0.004434,,0.250831,0.116286,-1.656649,1.731255,off,none,0.568454,0,0,0,cruise
150.550000,0.004363,,0.237094,0.100517,-1.650141,1.739596,off,none,0.593035,0,0,0,cruise
150.600000,0.004326,,0.234816,0.105814,-1.660610,1.742485,off,none,0.600138,0,0,0,cruise
150.650000,0.004605,,0.239572,0.110466,-1.666870,1.742595,off,none,0.602773,0,0,0,cruise
150.700000,0.004836,,0.229939,0.098080,-1.630422,1.763252,off,none,0.610272,0,0,0,cruise
150.750000,0.005031,,0.227796,0.090923,-1.630133,1.778762,off,none,0.633481,0,0,0,cruise
150.800000,0.005306,,0.228508,0.104417,-1.607750,1.792085,off,none,0.650654,0,0,0,cruise
150.850000,0.004761,,0.214402,0.094676,-1.588518,1.799477,off,none,0.645091,0,0,0,cruise
150.900000,0.004719,,0.198470,0.081269,-1.573176,1.831675,off,none,0.618537,0,0,0,cruise
150.950000,0.004579,,0.194473,0.084967,-1.576782,1.819871,off,none,0.616751,0,0,0,cruise
151.000000,0.004774,,0.172916,0.071120,-1.549189,1.867386,off,none,0.653202,0,0,0,cruise
151.050000,0.005464,,0.199219,0.082872,-1.539989,1.872847,off,none,0.695400,0,0,0,cruise
151.100000,0.005136,,0.199887,0.086587,-1.552247,1.834950,off,none,0.704851,0,0,0,cruise
151.150000,0.004810,,0.183315,0.083314,-1.554526,1.837824,off,none,0.700989,0,0,0,cruise
151.200000,0.004493,,0.182045,0.082242,-1.541169,1.843154,off,none,0.729787,0,0,0,cruise
151.250000,0.004109,,0.158349,0.075892,-1.509477,1.863851,off,none,0.784731,0,0,0,cruise
151.300000,0.004412,,0.165974,0.075810,-1.500007,1.872364,off,none,0.824328,0,0,0,cruise
151.350000,0.004920,,0.163050,0.074248,-1.496489,1.880259,off,none,0.854853,0,0,0,cruise
151.400000,0.004418,,0.147878,0.070850,-1.551330,1.857457,off,none,0.917863,0,0,0,cruise
151.450000,0.004159,,0.145232,0.071044,-1.561632,1.842595,off,none,0.970517,0,0,0,cruise
151.500000,0.003807,,0.149228,0.071728,-1.517594,1.866107,off,none,1.012992,0,0,0,cruise
151.550000,0.003800,,0.153586,0.077191,-1.524417,1.859608,off,none,1.002164,0,0,0,cruise
151.600000,0.003977,,0.165614,0.086289,-1.557697,1.806359,off,none,0.925595,0,0,0,cruise
151.650000,0.003771,,0.152589,0.075429,-1.572126,1.804600,off,none,0.892892,0,0,0,cruise
151.700000,0.004684,,0.160267,0.079210,-1.552222,1.855912,off,none,0.908226,0,0,0,cruise
151.750000,0.004316,,0.154852,0.078722,-1.555005,1.853470,off,none,0.942332,0,0,0,cruise
151.800000,0.004523,,0.145793,0.078238,-1.558197,1.838065,off,none,0.966006,0,0,0,cruise
151.850000,0.004728,,0.150744,0.078139,-1.555731,1.833710,off,none,0.953040,0,0,0,cruise
151.900000,0.003904,,0.129258,0.066283,-1.580154,1.824821,off,none,0.928384,0,0,0,cruise
151.950000,0.003349,,0.124730,0.066176,-1.584054,1.826405,off,none,0.943880,0,0,0,cruise
152.000000,0.003606,,0.130173,0.067043,-1.576559,1.837595,off,none,1.025509,0,0,0,cruise
152.050000,0.003437,,0.145178,0.077203,-1.569694,1.829758,off,none,1.088110,0,0,0,cruise
152.100000,0.003107,,0.144939,0.071704,-1.578630,1.830498,off,none,1.104270,0,0,0,cruise
152.150000,0.002416,,0.150448,0.077686,-1.566132,1.810033,off,none,1.082123,0,0,0,cruise
152.200000,0.002702,,0.142449,0.075449,-1.576292,1.807907,off,none,1.061486,0,0,0,cruise
152.250000,0.003591,,0.139322,0.075033,-1.564516,1.858242,off,none,1.093555,0,0,0,cruise
152.300000,0.003549,,0.146912,0.086083,-1.583482,1.832407,off,none,1.138403,0,0,0,cruise
152.350000,0.002809,,0.152519,0.083909,-1.617486,1.779027,off,none,1.162501,0,0,0,cruise
152.400000,0.002633,,0.146413,0.081190,-1.610641,1.771205,off,none,1.164385,0,0,0,cruise
152.450000,0.003406,,0.142008,0.083373,-1.629246,1.763575,off,none,1.146748,0,0,0,cruise
152.500000,0.003275,,0.142661,0.077552,-1.635836,1.767100,off,none,1.177514,0,0,0,cruise
152.550000,0.004042,,0.162091,0.090322,-1.700536,1.748549,off,none,1.223456,0,0,0,cruise
152.600000,0.004756,,0.159626,0.089305,-1.685190,1.765025,off,none,1.265542,0,0,0,cruise
152.650000,0.003582,,0.130544,0.075765,-1.602318,1.805269,off,none,1.246059,0,0,0,cruise
152.700000,0.003960,,0.130897,0.074018,-1.591527,1.805308,off,none,1.249339,0,0,0,cruise
152.750000,0.003493,,0.141623,0.083529,-1.534254,1.814617,off,none,1.283162,0,0,0,cruise
152.800000,0.004608,,0.164442,0.094820,-1.577488,1.791710,off,none,1.275354,0,0,0,cruise
152.850000,0.004968,,0.185433,0.103151,-1.591388,1.778749,off,none,1.198228,0,0,0,cruise
152.900000,0.003599,,0.160405,0.087635,-1.574935,1.793865,off,none,1.151409,0,0,0,cruise
152.950000,0.003254,,0.162283,0.085855,-1.558612,1.807816,off,none,1.145388,0,0,0,cruise
153.000000,0.002883,,0.155002,0.079433,-1.553514,1.814002,off,none,1.168009,0,0,0,cruise
153.050000,0.002909,,0.169671,0.091008,-1.537552,1.792552,off,none,1.164709,0,0,0,cruise
153.100000,0.002717,,0.161789,0.084943,-1.518406,1.782498,off,none,1.160025,0,0,0,cruise
153.150000,0.002886,,0.160808,0.086300,-1.509997,1.760109,off,none,1.122186,0,0,0,cruise
153.200000,0.004198,,0.171843,0.090658,-1.511937,1.786847,off,none,1.113839,0,0,0,cruise
153.250000,0.004372,,0.172412,0.092159,-1.537063,1.821818,off,none,1.139454,0,0,0,cruise
153.300000,0.004631,,0.180476,0.100213,-1.554956,1.820599,off,none,1.132617,0,0,0,cruise
153.350000,0.004100,,0.192292,0.110790,-1.551427,1.771403,off,none,1.136733,0,0,0,cruise
153.400000,0.003307,,0.168153,0.096508,-1.536364,1.767991,off,none,1.160813,0,0,0,cruise
153.450000,0.003531,,0.176100,0.106771,-1.520956,1.788617,off,none,1.130707,0,0,0,cruise
153.500000,0.003583,,0.197152,0.121538,-1.559365,1.763016,off,none,1.133207,0,0,0,cruise
153.550000,0.003546,,0.184608,0.113769,-1.546431,1.772105,off,none,1.168089,0,0,0,cruise
153.600000,0.003150,,0.194481,0.122282,-1.568653,1.735599,off,none,1.170812,0,0,0,cruise
153.650000,0.003589,,0.208456,0.132632,-1.588092,1.738092,off,none,1.190211,0,0,0,cruise
153.700000,0.003910,,0.202394,0.124877,-1.582575,1.733926,off,none,1.232057,0,0,0,cruise
153.750000,0.004052,,0.225212,0.140385,-1.562058,1.734507,off,none,1.299909,0,0,0,cruise
153.800000,0.004775,,0.222696,0.156514,-1.558911,1.749677,off,none,1.310441,0,0,0,cruise
153.850000,0.005601,,0.232794,0.157020,-1.603006,1.742782,off,none,1.300928,0,0,0,cruise
153.900000,0.004574,,0.221986,0.148896,-1.551417,1.762493,off,none,1.319259,0,0,0,cruise
153.950000,0.005128,,0.249150,0.167009,-1.518532,1.749006,off,none,1.383540,0,0,0,cruise
154.000000,0.004670,,0.246957,0.154429,-1.538628,1.739578,off,none,1.414730,0,0,0,cruise
154.050000,0.004113,,0.233513,0.146726,-1.511713,1.750683,off,none,1.447656,0,0,0,cruise
154.100000,0.004136,,0.231229,0.143884,-1.486216,1.756337,off,none,1.460175,0,0,0,cruise
154.150000,0.003618,,0.206857,0.124008,-1.470638,1.772693,off,none,1.387160,0,0,0,cruise
154.200000,0.004015,,0.231076,0.135287,-1.504592,1.750930,off,none,1.354926,0,0,0,cruise
154.250000,0.004002,,0.252160,0.156074,-1.525257,1.751618,off,none,1.404219,0,0,0,cruise
154.300000,0.004158,,0.265402,0.171631,-1.546578,1.754979,off,none,1.472498,0,0,0,cruise
154.350000,0.005120,,0.318575,0.193417,-1.497971,1.763869,off,none,1.469474,0,0,0,cruise
154.400000,0.005426,,0.308985,0.207998,-1.517254,1.757553,off,none,1.466528,0,0,0,cruise
154.450000,0.005691,,0.270378,0.197218,-1.565693,1.730031,off,none,1.463478,0,0,0,cruise
154.500000,0.005598,,0.278447,0.189165,-1.569168,1.712363,off,none,1.461099,0,0,0,cruise
154.550000,0.004475,,0.244485,0.143968,-1.525645,1.725609,off,none,1.457967,0,0,0,cruise
154.600000,0.003389,,0.191392,0.114890,-1.452418,1.739103,off,none,1.454795,0,0,0,cruise
154.650000,0.003668,,0.182931,0.111163,-1.484141,1.734208,off,none,1.451552,0,0,0,cruise
154.700000,0.004576,,0.207494,0.125168,-1.504284,1.742687,off,none,1.447688,0,0,0,cruise
154.750000,0.005105,,0.236974,0.152065,-1.519125,1.734860,off,none,1.444066,0,0,0,cruise
154.800000,0.005152,,0.271693,0.206360,-1.485544,1.738331,off,none,1.440691,0,0,0,cruise
154.850000,0.005526,,0.260309,0.207402,-1.461887,1.721654,off,none,1.437674,0,0,0,cruise
154.900000,0.005844,,0.230516,0.174546,-1.461579,1.687328,off,none,1.434500,0,0,0,cruise
154.950000,0.006585,,0.217912,0.148984,-1.420477,1.663144,off,none,1.430473,0,0,0,cruise
155.000000,0.006138,,0.204985,0.118882,-1.406366,1.673492,off,none,1.427131,0,0,0,cruise
155.050000,0.005458,,0.185353,0.104391,-1.403571,1.670508,off,none,1.423231,0,0,0,cruise
155.100000,0.004793,,0.177020,0.107567,-1.345447,1.700622,off,none,1.418609,0,0,0,cruise
155.150000,0.004746,,0.218390,0.148282,-1.330590,1.729621,off,none,1.414020,0,0,0,cruise
155.200000,0.004870,,0.222968,0.152574,-1.337119,1.737536,off,none,1.411027,0,0,0,cruise
155.250000,0.005304,,0.217752,0.150889,-1.358087,1.747683,off,none,1.407509,0,0,0,cruise
155.300000,0.005035,,0.194824,0.126873,-1.294539,1.746723,off,none,1.403505,0,0,0,cruise
155.350000,0.005690,,0.180416,0.121944,-1.293108,1.749826,off,none,1.399621,0,0,0,cruise
155.400000,0.006221,,0.192142,0.140322,-1.326799,1.732920,off,none,1.396409,0,0,0,cruise
155.450000,0.005712,,0.171540,0.129979,-1.261405,1.741718,off,none,1.393091,0,0,0,cruise
155.500000,0.005911,,0.146574,0.117320,-1.220962,1.767203,off,none,1.389701,0,0,0,cruise
155.550000,0.006401,,0.148277,0.118200,-1.241172,1.746602,off,none,1.386449,0,0,0,cruise
155.600000,0.006275,,0.163624,0.135361,-1.236849,1.745699,off,none,1.384074,0,0,0,cruise
155.650000,0.006049,,0.158958,0.128236,-1.219310,1.729839,off,none,1.381128,0,0,0,cruise
155.700000,0.005781,,0.144748,0.111266,-1.178447,1.703845,off,none,1.377602,0,0,0,cruise
155.750000,0.005384,,0.147326,0.121824,-1.230857,1.703134,off,none,1.373957,0,0,0,cruise
155.800000,0.006194,,0.142690,0.120483,-1.225404,1.727792,off,none,1.371313,0,0,0,cruise
155.850000,0.005898,,0.136422,0.096266,-1.165197,1.744503,off,none,1.368501,0,0,0,cruise
155.900000,0.004291,,0.136755,0.094201,-1.210521,1.719505,off,none,1.365005,0,0,0,cruise
155.950000,0.005207,,0.141830,0.109318,-1.301901,1.709967,off,none,1.362199,0,0,0,cruise
156.000000,0.005369,,0.167397,0.117255,-1.409909,1.708777,off,none,1.359197,0,0,0,cruise
156.050000,0.005542,,0.174613,0.117493,-1.430948,1.724039,off,none,1.356270,0,0,0,cruise
156.100000,0.006053,,0.179285,0.129381,-1.356493,1.720564,off,none,1.353509,0,0,0,cruise
156.150000,0.005517,,0.165979,0.135742,-1.376480,1.715864,off,none,1.350557,0,0,0,cruise
156.200000,0.005917,,0.162033,0.136230,-1.409350,1.689404,off,none,1.348141,0,0,0,cruise
156.250000,0.005851,,0.160408,0.150732,-1.477395,1.615838,off,none,1.346385,0,0,0,cruise
156.300000,0.006659,,0.200991,0.190240,-1.410591,1.594442,off,none,1.343647,0,0,0,cruise
156.350000,0.006485,,0.205026,0.191615,-1.377417,1.588474,off,none,1.340711,0,0,0,cruise
156.400000,0.006504,,0.214048,0.209023,-1.422235,1.527532,off,none,1.338517,0,0,0,cruise
156.450000,0.006726,,0.228949,0.224720,-1.495334,1.490005,off,none,1.335560,0,0,0,cruise
156.500000,0.006408,,0.221960,0.237048,-1.475561,1.505347,off,none,1.333232,0,0,0,cruise
156.550000,0.005286,,0.250726,0.296661,-1.488971,1.471053,off,none,1.330350,0,0,0,cruise
156.600000,0.003933,,0.290628,0.349284,-1.497320,1.457742,off,none,1.326571,0,0,0,cruise
156.650000,0.003690,,0.297166,0.341187,-1.514178,1.494992,off,none,1.323587,0,0,0,cruise
156.700000,0.004569,,0.336294,0.452693,-1.563251,1.497660,off,none,1.320310,0,0,0,cruise
156.750000,0.005471,,0.355944,0.455113,-1.552081,1.552202,off,none,1.318031,0,0,0,cruise
156.800000,0.005289,,0.369956,0.403645,-1.543604,1.535304,off,none,1.315481,0,0,0,cruise
156.850000,0.005865,,0.393819,0.519575,-1.534596,1.542902,off,none,1.312843,0,0,0,cruise
156.900000,0.006399,,0.401741,0.570877,-1.583132,1.498315,off,none,1.310145,0,0,0,cruise
156.950000,0.006194,,0.401253,0.554245,-1.658843,1.477459,off,none,1.308095,0,0,0,cruise
157.000000,0.006576,,0.458255,0.529142,-1.666640,1.461101,off,none,1.305948,0,0,0,cruise
157.050000,0.006830,,0.496571,0.525761,-1.683179,1.470397,off,none,1.302970,0,0,0,cruise
157.100000,0.007106,,0.580611,0.610994,-1.674364,1.471176,off,none,1.299982,0,0,0,cruise
157.150000,0.006207,,0.631640,0.650981,-1.724430,1.453891,off,none,1.297587,0,0,0,cruise
157.200000,0.006334,,0.610958,0.652557,-1.720729,1.478009,off,none,1.295140,0,0,0,cruise
157.250000,0.007116,,0.613703,0.681563,-1.672683,1.490190,off,none,1.292159,0,0,0,cruise
157.300000,0.005516,,0.655747,0.627464,-1.673789,1.453106,off,none,1.289065,0,0,0,cruise
157.350000,0.004325,,0.670275,0.616595,-1.678141,1.403313,off,none,1.286769,0,0,0,cruise
157.400000,0.004433,,0.694959,0.672038,-1.689769,1.398042,off,none,1.285177,0,0,0,cruise
157.450000,0.005430,,0.677669,0.623909,-1.699376,1.455102,off,none,1.282692,0,0,0,cruise
157.500000,0.006463,,0.702208,0.607859,-1.684337,1.485428,off,none,1.280344,0,0,0,cruise
157.550000,0.006559,,0.703045,0.644583,-1.688351,1.470475,off,none,1.279210,0,0,0,cruise
157.600000,0.006494,,0.722727,0.642131,-1.693195,1.458594,off,none,1.276985,0,0,0,cruise
157.650000,0.006071,,0.718795,0.631669,-1.684255,1.458976,off,none,1.275320,0,0,0,cruise
157.700000,0.006001,,0.729276,0.671245,-1.716735,1.449691,off,none,1.272535,0,0,0,cruise
157.750000,0.006532,,0.775486,0.731885,-1.737743,1.380118,off,none,1.269943,0,0,0,cruise
157.800000,0.006639,,0.788138,0.828761,-1.762349,1.351542,off,none,1.268134,0,0,0,cruise
157.850000,0.006353,,0.815556,0.841430,-1.768245,1.346991,off,none,1.266032,0,0,0,cruise
157.900000,0.006315,,0.846760,0.838589,-1.782318,1.325893,off,none,1.264137,0,0,0,cruise
157.950000,0.006783,,0.852958,0.864109,-1.772652,1.330568,off,none,1.261852,0,0,0,cruise
158.000000,0.007064,,0.842951,0.882137,-1.759153,1.339638,off,none,1.260048,0,0,0,cruise
158.050000,0.006365,,0.843296,0.878840,-1.752421,1.338871,off,none,1.257937,0,0,0,cruise
158.100000,0.006012,,0.855382,0.887565,-1.739710,1.328939,off,none,1.239847,0,0,0,cruise
158.150000,0.005838,,0.847548,0.890114,-1.762958,1.350260,off,none,1.172390,0,0,0,cruise
158.200000,0.005995,,0.861315,0.885540,-1.767127,1.350703,off,none,1.182843,0,0,0,cruise
158.250000,0.006248,,0.890750,0.893030,-1.770861,1.340634,off,none,1.250586,0,0,0,cruise
158.300000,0.005270,,0.884536,0.845049,-1.780290,1.338685,off,none,1.249016,0,0,0,cruise
158.350000,0.005065,,0.876377,0.835219,-1.726282,1.352989,off,none,1.246856,0,0,0,cruise
158.400000,0.004496,,0.863553,0.822541,-1.707880,1.380223,off,none,1.245104,0,0,0,cruise
158.450000,0.005575,,0.850106,0.830361,-1.706595,1.418582,off,none,1.226542,0,0,0,cruise
158.500000,0.006835,,0.888887,0.876899,-1.742736,1.453465,off,none,1.140242,0,0,0,cruise
158.550000,0.006948,,0.901838,0.885734,-1.768786,1.456317,off,none,1.081140,0,0,0,cruise
158.600000,0.006707,,0.893964,0.879630,-1.785448,1.445810,off,none,1.193562,0,0,0,cruise
158.650000,0.005904,,0.908866,0.873860,-1.812086,1.398863,off,none,1.237285,0,0,0,cruise
158.700000,0.005477,,0.907117,0.867054,-1.824766,1.393915,off,none,1.235134,0,0,0,cruise
158.750000,0.004644,,0.910079,0.858907,-1.831902,1.387704,off,none,1.233343,0,0,0,cruise
158.800000,0.003690,,0.905092,0.822714,-1.785307,1.391744,off,none,1.216139,0,0,0,cruise
158.850000,0.004995,,0.901442,0.848297,-1.765144,1.417195,off,none,1.123211,0,0,0,cruise
158.900000,0.006357,,0.917698,0.885658,-1.800570,1.436227,off,none,1.072774,0,0,0,cruise
158.950000,0.006235,,0.927621,0.905255,-1.811655,1.462307,off,none,1.091720,0,0,0,cruise
159.000000,0.006129,,0.919190,0.898257,-1.817632,1.446296,off,none,1.186526,0,0,0,cruise
159.050000,0.005947,,0.909810,0.881207,-1.821927,1.435765,off,none,1.225697,0,0,0,cruise
159.100000,0.006241,,0.912215,0.903736,-1.827658,1.421245,off,none,1.224176,0,0,0,cruise
159.150000,0.006497,,0.915894,0.903706,-1.842023,1.424735,off,none,1.222577,0,0,0,cruise
159.200000,0.006245,,0.919772,0.899072,-1.835441,1.425528,off,none,1.220577,0,0,0,cruise
159.250000,0.006470,,0.921302,0.911102,-1.821632,1.415213,off,none,1.218234,0,0,0,cruise
159.300000,0.006970,,0.923430,0.913220,-1.818480,1.409782,off,none,1.208880,0,0,0,cruise
159.350000,0.006327,,0.928919,0.919293,-1.811220,1.407737,off,none,1.185106,0,0,0,cruise
159.400000,0.005865,,0.931846,0.918052,-1.831826,1.395258,off,none,1.165217,0,0,0,cruise
159.450000,0.006010,,0.925693,0.905759,-1.829507,1.393369,off,none,1.192249,0,0,0,cruise
159.500000,0.006142,,0.931864,0.900674,-1.826002,1.395020,off,none,1.211628,0,0,0,cruise
159.550000,0.006386,,0.935670,0.907272,-1.804723,1.378035,off,none,1.209761,0,0,0,cruise
159.600000,0.005938,,0.942819,0.918870,-1.778841,1.376630,off,none,1.207496,0,0,0,cruise
159.650000,0.005830,,0.949050,0.930365,-1.791930,1.383409,off,none,1.206291,0,0,0,cruise
159.700000,0.006204,,0.948948,0.934441,-1.787425,1.404746,off,none,1.199592,0,0,0,cruise
159.750000,0.006032,,0.947352,0.931979,-1.799733,1.394996,off,none,1.182126,0,0,0,cruise
159.800000,0.006233,,0.948749,0.929754,-1.799107,1.377747,off,none,1.201981,0,0,0,cruise
159.850000,0.006135,,0.951854,0.935178,-1.813617,1.362178,off,none,1.200258,0,0,0,cruise
159.900000,0.006101,,0.954344,0.937632,-1.818309,1.357264,off,none,1.199089,0,0,0,cruise
159.950000,0.006229,,0.951436,0.932171,-1.823761,1.348292,off,none,1.198170,0,0,0,cruise
160.000000,0.006477,,0.953484,0.940626,-1.808111,1.345778,off,none,1.185221,0,0,0,cruise
160.050000,0.006866,,0.957658,0.949131,-1.812453,1.342926,off,none,1.136042,0,0,0,cruise
160.100000,0.006778,,0.958028,0.949574,-1.823766,1.368461,off,none,1.118361,0,0,0,cruise
160.150000,0.006594,,0.956681,0.949464,-1.830273,1.369155,off,none,1.119682,0,0,0,cruise
160.200000,0.006309,,0.948777,0.936801,-1.841462,1.364868,off,none,1.168625,0,0,0,cruise
160.250000,0.005813,,0.942009,0.902142,-1.857166,1.369195,off,none,1.187218,0,0,0,cruise
160.300000,0.006058,,0.940749,0.888061,-1.851387,1.362475,off,none,1.178773,0,0,0,cruise
160.350000,0.006073,,0.950466,0.916971,-1.849769,1.369652,off,none,1.119360,0,0,0,cruise
160.400000,0.006193,,0.952135,0.937126,-1.836506,1.375825,off,none,1.086841,0,0,0,cruise
160.450000,0.006410,,0.962403,0.939841,-1.813106,1.379323,off,none,1.107550,0,0,0,cruise
160.500000,0.006716,,0.965470,0.937799,-1.820958,1.380223,off,none,1.123190,0,0,0,cruise
160.550000,0.006738,,0.968741,0.953534,-1.835463,1.373842,off,none,1.165156,0,0,0,cruise
160.600000,0.006290,,0.971064,0.954751,-1.830613,1.389154,off,none,1.181716,0,0,0,cruise
160.650000,0.005966,,0.973495,0.951922,-1.810352,1.402257,off,none,1.153549,0,0,0,cruise
160.700000,0.006194,,0.973444,0.959760,-1.822036,1.396931,off,none,1.107906,0,0,0,cruise
160.750000,0.005912,,0.973284,0.956941,-1.824665,1.396081,off,none,1.033547,0,0,0,cruise
160.800000,0.005821,,0.973405,0.957180,-1.834021,1.380134,off,none,1.012131,0,0,0,cruise
160.850000,0.005645,,0.978150,0.960977,-1.819867,1.375810,off,none,1.106839,0,0,0,cruise
160.900000,0.005492,,0.978718,0.958476,-1.825029,1.369529,off,none,1.143250,0,0,0,cruise
160.950000,0.005321,,0.980142,0.960615,-1.808610,1.376035,off,none,1.124137,0,0,0,cruise
161.000000,0.005001,,0.977552,0.960093,-1.815480,1.389740,off,none,1.081411,0,0,0,cruise
161.050000,0.005095,,0.978555,0.957440,-1.841417,1.375742,off,none,1.024238,0,0,0,cruise
161.100000,0.004893,,0.980557,0.956248,-1.838896,1.349259,off,none,0.974142,0,0,0,cruise
161.150000,0.005017,,0.980301,0.959380,-1.844250,1.348628,off,none,0.955525,0,0,0,cruise
161.200000,0.004981,,0.981682,0.965955,-1.868785,1.351489,off,none,0.936751,0,0,0,cruise
161.250000,0.004832,,0.983424,0.967748,-1.873837,1.336212,off,none,0.949652,0,0,0,cruise
161.300000,0.004761,,0.982554,0.963671,-1.877801,1.332859,off,none,0.954361,0,0,0,cruise
161.350000,0.004458,,0.981037,0.955042,-1.860918,1.313760,off,none,0.922446,0,0,0,cruise
161.400000,0.004382,,0.981130,0.952361,-1.854087,1.300186,off,none,0.985203,0,0,0,cruise
161.450000,0.004822,,0.979942,0.958155,-1.872542,1.302810,off,none,1.030529,0,0,0,cruise
161.500000,0.004347,,0.980413,0.953256,-1.861880,1.305592,off,none,1.041415,0,0,0,cruise
161.550000,0.003704,,0.981419,0.947303,-1.844829,1.318681,off,none,0.940381,0,0,0,cruise
161.600000,0.004023,,0.981379,0.959625,-1.851596,1.303897,off,none,0.961176,0,0,0,cruise
161.650000,0.004366,,0.981033,0.959844,-1.829641,1.307184,off,none,1.005245,0,0,0,cruise
161.700000,0.004346,,0.981229,0.956450,-1.824770,1.315504,off,none,1.004219,0,0,0,cruise
161.750000,0.003945,,0.980933,0.953783,-1.824036,1.316389,off,none,0.950247,0,0,0,cruise
161.800000,0.003545,,0.979873,0.948624,-1.817556,1.338422,off,none,0.981252,0,0,0,cruise
161.850000,0.003508,,0.981028,0.948501,-1.804327,1.342841,off,none,0.926595,0,0,0,cruise
161.900000,0.003473,,0.984007,0.959984,-1.801204,1.347324,off,none,0.937088,0,0,0,cruise
161.950000,0.003290,,0.984515,0.955036,-1.793067,1.353272,off,none,0.913196,0,0,0,cruise
162.000000,0.003402,,0.985462,0.954064,-1.786444,1.356919,off,none,0.935004,0,0,0,cruise
162.050000,0.003193,,0.984823,0.951938,-1.782052,1.373507,off,none,0.924359,0,0,0,cruise
162.100000,0.002767,,0.985442,0.945640,-1.788901,1.385968,off,none,0.970347,0,0,0,cruise
162.150000,0.002934,,0.984750,0.948739,-1.776136,1.383436,off,none,0.981375,0,0,0,cruise
162.200000,0.002939,,0.983037,0.944997,-1.762147,1.410597,off,none,0.961479,0,0,0,cruise
162.250000,0.002545,,0.985161,0.946230,-1.759382,1.434009,off,none,0.946655,0,0,0,cruise
162.300000,0.002180,,0.985168,0.951233,-1.775575,1.445186,off,none,0.956728,0,0,0,cruise
162.350000,0.002430,,0.986673,0.957628,-1.752870,1.453923,off,none,0.933477,0,0,0,cruise
162.400000,0.002534,,0.985843,0.962617,-1.739588,1.462176,off,none,0.967129,0,0,0,cruise
162.450000,0.002228,,0.987038,0.965004,-1.743431,1.477780,off,none,0.967351,0,0,0,cruise
162.500000,0.002157,,0.986361,0.961840,-1.724868,1.477141,off,none,0.985192,0,0,0,cruise
162.550000,0.001871,,0.987437,0.962299,-1.716177,1.483720,off,none,0.954667,0,0,0,cruise
162.600000,0.001816,,0.987844,0.967838,-1.718462,1.494602,off,none,0.981621,0,0,0,cruise
162.650000,0.001773,,0.989409,0.971180,-1.706783,1.505029,off,none,0.991357,0,0,0,cruise
162.700000,0.001984,,0.988357,0.963502,-1.693309,1.515520,off,none,0.995367,0,0,0,cruise
162.750000,0.001809,,0.988787,0.962412,-1.678757,1.524830,off,none,0.994956,0,0,0,cruise
162.800000,0.001439,,0.990717,0.968266,-1.697794,1.533029,off,none,0.995783,0,0,0,cruise
162.850000,0.001437,,0.990168,0.964260,-1.691272,1.545085,off,none,0.922584,0,0,0,cruise
162.900000,0.001561,,0.990708,0.968053,-1.671039,1.560984,off,none,0.970126,0,0,0,cruise
162.950000,0.001491,,0.988657,0.956692,-1.643222,1.574967,off,none,0.971321,0,0,0,cruise
163.000000,0.001623,,0.986428,0.957433,-1.603225,1.595651,off,none,0.960353,0,0,0,cruise
163.050000,0.001012,,0.986649,0.950588,-1.623825,1.604271,off,none,0.980720,0,0,0,cruise
163.100000,0.001121,,0.987837,0.951851,-1.655890,1.618412,off,none,1.027698,0,0,0,cruise
163.150000,0.001418,,0.988178,0.956627,-1.646422,1.611926,off,none,1.010884,0,0,0,cruise
163.200000,0.001426,,0.986160,0.948397,-1.614022,1.601586,off,none,0.931010,0,0,0,cruise
163.250000,0.001064,,0.988458,0.932657,-1.606530,1.620876,off,none,0.928116,0,0,0,cruise
163.300000,0.000925,,0.986949,0.926869,-1.613560,1.649000,off,none,0.902447,0,0,0,cruise
163.350000,0.000748,,0.985373,0.929092,-1.615988,1.661897,off,none,0.953505,0,0,0,cruise
163.400000,0.000895,,0.985044,0.945615,-1.654402,1.649822,off,none,0.988156,0,0,0,cruise
163.450000,0.001233,,0.982975,0.952007,-1.646633,1.659502,off,none,1.005748,0,0,0,cruise
163.500000,0.000819,,0.983853,0.944884,-1.643916,1.675680,off,none,1.047700,0,0,0,cruise
163.550000,0.000533,,0.984075,0.923585,-1.639494,1.663858,off,none,1.012773,0,0,0,cruise
163.600000,0.000642,,0.980060,0.874814,-1.638377,1.671436,off,none,1.058400,0,0,0,cruise
163.650000,0.000797,,0.979916,0.882539,-1.633081,1.676807,off,none,1.029346,0,0,0,cruise
163.700000,0.000334,,0.984099,0.880810,-1.637013,1.667261,off,none,0.932886,0,0,0,cruise
163.750000,0.000156,,0.984031,0.860302,-1.647260,1.672165,off,none,0.904999,0,0,0,cruise
163.800000,0.000421,,0.984042,0.882985,-1.651268,1.660038,off,none,0.898892,0,0,0,cruise
163.850000,0.000174,,0.985312,0.915643,-1.645159,1.656436,off,none,0.844463,0,0,0,cruise
163.900000,-0.000031,,0.985070,0.934896,-1.641325,1.657421,off,none,0.818716,0,0,0,cruise
163.950000,-0.000278,,0.986138,0.952368,-1.637984,1.675367,off,none,0.807288,0,0,0,cruise
164.000000,-0.000407,,0.983647,0.938193,-1.632620,1.677866,off,none,0.866968,0,0,0,cruise
164.050000,-0.000639,,0.982825,0.943985,-1.621546,1.667836,off,none,0.968949,0,0,0,cruise
164.100000,-0.000720,,0.983479,0.951416,-1.631615,1.659651,off,none,1.021020,0,0,0,cruise
164.150000,-0.000421,,0.984281,0.965932,-1.652767,1.653381,off,none,0.995846,0,0,0,cruise
164.200000,-0.000206,,0.983888,0.971672,-1.641319,1.651756,off,none,0.913791,0,0,0,cruise
164.250000,-0.000298,,0.981018,0.958842,-1.637763,1.643665,off,none,0.808406,0,0,0,cruise
164.300000,-0.000291,,0.973888,0.917128,-1.655513,1.645552,off,none,0.817977,0,0,0,cruise
164.350000,-0.000613,,0.973886,0.895837,-1.678490,1.671199,off,none,0.854272,0,0,0,cruise
164.400000,-0.000722,,0.980829,0.941274,-1.665308,1.668668,off,none,0.877514,0,0,0,cruise
164.450000,-0.000453,,0.984643,0.957976,-1.655395,1.671899,off,none,0.906735,0,0,0,cruise
164.500000,-0.000439,,0.984304,0.936396,-1.620371,1.671010,off,none,0.912185,0,0,0,cruise
164.550000,-0.000664,,0.983562,0.895085,-1.623077,1.686249,off,none,0.898854,0,0,0,cruise
164.600000,-0.000837,,0.982632,0.876444,-1.639571,1.689818,off,none,0.849546,0,0,0,cruise
164.650000,-0.000819,,0.980090,0.891296,-1.653792,1.679594,off,none,0.799579,0,0,0,cruise
164.700000,-0.000792,,0.983737,0.916060,-1.662528,1.659307,off,none,0.749618,0,0,0,cruise
164.750000,-0.000876,,0.985851,0.944134,-1.673331,1.665813,off,none,0.720095,0,0,0,cruise
164.800000,-0.000778,,0.987711,0.950350,-1.687860,1.653466,off,none,0.739055,0,0,0,cruise
164.850000,-0.000746,,0.986928,0.946613,-1.687958,1.647683,off,none,0.738267,0,0,0,cruise
164.900000,-0.000991,,0.988200,0.953658,-1.673724,1.657481,off,none,0.749223,0,0,0,cruise
164.950000,-0.001103,,0.989159,0.956988,-1.674615,1.660500,off,none,0.698495,0,0,0,cruise
165.000000,-0.000986,,0.987957,0.946776,-1.674077,1.645323,off,none,0.649561,0,0,0,cruise
165.050000,-0.001229,,0.986958,0.904770,-1.666305,1.645005,off,none,0.598367,0,0,0,cruise
165.100000,-0.001385,,0.987815,0.905244,-1.670851,1.646216,off,none,0.549826,0,0,0,cruise
165.150000,-0.001068,,0.988412,0.946188,-1.684245,1.635991,off,none,0.499366,0,0,0,cruise
165.200000,-0.001029,,0.988331,0.950038,-1.685045,1.618702,off,none,0.448584,0,0,0,cruise
165.250000,-0.001397,,0.989248,0.944887,-1.694403,1.627526,off,none,0.399731,0,0,0,cruise
165.300000,-0.001131,,0.987775,0.939294,-1.717846,1.621214,off,none,0.349627,0,0,0,cruise
165.350000,-0.000838,,0.987444,0.948604,-1.722759,1.618424,off,none,0.299112,0,0,0,cruise
165.400000,-0.000958,,0.988658,0.951292,-1.715399,1.621820,off,none,0.249331,0,0,0,cruise
165.450000,-0.001112,,0.990237,0.942933,-1.699702,1.612423,off,none,0.198022,0,0,0,cruise
165.500000,-0.000976,,0.991124,0.944748,-1.710902,1.588957,off,none,0.148007,0,0,0,cruise
165.550000,-0.001051,,0.990863,0.930802,-1.729947,1.583071,off,none,0.100049,0,0,0,cruise
165.600000,-0.001173,,0.989973,0.930015,-1.717207,1.598495,off,none,0.049956,0,0,0,cruise
165.650000,-0.001199,,0.987933,0.928655,-1.728917,1.589060,off,none,-0.000734,0,0,0,cruise
165.700000,-0.001109,,0.987900,0.914739,-1.741978,1.595903,off,none,-0.051948,0,0,0,cruise
165.750000,-0.001070,,0.990039,0.922662,-1.736732,1.597732,off,none,-0.100362,0,0,0,cruise
165.800000,-0.001058,,0.989181,0.897086,-1.733658,1.592041,off,none,-0.151332,0,0,0,cruise
165.850000,-0.000919,,0.987989,0.890382,-1.743684,1.586440,off,none,-0.180821,0,0,0,cruise
165.900000,-0.000857,,0.988264,0.918166,-1.741698,1.580122,off,none,-0.150588,0,0,0,cruise
165.950000,-0.001092,,0.987942,0.911535,-1.741056,1.587281,off,none,-0.182114,0,0,0,cruise
166.000000,-0.001010,,0.984921,0.897828,-1.759818,1.578076,off,none,-0.150084,0,0,0,cruise
166.050000,-0.000780,,0.984252,0.886785,-1.771477,1.572302,off,none,-0.200913,0,0,0,cruise
166.100000,-0.001058,,0.982955,0.849589,-1.765903,1.571803,off,none,-0.252599,0,0,0,cruise
166.150000,-0.000966,,0.984273,0.844015,-1.762264,1.559231,off,none,-0.294933,0,0,0,cruise
166.200000,-0.000518,,0.987597,0.890609,-1.753808,1.559238,off,none,-0.313144,0,0,0,cruise
166.250000,-0.000687,,0.988548,0.898255,-1.747932,1.557397,off,none,-0.316706,0,0,0,cruise
166.300000,-0.000820,,0.986721,0.865507,-1.757581,1.566282,off,none,-0.316018,0,0,0,cruise
166.350000,-0.000685,,0.984887,0.839341,-1.769639,1.574342,off,none,-0.313411,0,0,0,cruise
166.400000,-0.000490,,0.985785,0.833600,-1.767552,1.574644,off,none,-0.309505,0,0,0,cruise
166.450000,-0.000492,,0.986679,0.856627,-1.764313,1.577149,off,none,-0.310312,0,0,0,cruise
166.500000,-0.000465,,0.986197,0.856914,-1.769417,1.569539,off,none,-0.309326,0,0,0,cruise
166.550000,-0.000443,,0.985625,0.859023,-1.768277,1.563018,off,none,-0.310006,0,0,0,cruise
166.600000,-0.000581,,0.984604,0.863242,-1.760783,1.583040,off,none,-0.309393,0,0,0,cruise
166.650000,-0.000955,,0.984140,0.870017,-1.759886,1.584754,off,none,-0.307364,0,0,0,cruise
166.700000,-0.000526,,0.987303,0.910554,-1.766000,1.567176,off,none,-0.304590,0,0,0,cruise
166.750000,-0.000420,,0.988277,0.899424,-1.759185,1.575182,off,none,-0.301260,0,0,0,cruise
166.800000,-0.000450,,0.988782,0.900700,-1.762143,1.587182,off,none,-0.297934,0,0,0,cruise
166.850000,-0.000441,,0.985758,0.863315,-1.760990,1.607686,off,none,-0.297940,0,0,0,cruise
166.900000,-0.000329,,0.986160,0.860197,-1.767618,1.601263,off,none,-0.299205,0,0,0,cruise
166.950000,-0.000420,,0.988115,0.852384,-1.771388,1.582790,off,none,-0.303831,0,0,0,cruise
167.000000,-0.000636,,0.988914,0.850773,-1.780168,1.570229,off,none,-0.306988,0,0,0,cruise
167.050000,-0.000377,,0.988601,0.880693,-1.775986,1.572539,off,none,-0.308072,0,0,0,cruise
167.100000,-0.000297,,0.988607,0.891835,-1.758856,1.568567,off,none,-0.300553,0,0,0,cruise
167.150000,-0.000206,,0.988047,0.899018,-1.754672,1.578019,off,none,-0.267578,0,0,0,cruise
167.200000,-0.000031,,0.986378,0.894327,-1.747173,1.582853,off,none,-0.293365,0,0,0,cruise
167.250000,-0.000048,,0.986199,0.925038,-1.734842,1.585546,off,none,-0.284578,0,0,0,cruise
167.300000,-0.000084,,0.988624,0.937026,-1.717126,1.580949,off,none,-0.275251,0,0,0,cruise
167.350000,-0.000206,,0.986171,0.924092,-1.729299,1.569921,off,none,-0.270155,0,0,0,cruise
167.400000,0.000033,,0.986711,0.929395,-1.740544,1.553743,off,none,-0.265503,0,0,0,cruise
167.450000,0.000070,,0.988208,0.913253,-1.746702,1.561302,off,none,-0.267334,0,0,0,cruise
167.500000,-0.000111,,0.988740,0.899286,-1.752033,1.582989,off,none,-0.271316,0,0,0,cruise
167.550000,-0.000062,,0.986342,0.904239,-1.750762,1.593788,off,none,-0.265817,0,0,0,cruise
167.600000,-0.000070,,0.986274,0.883755,-1.761169,1.600519,off,none,-0.234594,0,0,0,cruise
167.650000,-0.000120,,0.986573,0.898011,-1.769769,1.601929,off,none,-0.265425,0,0,0,cruise
167.700000,-0.000087,,0.988858,0.924890,-1.778124,1.611511,off,none,-0.234678,0,0,0,cruise
167.750000,0.000111,,0.986927,0.927271,-1.775467,1.609231,off,none,-0.277510,0,0,0,cruise
167.800000,0.000121,,0.986422,0.909651,-1.761070,1.633818,off,none,-0.277084,0,0,0,cruise
167.850000,-0.000492,,0.985965,0.876864,-1.762731,1.650395,off,none,-0.227880,0,0,0,cruise
167.900000,-0.000377,,0.985166,0.909678,-1.761286,1.637149,off,none,-0.177353,0,0,0,cruise
167.950000,0.000119,,0.987337,0.944543,-1.778453,1.619276,off,none,-0.126119,0,0,0,cruise
168.000000,-0.000047,,0.988163,0.942619,-1.775362,1.609901,off,none,-0.077307,0,0,0,cruise
168.050000,-0.000536,,0.986976,0.923859,-1.772332,1.597285,off,none,-0.028494,0,0,0,cruise
168.100000,-0.000646,,0.984263,0.885048,-1.780516,1.614667,off,none,0.004796,0,0,0,cruise
168.150000,-0.000237,,0.984017,0.910039,-1.794486,1.614523,off,none,-0.045695,0,0,0,cruise
168.200000,-0.000423,,0.983432,0.915117,-1.801416,1.610211,off,none,-0.097686,0,0,0,cruise
168.250000,-0.000796,,0.981966,0.908640,-1.802209,1.607667,off,none,-0.145644,0,0,0,cruise
168.300000,-0.000790,,0.981145,0.897355,-1.813781,1.585795,off,none,-0.196115,0,0,0,cruise
168.350000,-0.000975,,0.980367,0.884829,-1.820921,1.584628,off,none,-0.246955,0,0,0,cruise
168.400000,-0.000956,,0.977682,0.885579,-1.818903,1.584828,off,none,-0.286779,0,0,0,cruise
168.450000,-0.000769,,0.974873,0.872271,-1.820366,1.582656,off,none,-0.287788,0,0,0,cruise
168.500000,-0.000506,,0.975996,0.893875,-1.813110,1.583613,off,none,-0.285400,0,0,0,cruise
168.550000,-0.000688,,0.978343,0.891134,-1.799036,1.578573,off,none,-0.282800,0,0,0,cruise
168.600000,-0.001208,,0.978262,0.866789,-1.789814,1.573273,off,none,-0.283755,0,0,0,cruise
168.650000,-0.000827,,0.978457,0.897428,-1.804349,1.574250,off,none,-0.288492,0,0,0,cruise
168.700000,-0.000630,,0.977243,0.900296,-1.819944,1.556901,off,none,-0.291636,0,0,0,cruise
168.750000,-0.001053,,0.976768,0.877637,-1.811222,1.552180,off,none,-0.292128,0,0,0,cruise
168.800000,-0.001396,,0.973408,0.838097,-1.806791,1.552599,off,none,-0.290700,0,0,0,cruise
168.850000,-0.001234,,0.973650,0.845800,-1.814680,1.539827,off,none,-0.291646,0,0,0,cruise
168.900000,-0.000931,,0.975898,0.891520,-1.803754,1.536041,off,none,-0.291035,0,0,0,cruise
168.950000,-0.001148,,0.973544,0.878709,-1.816877,1.529336,off,none,-0.291109,0,0,0,cruise
169.000000,-0.001449,,0.970232,0.839119,-1.833634,1.516999,off,none,-0.291776,0,0,0,cruise
169.050000,-0.001311,,0.968526,0.859467,-1.846968,1.493263,off,none,-0.295315,0,0,0,cruise
169.100000,-0.001718,,0.965880,0.833828,-1.869765,1.491374,off,none,-0.297847,0,0,0,cruise
169.150000,-0.001778,,0.961281,0.839969,-1.887276,1.484260,off,none,-0.299943,0,0,0,cruise
169.200000,-0.001537,,0.969404,0.845896,-1.899041,1.478287,off,none,-0.301552,0,0,0,cruise
169.250000,-0.001446,,0.973128,0.868628,-1.907449,1.475353,off,none,-0.300160,0,0,0,cruise
169.300000,-0.001730,,0.969834,0.838298,-1.917893,1.479172,off,none,-0.300409,0,0,0,cruise
169.350000,-0.001848,,0.965225,0.806308,-1.916151,1.472368,off,none,-0.289340,0,0,0,cruise
169.400000,-0.001502,,0.959818,0.831132,-1.901432,1.460451,off,none,-0.258543,0,0,0,cruise
169.450000,-0.001239,,0.960931,0.854703,-1.887006,1.452788,off,none,-0.300702,0,0,0,cruise
169.500000,-0.001566,,0.961410,0.854316,-1.885973,1.447407,off,none,-0.305876,0,0,0,cruise
169.550000,-0.001749,,0.964008,0.823498,-1.891425,1.418247,off,none,-0.306948,0,0,0,cruise
169.600000,-0.001417,,0.965656,0.855171,-1.889907,1.411979,off,none,-0.310801,0,0,0,cruise
169.650000,-0.001303,,0.967720,0.862881,-1.878353,1.410407,off,none,-0.305484,0,0,0,cruise
169.700000,-0.001539,,0.963693,0.838528,-1.889916,1.410841,off,none,-0.274728,0,0,0,cruise
169.750000,-0.001648,,0.959341,0.819471,-1.900321,1.408861,off,none,-0.314547,0,0,0,cruise
169.800000,-0.001648,,0.955030,0.811311,-1.906469,1.407152,off,none,-0.313983,0,0,0,cruise
169.850000,-0.001619,,0.952105,0.806476,-1.906646,1.408018,off,none,-0.312721,0,0,0,cruise
169.900000,-0.001800,,0.959239,0.783733,-1.910461,1.412802,off,none,-0.311051,0,0,0,cruise
169.950000,-0.001912,,0.951409,0.758820,-1.918977,1.414292,off,none,-0.312120,0,0,0,cruise
170.000000,-0.001565,,0.945616,0.804690,-1.911632,1.395969,off,none,-0.314474,0,0,0,cruise
170.050000,-0.001802,,0.949327,0.797481,-1.906507,1.388606,off,none,-0.316775,0,0,0,cruise
170.100000,-0.002266,,0.950844,0.758342,-1.913175,1.382552,off,none,-0.319760,0,0,0,cruise
170.150000,-0.002034,,0.963410,0.788236,-1.942917,1.373830,off,none,-0.324147,0,0,0,cruise
170.200000,-0.001562,,0.956336,0.822044,-1.962794,1.378605,off,none,-0.329796,0,0,0,cruise
170.250000,-0.001380,,0.952491,0.836119,-1.965989,1.364118,off,none,-0.332479,0,0,0,cruise
170.300000,-0.001543,,0.946892,0.777986,-1.971301,1.345691,off,none,-0.331742,0,0,0,cruise
170.350000,-0.001628,,0.931881,0.704653,-1.971831,1.348044,off,none,-0.333223,0,0,0,cruise
170.400000,-0.001658,,0.937507,0.732019,-1.968335,1.342524,off,none,-0.335673,0,0,0,cruise
170.450000,-0.001794,,0.938055,0.744556,-1.984567,1.335891,off,none,-0.335467,0,0,0,cruise
170.500000,-0.001725,,0.925085,0.723352,-1.994893,1.327432,off,none,-0.333727,0,0,0,cruise
170.550000,-0.001486,,0.925768,0.770493,-1.983225,1.308716,off,none,-0.330005,0,0,0,cruise
170.600000,-0.001419,,0.929980,0.774079,-1.987893,1.301967,off,none,-0.325907,0,0,0,cruise
170.650000,-0.001562,,0.921462,0.695290,-1.994195,1.311890,off,none,-0.320370,0,0,0,cruise
170.700000,-0.001523,,0.915868,0.540828,-1.967997,1.342331,off,none,-0.319668,0,0,0,cruise
170.750000,-0.001415,,0.905342,0.548643,-1.959810,1.328600,off,none,-0.323851,0,0,0,cruise
170.800000,-0.001632,,0.914536,0.573699,-1.956907,1.306555,off,none,-0.329615,0,0,0,cruise
170.850000,-0.001927,,0.931438,0.720198,-1.977625,1.294298,off,none,-0.335828,0,0,0,cruise
170.900000,-0.002219,,0.927416,0.753298,-1.999684,1.294194,off,none,-0.337819,0,0,0,cruise
170.950000,-0.001818,,0.911134,0.662799,-2.036064,1.289809,off,none,-0.340144,0,0,0,cruise
171.000000,-0.001270,,0.895737,0.637597,-2.036178,1.288014,off,none,-0.339350,0,0,0,cruise
171.050000,-0.001641,,0.884233,0.583037,-2.033889,1.305361,off,none,-0.336101,0,0,0,cruise
171.100000,-0.002169,,0.883368,0.525578,-2.030487,1.320993,off,none,-0.333292,0,0,0,cruise
171.150000,-0.001778,,0.878762,0.486376,-2.013561,1.318076,off,none,-0.336115,0,0,0,cruise
171.200000,-0.001525,,0.883216,0.473841,-2.010602,1.297714,off,none,-0.340694,0,0,0,cruise
171.250000,-0.001864,,0.864714,0.500963,-2.002750,1.306277,off,none,-0.343325,0,0,0,cruise
171.300000,-0.002226,,0.855210,0.510288,-2.014590,1.298815,off,none,-0.345586,0,0,0,cruise
171.350000,-0.001984,,0.853017,0.535947,-2.001253,1.305804,off,none,-0.346419,0,0,0,cruise
171.400000,-0.001521,,0.850541,0.545852,-1.988835,1.308005,off,none,-0.345580,0,0,0,cruise
171.450000,-0.001712,,0.859500,0.469103,-1.996586,1.311072,off,none,-0.346464,0,0,0,cruise
171.500000,-0.002132,,0.805978,0.424233,-2.008136,1.306235,off,none,-0.348659,0,0,0,cruise
171.550000,-0.002073,,0.798943,0.431387,-2.007672,1.298859,off,none,-0.349017,0,0,0,cruise
171.600000,-0.001399,,0.821550,0.459377,-1.997857,1.290647,off,none,-0.352462,0,0,0,cruise
171.650000,-0.001488,,0.828174,0.387323,-1.994950,1.287462,off,none,-0.353346,0,0,0,cruise
171.700000,-0.001689,,0.817727,0.317704,-2.013998,1.286676,off,none,-0.353246,0,0,0,cruise
171.750000,-0.001599,,0.800891,0.276834,-2.015264,1.299792,off,none,-0.354849,0,0,0,cruise
171.800000,-0.001126,,0.791730,0.309001,-2.004280,1.295864,off,none,-0.353194,0,0,0,cruise
171.850000,-0.001257,,0.806697,0.265932,-1.979802,1.300209,off,none,-0.353601,0,0,0,cruise
171.900000,-0.001581,,0.822252,0.252333,-1.967604,1.319162,off,none,-0.352400,0,0,0,cruise
171.950000,-0.001367,,0.804297,0.276126,-1.986333,1.324238,off,none,-0.350612,0,0,0,cruise
172.000000,-0.000680,,0.791006,0.374101,-2.011334,1.308774,off,none,-0.350183,0,0,0,cruise
172.050000,-0.000661,,0.780851,0.397674,-2.002184,1.302664,off,none,-0.347906,0,0,0,cruise
172.100000,-0.001070,,0.755347,0.265746,-1.986346,1.311568,off,none,-0.347871,0,0,0,cruise
172.150000,-0.001451,,0.726576,0.214320,-1.991999,1.316142,off,none,-0.347503,0,0,0,cruise
172.200000,-0.000884,,0.722032,0.211389,-1.987911,1.311527,off,none,-0.346709,0,0,0,cruise
172.250000,-0.000325,,0.649038,0.199211,-1.969953,1.311968,off,none,-0.347857,0,0,0,cruise
172.300000,-0.000441,,0.653226,0.180297,-1.960488,1.316179,off,none,-0.348804,0,0,0,cruise
172.350000,-0.000695,,0.666485,0.152847,-1.932438,1.337987,off,none,-0.348802,0,0,0,cruise
172.400000,-0.000340,,0.632694,0.165376,-1.923971,1.349869,off,none,-0.349388,0,0,0,cruise
172.450000,-0.000171,,0.580151,0.135639,-1.941181,1.352492,off,none,-0.350623,0,0,0,cruise
172.500000,-0.000448,,0.593228,0.097936,-1.919466,1.348874,off,none,-0.347832,0,0,0,cruise
172.550000,-0.000380,,0.584590,0.076462,-1.901590,1.348672,off,none,-0.344193,0,0,0,cruise
172.600000,-0.000259,,0.573754,0.073821,-1.922664,1.351277,off,none,-0.340586,0,0,0,cruise
172.650000,-0.000362,,0.519325,0.062374,-1.902752,1.365563,off,none,-0.337670,0,0,0,cruise
172.700000,-0.000289,,0.502434,0.064140,-1.905981,1.379988,off,none,-0.335554,0,0,0,cruise
172.750000,-0.000550,,0.545698,0.068674,-1.922660,1.388599,off,none,-0.332409,0,0,0,cruise
172.800000,-0.000818,,0.558747,0.062814,-1.916346,1.392442,off,none,-0.329107,0,0,0,cruise
172.850000,-0.000588,,0.518347,0.053413,-1.891684,1.398359,off,none,-0.325866,0,0,0,cruise
172.900000,-0.000294,,0.493925,0.049343,-1.843445,1.400249,off,none,-0.321966,0,0,0,cruise
172.950000,-0.000338,,0.438569,0.049797,-1.836489,1.408747,off,none,-0.318069,0,0,0,cruise
173.000000,-0.000314,,0.315225,0.045975,-1.823779,1.409671,off,none,-0.316092,0,0,0,cruise
173.050000,0.000059,,0.152496,0.037658,-1.823362,1.425399,off,none,-0.315859,0,0,0,cruise
173.100000,0.000339,,0.125110,0.026377,-1.830808,1.437084,off,none,-0.312744,0,0,0,cruise
173.150000,0.000422,,0.138127,0.028252,-1.806157,1.438845,off,none,-0.313531,0,0,0,cruise
173.200000,0.000512,,0.124130,0.025284,-1.793210,1.465608,off,none,-0.314130,0,0,0,cruise
173.250000,0.000751,,0.133810,0.030881,-1.764963,1.474341,off,none,-0.316232,0,0,0,cruise
173.300000,0.000937,,0.169387,0.036823,-1.710367,1.483191,off,none,-0.317423,0,0,0,cruise
173.350000,0.001150,,0.134078,0.027146,-1.686681,1.525947,off,none,-0.316641,0,0,0,cruise
173.400000,0.000904,,0.138020,0.029113,-1.629490,1.558430,off,none,-0.314525,0,0,0,cruise
173.450000,0.001072,,0.176954,0.037343,-1.582064,1.574190,off,none,-0.302644,0,0,0,cruise
173.500000,0.000901,,0.228670,0.049909,-1.544609,1.582990,off,none,-0.269532,0,0,0,cruise
173.550000,0.000785,,0.196067,0.040142,-1.527192,1.599770,off,none,-0.301654,0,0,0,cruise
173.600000,0.001101,,0.146356,0.035866,-1.537802,1.621474,off,none,-0.301116,0,0,0,cruise
173.650000,0.001123,,0.126934,0.037108,-1.538422,1.609498,off,none,-0.291339,0,0,0,cruise
173.700000,0.001133,,0.129260,0.037473,-1.544306,1.585960,off,none,-0.242437,0,0,0,cruise
173.750000,0.001787,,0.149140,0.039052,-1.524511,1.588619,off,none,-0.192452,0,0,0,cruise
173.800000,0.001576,,0.177200,0.055646,-1.548143,1.572990,off,none,-0.142181,0,0,0,cruise
173.850000,0.001789,,0.164384,0.070485,-1.568846,1.579981,off,none,-0.092527,0,0,0,cruise
173.900000,0.002095,,0.165723,0.070138,-1.578135,1.557056,off,none,-0.042039,0,0,0,cruise
173.950000,0.002548,,0.147397,0.063700,-1.598130,1.544496,off,none,0.008796,0,0,0,cruise
174.000000,0.002599,,0.175696,0.077873,-1.566472,1.513898,off,none,0.057977,0,0,0,cruise
174.050000,0.003152,,0.157081,0.076747,-1.532901,1.496290,off,none,0.108384,0,0,0,cruise
174.100000,0.002403,,0.158422,0.085840,-1.495782,1.508888,off,none,0.159174,0,0,0,cruise
174.150000,0.002937,,0.168921,0.093628,-1.450574,1.506304,off,none,0.209427,0,0,0,cruise
174.200000,0.003950,,0.162435,0.086672,-1.448792,1.525955,off,none,0.259250,0,0,0,cruise
174.250000,0.003683,,0.149370,0.070684,-1.421282,1.593275,off,none,0.309014,0,0,0,cruise
174.300000,0.002759,,0.141477,0.053860,-1.462759,1.595467,off,none,0.359114,0,0,0,cruise
174.350000,0.002963,,0.142362,0.046388,-1.439727,1.589958,off,none,0.407982,0,0,0,cruise
174.400000,0.002078,,0.138905,0.046394,-1.404243,1.638576,off,none,0.457757,0,0,0,cruise
174.450000,0.001023,,0.149310,0.060414,-1.355470,1.639531,off,none,0.507766,0,0,0,cruise
174.500000,-0.000191,,0.139429,0.054999,-1.354480,1.753801,off,none,0.557634,0,0,0,cruise
174.550000,-0.000760,,0.113503,0.046859,-1.404510,1.820842,off,none,0.607752,0,0,0,cruise
174.600000,-0.002208,,0.135208,0.045686,-1.362850,1.851130,off,none,0.617636,0,0,0,cruise
174.650000,-0.002827,,0.146694,0.046445,-1.305071,1.791747,off,none,0.468764,0,0,0,cruise
174.700000,-0.002125,,0.115431,0.038626,-1.263705,1.714163,off,none,0.478136,0,0,0,cruise
174.750000,-0.003150,,0.102726,0.039066,-1.207453,1.790840,off,none,0.522123,0,0,0,cruise
174.800000,-0.004005,,0.098836,0.040019,-1.131743,1.968020,off,none,0.569046,0,0,0,cruise
174.850000,-0.004746,,0.092641,0.035161,-1.085180,2.078676,off,none,0.667913,0,0,0,cruise
174.900000,-0.005844,,0.100400,0.039717,-1.075805,2.049037,off,none,0.781488,0,0,0,cruise
174.950000,-0.006457,,0.110616,0.038144,-1.108621,1.967820,off,none,0.824190,0,0,0,cruise
175.000000,-0.006787,,0.119634,0.036120,-1.120526,1.982935,off,none,0.810271,0,0,0,cruise
175.050000,-0.006089,,0.100363,0.028933,-1.128559,2.052773,off,none,0.807879,0,0,0,cruise
175.100000,-0.005941,,0.105515,0.031185,-1.102955,2.009996,off,none,0.738966,0,0,0,cruise
175.150000,-0.006902,,0.100989,0.034574,-1.112158,1.987652,off,none,0.771738,0,0,0,cruise
175.200000,-0.005796,,0.082868,0.035340,-1.211402,2.047635,off,none,0.778428,0,0,0,cruise
175.250000,-0.005634,,0.063642,0.030719,-1.512921,1.975955,off,none,0.819478,0,0,0,cruise
175.300000,-0.006710,,0.053128,0.026333,-1.541647,1.973525,off,none,0.864921,0,0,0,cruise
175.350000,-0.007512,,0.048966,0.022029,-1.483921,1.973749,off,none,0.853809,0,0,0,cruise
175.400000,-0.008355,,0.052949,0.022125,-1.478161,2.018875,off,none,0.713061,0,0,0,cruise
175.450000,-0.007774,,0.072261,0.029819,-1.509244,1.960237,off,none,0.565847,0,0,0,cruise
175.500000,-0.008710,,0.066670,0.034438,-1.604202,1.963351,off,none,0.545618,0,0,0,cruise
175.550000,-0.008418,,0.053544,0.037016,-1.556822,1.952834,off,none,0.559670,0,0,0,cruise
175.600000,-0.007837,,0.037580,0.031688,-1.344194,2.061305,off,none,0.561915,0,0,0,cruise
175.650000,-0.008930,,0.036255,0.027313,-1.564141,2.029527,off,none,0.655621,0,0,0,cruise
175.700000,-0.009457,,0.037129,0.030805,-1.510491,2.041894,off,none,0.792014,0,0,0,cruise
175.750000,-0.009033,,0.045023,0.034644,-1.432926,2.049477,off,none,0.881170,0,0,0,cruise
175.800000,-0.008810,,0.051970,0.038689,-1.535461,2.017077,off,none,0.855069,0,0,0,cruise
175.850000,-0.004977,,0.044388,0.030935,-1.517990,1.883664,off,none,0.817709,0,0,0,cruise
175.900000,-0.006047,,0.049148,0.030302,-1.504978,1.870252,off,none,0.768676,0,0,0,cruise
175.950000,-0.008348,,0.059253,0.042530,-1.587735,1.908659,off,none,0.711342,0,0,0,cruise
176.000000,-0.008584,,0.056229,0.043922,-1.711880,1.825330,off,none,0.634002,0,0,0,cruise
176.050000,-0.010212,,0.045290,0.037895,-1.781247,1.816098,off,none,0.714188,0,0,0,cruise
176.100000,-0.008914,,0.040139,0.033217,-1.640209,1.859516,off,none,0.776064,0,0,0,cruise
176.150000,-0.007520,,0.043535,0.033191,-1.614240,1.887983,off,none,0.804669,0,0,0,cruise
176.200000,-0.005758,,0.056020,0.042847,-1.687382,1.786394,off,none,0.805991,0,0,0,cruise
176.250000,-0.005196,,0.067095,0.055493,-1.798817,1.781048,off,none,0.843950,0,0,0,cruise
176.300000,-0.005204,,0.066064,0.052207,-1.833751,1.913577,off,none,0.827568,0,0,0,cruise
176.350000,-0.004620,,0.071184,0.054464,-1.796649,1.909327,off,none,0.856255,0,0,0,cruise
176.400000,-0.004616,,0.071289,0.054225,-1.771100,1.920828,off,none,0.874683,0,0,0,cruise
176.450000,-0.005028,,0.069871,0.055495,-1.799457,1.991393,off,none,0.869518,0,0,0,cruise
176.500000,-0.005347,,0.068963,0.057800,-1.950815,2.030457,off,none,0.842346,0,0,0,cruise
176.550000,-0.005734,,0.068537,0.061710,-2.032641,2.094767,off,none,0.849113,0,0,0,cruise
176.600000,-0.005204,,0.063164,0.062896,-2.000441,2.089412,off,none,0.850966,0,0,0,cruise
176.650000,-0.005140,,0.064614,0.058795,-1.956653,2.117456,off,none,0.858277,0,0,0,cruise
176.700000,-0.006476,,0.073315,0.067218,-1.982795,2.150470,off,none,0.871178,0,0,0,cruise
176.750000,-0.006453,,0.082653,0.071389,-2.031694,2.134632,off,none,0.867114,0,0,0,cruise
176.800000,-0.005619,,0.075533,0.077659,-2.134432,2.199875,off,none,0.887708,0,0,0,cruise
176.850000,-0.005819,,0.094400,0.080243,-2.085618,2.176696,off,none,0.906557,0,0,0,cruise
176.900000,-0.005161,,0.120173,0.096816,-2.204710,2.121337,off,none,0.933589,0,0,0,cruise
176.950000,-0.005740,,0.159927,0.129497,-2.206664,2.105985,off,none,0.907099,0,0,0,cruise
177.000000,-0.005896,,0.189010,0.154438,-2.125570,2.050867,off,none,0.938083,0,0,0,cruise
177.050000,-0.004896,,0.225292,0.189123,-2.209332,2.028538,off,none,0.921337,0,0,0,cruise
177.100000,-0.004044,,0.231635,0.201631,-2.211843,2.021840,off,none,0.913705,0,0,0,cruise
177.150000,-0.004301,,0.249605,0.222515,-2.304969,2.003459,off,none,0.880990,0,0,0,cruise
177.200000,-0.004443,,0.266064,0.262656,-2.299233,1.951433,off,none,0.904413,0,0,0,cruise
177.250000,-0.004495,,0.269492,0.244126,-2.289349,1.959100,off,none,0.957698,0,0,0,cruise
177.300000,-0.003371,,0.239565,0.215633,-2.353997,2.005236,off,none,0.983281,0,0,0,cruise
177.350000,-0.002806,,0.267261,0.230306,-2.354953,2.018149,off,none,0.963298,0,0,0,cruise
177.400000,-0.003335,,0.328294,0.274228,-2.400484,2.062470,off,none,1.044762,0,0,0,cruise
177.450000,-0.002874,,0.312349,0.263850,-2.338284,2.073453,off,none,1.047453,0,0,0,cruise
177.500000,-0.001382,,0.317575,0.267421,-2.276437,2.063849,off,none,1.034582,0,0,0,cruise
177.550000,-0.001114,,0.298878,0.263913,-2.318764,2.080583,off,none,1.046304,0,0,0,cruise
177.600000,-0.001693,,0.310463,0.268714,-2.311009,2.060724,off,none,1.051887,0,0,0,cruise
177.650000,-0.002423,,0.294262,0.251164,-2.360345,2.055800,off,none,0.984098,0,0,0,cruise
177.700000,-0.002986,,0.329347,0.237997,-2.383922,2.117428,off,none,0.957460,0,0,0,cruise
177.750000,-0.002740,,0.301195,0.230843,-2.375899,2.162694,off,none,0.936755,0,0,0,cruise
177.800000,-0.002850,,0.256158,0.210672,-2.395857,2.135555,off,none,1.018875,0,0,0,cruise
177.850000,-0.003249,,0.254584,0.201708,-2.412487,2.107031,off,none,1.020350,0,0,0,cruise
177.900000,-0.002344,,0.232215,0.194844,-2.390165,2.157975,off,none,1.000895,0,0,0,cruise
177.950000,-0.001438,,0.267336,0.260714,-2.312715,2.212962,off,none,0.987873,0,0,0,cruise
178.000000,-0.001905,,0.263864,0.256694,-2.329193,2.205157,off,none,1.015601,0,0,0,cruise
178.050000,-0.002099,,0.262776,0.225220,-2.335895,2.234343,off,none,1.085050,0,0,0,cruise
178.100000,-0.004005,,0.261698,0.155564,-2.341030,2.147090,off,none,1.036447,0,0,0,cruise
178.150000,-0.005358,,0.309788,0.145611,-2.349688,2.139344,off,none,1.001404,0,0,0,cruise
178.200000,-0.006249,,0.346758,0.185032,-2.321565,2.084618,off,none,1.076133,0,0,0,cruise
178.250000,-0.005753,,0.330605,0.259305,-2.322793,2.111464,off,none,1.051646,0,0,0,cruise
178.300000,-0.006168,,0.405712,0.417254,-2.359011,2.077591,off,none,1.022138,0,0,0,cruise
178.350000,-0.007626,,0.352195,0.254387,-2.381487,2.061764,off,none,0.986042,0,0,0,cruise
178.400000,-0.006560,,0.450302,0.379811,-2.375148,2.095577,off,none,0.929812,0,0,0,cruise
178.450000,-0.004288,,0.455318,0.546137,-2.423553,2.092420,off,none,0.923809,0,0,0,cruise
178.500000,-0.005865,,0.424257,0.518738,-2.419836,2.107947,off,none,1.005950,0,0,0,cruise
178.550000,-0.005957,,0.317603,0.480757,-2.479672,2.103119,off,none,1.069442,0,0,0,cruise
178.600000,-0.006781,,0.334985,0.585524,-2.514530,2.103250,off,none,1.049409,0,0,0,cruise
178.650000,-0.006811,,0.390602,0.607073,-2.512372,2.121071,off,none,1.029600,0,0,0,cruise
178.700000,-0.006073,,0.324602,0.518976,-2.528261,2.142724,off,none,1.059435,0,0,0,cruise
178.750000,-0.005459,,0.307451,0.475077,-2.435893,2.134946,off,none,1.014313,0,0,0,cruise
178.800000,-0.005279,,0.328112,0.680195,-2.559113,2.128122,off,none,1.099643,0,0,0,cruise
178.850000,-0.006930,,0.374782,0.712846,-2.556208,2.113216,off,none,1.185315,0,0,0,cruise
178.900000,-0.008389,,0.321406,0.600557,-2.475010,2.074178,off,none,1.174455,0,0,0,cruise
178.950000,-0.007856,,0.318529,0.707696,-2.448091,2.020140,off,none,1.014587,0,0,0,cruise
179.000000,-0.005694,,0.326443,0.735588,-2.416414,2.038458,off,none,0.976193,0,0,0,cruise
179.050000,-0.004747,,0.324017,0.753465,-2.490290,2.061731,off,none,0.990516,0,0,0,cruise
179.100000,-0.006037,,0.281874,0.693552,-2.458948,2.049157,off,none,0.921480,0,0,0,cruise
179.150000,-0.006421,,0.306245,0.701297,-2.458600,2.039180,off,none,0.885854,0,0,0,cruise
179.200000,-0.006911,,0.323201,0.736971,-2.516501,2.032460,off,none,0.927409,0,0,0,cruise
179.250000,-0.006411,,0.321882,0.702564,-2.388930,2.008410,off,none,0.982463,0,0,0,cruise
179.300000,-0.005162,,0.360300,0.724690,-2.346595,2.037972,off,none,0.878640,0,0,0,cruise
179.350000,-0.006026,,0.334754,0.718769,-2.455536,2.054663,off,none,0.878901,0,0,0,cruise
179.400000,-0.007707,,0.380061,0.710679,-2.439020,2.025380,off,none,0.962173,0,0,0,cruise
179.450000,-0.006524,,0.447053,0.734393,-2.421954,2.029855,off,none,0.959745,0,0,0,cruise
179.500000,-0.006825,,0.495380,0.751408,-2.466117,2.068083,off,none,0.944250,0,0,0,cruise
179.550000,-0.007420,,0.500958,0.709355,-2.387081,2.057250,off,none,0.939775,0,0,0,cruise
179.600000,-0.007895,,0.417824,0.678495,-2.437258,2.039019,off,none,0.875855,0,0,0,cruise
179.650000,-0.007983,,0.370862,0.673856,-2.442481,2.032014,off,none,0.811458,0,0,0,cruise
179.700000,-0.006730,,0.412729,0.678721,-2.509358,2.044694,off,none,0.907118,0,0,0,cruise
179.750000,-0.007108,,0.375132,0.641105,-2.456332,2.040483,off,none,0.962411,0,0,0,cruise
179.800000,-0.008104,,0.312011,0.539354,-2.425913,2.027157,off,none,0.914336,0,0,0,cruise
179.850000,-0.008187,,0.253365,0.426929,-2.436954,2.038541,off,none,0.902119,0,0,0,cruise
179.900000,-0.006676,,0.248206,0.446570,-2.358957,2.072666,off,none,0.903680,0,0,0,cruise
179.950000,-0.005674,,0.219986,0.437316,-2.321100,2.045701,off,none,0.878970,0,0,0,cruise
180.000000,-0.005549,,0.214579,0.448065,-2.273643,2.024717,off,none,0.899608,0,0,0,cruise
180.050000,-0.005246,,0.233717,0.452547,-2.308734,2.042311,off,none,0.971546,0,0,0,cruise
180.100000,-0.005106,,0.235016,0.441420,-2.356038,2.016969,off,none,0.973965,0,0,0,cruise
180.150000,-0.005611,,0.286023,0.480088,-2.374412,2.013940,off,none,0.981390,0,0,0,cruise
180.200000,-0.006278,,0.294629,0.498597,-2.543681,2.015235,off,none,0.969864,0,0,0,cruise
180.250000,-0.007309,,0.246840,0.334838,-2.448114,2.008177,off,none,0.962868,0,0,0,cruise
180.300000,-0.006987,,0.221222,0.252870,-2.421905,2.028774,off,none,0.889330,0,0,0,cruise
180.350000,-0.007141,,0.232375,0.311086,-2.457857,2.018686,off,none,0.873050,0,0,0,cruise
180.400000,-0.007101,,0.227271,0.333746,-2.481351,1.978524,off,none,0.843304,0,0,0,cruise
180.450000,-0.006817,,0.252019,0.420263,-2.470085,1.991152,off,none,0.913104,0,0,0,cruise
180.500000,-0.006884,,0.289538,0.432725,-2.396543,1.989708,off,none,0.948096,0,0,0,cruise
180.550000,-0.007426,,0.271163,0.352916,-2.422430,2.000191,off,none,1.005335,0,0,0,cruise
180.600000,-0.008311,,0.291143,0.319539,-2.525601,1.954451,off,none,1.024993,0,0,0,cruise
180.650000,-0.007262,,0.259141,0.294356,-2.435314,1.944776,off,none,1.033583,0,0,0,cruise
180.700000,-0.006137,,0.322723,0.432722,-2.314269,1.994516,off,none,0.938804,0,0,0,cruise
180.750000,-0.007533,,0.404442,0.583223,-2.391675,2.012584,off,none,0.835967,0,0,0,cruise
180.800000,-0.007532,,0.435851,0.613223,-2.434490,2.017507,off,none,0.790107,0,0,0,cruise
180.850000,-0.007225,,0.381883,0.606950,-2.476958,2.025022,off,none,0.836900,0,0,0,cruise
180.900000,-0.007130,,0.313622,0.477522,-2.462814,2.009143,off,none,0.895421,0,0,0,cruise
180.950000,-0.007393,,0.261436,0.385067,-2.472787,1.998970,off,none,0.916755,0,0,0,cruise
181.000000,-0.007438,,0.237332,0.301132,-2.415644,1.980687,off,none,0.961199,0,0,0,cruise
181.050000,-0.007328,,0.260744,0.303070,-2.392965,1.975528,off,none,0.998330,0,0,0,cruise
181.100000,-0.005740,,0.259099,0.343902,-2.414474,1.979973,off,none,0.920614,0,0,0,cruise
181.150000,-0.005427,,0.263146,0.324926,-2.418229,1.960132,off,none,0.912116,0,0,0,cruise
181.200000,-0.006038,,0.278264,0.268826,-2.348223,1.976991,off,none,0.955479,0,0,0,cruise
181.250000,-0.006180,,0.280184,0.191551,-2.252419,1.996686,off,none,0.968293,0,0,0,cruise
181.300000,-0.005758,,0.295120,0.212100,-2.197454,2.091011,off,none,0.898578,0,0,0,cruise
181.350000,-0.007993,,0.231860,0.184261,-2.377218,2.105097,off,none,0.839854,0,0,0,cruise
181.400000,-0.008018,,0.223655,0.147709,-2.294791,2.089365,off,none,0.851525,0,0,0,cruise
181.450000,-0.006035,,0.227860,0.136264,-2.233534,2.107254,off,none,0.921707,0,0,0,cruise
181.500000,-0.005144,,0.196395,0.150012,-2.272574,1.969386,off,none,0.940695,0,0,0,cruise
181.550000,-0.004501,,0.206486,0.164885,-2.159288,1.965356,off,none,0.964066,0,0,0,cruise
181.600000,-0.005191,,0.211220,0.161305,-2.080517,1.979840,off,none,0.988408,0,0,0,cruise
181.650000,-0.005167,,0.190774,0.117292,-2.135151,2.007786,off,none,0.964221,0,0,0,cruise
181.700000,-0.003630,,0.204965,0.073084,-2.124536,2.441711,off,none,0.908514,0,0,0,cruise
181.750000,-0.004846,,0.207486,0.078043,-2.225579,2.343174,off,none,0.842120,0,0,0,cruise
181.800000,-0.005620,,0.267466,0.089563,-2.270206,2.320848,off,none,0.816662,0,0,0,cruise
181.850000,-0.005306,,0.292013,0.109085,-2.263054,2.347103,off,none,0.855076,0,0,0,cruise
181.900000,-0.004709,,0.257177,0.123395,-2.243284,2.365539,off,none,0.926595,0,0,0,cruise
181.950000,-0.004378,,0.236686,0.120952,-2.242095,2.425604,off,none,0.955693,0,0,0,cruise
182.000000,-0.004968,,0.208501,0.108794,-2.309268,2.474491,off,none,0.968909,0,0,0,cruise
182.050000,-0.004630,,0.161390,0.086100,-2.237173,2.594729,off,none,0.914921,0,0,0,cruise
182.100000,-0.004526,,0.170374,0.101073,-2.180256,2.534844,off,none,0.963209,0,0,0,cruise
182.150000,-0.004333,,0.164228,0.122872,-2.296308,2.486618,off,none,0.949307,0,0,0,cruise
182.200000,-0.004707,,0.161141,0.108088,-2.294171,2.461612,off,none,0.944692,0,0,0,cruise
182.250000,-0.005016,,0.143414,0.100688,-2.253049,2.408721,off,none,0.913279,0,0,0,cruise
182.300000,-0.004433,,0.153493,0.107197,-2.284470,2.366441,off,none,0.844347,0,0,0,cruise
182.350000,-0.005210,,0.180945,0.146847,-2.371521,2.369247,off,none,0.911982,0,0,0,cruise
182.400000,-0.005870,,0.168212,0.142750,-2.335976,2.484790,off,none,0.981115,0,0,0,cruise
182.450000,-0.004920,,0.146520,0.129479,-2.231552,2.575390,off,none,1.001545,0,0,0,cruise
182.500000,-0.004653,,0.117089,0.104507,-2.304839,2.599630,off,none,0.921470,0,0,0,cruise
182.550000,-0.004416,,0.098431,0.098185,-2.285918,2.469436,off,none,0.932859,0,0,0,cruise
182.600000,-0.003741,,0.109458,0.095443,-2.340011,2.452532,off,none,0.986095,0,0,0,cruise
182.650000,-0.004540,,0.111368,0.088273,-2.289192,2.500694,off,none,1.014460,0,0,0,cruise
182.700000,-0.004776,,0.095165,0.060492,-2.095941,2.559479,off,none,1.019424,0,0,0,cruise
182.750000,-0.004160,,0.098546,0.063603,-2.168918,2.470386,off,none,0.939158,0,0,0,cruise
182.800000,-0.003709,,0.118478,0.093815,-2.341397,2.454142,off,none,0.854402,0,0,0,cruise
182.850000,-0.004291,,0.138375,0.131411,-2.424958,2.514013,off,none,0.827891,0,0,0,cruise
182.900000,-0.005951,,0.141117,0.131186,-2.429141,2.460101,off,none,0.798367,0,0,0,cruise
182.950000,-0.006742,,0.144939,0.146910,-2.401853,2.474057,off,none,0.824998,0,0,0,cruise
183.000000,-0.005753,,0.140703,0.148286,-2.476029,2.444146,off,none,0.920432,0,0,0,cruise
183.050000,-0.004788,,0.141566,0.166506,-2.488359,2.423024,off,none,1.016858,0,0,0,cruise
183.100000,-0.004252,,0.157149,0.179078,-2.334268,2.344866,off,none,0.971143,0,0,0,cruise
183.150000,-0.004438,,0.152362,0.176872,-2.162979,2.425005,off,none,0.947082,0,0,0,cruise
183.200000,-0.005527,,0.162643,0.156000,-2.091188,2.437535,off,none,0.935306,0,0,0,cruise
183.250000,-0.005303,,0.174630,0.174654,-2.163637,2.253074,off,none,0.910417,0,0,0,cruise
183.300000,-0.004364,,0.196536,0.216602,-2.069426,2.316350,off,none,0.876242,0,0,0,cruise
183.350000,-0.005383,,0.203631,0.187556,-1.926119,2.423196,off,none,0.907000,0,0,0,cruise
183.400000,-0.004982,,0.220342,0.201036,-2.276521,2.366623,off,none,0.931833,0,0,0,cruise
183.450000,-0.004197,,0.259063,0.256845,-2.258678,2.329376,off,none,0.949271,0,0,0,cruise
183.500000,-0.004185,,0.248360,0.234843,-2.198896,2.322250,off,none,0.904573,0,0,0,cruise
183.550000,-0.004959,,0.202100,0.216924,-2.177752,2.293812,off,none,0.909758,0,0,0,cruise
183.600000,-0.005652,,0.188523,0.205797,-2.190499,2.335894,off,none,0.908467,0,0,0,cruise
183.650000,-0.005782,,0.208192,0.212842,-2.213130,2.360944,off,none,0.922344,0,0,0,cruise
183.700000,-0.006235,,0.209636,0.191657,-2.170723,2.368412,off,none,0.896069,0,0,0,cruise
183.750000,-0.005183,,0.224113,0.192830,-2.258560,2.332893,off,none,0.922089,0,0,0,cruise
183.800000,-0.005075,,0.240459,0.229159,-2.209729,2.357879,off,none,0.927393,0,0,0,cruise
183.850000,-0.006357,,0.220503,0.172835,-2.175145,2.421093,off,none,0.935230,0,0,0,cruise
183.900000,-0.005148,,0.211699,0.175070,-2.226662,2.339167,off,none,0.934144,0,0,0,cruise
183.950000,-0.005235,,0.173344,0.129440,-2.175578,2.410319,off,none,0.930977,0,0,0,cruise
184.000000,-0.005677,,0.143103,0.105540,-2.124595,2.417065,off,none,0.884437,0,0,0,cruise
184.050000,-0.005159,,0.146045,0.110782,-2.096860,2.432608,off,none,0.866113,0,0,0,cruise
184.100000,-0.006164,,0.166373,0.107712,-2.176991,2.475582,off,none,0.827936,0,0,0,cruise
184.150000,-0.006686,,0.168579,0.103902,-2.180513,2.372129,off,none,0.777448,0,0,0,cruise
184.200000,-0.006789,,0.163010,0.105873,-2.129307,2.371999,off,none,0.726792,0,0,0,cruise
184.250000,-0.006565,,0.149452,0.106245,-2.130716,2.345196,off,none,0.678096,0,0,0,cruise
184.300000,-0.007010,,0.137133,0.098234,-2.098590,2.334061,off,none,0.628161,0,0,0,cruise
184.350000,-0.006834,,0.128275,0.111054,-2.157652,2.301575,off,none,0.577774,0,0,0,cruise
184.400000,-0.005853,,0.128522,0.114938,-2.269290,2.254163,off,none,0.528175,0,0,0,cruise
184.450000,-0.005728,,0.120420,0.123906,-2.253953,2.275091,off,none,0.479381,0,0,0,cruise
184.500000,-0.005335,,0.122900,0.117467,-2.188317,2.272245,off,none,0.429311,0,0,0,cruise
184.550000,-0.005598,,0.156448,0.112612,-2.134371,2.261670,off,none,0.379542,0,0,0,cruise
184.600000,-0.006217,,0.152518,0.099069,-2.176523,2.309627,off,none,0.329385,0,0,0,cruise
184.650000,-0.005794,,0.157613,0.104337,-2.134601,2.359622,off,none,0.279243,0,0,0,cruise
184.700000,-0.005836,,0.141046,0.098932,-2.095979,2.315055,off,none,0.227857,0,0,0,cruise
184.750000,-0.006816,,0.156870,0.107306,-2.118475,2.210524,off,none,0.178146,0,0,0,cruise
184.800000,-0.007829,,0.172063,0.109922,-2.098097,2.199223,off,none,0.129633,0,0,0,cruise
184.850000,-0.007741,,0.183930,0.083598,-2.092495,2.148388,off,none,0.079088,0,0,0,cruise
184.900000,-0.006928,,0.168267,0.087183,-2.061168,2.149300,off,none,0.028286,0,0,0,cruise
184.950000,-0.007124,,0.209817,0.103053,-2.067301,2.216126,off,none,-0.020978,0,0,0,cruise
185.000000,-0.006857,,0.255221,0.116285,-2.189406,2.210608,off,none,-0.071405,0,0,0,cruise
185.050000,-0.007551,,0.253789,0.110930,-2.196177,2.256845,off,none,-0.120495,0,0,0,cruise
185.100000,-0.007640,,0.232534,0.101794,-2.217568,2.315327,off,none,-0.171219,0,0,0,cruise
185.150000,-0.006560,,0.163155,0.085957,-2.195462,2.317420,off,none,-0.221911,0,0,0,cruise
185.200000,-0.006231,,0.128289,0.077122,-2.131359,2.325996,off,none,-0.270256,0,0,0,cruise
185.250000,-0.005830,,0.165066,0.088738,-2.180627,2.331243,off,none,-0.322015,0,0,0,cruise
185.300000,-0.005970,,0.163886,0.090606,-2.172284,2.302505,off,none,-0.372041,0,0,0,cruise
185.350000,-0.004640,,0.167758,0.079144,-2.124896,2.272444,off,none,-0.413680,0,0,0,cruise
185.400000,-0.004723,,0.138847,0.056501,-2.127833,2.324389,off,none,-0.423357,0,0,0,cruise
185.450000,-0.005256,,0.147578,0.056289,-2.108913,2.321703,off,none,-0.428780,0,0,0,cruise
185.500000,-0.006228,,0.176064,0.068514,-2.194414,2.364148,off,none,-0.427290,0,0,0,cruise
185.550000,-0.007581,,0.190408,0.074644,-2.238512,2.422248,off,none,-0.421516,0,0,0,cruise
185.600000,-0.007524,,0.183644,0.071948,-2.244864,2.387459,off,none,-0.414516,0,0,0,cruise
185.650000,-0.006383,,0.198271,0.076252,-2.209620,2.416908,off,none,-0.404123,0,0,0,cruise
185.700000,-0.005646,,0.184821,0.090280,-2.145792,2.418673,off,none,-0.395447,0,0,0,cruise
185.750000,-0.004156,,0.191819,0.098501,-2.132177,2.456007,off,none,-0.390089,0,0,0,cruise
185.800000,-0.004870,,0.194183,0.083749,-2.070106,2.481561,off,none,-0.386937,0,0,0,cruise
185.850000,-0.006653,,0.207764,0.086035,-2.064405,2.495472,off,none,-0.384839,0,0,0,cruise
185.900000,-0.007299,,0.214093,0.089928,-2.090747,2.484149,off,none,-0.372619,0,0,0,cruise
185.950000,-0.006732,,0.232873,0.103617,-2.088494,2.416943,off,none,-0.342168,0,0,0,cruise
186.000000,-0.004512,,0.249427,0.103398,-2.006773,2.503144,off,none,-0.372571,0,0,0,cruise
186.050000,-0.003471,,0.222698,0.098500,-1.926692,2.588726,off,none,-0.322745,0,0,0,cruise
186.100000,-0.002874,,0.241031,0.087971,-1.814182,2.654867,off,none,-0.273823,0,0,0,cruise
186.150000,-0.002863,,0.220179,0.076596,-1.759435,2.665997,off,none,-0.222694,0,0,0,cruise
186.200000,-0.003139,,0.229767,0.075742,-1.782357,2.620097,off,none,-0.173634,0,0,0,cruise
186.250000,-0.002990,,0.249388,0.091191,-1.858220,2.622815,off,none,-0.122709,0,0,0,cruise
186.300000,-0.003007,,0.275439,0.086491,-1.876705,2.646699,off,none,-0.090983,0,0,0,cruise
186.350000,-0.002855,,0.279852,0.085893,-1.812707,2.625578,off,none,-0.142371,0,0,0,cruise
186.400000,-0.001951,,0.221580,0.079646,-1.734448,2.661834,off,none,-0.192084,0,0,0,cruise
186.450000,-0.002022,,0.249718,0.089047,-1.659866,2.641736,off,none,-0.241996,0,0,0,cruise
186.500000,-0.002455,,0.271802,0.114976,-1.654734,2.753330,off,none,-0.292110,0,0,0,cruise
186.550000,-0.002477,,0.306564,0.131860,-1.622505,2.898579,off,none,-0.342295,0,0,0,cruise
186.600000,-0.002223,,0.302441,0.125553,-1.616066,2.979001,off,none,-0.387501,0,0,0,cruise
186.650000,-0.002018,,0.283714,0.121792,-1.591402,2.963665,off,none,-0.409207,0,0,0,cruise
186.700000,-0.002184,,0.292445,0.112700,-1.547487,3.017484,off,none,-0.412098,0,0,0,cruise
186.750000,-0.002113,,0.306812,0.100763,-1.553732,3.046857,off,none,-0.411598,0,0,0,cruise
186.800000,-0.002796,,0.243558,0.079703,-1.603128,3.051826,off,none,-0.408492,0,0,0,cruise
186.850000,-0.003700,,0.241326,0.065613,-1.632119,3.099907,off,none,-0.405946,0,0,0,cruise
186.900000,-0.003849,,0.271941,0.078045,-1.619784,3.040174,off,none,-0.401762,0,0,0,cruise
186.950000,-0.002563,,0.325803,0.095304,-1.630405,3.029856,off,none,-0.399647,0,0,0,cruise
187.000000,-0.002508,,0.410778,0.117133,-1.645466,3.093923,off,none,-0.399428,0,0,0,cruise
187.050000,-0.003895,,0.400153,0.118394,-1.674156,3.134274,off,none,-0.399530,0,0,0,cruise
187.100000,-0.003243,,0.426023,0.149246,-1.693746,3.194437,off,none,-0.402632,0,0,0,cruise
187.150000,-0.002735,,0.451838,0.157502,-1.674936,3.183687,off,none,-0.405936,0,0,0,cruise
187.200000,-0.003209,,0.512941,0.128917,-1.662530,3.212862,off,none,-0.411591,0,0,0,cruise
187.250000,-0.003361,,0.567866,0.122683,-1.662067,3.215725,off,none,-0.418693,0,0,0,cruise
187.300000,-0.003330,,0.589234,0.141694,-1.671793,3.171839,off,none,-0.424879,0,0,0,cruise
187.350000,-0.003840,,0.631500,0.137550,-1.668503,3.123606,off,none,-0.427463,0,0,0,cruise
187.400000,-0.004711,,0.628983,0.125369,-1.679632,3.002525,off,none,-0.430193,0,0,0,cruise
187.450000,-0.004141,,0.675691,0.150615,-1.678515,2.967598,off,none,-0.433475,0,0,0,cruise
187.500000,-0.003450,,0.713096,0.177647,-1.667466,3.072643,off,none,-0.435993,0,0,0,cruise
187.550000,-0.003230,,0.697110,0.182073,-1.661475,3.010492,off,none,-0.429293,0,0,0,cruise
187.600000,-0.003904,,0.586646,0.148481,-1.689644,2.800881,off,none,-0.397354,0,0,0,cruise
187.650000,-0.004000,,0.523746,0.140625,-1.691172,2.758687,off,none,-0.439370,0,0,0,cruise
187.700000,-0.003475,,0.540940,0.147063,-1.733806,2.784966,off,none,-0.441401,0,0,0,cruise
187.750000,-0.003150,,0.529638,0.161388,-1.748533,2.708033,off,none,-0.439240,0,0,0,cruise
187.800000,-0.002275,,0.573792,0.189810,-1.748133,2.536373,off,none,-0.434201,0,0,0,cruise
187.850000,-0.001936,,0.525398,0.178313,-1.766031,2.567479,off,none,-0.426445,0,0,0,cruise
187.900000,-0.001822,,0.434844,0.161415,-1.818521,2.557142,off,none,-0.424587,0,0,0,cruise
187.950000,-0.000825,,0.524050,0.211274,-1.853455,2.527198,off,none,-0.424052,0,0,0,cruise
188.000000,0.000510,,0.631836,0.259697,-1.863768,2.595918,off,none,-0.426766,0,0,0,cruise
188.050000,-0.000699,,0.579178,0.246794,-1.857600,2.500249,off,none,-0.431696,0,0,0,cruise
188.100000,-0.000839,,0.558990,0.222409,-1.892749,2.502380,off,none,-0.436607,0,0,0,cruise
188.150000,-0.000490,,0.515239,0.231050,-1.963368,2.404361,off,none,-0.430547,0,0,0,cruise
188.200000,0.000646,,0.478167,0.214818,-1.984456,2.447993,off,none,-0.399177,0,0,0,cruise
188.250000,0.000338,,0.484151,0.229376,-2.018122,2.385103,off,none,-0.430192,0,0,0,cruise
188.300000,0.000792,,0.538174,0.266960,-2.023805,2.387482,off,none,-0.397092,0,0,0,cruise
188.350000,0.001101,,0.574674,0.267021,-2.034493,2.368802,off,none,-0.432550,0,0,0,cruise
188.400000,0.001392,,0.612730,0.298206,-2.043313,2.246688,off,none,-0.426321,0,0,0,cruise
188.450000,0.001029,,0.469237,0.253234,-2.095583,2.149246,off,none,-0.421442,0,0,0,cruise
188.500000,0.001089,,0.470226,0.260467,-2.152199,2.145857,off,none,-0.417957,0,0,0,cruise
188.550000,0.000783,,0.418571,0.257201,-2.134547,2.167979,off,none,-0.411975,0,0,0,cruise
188.600000,0.000965,,0.460512,0.291242,-2.161857,2.079409,off,none,-0.408049,0,0,0,cruise
188.650000,0.000906,,0.438243,0.280145,-2.195954,2.124769,off,none,-0.405540,0,0,0,cruise
188.700000,0.001243,,0.416452,0.291343,-2.167241,2.124312,off,none,-0.403726,0,0,0,cruise
188.750000,0.001415,,0.429439,0.336684,-2.131751,2.046814,off,none,-0.400767,0,0,0,cruise
188.800000,0.001581,,0.492107,0.403319,-2.097917,1.989769,off,none,-0.399819,0,0,0,cruise
188.850000,0.001755,,0.508650,0.422999,-2.057617,1.941064,off,none,-0.396953,0,0,0,cruise
188.900000,0.002098,,0.512408,0.469228,-2.090738,1.839748,off,none,-0.394491,0,0,0,cruise
188.950000,0.002386,,0.570055,0.505013,-2.035230,1.798826,off,none,-0.391491,0,0,0,cruise
189.000000,0.002421,,0.625703,0.558388,-1.974309,1.691303,off,none,-0.388132,0,0,0,cruise
189.050000,0.002369,,0.645140,0.602234,-1.959979,1.635644,off,none,-0.387573,0,0,0,cruise
189.100000,0.002948,,0.645906,0.663190,-1.921920,1.522066,off,none,-0.391261,0,0,0,cruise
189.150000,0.002930,,0.658191,0.690582,-1.909888,1.440536,off,none,-0.396774,0,0,0,cruise
189.200000,0.003734,,0.697425,0.757899,-1.878267,1.406458,off,none,-0.404353,0,0,0,cruise
189.250000,0.004179,,0.700667,0.765139,-1.877998,1.448681,off,none,-0.414621,0,0,0,cruise
189.300000,0.004544,,0.793138,0.811294,-1.881837,1.460472,off,none,-0.417657,0,0,0,cruise
189.350000,0.004821,,0.827540,0.830311,-1.857764,1.473515,off,none,-0.414852,0,0,0,cruise
189.400000,0.004810,,0.860255,0.858815,-1.836106,1.470527,off,none,-0.402863,0,0,0,cruise
189.450000,0.004886,,0.897062,0.876558,-1.829818,1.473204,off,none,-0.369163,0,0,0,cruise
189.500000,0.005211,,0.906341,0.891786,-1.840196,1.499852,off,none,-0.400562,0,0,0,cruise
189.550000,0.005586,,0.888405,0.893275,-1.822042,1.528622,off,none,-0.392783,0,0,0,cruise
189.600000,0.005878,,0.898665,0.900227,-1.794320,1.534247,off,none,-0.385734,0,0,0,cruise
189.650000,0.005699,,0.899266,0.896862,-1.802769,1.563789,off,none,-0.382352,0,0,0,cruise
189.700000,0.005673,,0.898118,0.892057,-1.816445,1.602208,off,none,-0.379663,0,0,0,cruise
189.750000,0.005681,,0.901390,0.904525,-1.805995,1.600748,off,none,-0.370047,0,0,0,cruise
189.800000,0.005392,,0.887164,0.907118,-1.795465,1.607913,off,none,-0.336260,0,0,0,cruise
189.850000,0.005317,,0.874377,0.891982,-1.759901,1.639430,off,none,-0.369564,0,0,0,cruise
189.900000,0.005383,,0.873219,0.889729,-1.772345,1.611032,off,none,-0.336274,0,0,0,cruise
189.950000,0.005157,,0.894678,0.901755,-1.776088,1.622026,off,none,-0.385344,0,0,0,cruise
190.000000,0.004998,,0.910320,0.907546,-1.765752,1.633812,off,none,-0.418406,0,0,0,cruise
190.050000,0.004961,,0.906791,0.917604,-1.762896,1.647451,off,none,-0.424103,0,0,0,cruise
190.100000,0.005070,,0.898655,0.918209,-1.749929,1.663376,off,none,-0.429472,0,0,0,cruise
190.150000,0.005183,,0.913439,0.921128,-1.737017,1.663059,off,none,-0.421558,0,0,0,cruise
190.200000,0.005044,,0.936490,0.930749,-1.691789,1.660862,off,none,-0.390198,0,0,0,cruise
190.250000,0.004472,,0.936293,0.928627,-1.682735,1.658217,off,none,-0.428658,0,0,0,cruise
190.300000,0.004497,,0.926287,0.928710,-1.682851,1.662303,off,none,-0.425703,0,0,0,cruise
190.350000,0.004557,,0.908250,0.925526,-1.676256,1.671297,off,none,-0.421636,0,0,0,cruise
190.400000,0.004760,,0.903768,0.920721,-1.653980,1.680250,off,none,-0.414790,0,0,0,cruise
190.450000,0.004516,,0.914945,0.927296,-1.630369,1.716767,off,none,-0.404718,0,0,0,cruise
190.500000,0.004316,,0.928312,0.937347,-1.633146,1.727666,off,none,-0.387263,0,0,0,cruise
190.550000,0.004140,,0.918850,0.939153,-1.673813,1.727432,off,none,-0.355191,0,0,0,cruise
190.600000,0.004112,,0.915226,0.936454,-1.661405,1.721634,off,none,-0.389375,0,0,0,cruise
190.650000,0.003846,,0.913560,0.930999,-1.638049,1.732115,off,none,-0.391845,0,0,0,cruise
190.700000,0.003735,,0.909086,0.924924,-1.637951,1.759908,off,none,-0.395282,0,0,0,cruise
190.750000,0.003513,,0.913241,0.929309,-1.644264,1.754276,off,none,-0.402802,0,0,0,cruise
190.800000,0.003031,,0.926395,0.936247,-1.659397,1.754806,off,none,-0.411852,0,0,0,cruise
190.850000,0.003214,,0.918930,0.935232,-1.661762,1.756955,off,none,-0.414568,0,0,0,cruise
190.900000,0.003351,,0.911815,0.929890,-1.654347,1.753801,off,none,-0.414431,0,0,0,cruise
190.950000,0.002953,,0.921228,0.929406,-1.637003,1.755818,off,none,-0.412658,0,0,0,cruise
191.000000,0.002707,,0.916828,0.930410,-1.641529,1.779349,off,none,-0.411169,0,0,0,cruise
191.050000,0.002589,,0.930799,0.942531,-1.636894,1.788088,off,none,-0.410997,0,0,0,cruise
191.100000,0.003050,,0.928417,0.947185,-1.633766,1.774886,off,none,-0.409815,0,0,0,cruise
191.150000,0.003248,,0.931171,0.947521,-1.639570,1.759665,off,none,-0.408331,0,0,0,cruise
191.200000,0.002355,,0.933629,0.940434,-1.625686,1.756447,off,none,-0.404757,0,0,0,cruise
191.250000,0.002021,,0.930418,0.939332,-1.615680,1.754196,off,none,-0.402835,0,0,0,cruise
191.300000,0.002575,,0.928564,0.948045,-1.622170,1.748109,off,none,-0.402244,0,0,0,cruise
191.350000,0.002430,,0.925350,0.943938,-1.621923,1.739073,off,none,-0.400837,0,0,0,cruise
191.400000,0.001821,,0.920033,0.941097,-1.601779,1.738376,off,none,-0.398549,0,0,0,cruise
191.450000,0.001379,,0.910165,0.940845,-1.590653,1.752750,off,none,-0.395144,0,0,0,cruise
191.500000,0.001448,,0.894008,0.933025,-1.592900,1.764697,off,none,-0.391680,0,0,0,cruise
191.550000,0.001736,,0.912960,0.936971,-1.593971,1.767749,off,none,-0.390517,0,0,0,cruise
191.600000,0.002282,,0.898220,0.936865,-1.573556,1.763597,off,none,-0.387246,0,0,0,cruise
191.650000,0.002332,,0.913428,0.937204,-1.563400,1.772907,off,none,-0.384542,0,0,0,cruise
191.700000,0.001795,,0.931811,0.944667,-1.573515,1.779874,off,none,-0.381794,0,0,0,cruise
191.750000,0.001469,,0.926353,0.939896,-1.571160,1.776005,off,none,-0.381316,0,0,0,cruise
191.800000,0.001928,,0.933432,0.947435,-1.557111,1.776633,off,none,-0.382937,0,0,0,cruise
191.850000,0.002382,,0.929131,0.947292,-1.547295,1.772892,off,none,-0.381508,0,0,0,cruise
191.900000,0.001958,,0.930531,0.944032,-1.550247,1.791790,off,none,-0.378058,0,0,0,cruise
191.950000,0.001905,,0.915958,0.937004,-1.557259,1.796948,off,none,-0.377155,0,0,0,cruise
192.000000,0.001883,,0.908027,0.934738,-1.566681,1.805965,off,none,-0.371949,0,0,0,cruise
192.050000,0.002109,,0.899774,0.934307,-1.559154,1.816599,off,none,-0.366602,0,0,0,cruise
192.100000,0.002602,,0.890149,0.931696,-1.534751,1.822487,off,none,-0.360670,0,0,0,cruise
192.150000,0.002657,,0.888712,0.928903,-1.521616,1.826337,off,none,-0.356105,0,0,0,cruise
192.200000,0.002124,,0.910122,0.924612,-1.518688,1.831406,off,none,-0.356094,0,0,0,cruise
192.250000,0.001504,,0.909571,0.918694,-1.503388,1.800545,off,none,-0.361714,0,0,0,cruise
192.300000,0.001526,,0.894941,0.915077,-1.508210,1.810084,off,none,-0.366397,0,0,0,cruise
192.350000,0.001615,,0.896367,0.923126,-1.515647,1.810971,off,none,-0.370964,0,0,0,cruise
192.400000,0.002176,,0.885456,0.924686,-1.522756,1.825127,off,none,-0.371730,0,0,0,cruise
192.450000,0.001862,,0.908237,0.920833,-1.534284,1.848398,off,none,-0.369416,0,0,0,cruise
192.500000,0.001630,,0.925824,0.922828,-1.542916,1.859804,off,none,-0.366973,0,0,0,cruise
192.550000,0.001767,,0.906128,0.910481,-1.541679,1.866850,off,none,-0.359508,0,0,0,cruise
192.600000,0.001970,,0.864440,0.903757,-1.527209,1.863568,off,none,-0.352426,0,0,0,cruise
192.650000,0.001680,,0.854475,0.888270,-1.510097,1.852977,off,none,-0.346244,0,0,0,cruise
192.700000,0.001312,,0.887075,0.879171,-1.519701,1.846865,off,none,-0.344519,0,0,0,cruise
192.750000,0.001307,,0.900059,0.875672,-1.514869,1.829030,off,none,-0.345550,0,0,0,cruise
192.800000,0.001706,,0.894417,0.895072,-1.531609,1.833628,off,none,-0.348052,0,0,0,cruise
192.850000,0.001635,,0.898642,0.903420,-1.538782,1.827993,off,none,-0.350738,0,0,0,cruise
192.900000,0.001489,,0.923028,0.897344,-1.549770,1.856751,off,none,-0.354021,0,0,0,cruise
192.950000,0.001305,,0.908268,0.888445,-1.565235,1.871104,off,none,-0.356793,0,0,0,cruise
193.000000,0.001214,,0.904557,0.880182,-1.587345,1.870770,off,none,-0.358642,0,0,0,cruise
193.050000,0.001065,,0.897573,0.869046,-1.592694,1.880230,off,none,-0.357972,0,0,0,cruise
193.100000,0.000784,,0.870751,0.862887,-1.593495,1.880193,off,none,-0.355812,0,0,0,cruise
193.150000,0.000727,,0.853095,0.856326,-1.600397,1.879671,off,none,-0.352099,0,0,0,cruise
193.200000,0.000612,,0.901184,0.852653,-1.589139,1.884307,off,none,-0.347739,0,0,0,cruise
193.250000,0.000415,,0.896953,0.861898,-1.611607,1.878646,off,none,-0.343146,0,0,0,cruise
193.300000,0.000589,,0.860905,0.858221,-1.613981,1.852927,off,none,-0.338278,0,0,0,cruise
193.350000,0.000350,,0.869052,0.835226,-1.588367,1.854345,off,none,-0.334144,0,0,0,cruise
193.400000,-0.000137,,0.876780,0.809062,-1.588091,1.875809,off,none,-0.333110,0,0,0,cruise
193.450000,-0.000144,,0.887125,0.817245,-1.596819,1.866877,off,none,-0.332819,0,0,0,cruise
193.500000,-0.000115,,0.870774,0.807413,-1.604792,1.834315,off,none,-0.333441,0,0,0,cruise
193.550000,0.000082,,0.851115,0.804820,-1.600822,1.818738,off,none,-0.338361,0,0,0,cruise
193.600000,-0.000289,,0.856854,0.799912,-1.608254,1.818135,off,none,-0.346650,0,0,0,cruise
193.650000,-0.000146,,0.854749,0.802899,-1.613861,1.818495,off,none,-0.353672,0,0,0,cruise
193.700000,-0.000049,,0.853830,0.805151,-1.621125,1.800575,off,none,-0.356566,0,0,0,cruise
193.750000,-0.000191,,0.808936,0.770165,-1.628848,1.809426,off,none,-0.356721,0,0,0,cruise
193.800000,-0.000133,,0.758751,0.744054,-1.642697,1.815470,off,none,-0.356102,0,0,0,cruise
193.850000,-0.000337,,0.743300,0.724204,-1.662900,1.815856,off,none,-0.354001,0,0,0,cruise
193.900000,-0.000427,,0.737472,0.732281,-1.661407,1.803862,off,none,-0.348361,0,0,0,cruise
193.950000,-0.000805,,0.684228,0.645456,-1.660982,1.819608,off,none,-0.339617,0,0,0,cruise
194.000000,-0.001085,,0.648240,0.605411,-1.661966,1.816552,off,none,-0.333523,0,0,0,cruise
194.050000,-0.001121,,0.681789,0.579415,-1.665603,1.813955,off,none,-0.330776,0,0,0,cruise
194.100000,-0.001109,,0.695749,0.595107,-1.651327,1.809016,off,none,-0.331054,0,0,0,cruise
194.150000,-0.000823,,0.702826,0.655740,-1.632977,1.788436,off,none,-0.334655,0,0,0,cruise
194.200000,-0.000780,,0.671964,0.639545,-1.648392,1.825556,off,none,-0.337668,0,0,0,cruise
194.250000,-0.000738,,0.645761,0.623105,-1.657145,1.837001,off,none,-0.341858,0,0,0,cruise
194.300000,-0.000497,,0.644716,0.600755,-1.654262,1.823000,off,none,-0.346924,0,0,0,cruise
194.350000,-0.000710,,0.550050,0.539402,-1.665390,1.843157,off,none,-0.351837,0,0,0,cruise
194.400000,-0.000611,,0.594589,0.579261,-1.667307,1.845613,off,none,-0.358746,0,0,0,cruise
194.450000,-0.000778,,0.537204,0.537477,-1.676144,1.854961,off,none,-0.362641,0,0,0,cruise
194.500000,-0.001038,,0.428967,0.414884,-1.678521,1.847653,off,none,-0.364010,0,0,0,cruise
194.550000,-0.001079,,0.465574,0.412215,-1.684511,1.848756,off,none,-0.365991,0,0,0,cruise
194.600000,-0.001263,,0.441908,0.394018,-1.672055,1.854132,off,none,-0.365946,0,0,0,cruise
194.650000,-0.001038,,0.480731,0.418407,-1.652609,1.860305,off,none,-0.369284,0,0,0,cruise
194.700000,-0.000793,,0.496327,0.472154,-1.653059,1.874980,off,none,-0.369850,0,0,0,cruise
194.750000,-0.000546,,0.470736,0.488435,-1.653036,1.871551,off,none,-0.371412,0,0,0,cruise
194.800000,-0.000263,,0.495503,0.497078,-1.645490,1.855355,off,none,-0.371005,0,0,0,cruise
194.850000,-0.000448,,0.395904,0.421609,-1.634380,1.875734,off,none,-0.367170,0,0,0,cruise
194.900000,-0.000523,,0.393253,0.411812,-1.628736,1.869252,off,none,-0.362944,0,0,0,cruise
194.950000,-0.000676,,0.373294,0.384290,-1.626068,1.882787,off,none,-0.356722,0,0,0,cruise
195.000000,-0.001024,,0.322544,0.341863,-1.628005,1.881710,off,none,-0.351046,0,0,0,cruise
195.050000,-0.000995,,0.312938,0.348467,-1.607777,1.883255,off,none,-0.347379,0,0,0,cruise
195.100000,-0.001041,,0.322911,0.340939,-1.600838,1.885311,off,none,-0.344375,0,0,0,cruise
195.150000,-0.001105,,0.324141,0.346159,-1.601600,1.892344,off,none,-0.340127,0,0,0,cruise
195.200000,-0.001007,,0.329484,0.366263,-1.609069,1.898607,off,none,-0.338480,0,0,0,cruise
195.250000,-0.000648,,0.359781,0.409658,-1.636909,1.905845,off,none,-0.338958,0,0,0,cruise
195.300000,-0.000468,,0.390867,0.414358,-1.620876,1.901047,off,none,-0.341277,0,0,0,cruise
195.350000,-0.000316,,0.378725,0.401629,-1.621105,1.884060,off,none,-0.343140,0,0,0,cruise
195.400000,-0.000195,,0.364487,0.424337,-1.623342,1.875466,off,none,-0.345621,0,0,0,cruise
195.450000,-0.000390,,0.328953,0.378476,-1.617593,1.874021,off,none,-0.348431,0,0,0,cruise
195.500000,-0.000389,,0.280652,0.327025,-1.620757,1.863236,off,none,-0.349899,0,0,0,cruise
195.550000,-0.000818,,0.232409,0.301475,-1.634235,1.866859,off,none,-0.351850,0,0,0,cruise
195.600000,-0.000961,,0.234163,0.313147,-1.631265,1.856803,off,none,-0.346720,0,0,0,cruise
195.650000,-0.000485,,0.238832,0.344952,-1.624580,1.865616,off,none,-0.302499,0,0,0,cruise
195.700000,-0.000228,,0.221553,0.353156,-1.613426,1.874924,off,none,-0.253918,0,0,0,cruise
195.750000,-0.000046,,0.207315,0.317956,-1.599502,1.883331,off,none,-0.206729,0,0,0,cruise
195.800000,-0.000008,,0.188298,0.289899,-1.604526,1.880091,off,none,-0.172723,0,0,0,cruise
195.850000,0.000281,,0.199066,0.288865,-1.599099,1.878695,off,none,-0.139542,0,0,0,cruise
195.900000,0.000601,,0.185208,0.292498,-1.596933,1.908432,off,none,-0.110329,0,0,0,cruise
195.950000,0.000282,,0.174941,0.290636,-1.590067,1.901131,off,none,-0.090684,0,0,0,cruise
196.000000,0.000125,,0.174058,0.266906,-1.581852,1.880873,off,none,-0.067905,0,0,0,cruise
196.050000,0.000089,,0.184978,0.253573,-1.584593,1.879593,off,none,-0.040356,0,0,0,cruise
196.100000,-0.000004,,0.166799,0.232044,-1.571633,1.892144,off,none,-0.012983,0,0,0,cruise
196.150000,-0.000225,,0.123292,0.182644,-1.564218,1.877507,off,none,0.024109,0,0,0,cruise
196.200000,-0.000399,,0.121046,0.188924,-1.551735,1.884623,off,none,0.055704,0,0,0,cruise
196.250000,-0.000577,,0.119744,0.181490,-1.541891,1.893538,off,none,0.088294,0,0,0,cruise
196.300000,-0.000428,,0.101260,0.170137,-1.556632,1.872211,off,none,0.116696,0,0,0,cruise
196.350000,-0.000350,,0.088075,0.175226,-1.572823,1.859803,off,none,0.138946,0,0,0,cruise
196.400000,0.000486,,0.098148,0.180493,-1.586981,1.850863,off,none,0.166717,0,0,0,cruise
196.450000,0.000560,,0.081715,0.172927,-1.571679,1.864088,off,none,0.200121,0,0,0,cruise
196.500000,-0.000046,,0.069094,0.132043,-1.594342,1.838942,off,none,0.232955,0,0,0,cruise
196.550000,0.000250,,0.073123,0.134576,-1.620041,1.824788,off,none,0.261622,0,0,0,cruise
196.600000,0.000425,,0.094335,0.148814,-1.617193,1.833528,off,none,0.290592,0,0,0,cruise
196.650000,-0.000223,,0.091865,0.111683,-1.636608,1.790210,off,none,0.324849,0,0,0,cruise
196.700000,-0.001068,,0.083724,0.090927,-1.649389,1.755264,off,none,0.363125,0,0,0,cruise
196.750000,-0.001327,,0.092455,0.089327,-1.652266,1.751075,off,none,0.394141,0,0,0,cruise
196.800000,-0.001199,,0.072608,0.079856,-1.644276,1.766392,off,none,0.436301,0,0,0,cruise
196.850000,-0.000806,,0.051196,0.068075,-1.626854,1.762387,off,none,0.443849,0,0,0,cruise
196.900000,-0.000150,,0.057819,0.060237,-1.656396,1.726896,off,none,0.380827,0,0,0,cruise
196.950000,0.000351,,0.070178,0.055816,-1.687371,1.701835,off,none,0.355873,0,0,0,cruise
197.000000,0.000325,,0.063550,0.051970,-1.701536,1.668263,off,none,0.311454,0,0,0,cruise
197.050000,0.000030,,0.047667,0.050950,-1.719620,1.662152,off,none,0.279330,0,0,0,cruise
197.100000,0.000606,,0.052550,0.058729,-1.691194,1.705584,off,none,0.277711,0,0,0,cruise
197.150000,0.000541,,0.055864,0.046316,-1.712705,1.677064,off,none,0.258949,0,0,0,cruise
197.200000,0.000563,,0.051851,0.044304,-1.728670,1.633148,off,none,0.230381,0,0,0,cruise
197.250000,0.000254,,0.048809,0.058181,-1.725092,1.635143,off,none,0.211958,0,0,0,cruise
197.300000,0.000262,,0.041571,0.060357,-1.691094,1.656567,off,none,0.201503,0,0,0,cruise
197.350000,-0.000013,,0.046605,0.054607,-1.679357,1.660296,off,none,0.188029,0,0,0,cruise
197.400000,-0.000039,,0.057360,0.050072,-1.678182,1.646553,off,none,0.176283,0,0,0,cruise
197.450000,0.000579,,0.056149,0.043352,-1.651856,1.628866,off,none,0.180837,0,0,0,cruise
197.500000,0.000465,,0.050899,0.040892,-1.618827,1.652927,off,none,0.171712,0,0,0,cruise
197.550000,0.000171,,0.043315,0.038887,-1.629725,1.657421,off,none,0.156989,0,0,0,cruise
197.600000,-0.000316,,0.045090,0.041052,-1.652106,1.656082,off,none,0.146231,0,0,0,cruise
197.650000,0.000112,,0.044822,0.037878,-1.644460,1.638774,off,none,0.140766,0,0,0,cruise
197.700000,-0.000052,,0.043566,0.035098,-1.663663,1.613853,off,none,0.160679,0,0,0,cruise
197.750000,-0.000441,,0.043112,0.035008,-1.673816,1.630874,off,none,0.172737,0,0,0,cruise
197.800000,-0.000567,,0.039604,0.035026,-1.679085,1.623965,off,none,0.178021,0,0,0,cruise
197.850000,-0.000858,,0.039966,0.032980,-1.669355,1.673493,off,none,0.185501,0,0,0,cruise
197.900000,-0.000772,,0.034588,0.027508,-1.677763,1.663218,off,none,0.200335,0,0,0,cruise
197.950000,-0.000260,,0.034509,0.025008,-1.677337,1.695835,off,none,0.218750,0,0,0,cruise
198.000000,-0.000131,,0.037210,0.026887,-1.680966,1.707137,off,none,0.257742,0,0,0,cruise
198.050000,-0.000383,,0.037345,0.029874,-1.681055,1.660327,off,none,0.339767,0,0,0,cruise
198.100000,-0.000382,,0.040759,0.033007,-1.694691,1.637979,off,none,0.468616,0,0,0,cruise
198.150000,0.000016,,0.041650,0.032330,-1.708544,1.623877,off,none,0.511669,0,0,0,cruise
198.200000,-0.000517,,0.038807,0.031416,-1.703452,1.620630,off,none,0.269299,0,0,0,cruise
198.250000,-0.000561,,0.037817,0.034634,-1.717619,1.623973,off,none,0.062331,0,0,0,cruise
198.300000,-0.000746,,0.038861,0.033446,-1.723571,1.647787,off,none,0.079838,0,0,0,cruise
198.350000,-0.000688,,0.043567,0.034934,-1.717305,1.647021,off,none,0.190772,0,0,0,cruise
198.400000,-0.000675,,0.048346,0.038662,-1.729064,1.658417,off,none,0.290991,0,0,0,cruise
198.450000,0.000258,,0.038229,0.032375,-1.733142,1.667352,off,none,0.346127,0,0,0,cruise
198.500000,0.000266,,0.043776,0.037631,-1.724642,1.682353,off,none,0.354218,0,0,0,cruise
198.550000,0.000314,,0.051006,0.041831,-1.723968,1.686040,off,none,0.362281,0,0,0,cruise
198.600000,0.001570,,0.037247,0.029640,-1.748048,1.686359,off,none,0.425037,0,0,0,cruise
198.650000,0.000927,,0.042203,0.033835,-1.731870,1.672448,off,none,0.455176,0,0,0,cruise
198.700000,0.000827,,0.048012,0.037957,-1.725114,1.658016,off,none,0.427851,0,0,0,cruise
198.750000,0.001168,,0.046886,0.036405,-1.744905,1.648338,off,none,0.384622,0,0,0,cruise
198.800000,0.000679,,0.046098,0.036055,-1.743882,1.638266,off,none,0.406780,0,0,0,cruise
198.850000,0.000793,,0.052896,0.040900,-1.754387,1.639671,off,none,0.455711,0,0,0,cruise
198.900000,0.001023,,0.053400,0.036709,-1.780790,1.642202,off,none,0.426518,0,0,0,cruise
198.950000,0.001212,,0.053293,0.035656,-1.770713,1.637123,off,none,0.400514,0,0,0,cruise
199.000000,0.000779,,0.055256,0.039104,-1.733582,1.618588,off,none,0.434972,0,0,0,cruise
199.050000,0.001692,,0.051523,0.037110,-1.740027,1.601597,off,none,0.481774,0,0,0,cruise
199.100000,0.002041,,0.053562,0.034099,-1.743551,1.600616,off,none,0.501990,0,0,0,cruise
199.150000,0.003116,,0.054679,0.033893,-1.752078,1.600877,off,none,0.529158,0,0,0,cruise
199.200000,0.003487,,0.055570,0.033913,-1.746582,1.584733,off,none,0.601847,0,0,0,cruise
199.250000,0.004262,,0.058190,0.035520,-1.750232,1.601246,off,none,0.672677,0,0,0,cruise
199.300000,0.005242,,0.061741,0.038800,-1.719272,1.594579,off,none,0.691521,0,0,0,cruise
199.350000,0.004003,,0.066956,0.042860,-1.716083,1.613401,off,none,0.704918,0,0,0,cruise
199.400000,0.005021,,0.068644,0.043737,-1.725297,1.617167,off,none,0.735319,0,0,0,cruise
199.450000,0.005545,,0.066404,0.041555,-1.733357,1.619927,off,none,0.786887,0,0,0,cruise
199.500000,0.007178,,0.065689,0.041718,-1.735886,1.611117,off,none,0.809609,0,0,0,cruise
199.550000,0.005659,,0.065960,0.041014,-1.707321,1.625823,off,none,0.812263,0,0,0,cruise
199.600000,0.005602,,0.062877,0.037799,-1.718324,1.617679,off,none,0.821331,0,0,0,cruise
199.650000,0.006594,,0.059818,0.035806,-1.711009,1.609242,off,none,0.849009,0,0,0,cruise
199.700000,0.005357,,0.060561,0.035537,-1.703130,1.614953,off,none,0.886193,0,0,0,cruise
199.750000,0.005399,,0.058798,0.035786,-1.723083,1.628452,off,none,0.964089,0,0,0,cruise
199.800000,0.005681,,0.057212,0.036390,-1.698866,1.638692,off,none,0.993485,0,0,0,cruise
199.850000,0.004478,,0.058052,0.034920,-1.695437,1.658251,off,none,0.984139,0,0,0,cruise
199.900000,0.005172,,0.056300,0.034567,-1.697541,1.655665,off,none,1.013043,0,0,0,cruise
199.950000,0.005594,,0.056520,0.035088,-1.707858,1.658719,off,none,1.045427,0,0,0,cruise
200.000000,0.004234,,0.053648,0.032861,-1.708362,1.653050,off,none,1.036397,0,0,0,cruise
200.050000,0.003126,,0.053310,0.031876,-1.695064,1.647818,off,none,1.020972,0,0,0,cruise
200.100000,0.003486,,0.049534,0.029504,-1.689670,1.660386,off,none,1.004761,0,0,0,cruise
200.150000,0.004198,,0.044872,0.027705,-1.683785,1.676773,off,none,1.044928,0,0,0,cruise
200.200000,0.002894,,0.045706,0.028650,-1.680730,1.654900,off,none,1.046477,0,0,0,cruise
200.250000,0.003267,,0.043223,0.027828,-1.689768,1.641599,off,none,1.008293,0,0,0,cruise
200.300000,0.002625,,0.042520,0.027293,-1.717962,1.639246,off,none,0.979199,0,0,0,cruise
200.350000,0.002661,,0.045450,0.028974,-1.708619,1.650176,off,none,1.010783,0,0,0,cruise
200.400000,0.002522,,0.045382,0.029665,-1.705896,1.648825,off,none,1.036722,0,0,0,cruise
200.450000,0.001892,,0.045735,0.030656,-1.717636,1.646338,off,none,1.014433,0,0,0,cruise
200.500000,0.001801,,0.045740,0.030632,-1.701295,1.633746,off,none,0.981023,0,0,0,cruise
200.550000,0.002062,,0.044544,0.028989,-1.688126,1.647303,off,none,0.977699,0,0,0,cruise
200.600000,0.002637,,0.044101,0.028159,-1.676238,1.645300,off,none,1.018028,0,0,0,cruise
200.650000,0.002419,,0.043418,0.028440,-1.693094,1.624960,off,none,1.049649,0,0,0,cruise
200.700000,0.002055,,0.045286,0.030377,-1.714105,1.603729,off,none,1.046442,0,0,0,cruise
200.750000,0.002359,,0.040926,0.030567,-1.688785,1.637709,off,none,1.023753,0,0,0,cruise
200.800000,0.000979,,0.039722,0.030069,-1.687284,1.636142,off,none,1.003535,0,0,0,cruise
200.850000,0.000081,,0.038293,0.027387,-1.697880,1.635054,off,none,1.018405,0,0,0,cruise
200.900000,0.001400,,0.039132,0.027430,-1.674733,1.635031,off,none,1.038456,0,0,0,cruise
200.950000,0.000540,,0.036979,0.025953,-1.695860,1.660434,off,none,1.019814,0,0,0,cruise
201.000000,0.000543,,0.041158,0.026892,-1.696892,1.640268,off,none,1.009380,0,0,0,cruise
201.050000,0.001060,,0.044868,0.028707,-1.714858,1.625634,off,none,1.024784,0,0,0,cruise
201.100000,0.000855,,0.043813,0.029421,-1.703958,1.629052,off,none,1.029097,0,0,0,cruise
201.150000,0.000169,,0.042770,0.029287,-1.699354,1.601332,off,none,1.017610,0,0,0,cruise
201.200000,0.000728,,0.043013,0.030972,-1.704750,1.601696,off,none,1.025170,0,0,0,cruise
201.250000,0.001011,,0.047347,0.032258,-1.734523,1.568712,off,none,1.043447,0,0,0,cruise
201.300000,0.000627,,0.047924,0.034186,-1.714213,1.560655,off,none,1.072850,0,0,0,cruise
201.350000,0.000837,,0.045451,0.033198,-1.701343,1.565433,off,none,1.082662,0,0,0,cruise
201.400000,0.000424,,0.040430,0.030753,-1.710177,1.585914,off,none,1.074766,0,0,0,cruise
201.450000,-0.000284,,0.038429,0.030228,-1.733778,1.583577,off,none,1.050919,0,0,0,cruise
201.500000,-0.000972,,0.035426,0.029278,-1.759231,1.563204,off,none,1.044185,0,0,0,cruise
201.550000,-0.000548,,0.033296,0.026519,-1.762908,1.555619,off,none,1.066852,0,0,0,cruise
201.600000,-0.000484,,0.035253,0.026162,-1.732705,1.576764,off,none,1.055556,0,0,0,cruise
201.650000,-0.000204,,0.031450,0.025176,-1.732388,1.574069,off,none,0.993168,0,0,0,cruise
201.700000,0.000360,,0.029894,0.025764,-1.735394,1.553543,off,none,0.929325,0,0,0,cruise
201.750000,-0.000297,,0.036834,0.029392,-1.712275,1.563676,off,none,0.976220,0,0,0,cruise
201.800000,-0.000948,,0.032776,0.028050,-1.703009,1.574967,off,none,1.032311,0,0,0,cruise
201.850000,-0.000683,,0.034418,0.029523,-1.706054,1.568321,off,none,1.015796,0,0,0,cruise
201.900000,-0.000341,,0.038895,0.032904,-1.714371,1.539483,off,none,0.987128,0,0,0,cruise
201.950000,-0.000267,,0.042170,0.035823,-1.718608,1.518879,off,none,0.973141,0,0,0,cruise
202.000000,-0.000428,,0.039166,0.034961,-1.722358,1.519183,off,none,0.965399,0,0,0,cruise
202.050000,-0.000673,,0.034874,0.032873,-1.737060,1.521988,off,none,1.017153,0,0,0,cruise
202.100000,-0.000510,,0.033698,0.029696,-1.759647,1.514400,off,none,1.096791,0,0,0,cruise
202.150000,-0.000410,,0.035452,0.029492,-1.738597,1.506410,off,none,1.135507,0,0,0,cruise
202.200000,-0.000350,,0.040744,0.032251,-1.735858,1.506893,off,none,1.138174,0,0,0,cruise
202.250000,-0.000750,,0.045513,0.035744,-1.723142,1.527827,off,none,1.165269,0,0,0,cruise
202.300000,-0.000703,,0.044764,0.033667,-1.773899,1.509266,off,none,1.241694,0,0,0,cruise
202.350000,-0.001248,,0.035902,0.028031,-1.791082,1.480226,off,none,1.216960,0,0,0,cruise
202.400000,-0.001462,,0.036635,0.030872,-1.786221,1.464715,off,none,1.167045,0,0,0,cruise
202.450000,-0.000862,,0.038792,0.031164,-1.796214,1.481676,off,none,1.228502,0,0,0,cruise
202.500000,-0.000767,,0.029700,0.027240,-1.800916,1.506439,off,none,1.415753,0,0,0,cruise
202.550000,-0.000943,,0.032001,0.027518,-1.776107,1.505295,off,none,1.411756,0,0,0,cruise
202.600000,-0.000737,,0.029865,0.027150,-1.807394,1.492071,off,none,1.225474,0,0,0,cruise
202.650000,-0.000852,,0.027841,0.026551,-1.796326,1.484760,off,none,1.114094,0,0,0,cruise
202.700000,-0.000759,,0.025076,0.029122,-1.775157,1.510761,off,none,1.229512,0,0,0,cruise
202.750000,-0.001038,,0.022692,0.027172,-1.764313,1.545355,off,none,1.375510,0,0,0,cruise
202.800000,-0.001327,,0.022804,0.029085,-1.772622,1.547581,off,none,1.375871,0,0,0,cruise
202.850000,-0.001603,,0.020589,0.028042,-1.761561,1.530918,off,none,1.313002,0,0,0,cruise
202.900000,-0.001492,,0.019389,0.023770,-1.775035,1.528620,off,none,1.297906,0,0,0,cruise
202.950000,-0.001492,,0.017764,0.026507,-1.808855,1.476256,off,none,1.266981,0,0,0,cruise
203.000000,-0.001857,,0.016330,0.027004,-1.797550,1.502620,off,none,1.230143,0,0,0,cruise
203.050000,-0.003231,,0.015932,0.024518,-1.748389,1.502442,off,none,1.222960,0,0,0,cruise
203.100000,-0.001927,,0.014168,0.020573,-1.692909,1.536375,off,none,1.241438,0,0,0,cruise
203.150000,-0.001871,,0.015427,0.019986,-1.707645,1.534036,off,none,1.221423,0,0,0,cruise
203.200000,-0.002300,,0.013285,0.019590,-1.735824,1.521069,off,none,1.196516,0,0,0,cruise
203.250000,-0.002026,,0.012295,0.017302,-1.758648,1.551421,off,none,1.176965,0,0,0,cruise
203.300000,-0.002529,,0.012143,0.018931,-1.747312,1.539342,off,none,1.178836,0,0,0,cruise
203.350000,-0.002737,,0.011700,0.019893,-1.710460,1.542022,off,none,1.285259,0,0,0,cruise
203.400000,-0.002727,,0.010171,0.015660,-1.709694,1.564551,off,none,1.409819,0,0,0,cruise
203.450000,-0.003214,,0.009290,0.014606,-1.718095,1.554838,off,none,1.434768,0,0,0,cruise
203.500000,-0.001914,,0.009407,0.013304,-1.664919,1.594091,off,none,1.419936,0,0,0,cruise
203.550000,-0.002749,,0.009038,0.013598,-1.625471,1.612447,off,none,1.445678,0,0,0,cruise
203.600000,-0.003694,,0.009124,0.014461,-1.645702,1.599389,off,none,1.490256,0,0,0,cruise
203.650000,-0.002687,,0.008213,0.011646,-1.634811,1.638248,off,none,1.440057,0,0,0,cruise
203.700000,-0.003352,,0.007155,0.010075,-1.573800,1.656355,off,none,1.409380,0,0,0,cruise
203.750000,-0.009854,,0.010015,0.013371,-1.523923,1.643360,off,none,1.456099,0,0,0,cruise
203.800000,-0.023903,,0.014867,0.018219,-1.554963,1.571069,off,none,1.484276,0,0,0,cruise
203.850000,-0.031999,,0.015847,0.017322,-1.479235,1.571220,off,none,1.479593,0,0,0,cruise
203.900000,-0.028163,,0.015392,0.016614,-1.430503,1.581924,off,none,1.474051,0,0,0,cruise
203.950000,-0.027240,,0.012975,0.013653,-1.432526,1.588688,off,none,1.470043,0,0,0,cruise
204.000000,-0.022976,,0.011646,0.013146,-1.464180,1.611770,off,none,1.467813,0,0,0,cruise
204.050000,-0.020330,,0.008327,0.008479,-1.481046,1.601037,off,none,1.464787,0,0,0,cruise
204.100000,-0.027686,,0.009307,0.010055,-1.461441,1.611771,off,none,1.460507,0,0,0,cruise
204.150000,-0.026885,,0.008960,0.010896,-1.427163,1.623215,off,none,1.456296,0,0,0,cruise
204.200000,-0.017732,,0.006098,0.006985,-1.433646,1.656158,off,none,1.452595,0,0,0,cruise
204.250000,-0.021905,,0.004668,0.006176,-1.371987,1.700416,off,none,1.449126,0,0,0,cruise
204.300000,-0.021272,,0.005278,0.006626,-1.368697,1.645806,off,none,1.446012,0,0,0,cruise
204.350000,-0.026211,,0.004881,0.006241,-1.326842,1.741669,off,none,1.442615,0,0,0,cruise
204.400000,-0.026081,,0.004508,0.005735,-1.335274,1.763051,off,none,1.440002,0,0,0,cruise
204.450000,-0.026906,,0.004525,0.005741,-1.321496,1.728325,off,none,1.437043,0,0,0,cruise
204.500000,-0.023291,,0.003950,0.004667,-1.339772,1.783986,off,none,1.433975,0,0,0,cruise
204.550000,-0.030050,,0.004274,0.005187,-1.300917,1.781950,off,none,1.431379,0,0,0,cruise
204.600000,-0.036817,,0.005306,0.006526,-1.249583,1.806365,off,none,1.429328,0,0,0,cruise
204.650000,-0.036440,,0.004922,0.005745,-1.242649,1.853094,off,none,1.426828,0,0,0,cruise
204.700000,-0.035136,,0.004082,0.004903,-1.216779,1.903852,off,none,1.424419,0,0,0,cruise
204.750000,-0.033029,,0.004471,0.005018,-1.222281,1.917006,off,none,1.421606,0,0,0,cruise
204.800000,-0.042405,,0.005040,0.006020,-1.243732,1.853596,off,none,1.419447,0,0,0,cruise
204.850000,-0.047332,,0.004728,0.006114,-1.226832,1.768049,off,none,1.416420,0,0,0,cruise
204.900000,-0.041733,,0.006171,0.006699,-1.250738,1.738557,off,none,1.402808,0,0,0,cruise
204.950000,-0.046969,,0.006608,0.006767,-1.205898,1.816523,off,none,1.334729,0,0,0,cruise
205.000000,-0.041917,,0.005287,0.005087,-1.140954,2.030856,off,none,1.244977,0,0,0,cruise
205.050000,-0.056706,,0.004240,0.004405,-1.042495,2.235007,off,none,1.227305,0,0,0,cruise
205.100000,-0.054901,,0.004078,0.003821,-1.030882,2.244194,off,none,1.283717,0,0,0,cruise
205.150000,-0.056914,,0.004777,0.004164,-1.076320,2.220034,off,none,1.310641,0,0,0,cruise
205.200000,-0.060958,,0.004927,0.004173,-1.074182,2.289376,off,none,1.260744,0,0,0,cruise
205.250000,-0.059342,,0.005301,0.004679,-1.047124,2.332459,off,none,1.167261,0,0,0,cruise
205.300000,-0.061433,,0.006556,0.006304,-0.949171,2.424428,off,none,1.113663,0,0,0,cruise
205.350000,-0.060620,,0.006132,0.005887,-0.850254,2.546849,off,none,1.086449,0,0,0,cruise
205.400000,-0.057293,,0.006191,0.005708,-0.827119,2.589323,off,none,1.031196,0,0,0,cruise
205.450000,-0.054674,,0.006760,0.005868,-0.662762,2.732283,off,none,1.079778,0,0,0,cruise
205.500000,-0.056579,,0.006190,0.005589,-0.655445,2.688455,off,none,1.139816,0,0,0,cruise
205.550000,-0.059120,,0.006907,0.006358,-0.674282,2.673582,off,none,1.031152,0,0,0,cruise
205.600000,-0.060248,,0.007856,0.006946,-0.671513,2.775397,off,none,0.953444,0,0,0,cruise
205.650000,-0.062051,,0.009732,0.009585,-0.591352,2.807804,off,none,0.939534,0,0,0,cruise
205.700000,-0.063747,,0.009974,0.009863,-0.502897,2.932666,off,none,0.931419,0,0,0,cruise
205.750000,-0.061140,,0.009621,0.009567,-0.477906,2.950227,off,none,0.952025,0,0,0,cruise
205.800000,-0.063726,,0.010217,0.010449,-0.447913,2.995859,off,none,0.954614,0,0,0,cruise
205.850000,-0.059263,,0.009506,0.009384,-0.451015,2.988525,off,none,0.933795,0,0,0,cruise
205.900000,-0.058623,,0.008777,0.008104,-0.384669,3.052859,off,none,0.922836,0,0,0,cruise
205.950000,-0.058454,,0.009006,0.008187,-0.333078,3.119684,off,none,0.913990,0,0,0,cruise
206.000000,-0.055716,,0.008706,0.007762,-0.325074,3.174901,off,none,0.958753,0,0,0,cruise
206.050000,-0.052357,,0.007697,0.006424,-0.350834,3.231144,off,none,0.958023,0,0,0,cruise
206.100000,-0.056056,,0.008495,0.008620,-0.390976,3.145798,off,none,0.925379,0,0,0,cruise
206.150000,-0.054258,,0.007785,0.009166,-0.344809,3.176947,off,none,0.902446,0,0,0,cruise
206.200000,-0.054564,,0.006356,0.007141,-0.417017,3.094311,off,none,0.835593,0,0,0,cruise
206.250000,-0.049663,,0.005899,0.005831,-0.423894,3.110146,off,none,0.840674,0,0,0,cruise
206.300000,-0.046605,,0.005897,0.005307,-0.317793,3.250105,off,none,0.857707,0,0,0,cruise
206.350000,-0.045132,,0.006032,0.005177,-0.323798,3.282382,off,none,0.845463,0,0,0,cruise
206.400000,-0.044294,,0.006304,0.005515,-0.309878,3.324862,off,none,0.861232,0,0,0,cruise
206.450000,-0.043656,,0.006130,0.005355,-0.239124,3.416322,off,none,0.869211,0,0,0,cruise
206.500000,-0.041204,,0.006203,0.005671,-0.243999,3.445516,off,none,0.856694,0,0,0,cruise
206.550000,-0.041305,,0.006374,0.006539,-0.327997,3.375271,off,none,0.863153,0,0,0,cruise
206.600000,-0.039341,,0.005909,0.006186,-0.273312,3.385964,off,none,0.887200,0,0,0,cruise
206.650000,-0.037179,,0.005385,0.004900,-0.254410,3.349737,off,none,0.871605,0,0,0,cruise
206.700000,-0.038546,,0.005222,0.004714,-0.315278,3.252800,off,none,0.879566,0,0,0,cruise
206.750000,-0.034081,,0.006125,0.006138,-0.346809,3.142677,off,none,0.889984,0,0,0,cruise
206.800000,-0.034187,,0.006479,0.006578,-0.350767,3.199705,off,none,0.811122,0,0,0,cruise
206.850000,-0.033839,,0.006556,0.007271,-0.279766,3.289325,off,none,0.823288,0,0,0,cruise
206.900000,-0.031055,,0.007039,0.007081,-0.285551,3.293573,off,none,0.850141,0,0,0,cruise
206.950000,-0.031559,,0.006888,0.006787,-0.307422,3.229724,off,none,0.836729,0,0,0,cruise
207.000000,-0.032833,,0.007780,0.008303,-0.324640,3.193312,off,none,0.833972,0,0,0,cruise
207.050000,-0.037058,,0.010381,0.012238,-0.366591,3.151475,off,none,0.858823,0,0,0,cruise
207.100000,-0.038545,,0.011363,0.012863,-0.307899,3.165554,off,none,0.850317,0,0,0,cruise
207.150000,-0.039406,,0.011014,0.012792,-0.229355,3.237971,off,none,0.855104,0,0,0,cruise
207.200000,-0.043003,,0.011566,0.012977,-0.279706,3.220149,off,none,0.825433,0,0,0,cruise
207.250000,-0.047965,,0.010318,0.011803,-0.215652,3.316924,off,none,0.850697,0,0,0,cruise
207.300000,-0.054435,,0.010023,0.012217,-0.227884,3.356062,off,none,0.880399,0,0,0,cruise
207.350000,-0.055876,,0.009634,0.012378,-0.228020,3.398573,off,none,0.906545,0,0,0,cruise
207.400000,-0.055673,,0.010081,0.013939,-0.137559,3.434126,off,none,0.963176,0,0,0,cruise
207.450000,-0.058396,,0.010924,0.015938,-0.190295,3.332457,off,none,0.982615,0,0,0,cruise
207.500000,-0.062660,,0.011138,0.018376,-0.095909,3.366578,off,none,0.983110,0,0,0,cruise
207.550000,-0.062976,,0.010929,0.017532,-0.117408,3.305940,off,none,0.952345,0,0,0,cruise
207.600000,-0.062081,,0.011232,0.017479,-0.117345,3.317489,off,none,0.972473,0,0,0,cruise
207.650000,-0.060470,,0.011082,0.018235,-0.088006,3.312484,off,none,1.011651,0,0,0,cruise
207.700000,-0.062201,,0.010884,0.018243,-0.106205,3.321643,off,none,1.032563,0,0,0,cruise
207.750000,-0.062405,,0.011033,0.020126,-0.096071,3.393147,off,none,1.047933,0,0,0,cruise
207.800000,-0.061314,,0.011416,0.020159,-0.109519,3.407648,off,none,1.017641,0,0,0,cruise
207.850000,-0.057928,,0.011117,0.019790,-0.120257,3.398684,off,none,1.027778,0,0,0,cruise
207.900000,-0.058684,,0.010571,0.020205,-0.029197,3.436343,off,none,1.063553,0,0,0,cruise
207.950000,-0.056626,,0.010097,0.017756,-0.042677,3.487160,off,none,1.086311,0,0,0,cruise
208.000000,-0.055655,,0.010047,0.018685,-0.021292,3.471999,off,none,1.091554,0,0,0,cruise
208.050000,-0.055102,,0.008432,0.016384,-0.020105,3.458732,off,none,1.082610,0,0,0,cruise
208.100000,-0.054499,,0.007530,0.015091,-0.061407,3.403058,off,none,1.091388,0,0,0,cruise
208.150000,-0.055272,,0.008942,0.018004,-0.041370,3.433754,off,none,1.125666,0,0,0,cruise
208.200000,-0.055254,,0.011401,0.020867,-0.026236,3.434356,off,none,1.138867,0,0,0,cruise
208.250000,-0.054275,,0.010051,0.018040,-0.033794,3.528628,off,none,1.082811,0,0,0,cruise
208.300000,-0.054237,,0.010574,0.018592,-0.047305,3.501279,off,none,1.093592,0,0,0,cruise
208.350000,-0.054399,,0.009935,0.017081,-0.041882,3.517734,off,none,1.147626,0,0,0,cruise
208.400000,-0.054470,,0.011278,0.019216,-0.029682,3.502863,off,none,1.124825,0,0,0,cruise
208.450000,-0.053928,,0.012854,0.021488,-0.057156,3.475285,off,none,1.071751,0,0,0,cruise
208.500000,-0.053471,,0.012437,0.022512,-0.068700,3.462366,off,none,1.092117,0,0,0,cruise
208.550000,-0.050122,,0.011681,0.020358,-0.131244,3.356409,off,none,1.120681,0,0,0,cruise
208.600000,-0.048295,,0.011278,0.020120,-0.137192,3.347630,off,none,1.114262,0,0,0,cruise
208.650000,-0.051765,,0.012412,0.021318,-0.111598,3.340307,off,none,1.151976,0,0,0,cruise
208.700000,-0.050218,,0.011632,0.019371,-0.088365,3.317514,off,none,1.131205,0,0,0,cruise
208.750000,-0.048397,,0.011647,0.019899,-0.112765,3.267339,off,none,1.129093,0,0,0,cruise
208.800000,-0.047377,,0.013092,0.020751,-0.156276,3.103801,off,none,1.124947,0,0,0,cruise
208.850000,-0.047318,,0.013016,0.021489,-0.155273,3.063928,off,none,1.135936,0,0,0,cruise
208.900000,-0.047223,,0.013866,0.023081,-0.170718,3.033585,off,none,1.130724,0,0,0,cruise
208.950000,-0.046153,,0.014548,0.022137,-0.195097,2.980027,off,none,1.108209,0,0,0,cruise
209.000000,-0.045269,,0.014049,0.022565,-0.183564,2.961265,off,none,1.057392,0,0,0,cruise
209.050000,-0.044459,,0.015114,0.024513,-0.158582,2.931888,off,none,1.059203,0,0,0,cruise
209.100000,-0.044459,,0.015030,0.024176,-0.175196,2.949568,off,none,1.063303,0,0,0,cruise
209.150000,-0.045622,,0.016858,0.023594,-0.243813,3.019757,off,none,1.090729,0,0,0,cruise
209.200000,-0.044883,,0.018331,0.023153,-0.294762,2.941999,off,none,1.100810,0,0,0,cruise
209.250000,-0.046317,,0.021725,0.023109,-0.465365,2.764879,off,none,1.083291,0,0,0,cruise
209.300000,-0.046198,,0.021918,0.020611,-0.474527,2.666650,off,none,1.067851,0,0,0,cruise
209.350000,-0.046455,,0.022025,0.019659,-0.493291,2.654677,off,none,1.053003,0,0,0,cruise
209.400000,-0.043296,,0.024554,0.020536,-0.650307,2.572104,off,none,1.025984,0,0,0,cruise
209.450000,-0.042409,,0.025630,0.019619,-0.680607,2.517520,off,none,1.022393,0,0,0,cruise
209.500000,-0.041322,,0.025305,0.021931,-0.715318,2.462764,off,none,1.003861,0,0,0,cruise
209.550000,-0.039184,,0.028868,0.022206,-0.662342,2.430732,off,none,0.983924,0,0,0,cruise
209.600000,-0.037131,,0.027314,0.019147,-0.676781,2.386409,off,none,0.960650,0,0,0,cruise
209.650000,-0.037321,,0.030102,0.019103,-0.817343,2.309697,off,none,0.931216,0,0,0,cruise
209.700000,-0.035020,,0.031609,0.019316,-0.791205,2.313858,off,none,0.905667,0,0,0,cruise
209.750000,-0.032888,,0.038846,0.022962,-0.801054,2.277228,off,none,0.878043,0,0,0,cruise
209.800000,-0.032463,,0.047342,0.027648,-0.862416,2.182188,off,none,0.835736,0,0,0,cruise
209.850000,-0.031692,,0.045120,0.028325,-0.897605,2.179384,off,none,0.818111,0,0,0,cruise
209.900000,-0.031575,,0.048939,0.033442,-0.983489,2.123561,off,none,0.806657,0,0,0,cruise
209.950000,-0.031074,,0.050861,0.035135,-0.982985,2.113175,off,none,0.820527,0,0,0,cruise
210.000000,-0.029842,,0.056368,0.040199,-1.035961,2.002962,off,none,0.825139,0,0,0,cruise
210.050000,-0.027584,,0.060702,0.039421,-0.999136,1.982455,off,none,0.817840,0,0,0,cruise
210.100000,-0.028062,,0.054042,0.038634,-1.120079,1.965962,off,none,0.781046,0,0,0,cruise
210.150000,-0.027674,,0.053840,0.041107,-1.149542,1.915877,off,none,0.743525,0,0,0,cruise
210.200000,-0.028390,,0.056794,0.040690,-1.155407,1.828603,off,none,0.738226,0,0,0,cruise
210.250000,-0.026777,,0.060919,0.041681,-1.191458,1.690288,off,none,0.722741,0,0,0,cruise
210.300000,-0.024047,,0.075689,0.046661,-1.355699,1.601654,off,none,0.746383,0,0,0,cruise
210.350000,-0.023153,,0.089207,0.057629,-1.334964,1.643630,off,none,0.773921,0,0,0,cruise
210.400000,-0.025189,,0.076961,0.056239,-1.379268,1.636901,off,none,0.779138,0,0,0,cruise
210.450000,-0.023743,,0.066155,0.047515,-1.344054,1.574171,off,none,0.751597,0,0,0,cruise
210.500000,-0.022179,,0.065615,0.048104,-1.289512,1.553151,off,none,0.721628,0,0,0,cruise
210.550000,-0.020578,,0.070698,0.052934,-1.323593,1.515947,off,none,0.723355,0,0,0,cruise
210.600000,-0.017892,,0.076207,0.055980,-1.307666,1.523210,off,none,0.759619,0,0,0,cruise
210.650000,-0.016446,,0.073121,0.051690,-1.231281,1.569412,off,none,0.795726,0,0,0,cruise
210.700000,-0.017323,,0.076856,0.057190,-1.232732,1.582144,off,none,0.809173,0,0,0,cruise
210.750000,-0.016176,,0.125218,0.089164,-1.372227,1.519148,off,none,0.764621,0,0,0,cruise
210.800000,-0.013481,,0.182162,0.100847,-1.211501,1.575433,off,none,0.914381,0,0,0,cruise
210.850000,-0.012300,,0.203467,0.097802,-1.136924,1.597690,off,none,0.978559,0,0,0,cruise
210.900000,-0.010687,,0.222162,0.096989,-1.110561,1.641682,off,none,1.059929,0,0,0,cruise
210.950000,-0.009624,,0.246967,0.099270,-1.077125,1.655978,off,none,1.098855,0,0,0,cruise
211.000000,-0.008163,,0.268396,0.103366,-1.046706,1.694780,off,none,1.106651,0,0,0,cruise
211.050000,-0.006613,,0.276216,0.104048,-1.005494,1.750414,off,none,0.977110,0,0,0,cruise
211.100000,-0.005407,,0.248500,0.095318,-0.979984,1.755016,off,none,0.987733,0,0,0,cruise
211.150000,-0.004542,,0.197575,0.083827,-0.974099,1.758970,off,none,0.982795,0,0,0,cruise
211.200000,-0.003087,,0.320212,0.105521,-0.955961,1.834708,off,none,0.983160,0,0,0,cruise
211.250000,-0.002154,,0.339984,0.106990,-0.953008,1.871522,off,none,0.994152,0,0,0,cruise
211.300000,-0.001610,,0.336020,0.103533,-0.945490,1.923586,off,none,1.035401,0,0,0,cruise
211.350000,-0.000996,,0.389767,0.138482,-1.042530,1.912639,off,none,1.052645,0,0,0,cruise
211.400000,0.000025,,0.392648,0.141508,-1.032390,1.954020,off,none,1.060644,0,0,0,cruise
211.450000,0.000429,,0.439072,0.167483,-1.033105,1.976773,off,none,1.035315,0,0,0,cruise
211.500000,0.000809,,0.479422,0.224106,-1.036653,2.001873,off,none,1.014108,0,0,0,cruise
211.550000,0.001033,,0.469777,0.239393,-1.046368,2.009640,off,none,1.020383,0,0,0,cruise
211.600000,0.001109,,0.498223,0.248249,-1.013314,2.057091,off,none,1.043642,0,0,0,cruise
211.650000,0.001326,,0.471497,0.195417,-0.992470,2.089902,off,none,1.077746,0,0,0,cruise
211.700000,0.000943,,0.442896,0.180577,-0.926328,2.124922,off,none,1.058861,0,0,0,cruise
211.750000,0.001645,,0.502381,0.311707,-0.990274,2.114228,off,none,1.059179,0,0,0,cruise
211.800000,0.002095,,0.563102,0.457937,-1.048959,2.076218,off,none,1.079079,0,0,0,cruise
211.850000,0.002263,,0.589087,0.434154,-1.037452,2.082841,off,none,1.112995,0,0,0,cruise
211.900000,0.002510,,0.649674,0.502192,-1.079541,2.064127,off,none,1.102548,0,0,0,cruise
211.950000,0.002666,,0.708330,0.531626,-1.086299,2.030861,off,none,1.155686,0,0,0,cruise
212.000000,0.002515,,0.719622,0.531061,-1.103670,1.998180,off,none,1.166608,0,0,0,cruise
212.050000,0.002725,,0.778068,0.622130,-1.141298,1.968663,off,none,1.211244,0,0,0,cruise
212.100000,0.003115,,0.822673,0.655168,-1.161933,1.951459,off,none,1.255269,0,0,0,cruise
212.150000,0.003363,,0.744494,0.612485,-1.171905,1.939357,off,none,1.200421,0,0,0,cruise
212.200000,0.002712,,0.692858,0.465658,-1.185027,1.918874,off,none,1.238121,0,0,0,cruise
212.250000,0.002906,,0.738055,0.470140,-1.177411,1.904792,off,none,1.226641,0,0,0,cruise
212.300000,0.003073,,0.793169,0.687017,-1.222256,1.875432,off,none,1.203292,0,0,0,cruise
212.350000,0.002770,,0.740305,0.697028,-1.275907,1.842860,off,none,1.250252,0,0,0,cruise
212.400000,0.002671,,0.651182,0.609562,-1.279299,1.841715,off,none,1.240120,0,0,0,cruise
212.450000,0.002398,,0.654649,0.602067,-1.284684,1.834027,off,none,1.227645,0,0,0,cruise
212.500000,0.002001,,0.724714,0.607592,-1.312562,1.805689,off,none,1.225960,0,0,0,cruise
212.550000,0.002373,,0.786727,0.596971,-1.297634,1.807159,off,none,1.217104,0,0,0,cruise
212.600000,0.002520,,0.837237,0.660115,-1.296343,1.792402,off,none,1.246700,0,0,0,cruise
212.650000,0.002816,,0.824434,0.616813,-1.315934,1.771271,off,none,1.279892,0,0,0,cruise
212.700000,0.002742,,0.801098,0.594393,-1.300129,1.742795,off,none,1.255383,0,0,0,cruise
212.750000,0.002614,,0.829405,0.690868,-1.316238,1.731677,off,none,1.271329,0,0,0,cruise
212.800000,0.002578,,0.899341,0.809019,-1.342489,1.717035,off,none,1.250558,0,0,0,cruise
212.850000,0.002751,,0.932280,0.852103,-1.371127,1.698770,off,none,1.262357,0,0,0,cruise
212.900000,0.002442,,0.921386,0.851401,-1.362390,1.691439,off,none,1.276710,0,0,0,cruise
212.950000,0.002064,,0.919443,0.866072,-1.389858,1.687576,off,none,1.274640,0,0,0,cruise
213.000000,0.002348,,0.933013,0.884064,-1.405149,1.682493,off,none,1.272582,0,0,0,cruise
213.050000,0.002125,,0.937941,0.888393,-1.421502,1.687355,off,none,1.270606,0,0,0,cruise
213.100000,0.002163,,0.947876,0.872611,-1.439255,1.661726,off,none,1.268826,0,0,0,cruise
213.150000,0.001747,,0.944315,0.879447,-1.449716,1.640618,off,none,1.266547,0,0,0,cruise
213.200000,0.001711,,0.942304,0.864134,-1.463178,1.641509,off,none,1.264575,0,0,0,cruise
213.250000,0.001210,,0.939332,0.846723,-1.476032,1.671451,off,none,1.262889,0,0,0,cruise
213.300000,0.001561,,0.932901,0.859293,-1.470887,1.675436,off,none,1.261397,0,0,0,cruise
213.350000,0.001513,,0.944113,0.882411,-1.476831,1.674279,off,none,1.248396,0,0,0,cruise
213.400000,0.001563,,0.941386,0.910927,-1.469152,1.669546,off,none,1.207081,0,0,0,cruise
213.450000,0.001347,,0.923253,0.894192,-1.472056,1.655428,off,none,1.255811,0,0,0,cruise
213.500000,0.001226,,0.921464,0.897484,-1.482551,1.645067,off,none,1.253957,0,0,0,cruise
213.550000,0.001588,,0.948159,0.893798,-1.506865,1.643590,off,none,1.252312,0,0,0,cruise
213.600000,0.001712,,0.954456,0.890392,-1.526072,1.620024,off,none,1.250658,0,0,0,cruise
213.650000,0.001844,,0.953831,0.890297,-1.547785,1.611815,off,none,1.248962,0,0,0,cruise
213.700000,0.001690,,0.936136,0.878243,-1.509964,1.612065,off,none,1.247354,0,0,0,cruise
213.750000,0.001951,,0.928264,0.879898,-1.538333,1.617321,off,none,1.240910,0,0,0,cruise
213.800000,0.002441,,0.906884,0.878241,-1.543865,1.612346,off,none,1.219553,0,0,0,cruise
213.850000,0.002356,,0.909300,0.862692,-1.551235,1.606767,off,none,1.236652,0,0,0,cruise
213.900000,0.002040,,0.908694,0.852298,-1.531332,1.611124,off,none,1.204928,0,0,0,cruise
213.950000,0.001701,,0.898961,0.868907,-1.571791,1.591000,off,none,1.198715,0,0,0,cruise
214.000000,0.001966,,0.901252,0.868450,-1.599711,1.575190,off,none,1.218125,0,0,0,cruise
214.050000,0.002130,,0.916859,0.861709,-1.608732,1.568196,off,none,1.233890,0,0,0,cruise
214.100000,0.002186,,0.911321,0.837407,-1.613352,1.552129,off,none,1.234261,0,0,0,cruise
214.150000,0.001988,,0.910288,0.822330,-1.626890,1.551474,off,none,1.232760,0,0,0,cruise
214.200000,0.002141,,0.920666,0.845047,-1.638571,1.551959,off,none,1.230894,0,0,0,cruise
214.250000,0.002768,,0.921788,0.884720,-1.656860,1.537480,off,none,1.228821,0,0,0,cruise
214.300000,0.002475,,0.926539,0.889189,-1.637356,1.549212,off,none,1.226958,0,0,0,cruise
214.350000,0.002386,,0.922865,0.870722,-1.642046,1.527231,off,none,1.218544,0,0,0,cruise
214.400000,0.001990,,0.923672,0.850831,-1.647677,1.515249,off,none,1.185828,0,0,0,cruise
214.450000,0.002375,,0.938885,0.844941,-1.668454,1.513517,off,none,1.212127,0,0,0,cruise
214.500000,0.002679,,0.939087,0.837786,-1.695940,1.510490,off,none,1.163567,0,0,0,cruise
214.550000,0.002631,,0.935032,0.754885,-1.695609,1.522653,off,none,1.165860,0,0,0,cruise
214.600000,0.002863,,0.940917,0.807313,-1.683715,1.515847,off,none,1.202516,0,0,0,cruise
214.650000,0.002707,,0.950442,0.886913,-1.673243,1.495640,off,none,1.186795,0,0,0,cruise
214.700000,0.002789,,0.946214,0.891444,-1.674493,1.486922,off,none,1.215548,0,0,0,cruise
214.750000,0.002490,,0.939183,0.875086,-1.656395,1.484097,off,none,1.208254,0,0,0,cruise
214.800000,0.002433,,0.943649,0.913977,-1.630645,1.486728,off,none,1.167838,0,0,0,cruise
214.850000,0.002295,,0.938194,0.916125,-1.629903,1.487154,off,none,1.103556,0,0,0,cruise
214.900000,0.002046,,0.938004,0.927041,-1.643667,1.490979,off,none,1.118101,0,0,0,cruise
214.950000,0.002154,,0.939210,0.914617,-1.648328,1.496363,off,none,1.124034,0,0,0,cruise
215.000000,0.002198,,0.927886,0.910227,-1.666680,1.488266,off,none,1.165410,0,0,0,cruise
215.050000,0.002341,,0.890759,0.932838,-1.695949,1.467142,off,none,1.195426,0,0,0,cruise
215.100000,0.002921,,0.885580,0.926328,-1.728751,1.456114,off,none,1.202684,0,0,0,cruise
215.150000,0.002676,,0.895661,0.912897,-1.714819,1.457085,off,none,1.187008,0,0,0,cruise
215.200000,0.002725,,0.913200,0.905805,-1.695847,1.450328,off,none,1.141454,0,0,0,cruise
215.250000,0.002835,,0.915425,0.921902,-1.686443,1.444890,off,none,1.140540,0,0,0,cruise
215.300000,0.003014,,0.920452,0.924589,-1.681987,1.435586,off,none,1.172924,0,0,0,cruise
215.350000,0.002741,,0.907108,0.913446,-1.659959,1.434860,off,none,1.190285,0,0,0,cruise
215.400000,0.002838,,0.932730,0.914261,-1.648980,1.447138,off,none,1.181973,0,0,0,cruise
215.450000,0.003017,,0.938585,0.872584,-1.622225,1.461516,off,none,1.163250,0,0,0,cruise
215.500000,0.003162,,0.944555,0.887227,-1.618884,1.454666,off,none,1.195548,0,0,0,cruise
215.550000,0.002944,,0.939740,0.882693,-1.631485,1.442551,off,none,1.188268,0,0,0,cruise
215.600000,0.003302,,0.935335,0.886171,-1.633066,1.430014,off,none,1.142446,0,0,0,cruise
215.650000,0.003383,,0.932305,0.877284,-1.624144,1.438477,off,none,1.100433,0,0,0,cruise
215.700000,0.003713,,0.933826,0.889179,-1.617300,1.461023,off,none,1.141535,0,0,0,cruise
215.750000,0.003752,,0.943446,0.898328,-1.608453,1.464039,off,none,1.107542,0,0,0,cruise
215.800000,0.003800,,0.932395,0.892975,-1.613481,1.458790,off,none,1.032462,0,0,0,cruise
215.850000,0.004024,,0.930188,0.902511,-1.611892,1.459640,off,none,0.953247,0,0,0,cruise
215.900000,0.004194,,0.934579,0.883512,-1.627455,1.452770,off,none,0.904437,0,0,0,cruise
215.950000,0.004066,,0.935791,0.869856,-1.596113,1.469357,off,none,0.896066,0,0,0,cruise
216.000000,0.003974,,0.943216,0.878541,-1.592426,1.464923,off,none,0.951730,0,0,0,cruise
216.050000,0.003945,,0.932973,0.898242,-1.570634,1.470088,off,none,0.952772,0,0,0,cruise
216.100000,0.003861,,0.925759,0.880605,-1.557744,1.478862,off,none,1.050899,0,0,0,cruise
216.150000,0.003891,,0.918273,0.847194,-1.556945,1.482120,off,none,1.113463,0,0,0,cruise
216.200000,0.003534,,0.908316,0.818327,-1.556449,1.473504,off,none,1.076133,0,0,0,cruise
216.250000,0.003606,,0.888617,0.849355,-1.551432,1.475246,off,none,1.013956,0,0,0,cruise
216.300000,0.003793,,0.823365,0.829467,-1.564927,1.481035,off,none,0.977252,0,0,0,cruise
216.350000,0.003219,,0.711342,0.783284,-1.583170,1.490987,off,none,0.947917,0,0,0,cruise
216.400000,0.003506,,0.715330,0.758961,-1.584213,1.507320,off,none,0.958138,0,0,0,cruise
216.450000,0.003780,,0.725192,0.789333,-1.606657,1.521658,off,none,1.024469,0,0,0,cruise
216.500000,0.003801,,0.717283,0.791131,-1.569620,1.527872,off,none,0.965063,0,0,0,cruise
216.550000,0.003495,,0.700527,0.766822,-1.581094,1.529027,off,none,0.972746,0,0,0,cruise
216.600000,0.003354,,0.696633,0.727293,-1.583815,1.526859,off,none,0.906522,0,0,0,cruise
216.650000,0.003809,,0.711782,0.760397,-1.563273,1.512054,off,none,0.932612,0,0,0,cruise
216.700000,0.003717,,0.665832,0.746682,-1.574983,1.501709,off,none,0.901869,0,0,0,cruise
216.750000,0.003756,,0.642809,0.726370,-1.571993,1.494504,off,none,0.932471,0,0,0,cruise
216.800000,0.003371,,0.631145,0.726356,-1.559735,1.486469,off,none,0.992460,0,0,0,cruise
216.850000,0.002747,,0.698484,0.743312,-1.537306,1.479270,off,none,1.073745,0,0,0,cruise
216.900000,0.002314,,0.696862,0.723434,-1.541316,1.477407,off,none,1.074145,0,0,0,cruise
216.950000,0.002114,,0.726545,0.755695,-1.557390,1.461137,off,none,1.016096,0,0,0,cruise
217.000000,0.001955,,0.681174,0.725480,-1.557812,1.454500,off,none,0.944148,0,0,0,cruise
217.050000,0.002079,,0.646639,0.709002,-1.601438,1.460401,off,none,0.875370,0,0,0,cruise
217.100000,0.002037,,0.662064,0.723610,-1.621647,1.466935,off,none,0.866977,0,0,0,cruise
217.150000,0.002086,,0.662243,0.683093,-1.650105,1.471410,off,none,0.861771,0,0,0,cruise
217.200000,0.001964,,0.703060,0.733335,-1.669085,1.449188,off,none,0.880433,0,0,0,cruise
217.250000,0.002050,,0.715677,0.759800,-1.663853,1.433761,off,none,0.854292,0,0,0,cruise
217.300000,0.001818,,0.711625,0.704789,-1.687673,1.416440,off,none,0.817064,0,0,0,cruise
217.350000,0.001767,,0.664265,0.698335,-1.678124,1.418514,off,none,0.863117,0,0,0,cruise
217.400000,0.001913,,0.607950,0.709218,-1.666329,1.448135,off,none,0.876456,0,0,0,cruise
217.450000,0.002105,,0.523694,0.685778,-1.642849,1.437561,off,none,0.825108,0,0,0,cruise
217.500000,0.001948,,0.488003,0.670963,-1.635026,1.424517,off,none,0.775682,0,0,0,cruise
217.550000,0.001744,,0.461734,0.666675,-1.634585,1.406996,off,none,0.726749,0,0,0,cruise
217.600000,0.001618,,0.430255,0.653775,-1.629887,1.420369,off,none,0.676985,0,0,0,cruise
217.650000,0.001523,,0.412879,0.644371,-1.603371,1.414327,off,none,0.626469,0,0,0,cruise
217.700000,0.001493,,0.451946,0.691142,-1.612369,1.382858,off,none,0.575505,0,0,0,cruise
217.750000,0.001648,,0.477038,0.710841,-1.635982,1.378577,off,none,0.526973,0,0,0,cruise
217.800000,0.001481,,0.458894,0.673467,-1.664930,1.375025,off,none,0.476611,0,0,0,cruise
217.850000,0.001305,,0.420627,0.647460,-1.660592,1.384894,off,none,0.425631,0,0,0,cruise
217.900000,0.001466,,0.410301,0.657371,-1.672919,1.377624,off,none,0.375527,0,0,0,cruise
217.950000,0.001694,,0.440635,0.675838,-1.674272,1.359997,off,none,0.326629,0,0,0,cruise
218.000000,0.001648,,0.428728,0.646845,-1.659673,1.353021,off,none,0.275629,0,0,0,cruise
218.050000,0.001470,,0.425796,0.638518,-1.692744,1.333720,off,none,0.226767,0,0,0,cruise
218.100000,0.001200,,0.442101,0.623399,-1.675330,1.317757,off,none,0.176651,0,0,0,cruise
218.150000,0.001459,,0.461071,0.619607,-1.705806,1.302431,off,none,0.125229,0,0,0,cruise
218.200000,0.001278,,0.461688,0.634447,-1.714564,1.306799,off,none,0.075629,0,0,0,cruise
218.250000,0.001069,,0.464136,0.618290,-1.701637,1.306714,off,none,0.026912,0,0,0,cruise
218.300000,0.001375,,0.486426,0.604405,-1.734141,1.301290,off,none,-0.023243,0,0,0,cruise
218.350000,0.001740,,0.486475,0.608638,-1.741214,1.305837,off,none,-0.073042,0,0,0,cruise
218.400000,0.001969,,0.465245,0.560710,-1.741149,1.310514,off,none,-0.123228,0,0,0,cruise
218.450000,0.001688,,0.409237,0.470892,-1.733256,1.320758,off,none,-0.173240,0,0,0,cruise
218.500000,0.001601,,0.377488,0.405557,-1.743060,1.311361,off,none,-0.223476,0,0,0,cruise
218.550000,0.001646,,0.358214,0.407164,-1.804657,1.322615,off,none,-0.274394,0,0,0,cruise
218.600000,0.001281,,0.336427,0.370238,-1.894225,1.336789,off,none,-0.324616,0,0,0,cruise
218.650000,0.001283,,0.298453,0.314001,-1.996794,1.312111,off,none,-0.367881,0,0,0,cruise
218.700000,0.001387,,0.302788,0.353060,-2.056330,1.311572,off,none,-0.377421,0,0,0,cruise
218.750000,0.001578,,0.320784,0.376438,-2.033319,1.300197,off,none,-0.378222,0,0,0,cruise
218.800000,0.001537,,0.359023,0.363161,-1.872747,1.292443,off,none,-0.378757,0,0,0,cruise
218.850000,0.001609,,0.437003,0.395792,-1.830021,1.277196,off,none,-0.372262,0,0,0,cruise
218.900000,0.001817,,0.439133,0.414271,-1.861943,1.291649,off,none,-0.322085,0,0,0,cruise
218.950000,0.001743,,0.418255,0.305104,-1.980994,1.303101,off,none,-0.271773,0,0,0,cruise
219.000000,0.001366,,0.387848,0.236997,-2.009680,1.330855,off,none,-0.221489,0,0,0,cruise
219.050000,0.001929,,0.445071,0.214711,-1.890519,1.378590,off,none,-0.172091,0,0,0,cruise
219.100000,0.002092,,0.450358,0.194070,-1.903479,1.410047,off,none,-0.121809,0,0,0,cruise
219.150000,0.002437,,0.506300,0.204050,-1.813696,1.476315,off,none,-0.070882,0,0,0,cruise
219.200000,0.002579,,0.483724,0.164045,-1.815557,1.457423,off,none,-0.020548,0,0,0,cruise
219.250000,0.002754,,0.513264,0.138347,-1.776178,1.469355,off,none,0.029125,0,0,0,cruise
219.300000,0.002887,,0.515875,0.119267,-1.701204,1.515021,off,none,0.078706,0,0,0,cruise
219.350000,0.002257,,0.550399,0.087103,-1.732900,1.472136,off,none,0.128165,0,0,0,cruise
219.400000,0.002410,,0.643817,0.087372,-1.695060,1.449553,off,none,0.179401,0,0,0,cruise
219.450000,0.002495,,0.705739,0.085480,-1.701018,1.421214,off,none,0.228931,0,0,0,cruise
219.500000,0.002229,,0.669244,0.076326,-1.689452,1.473583,off,none,0.279236,0,0,0,cruise
219.550000,0.002277,,0.629239,0.077826,-1.667122,1.498616,off,none,0.329001,0,0,0,cruise
219.600000,0.003078,,0.708484,0.076139,-1.645430,1.526916,off,none,0.377729,0,0,0,cruise
219.650000,0.003210,,0.756394,0.097234,-1.620202,1.547515,off,none,0.428187,0,0,0,cruise
219.700000,0.002768,,0.787877,0.140515,-1.604003,1.483225,off,none,0.480059,0,0,0,cruise
219.750000,0.002465,,0.795302,0.182586,-1.649808,1.449560,off,none,0.529127,0,0,0,cruise
219.800000,0.002135,,0.733736,0.172584,-1.659290,1.464003,off,none,0.578772,0,0,0,cruise
219.850000,0.002077,,0.675209,0.159293,-1.687061,1.494097,off,none,0.627948,0,0,0,cruise
219.900000,0.002373,,0.759536,0.144597,-1.618217,1.500163,off,none,0.679057,0,0,0,cruise
219.950000,0.002447,,0.808698,0.131029,-1.594012,1.537078,off,none,0.727504,0,0,0,cruise
220.000000,0.002323,,0.762952,0.100951,-1.633634,1.553956,off,none,0.768119,0,0,0,cruise
220.050000,0.002568,,0.762475,0.097559,-1.628407,1.583116,off,none,0.737637,0,0,0,cruise
220.100000,0.002443,,0.753723,0.097338,-1.610132,1.592654,off,none,0.631684,0,0,0,cruise
220.150000,0.002509,,0.814841,0.093536,-1.574574,1.585665,off,none,0.603367,0,0,0,cruise
220.200000,0.002358,,0.805262,0.089309,-1.539359,1.602792,off,none,0.650091,0,0,0,cruise
220.250000,0.002289,,0.771440,0.094432,-1.570849,1.637194,off,none,0.688283,0,0,0,cruise
220.300000,0.002626,,0.830743,0.104943,-1.607069,1.632816,off,none,0.722433,0,0,0,cruise
220.350000,0.002220,,0.871116,0.098425,-1.625197,1.658724,off,none,0.794001,0,0,0,cruise
220.400000,0.001548,,0.855412,0.121840,-1.598423,1.612734,off,none,0.769268,0,0,0,cruise
220.450000,0.001121,,0.823858,0.068314,-1.548066,1.642138,off,none,0.782538,0,0,0,cruise
220.500000,0.000974,,0.819035,0.053826,-1.554076,1.724768,off,none,0.717527,0,0,0,cruise
220.550000,0.001060,,0.874467,0.058762,-1.575016,1.787656,off,none,0.672782,0,0,0,cruise
220.600000,0.001306,,0.877267,0.072267,-1.585672,1.720447,off,none,0.625539,0,0,0,cruise
220.650000,0.001536,,0.862551,0.086920,-1.579749,1.691934,off,none,0.631861,0,0,0,cruise
220.700000,0.001814,,0.840727,0.118394,-1.566464,1.716281,off,none,0.590365,0,0,0,cruise
220.750000,0.002063,,0.836279,0.117815,-1.532701,1.747019,off,none,0.546508,0,0,0,cruise
220.800000,0.002242,,0.835196,0.098406,-1.509430,1.762962,off,none,0.569015,0,0,0,cruise
220.850000,0.002296,,0.802692,0.097100,-1.484737,1.788207,off,none,0.605245,0,0,0,cruise
220.900000,0.002476,,0.847047,0.123435,-1.474577,1.763892,off,none,0.721140,0,0,0,cruise
220.950000,0.002307,,0.873845,0.147101,-1.497826,1.783186,off,none,0.749728,0,0,0,cruise
221.000000,0.001508,,0.863224,0.133433,-1.526932,1.771527,off,none,0.754365,0,0,0,cruise
221.050000,0.001371,,0.882604,0.098442,-1.479971,1.786695,off,none,0.702442,0,0,0,cruise
221.100000,0.001143,,0.894735,0.094140,-1.493575,1.793152,off,none,0.651239,0,0,0,cruise
221.150000,0.001361,,0.893042,0.111326,-1.547596,1.778907,off,none,0.638367,0,0,0,cruise
221.200000,0.001180,,0.888644,0.141015,-1.546059,1.766975,off,none,0.672001,0,0,0,cruise
221.250000,0.001280,,0.905005,0.136263,-1.553772,1.789667,off,none,0.695647,0,0,0,cruise
221.300000,0.001218,,0.898052,0.132104,-1.549810,1.778019,off,none,0.704216,0,0,0,cruise
221.350000,0.000848,,0.899167,0.153224,-1.548304,1.779661,off,none,0.728160,0,0,0,cruise
221.400000,0.000664,,0.924199,0.158973,-1.543403,1.779951,off,none,0.728831,0,0,0,cruise
221.450000,0.001078,,0.945079,0.176652,-1.540159,1.777653,off,none,0.729281,0,0,0,cruise
221.500000,0.001533,,0.933220,0.182248,-1.526687,1.795542,off,none,0.716645,0,0,0,cruise
221.550000,0.001179,,0.945508,0.197131,-1.505944,1.794084,off,none,0.773152,0,0,0,cruise
221.600000,0.000786,,0.959534,0.239436,-1.519860,1.769323,off,none,0.831909,0,0,0,cruise
221.650000,0.000579,,0.953193,0.233231,-1.532636,1.725444,off,none,0.766715,0,0,0,cruise
221.700000,0.000992,,0.957822,0.237129,-1.532186,1.722288,off,none,0.749437,0,0,0,cruise
221.750000,0.001337,,0.949055,0.223108,-1.507996,1.744604,off,none,0.743243,0,0,0,cruise
221.800000,0.001071,,0.942671,0.282539,-1.496575,1.781468,off,none,0.770373,0,0,0,cruise
221.850000,0.000691,,0.933448,0.322742,-1.488704,1.792998,off,none,0.774629,0,0,0,cruise
221.900000,0.000247,,0.934827,0.414351,-1.481857,1.789393,off,none,0.805398,0,0,0,cruise
221.950000,0.000306,,0.916212,0.460366,-1.472162,1.780643,off,none,0.754523,0,0,0,cruise
222.000000,0.000288,,0.920396,0.490337,-1.481770,1.778696,off,none,0.752902,0,0,0,cruise
222.050000,0.000359,,0.927645,0.525415,-1.509362,1.771208,off,none,0.797929,0,0,0,cruise
222.100000,0.000885,,0.934712,0.673909,-1.512769,1.756274,off,none,0.875862,0,0,0,cruise
222.150000,0.000279,,0.923459,0.640083,-1.509516,1.784090,off,none,0.801074,0,0,0,cruise
222.200000,0.000315,,0.921916,0.682900,-1.499642,1.780861,off,none,0.792977,0,0,0,cruise
222.250000,0.000449,,0.924371,0.784543,-1.522846,1.778654,off,none,0.801987,0,0,0,cruise
222.300000,0.000484,,0.934420,0.852075,-1.531098,1.777182,off,none,0.844251,0,0,0,cruise
222.350000,0.000643,,0.939806,0.888905,-1.522703,1.761407,off,none,0.866181,0,0,0,cruise
222.400000,0.000203,,0.929819,0.851265,-1.492423,1.730664,off,none,0.816284,0,0,0,cruise
222.450000,-0.000039,,0.934352,0.890207,-1.484545,1.725470,off,none,0.756534,0,0,0,cruise
222.500000,-0.000129,,0.937193,0.900127,-1.501904,1.724181,off,none,0.741450,0,0,0,cruise
222.550000,-0.000274,,0.934365,0.931030,-1.494555,1.736335,off,none,0.722249,0,0,0,cruise
222.600000,-0.000343,,0.925227,0.943291,-1.515892,1.721208,off,none,0.699579,0,0,0,cruise
222.650000,-0.000193,,0.927386,0.941612,-1.537922,1.689137,off,none,0.697833,0,0,0,cruise
222.700000,-0.000132,,0.932602,0.945036,-1.538120,1.699314,off,none,0.743467,0,0,0,cruise
222.750000,-0.000099,,0.934385,0.942669,-1.537471,1.703793,off,none,0.747637,0,0,0,cruise
222.800000,0.000189,,0.937650,0.944739,-1.536848,1.679921,off,none,0.764031,0,0,0,cruise
222.850000,0.000449,,0.937066,0.944737,-1.517259,1.662147,off,none,0.808370,0,0,0,cruise
222.900000,0.000423,,0.940597,0.945333,-1.485190,1.637288,off,none,0.852989,0,0,0,cruise
222.950000,0.000404,,0.936556,0.944900,-1.465257,1.631826,off,none,0.807424,0,0,0,cruise
223.000000,0.000487,,0.941107,0.941578,-1.450722,1.633403,off,none,0.782819,0,0,0,cruise
223.050000,0.000712,,0.943882,0.950977,-1.468027,1.639373,off,none,0.791937,0,0,0,cruise
223.100000,0.000817,,0.930791,0.951895,-1.471655,1.633536,off,none,0.794287,0,0,0,cruise
223.150000,0.000732,,0.932689,0.952177,-1.477755,1.634355,off,none,0.849466,0,0,0,cruise
223.200000,0.000722,,0.925298,0.949010,-1.482211,1.646040,off,none,0.826334,0,0,0,cruise
223.250000,0.000736,,0.932801,0.948697,-1.490795,1.654156,off,none,0.778099,0,0,0,cruise
223.300000,0.000890,,0.943831,0.958592,-1.504208,1.656062,off,none,0.819528,0,0,0,cruise
223.350000,0.000890,,0.949351,0.960215,-1.498071,1.637813,off,none,0.833069,0,0,0,cruise
223.400000,0.000690,,0.956836,0.963189,-1.475403,1.624399,off,none,0.703797,0,0,0,cruise
223.450000,0.000631,,0.957978,0.964946,-1.529465,1.628377,off,none,0.672140,0,0,0,cruise
223.500000,0.000527,,0.959843,0.962406,-1.535753,1.622529,off,none,0.704933,0,0,0,cruise
223.550000,0.000344,,0.959492,0.957504,-1.532061,1.642766,off,none,0.728861,0,0,0,cruise
223.600000,0.000422,,0.956551,0.955884,-1.502854,1.626432,off,none,0.702120,0,0,0,cruise
223.650000,0.000687,,0.958124,0.958093,-1.501082,1.646088,off,none,0.722520,0,0,0,cruise
223.700000,0.000620,,0.953663,0.954215,-1.497966,1.664219,off,none,0.689311,0,0,0,cruise
223.750000,0.000518,,0.956997,0.956941,-1.487214,1.662964,off,none,0.687821,0,0,0,cruise
223.800000,0.000567,,0.953116,0.951615,-1.498159,1.676318,off,none,0.667951,0,0,0,cruise
223.850000,0.000732,,0.948720,0.958903,-1.535349,1.697340,off,none,0.687193,0,0,0,cruise
223.900000,0.000668,,0.953041,0.959689,-1.524376,1.701890,off,none,0.614100,0,0,0,cruise
223.950000,0.000801,,0.953995,0.968011,-1.530179,1.707324,off,none,0.627136,0,0,0,cruise
224.000000,0.000628,,0.955547,0.967952,-1.537702,1.705389,off,none,0.666173,0,0,0,cruise
224.050000,0.000682,,0.955172,0.964210,-1.537874,1.714349,off,none,0.721158,0,0,0,cruise
224.100000,0.000822,,0.952946,0.966410,-1.541282,1.697116,off,none,0.708012,0,0,0,cruise
224.150000,0.000657,,0.953937,0.961361,-1.525725,1.671956,off,none,0.712129,0,0,0,cruise
224.200000,0.000785,,0.950114,0.958447,-1.521910,1.653153,off,none,0.727373,0,0,0,cruise
224.250000,0.000891,,0.955865,0.962971,-1.517237,1.641519,off,none,0.754622,0,0,0,cruise
224.300000,0.001050,,0.958052,0.968023,-1.522192,1.665723,off,none,0.754225,0,0,0,cruise
224.350000,0.001228,,0.944949,0.964548,-1.515455,1.667665,off,none,0.724739,0,0,0,cruise
224.400000,0.001344,,0.945326,0.963918,-1.511083,1.662898,off,none,0.669305,0,0,0,cruise
224.450000,0.001234,,0.945470,0.965127,-1.520570,1.654031,off,none,0.654092,0,0,0,cruise
224.500000,0.001566,,0.952356,0.966215,-1.530692,1.637731,off,none,0.665113,0,0,0,cruise
224.550000,0.001632,,0.956294,0.965811,-1.537408,1.644937,off,none,0.690441,0,0,0,cruise
224.600000,0.001854,,0.960495,0.966954,-1.531113,1.655670,off,none,0.640465,0,0,0,cruise
224.650000,0.001970,,0.962321,0.965685,-1.555760,1.670061,off,none,0.595580,0,0,0,cruise
224.700000,0.002011,,0.957911,0.963708,-1.559740,1.668891,off,none,0.653181,0,0,0,cruise
224.750000,0.001836,,0.961562,0.966192,-1.558764,1.646765,off,none,0.705348,0,0,0,cruise
224.800000,0.001709,,0.957352,0.961638,-1.549032,1.639044,off,none,0.651113,0,0,0,cruise
224.850000,0.001808,,0.951691,0.956552,-1.563335,1.623161,off,none,0.680449,0,0,0,cruise
224.900000,0.002291,,0.959098,0.962298,-1.568761,1.620508,off,none,0.703017,0,0,0,cruise
224.950000,0.002111,,0.957821,0.961636,-1.545019,1.618051,off,none,0.655972,0,0,0,cruise
225.000000,0.002054,,0.961028,0.962135,-1.545471,1.598959,off,none,0.651567,0,0,0,cruise
225.050000,0.002277,,0.958287,0.960192,-1.548071,1.600859,off,none,0.707930,0,0,0,cruise
225.100000,0.002698,,0.955994,0.963450,-1.579435,1.606929,off,none,0.764080,0,0,0,cruise
225.150000,0.002996,,0.960558,0.961912,-1.570687,1.614451,off,none,0.758568,0,0,0,cruise
225.200000,0.002776,,0.960385,0.958363,-1.562967,1.614823,off,none,0.728398,0,0,0,cruise
225.250000,0.003134,,0.958104,0.956117,-1.571777,1.600002,off,none,0.758019,0,0,0,cruise
225.300000,0.003654,,0.961827,0.963924,-1.574911,1.591315,off,none,0.695348,0,0,0,cruise
225.350000,0.003684,,0.961513,0.964148,-1.566923,1.597608,off,none,0.822360,0,0,0,cruise
225.400000,0.003289,,0.956873,0.958297,-1.560021,1.591812,off,none,0.783822,0,0,0,cruise
225.450000,0.003386,,0.957645,0.961056,-1.534637,1.588797,off,none,0.787501,0,0,0,cruise
225.500000,0.003790,,0.955757,0.962836,-1.539980,1.600264,off,none,0.822898,0,0,0,cruise
225.550000,0.003853,,0.958360,0.962597,-1.537769,1.605729,off,none,0.694272,0,0,0,cruise
225.600000,0.004010,,0.955402,0.953601,-1.532918,1.604477,off,none,0.690669,0,0,0,cruise
225.650000,0.004340,,0.948793,0.956798,-1.555195,1.600763,off,none,0.741293,0,0,0,cruise
225.700000,0.004712,,0.929326,0.957943,-1.569999,1.598361,off,none,0.776209,0,0,0,cruise
225.750000,0.005329,,0.930642,0.954629,-1.537028,1.587559,off,none,0.794577,0,0,0,cruise
225.800000,0.004577,,0.928745,0.952972,-1.563018,1.590009,off,none,0.790180,0,0,0,cruise
225.850000,0.004362,,0.932193,0.950634,-1.555428,1.595394,off,none,0.731994,0,0,0,cruise
225.900000,0.004695,,0.943592,0.956622,-1.565825,1.599041,off,none,0.759100,0,0,0,cruise
225.950000,0.004494,,0.943634,0.953920,-1.545398,1.593762,off,none,0.789247,0,0,0,cruise
226.000000,0.004654,,0.956759,0.952297,-1.522614,1.589328,off,none,0.760246,0,0,0,cruise
226.050000,0.005088,,0.959003,0.952352,-1.532974,1.578262,off,none,0.741543,0,0,0,cruise
226.100000,0.005722,,0.951746,0.946945,-1.571832,1.584238,off,none,0.751795,0,0,0,cruise
226.150000,0.005522,,0.962377,0.953124,-1.567595,1.599422,off,none,0.793004,0,0,0,cruise
226.200000,0.005286,,0.965975,0.959359,-1.547189,1.592965,off,none,0.801640,0,0,0,cruise
226.250000,0.005501,,0.970621,0.964072,-1.545168,1.593380,off,none,0.789809,0,0,0,cruise
226.300000,0.005117,,0.966135,0.959874,-1.549503,1.600530,off,none,0.726563,0,0,0,cruise
226.350000,0.005466,,0.965595,0.961285,-1.548103,1.605267,off,none,0.838417,0,0,0,cruise
226.400000,0.005784,,0.965151,0.958592,-1.557787,1.600326,off,none,0.766787,0,0,0,cruise
226.450000,0.005671,,0.969953,0.966477,-1.543341,1.609003,off,none,0.772646,0,0,0,cruise
226.500000,0.005828,,0.969772,0.968542,-1.550667,1.612780,off,none,0.688598,0,0,0,cruise
226.550000,0.006051,,0.972740,0.973595,-1.536147,1.604339,off,none,0.685913,0,0,0,cruise
226.600000,0.005674,,0.973057,0.970898,-1.527661,1.617331,off,none,0.766030,0,0,0,cruise
226.650000,0.005702,,0.972328,0.970811,-1.503230,1.648518,off,none,0.761410,0,0,0,cruise
226.700000,0.005608,,0.971837,0.970786,-1.498312,1.625839,off,none,0.680264,0,0,0,cruise
226.750000,0.005903,,0.972770,0.975273,-1.508796,1.623417,off,none,0.713056,0,0,0,cruise
226.800000,0.006096,,0.973130,0.974803,-1.509926,1.616996,off,none,0.740702,0,0,0,cruise
226.850000,0.005984,,0.969952,0.974399,-1.517382,1.609644,off,none,0.744834,0,0,0,cruise
226.900000,0.005272,,0.970460,0.967031,-1.504058,1.599966,off,none,0.703564,0,0,0,cruise
226.950000,0.005280,,0.959742,0.952125,-1.500613,1.631054,off,none,0.647366,0,0,0,cruise
227.000000,0.005308,,0.942063,0.940458,-1.483997,1.645285,off,none,0.743832,0,0,0,cruise
227.050000,0.006054,,0.950684,0.949403,-1.521784,1.636305,off,none,0.659971,0,0,0,cruise
227.100000,0.005619,,0.958524,0.956536,-1.529354,1.629974,off,none,0.693763,0,0,0,cruise
227.150000,0.005252,,0.960118,0.950245,-1.544418,1.646056,off,none,0.656861,0,0,0,cruise
227.200000,0.005434,,0.969490,0.958627,-1.534269,1.641311,off,none,0.683865,0,0,0,cruise
227.250000,0.005305,,0.971412,0.952539,-1.533800,1.653188,off,none,0.634023,0,0,0,cruise
227.300000,0.005344,,0.969921,0.943721,-1.551144,1.628149,off,none,0.636911,0,0,0,cruise
227.350000,0.005349,,0.970863,0.954946,-1.564069,1.623115,off,none,0.626796,0,0,0,cruise
227.400000,0.005099,,0.971817,0.950218,-1.548572,1.635392,off,none,0.623763,0,0,0,cruise
227.450000,0.005793,,0.970886,0.941873,-1.541338,1.628808,off,none,0.678608,0,0,0,cruise
227.500000,0.006334,,0.970139,0.954923,-1.537336,1.620141,off,none,0.655418,0,0,0,cruise
227.550000,0.005503,,0.970488,0.955276,-1.543462,1.611013,off,none,0.657006,0,0,0,cruise
227.600000,0.005495,,0.966513,0.955999,-1.534870,1.602183,off,none,0.664227,0,0,0,cruise
227.650000,0.006219,,0.968191,0.954309,-1.528490,1.622859,off,none,0.673708,0,0,0,cruise
227.700000,0.006331,,0.963241,0.949979,-1.523314,1.629935,off,none,0.608478,0,0,0,cruise
227.750000,0.006136,,0.953303,0.942086,-1.509119,1.597571,off,none,0.671037,0,0,0,cruise
227.800000,0.005424,,0.954895,0.940182,-1.504067,1.600893,off,none,0.679023,0,0,0,cruise
227.850000,0.005490,,0.956276,0.938507,-1.521800,1.625908,off,none,0.654645,0,0,0,cruise
227.900000,0.005745,,0.957246,0.931033,-1.515517,1.633199,off,none,0.615986,0,0,0,cruise
227.950000,0.005624,,0.959436,0.931037,-1.520496,1.650704,off,none,0.628330,0,0,0,cruise
228.000000,0.005789,,0.956363,0.932060,-1.513255,1.657759,off,none,0.648294,0,0,0,cruise
228.050000,0.005826,,0.953032,0.925850,-1.498876,1.649095,off,none,0.662912,0,0,0,cruise
228.100000,0.005897,,0.954861,0.928896,-1.495401,1.642623,off,none,0.745418,0,0,0,cruise
228.150000,0.005270,,0.953981,0.925051,-1.514403,1.649135,off,none,0.719500,0,0,0,cruise
228.200000,0.004683,,0.953550,0.919441,-1.474970,1.670824,off,none,0.691668,0,0,0,cruise
228.250000,0.005033,,0.952553,0.926785,-1.453832,1.638985,off,none,0.634390,0,0,0,cruise
228.300000,0.005168,,0.935628,0.914534,-1.452990,1.647243,off,none,0.645456,0,0,0,cruise
228.350000,0.005450,,0.896526,0.895289,-1.464412,1.679691,off,none,0.657391,0,0,0,cruise
228.400000,0.005419,,0.898471,0.848808,-1.486909,1.671807,off,none,0.636539,0,0,0,cruise
228.450000,0.004742,,0.901715,0.824762,-1.479009,1.661291,off,none,0.589795,0,0,0,cruise
228.500000,0.004853,,0.911727,0.833530,-1.494474,1.656520,off,none,0.621529,0,0,0,cruise
228.550000,0.004916,,0.909841,0.854454,-1.505309,1.633029,off,none,0.583114,0,0,0,cruise
228.600000,0.005253,,0.915226,0.863326,-1.507954,1.633690,off,none,0.533092,0,0,0,cruise
228.650000,0.004085,,0.911193,0.817907,-1.510792,1.652520,off,none,0.483759,0,0,0,cruise
228.700000,0.004167,,0.914991,0.840704,-1.510184,1.624035,off,none,0.433295,0,0,0,cruise
228.750000,0.004147,,0.889498,0.827083,-1.527517,1.609924,off,none,0.384191,0,0,0,cruise
228.800000,0.003795,,0.875381,0.808159,-1.549794,1.602149,off,none,0.334416,0,0,0,cruise
228.850000,0.004107,,0.858592,0.789668,-1.540455,1.593240,off,none,0.283506,0,0,0,cruise
228.900000,0.004276,,0.830232,0.758942,-1.547885,1.588289,off,none,0.233886,0,0,0,cruise
228.950000,0.004037,,0.766261,0.695779,-1.546337,1.569843,off,none,0.183908,0,0,0,cruise
229.000000,0.003772,,0.744652,0.693201,-1.572457,1.549890,off,none,0.134308,0,0,0,cruise
229.050000,0.003946,,0.758728,0.707667,-1.572372,1.548843,off,none,0.082836,0,0,0,cruise
229.100000,0.003690,,0.751417,0.698854,-1.570845,1.560087,off,none,0.033058,0,0,0,cruise
229.150000,0.002813,,0.713802,0.676804,-1.578750,1.579151,off,none,-0.016298,0,0,0,cruise
229.200000,0.002878,,0.689154,0.660326,-1.586182,1.585531,off,none,-0.066680,0,0,0,cruise
229.250000,0.003210,,0.647501,0.600553,-1.601038,1.601124,off,none,-0.115641,0,0,0,cruise
229.300000,0.003106,,0.683844,0.593331,-1.615438,1.560339,off,none,-0.166129,0,0,0,cruise
229.350000,0.002509,,0.656341,0.583020,-1.601617,1.516094,off,none,-0.216147,0,0,0,cruise
229.400000,0.002663,,0.647419,0.581411,-1.591019,1.513975,off,none,-0.266441,0,0,0,cruise
229.450000,0.002662,,0.595168,0.596962,-1.582804,1.508716,off,none,-0.317424,0,0,0,cruise
229.500000,0.002887,,0.571344,0.585015,-1.577241,1.503409,off,none,-0.365953,0,0,0,cruise
229.550000,0.002449,,0.550521,0.534996,-1.577419,1.486398,off,none,-0.417296,0,0,0,cruise
229.600000,0.002419,,0.550589,0.515164,-1.587474,1.465283,off,none,-0.460516,0,0,0,cruise
229.650000,0.002356,,0.531731,0.484909,-1.574734,1.475145,off,none,-0.467693,0,0,0,cruise
229.700000,0.003171,,0.478356,0.421792,-1.581676,1.453758,off,none,-0.469184,0,0,0,cruise
229.750000,0.003495,,0.470222,0.386642,-1.585738,1.473879,off,none,-0.471443,0,0,0,cruise
229.800000,0.003802,,0.438170,0.377966,-1.584447,1.451907,off,none,-0.470418,0,0,0,cruise
229.850000,0.003604,,0.405087,0.364128,-1.612658,1.441985,off,none,-0.468918,0,0,0,cruise
229.900000,0.003371,,0.447014,0.385323,-1.627206,1.421736,off,none,-0.467931,0,0,0,cruise
229.950000,0.003877,,0.386915,0.370348,-1.662811,1.385228,off,none,-0.465169,0,0,0,cruise
230.000000,0.004907,,0.362568,0.363615,-1.703008,1.374272,off,none,-0.461877,0,0,0,cruise
230.050000,0.005990,,0.366038,0.360054,-1.717325,1.376304,off,none,-0.460027,0,0,0,cruise
230.100000,0.005753,,0.371681,0.325543,-1.737707,1.356102,off,none,-0.459554,0,0,0,cruise
230.150000,0.005746,,0.331776,0.286982,-1.744657,1.348349,off,none,-0.459848,0,0,0,cruise
230.200000,0.007295,,0.298992,0.276166,-1.743017,1.338151,off,none,-0.453392,0,0,0,cruise
230.250000,0.007186,,0.323786,0.261836,-1.752270,1.324930,off,none,-0.416270,0,0,0,cruise
230.300000,0.007386,,0.344203,0.267460,-1.731190,1.311226,off,none,-0.458867,0,0,0,cruise
230.350000,0.007601,,0.352447,0.210640,-1.740206,1.298416,off,none,-0.452369,0,0,0,cruise
230.400000,0.008553,,0.341930,0.164342,-1.743036,1.310439,off,none,-0.417185,0,0,0,cruise
230.450000,0.008813,,0.305588,0.102285,-1.753160,1.323747,off,none,-0.459997,0,0,0,cruise
230.500000,0.008477,,0.322805,0.090429,-1.753049,1.335399,off,none,-0.464227,0,0,0,cruise
230.550000,0.008685,,0.386369,0.095648,-1.750314,1.336106,off,none,-0.468900,0,0,0,cruise
230.600000,0.009559,,0.312814,0.114333,-1.738534,1.278968,off,none,-0.473887,0,0,0,cruise
230.650000,0.010462,,0.220461,0.131906,-1.681876,1.311120,off,none,-0.471103,0,0,0,cruise
230.700000,0.011704,,0.157018,0.094875,-1.666919,1.331016,off,none,-0.422526,0,0,0,cruise
230.750000,0.012972,,0.157740,0.073026,-1.705205,1.342352,off,none,-0.387066,0,0,0,cruise
230.800000,0.012600,,0.136561,0.052207,-1.657676,1.349081,off,none,-0.437539,0,0,0,cruise
230.850000,0.012781,,0.127473,0.060931,-1.650506,1.342668,off,none,-0.480897,0,0,0,cruise
230.900000,0.013265,,0.112284,0.050521,-1.640477,1.347348,off,none,-0.490404,0,0,0,cruise
230.950000,0.013921,,0.107896,0.043006,-1.675364,1.297034,off,none,-0.486083,0,0,0,cruise
231.000000,0.014466,,0.099910,0.043859,-1.656340,1.278978,off,none,-0.479821,0,0,0,cruise
231.050000,0.013163,,0.110749,0.061670,-1.581034,1.359581,off,none,-0.473317,0,0,0,cruise
231.100000,0.013469,,0.118429,0.077801,-1.682178,1.363998,off,none,-0.470622,0,0,0,cruise
231.150000,0.013349,,0.105810,0.071048,-1.685911,1.359311,off,none,-0.467344,0,0,0,cruise
231.200000,0.013299,,0.102143,0.066671,-1.579028,1.423037,off,none,-0.465115,0,0,0,cruise
231.250000,0.015000,,0.112188,0.063884,-1.545406,1.413634,off,none,-0.461402,0,0,0,cruise
231.300000,0.015641,,0.088413,0.071358,-1.578906,1.413482,off,none,-0.454889,0,0,0,cruise
231.350000,0.013804,,0.077126,0.082604,-1.549709,1.436325,off,none,-0.439392,0,0,0,cruise
231.400000,0.014393,,0.089935,0.103361,-1.548025,1.371963,off,none,-0.402269,0,0,0,cruise
231.450000,0.015375,,0.124189,0.142607,-1.548957,1.354337,off,none,-0.418268,0,0,0,cruise
231.500000,0.014595,,0.138040,0.169852,-1.568664,1.326422,off,none,-0.367345,0,0,0,cruise
231.550000,0.014218,,0.126503,0.161473,-1.601821,1.352190,off,none,-0.332079,0,0,0,cruise
231.600000,0.015708,,0.089051,0.094488,-1.555862,1.447884,off,none,-0.368558,0,0,0,cruise
231.650000,0.012464,,0.082149,0.104805,-1.544375,1.427665,off,none,-0.318337,0,0,0,cruise
231.700000,0.011801,,0.086855,0.104945,-1.635961,1.325484,off,none,-0.267735,0,0,0,cruise
231.750000,0.013642,,0.078741,0.086616,-1.730179,1.288548,off,none,-0.217239,0,0,0,cruise
231.800000,0.015992,,0.058260,0.052005,-1.807811,1.367697,off,none,-0.168444,0,0,0,cruise
231.850000,0.016492,,0.049577,0.040854,-1.799218,1.532708,off,none,-0.118626,0,0,0,cruise
231.900000,0.014343,,0.047439,0.040586,-1.755705,1.598036,off,none,-0.068543,0,0,0,cruise
231.950000,0.013996,,0.061473,0.060229,-1.686398,1.606267,off,none,-0.018475,0,0,0,cruise
232.000000,0.012517,,0.085858,0.083520,-1.627538,1.610737,off,none,0.032514,0,0,0,cruise
232.050000,0.012284,,0.070502,0.081790,-1.640864,1.636667,off,none,0.081475,0,0,0,cruise
232.100000,0.012157,,0.080323,0.078976,-1.651306,1.807070,off,none,0.132048,0,0,0,cruise
232.150000,0.013943,,0.058910,0.054472,-1.666321,1.707371,off,none,0.181679,0,0,0,cruise
232.200000,0.012483,,0.058365,0.047707,-1.661068,1.619097,off,none,0.232318,0,0,0,cruise
232.250000,0.011177,,0.053110,0.044159,-1.740888,1.527235,off,none,0.280249,0,0,0,cruise
232.300000,0.011446,,0.039823,0.040032,-1.919675,1.459749,off,none,0.331857,0,0,0,cruise
232.350000,0.011019,,0.041288,0.032681,-1.838921,1.509592,off,none,0.381669,0,0,0,cruise
232.400000,0.010412,,0.052667,0.037375,-1.722388,1.700757,off,none,0.432341,0,0,0,cruise
232.450000,0.009625,,0.054799,0.044077,-1.669063,1.912706,off,none,0.476220,0,0,0,cruise
232.500000,0.009178,,0.047344,0.045763,-1.712382,1.866602,off,none,0.480835,0,0,0,cruise
232.550000,0.009509,,0.049905,0.046191,-1.688698,1.991641,off,none,0.455098,0,0,0,cruise
232.600000,0.011053,,0.044451,0.039060,-1.667639,2.053281,off,none,0.471223,0,0,0,cruise
232.650000,0.012479,,0.027789,0.021801,-1.661770,1.894782,off,none,0.395692,0,0,0,cruise
232.700000,0.010701,,0.032576,0.023965,-1.683298,1.703189,off,none,0.398119,0,0,0,cruise
232.750000,0.010829,,0.039784,0.038563,-1.614468,1.969219,off,none,0.379601,0,0,0,cruise
232.800000,0.010055,,0.048822,0.039836,-1.643816,1.904205,off,none,0.441871,0,0,0,cruise
232.850000,0.010750,,0.034688,0.030503,-1.746243,1.856918,off,none,0.366308,0,0,0,cruise
232.900000,0.009895,,0.032110,0.030044,-1.793579,1.765835,off,none,0.339035,0,0,0,cruise
232.950000,0.008449,,0.043218,0.034801,-1.771023,1.782178,off,none,0.273219,0,0,0,cruise
233.000000,0.007124,,0.043513,0.032213,-1.705341,1.902759,off,none,0.253510,0,0,0,cruise
233.050000,0.006121,,0.043837,0.036452,-1.650376,2.113829,off,none,0.256884,0,0,0,cruise
233.100000,0.005296,,0.041492,0.031925,-1.719397,2.215779,off,none,0.260663,0,0,0,cruise
233.150000,0.004525,,0.038070,0.031739,-1.690960,2.238223,off,none,0.275700,0,0,0,cruise
233.200000,0.003202,,0.047125,0.042232,-1.670674,2.313690,off,none,0.298247,0,0,0,cruise
233.250000,0.001798,,0.049460,0.045227,-1.669310,2.304782,off,none,0.274082,0,0,0,cruise
233.300000,0.001334,,0.051681,0.047190,-1.690069,2.305403,off,none,0.261460,0,0,0,cruise
233.350000,0.001234,,0.053642,0.045517,-1.611586,2.357046,off,none,0.246701,0,0,0,cruise
233.400000,0.000273,,0.041764,0.036017,-1.601897,2.333882,off,none,0.266845,0,0,0,cruise
233.450000,-0.000954,,0.053005,0.039428,-1.627951,2.334259,off,none,0.275806,0,0,0,cruise
233.500000,-0.000745,,0.056483,0.043936,-1.578963,2.342405,off,none,0.270577,0,0,0,cruise
233.550000,-0.001330,,0.055758,0.039910,-1.582423,2.343967,off,none,0.299617,0,0,0,cruise
233.600000,-0.001572,,0.045914,0.027456,-1.567159,2.278999,off,none,0.287103,0,0,0,cruise
233.650000,-0.003914,,0.051876,0.031161,-1.532185,2.316056,off,none,0.339726,0,0,0,cruise
233.700000,-0.006478,,0.044162,0.026034,-1.558603,2.179705,off,none,0.387193,0,0,0,cruise
233.750000,-0.005859,,0.048244,0.030198,-1.565241,2.272978,off,none,0.398978,0,0,0,cruise
233.800000,-0.003747,,0.046372,0.029879,-1.587422,2.302059,off,none,0.437500,0,0,0,cruise
233.850000,-0.006981,,0.049477,0.033259,-1.587910,2.283664,off,none,0.431767,0,0,0,cruise
233.900000,-0.006756,,0.044481,0.028772,-1.554184,2.241727,off,none,0.392097,0,0,0,cruise
233.950000,-0.008832,,0.053396,0.030875,-1.533577,2.225009,off,none,0.443161,0,0,0,cruise
234.000000,-0.007295,,0.065741,0.034759,-1.490186,2.238355,off,none,0.416176,0,0,0,cruise
234.050000,-0.008275,,0.072214,0.040850,-1.517589,2.204625,off,none,0.407919,0,0,0,cruise
234.100000,-0.010791,,0.066136,0.037531,-1.571726,2.204085,off,none,0.383813,0,0,0,cruise
234.150000,-0.012443,,0.081640,0.035396,-1.578898,2.259548,off,none,0.349081,0,0,0,cruise
234.200000,-0.014824,,0.065281,0.024733,-1.515165,2.334849,off,none,0.343003,0,0,0,cruise
234.250000,-0.015821,,0.071829,0.023949,-1.504941,2.408514,off,none,0.382783,0,0,0,cruise
234.300000,-0.010930,,0.042563,0.014169,-1.520499,2.349102,off,none,0.346950,0,0,0,cruise
234.350000,-0.013223,,0.048743,0.015430,-1.489967,2.381773,off,none,0.364374,0,0,0,cruise
234.400000,-0.014151,,0.037352,0.010825,-1.400517,2.442913,off,none,0.418092,0,0,0,cruise
234.450000,-0.016595,,0.031601,0.010085,-1.421230,2.360124,off,none,0.422871,0,0,0,cruise
234.500000,-0.012912,,0.038155,0.012089,-1.406239,2.380938,off,none,0.377433,0,0,0,cruise
234.550000,-0.011752,,0.042899,0.012399,-1.387128,2.308342,off,none,0.340805,0,0,0,cruise
234.600000,-0.014935,,0.036370,0.010946,-1.423695,2.297798,off,none,0.360476,0,0,0,cruise
234.650000,-0.015634,,0.036512,0.010546,-1.420120,2.315690,off,none,0.375198,0,0,0,cruise
234.700000,-0.013531,,0.033555,0.008296,-1.377748,2.378707,off,none,0.399760,0,0,0,cruise
234.750000,-0.010834,,0.043021,0.010095,-1.288749,2.330917,off,none,0.381855,0,0,0,cruise
234.800000,-0.013216,,0.044869,0.012164,-1.253208,2.335953,off,none,0.413874,0,0,0,cruise
234.850000,-0.014157,,0.039034,0.011035,-1.271775,2.425939,off,none,0.477680,0,0,0,cruise
234.900000,-0.010171,,0.040392,0.012045,-1.267047,2.393167,off,none,0.529580,0,0,0,cruise
234.950000,-0.009877,,0.048507,0.013412,-1.303588,2.357769,off,none,0.492459,0,0,0,cruise
235.000000,-0.010959,,0.047782,0.012634,-1.401746,2.365830,off,none,0.484785,0,0,0,cruise
235.050000,-0.013385,,0.055852,0.015276,-1.450565,2.302361,off,none,0.433540,0,0,0,cruise
235.100000,-0.016941,,0.059960,0.015788,-1.396033,2.279295,off,none,0.459997,0,0,0,cruise
235.150000,-0.016228,,0.049603,0.012579,-1.497834,2.301616,off,none,0.468289,0,0,0,cruise
235.200000,-0.015964,,0.045821,0.010412,-1.460441,2.297176,off,none,0.438533,0,0,0,cruise
235.250000,-0.018382,,0.034388,0.008338,-1.430930,2.339083,off,none,0.435772,0,0,0,cruise
235.300000,-0.020617,,0.032714,0.007734,-1.398784,2.355261,off,none,0.517815,0,0,0,cruise
235.350000,-0.019261,,0.033808,0.009705,-1.397357,2.243711,off,none,0.631503,0,0,0,cruise
235.400000,-0.016934,,0.038123,0.011000,-1.304413,2.239609,off,none,0.628048,0,0,0,cruise
235.450000,-0.018955,,0.035476,0.010316,-1.277033,2.277582,off,none,0.571668,0,0,0,cruise
235.500000,-0.019777,,0.050875,0.013132,-1.296665,2.360250,off,none,0.544531,0,0,0,cruise
235.550000,-0.023814,,0.058088,0.015720,-1.283186,2.271727,off,none,0.590785,0,0,0,cruise
235.600000,-0.028707,,0.053675,0.014946,-1.221735,2.321937,off,none,0.624971,0,0,0,cruise
235.650000,-0.029431,,0.073217,0.018554,-1.175970,2.366818,off,none,0.593753,0,0,0,cruise
235.700000,-0.022088,,0.080472,0.017748,-1.169536,2.338019,off,none,0.476222,0,0,0,cruise
235.750000,-0.018420,,0.067669,0.014593,-1.231971,2.322101,off,none,0.396919,0,0,0,cruise
235.800000,-0.022191,,0.078895,0.015000,-1.232000,2.289716,off,none,0.426805,0,0,0,cruise
235.850000,-0.026536,,0.064104,0.013856,-1.225684,2.259970,off,none,0.511501,0,0,0,cruise
235.900000,-0.027625,,0.063262,0.014842,-1.227981,2.237538,off,none,0.543402,0,0,0,cruise
235.950000,-0.022212,,0.066980,0.015554,-1.173640,2.219446,off,none,0.503322,0,0,0,cruise
236.000000,-0.018183,,0.072816,0.016038,-1.196167,2.218029,off,none,0.464433,0,0,0,cruise
236.050000,-0.020632,,0.074098,0.015786,-1.181307,2.277887,off,none,0.491519,0,0,0,cruise
236.100000,-0.020634,,0.067956,0.015723,-1.204675,2.204281,off,none,0.535078,0,0,0,cruise
236.150000,-0.019510,,0.065394,0.015995,-1.201047,2.100177,off,none,0.548536,0,0,0,cruise
236.200000,-0.020313,,0.076142,0.016988,-1.136027,2.226775,off,none,0.570684,0,0,0,cruise
236.250000,-0.021779,,0.078420,0.017890,-1.182921,2.271269,off,none,0.636960,0,0,0,cruise
236.300000,-0.022890,,0.078913,0.018011,-1.140480,2.313180,off,none,0.695282,0,0,0,cruise
236.350000,-0.024173,,0.069916,0.016320,-1.133262,2.309833,off,none,0.693986,0,0,0,cruise
236.400000,-0.025011,,0.055295,0.013478,-1.137832,2.282626,off,none,0.676748,0,0,0,cruise
236.450000,-0.022246,,0.049189,0.013086,-1.092720,2.308980,off,none,0.712052,0,0,0,cruise
236.500000,-0.019550,,0.056625,0.014634,-1.154464,2.242833,off,none,0.795998,0,0,0,cruise
236.550000,-0.019462,,0.079588,0.019030,-1.179533,2.190745,off,none,0.828010,0,0,0,cruise
236.600000,-0.017539,,0.103409,0.026446,-1.205774,2.212679,off,none,0.749959,0,0,0,cruise
236.650000,-0.015695,,0.087030,0.022825,-1.187863,2.136881,off,none,0.663576,0,0,0,cruise
236.700000,-0.015304,,0.066664,0.017176,-1.228650,2.155091,off,none,0.672570,0,0,0,cruise
236.750000,-0.020634,,0.073461,0.018362,-1.177404,2.270824,off,none,0.756845,0,0,0,cruise
236.800000,-0.023140,,0.076260,0.018605,-1.151486,2.249944,off,none,0.794851,0,0,0,cruise
236.850000,-0.020330,,0.087991,0.021479,-1.170290,2.220425,off,none,0.780214,0,0,0,cruise
236.900000,-0.019889,,0.088475,0.022532,-1.171129,2.217858,off,none,0.754593,0,0,0,cruise
236.950000,-0.019791,,0.100322,0.025452,-1.154641,2.189665,off,none,0.767706,0,0,0,cruise
237.000000,-0.021358,,0.094316,0.026709,-1.142142,2.155905,off,none,0.787676,0,0,0,cruise
237.050000,-0.018491,,0.091581,0.024348,-1.179036,2.139909,off,none,0.776555,0,0,0,cruise
237.100000,-0.016067,,0.070907,0.020522,-1.110950,2.206094,off,none,0.751775,0,0,0,cruise
237.150000,-0.015733,,0.069138,0.020055,-1.174188,2.105113,off,none,0.754429,0,0,0,cruise
237.200000,-0.018919,,0.072196,0.019550,-1.181916,2.079308,off,none,0.849184,0,0,0,cruise
237.250000,-0.027847,,0.079204,0.022079,-1.281280,1.984344,off,none,0.977093,0,0,0,cruise
237.300000,-0.030821,,0.082503,0.020763,-1.239434,1.954805,off,none,1.148220,0,0,0,cruise
237.350000,-0.027804,,0.078613,0.020436,-1.269768,2.004396,off,none,1.073567,0,0,0,cruise
237.400000,-0.025295,,0.083088,0.023750,-1.308926,2.004566,off,none,0.757780,0,0,0,cruise
237.450000,-0.023898,,0.095265,0.030585,-1.310717,2.019670,off,none,0.578363,0,0,0,cruise
237.500000,-0.021865,,0.122364,0.038941,-1.365671,1.981576,off,none,0.611055,0,0,0,cruise
237.550000,-0.015931,,0.091919,0.028472,-1.460390,1.887588,off,none,0.734440,0,0,0,cruise
237.600000,-0.013609,,0.076088,0.024662,-1.440425,1.862068,off,none,0.874274,0,0,0,cruise
237.650000,-0.016147,,0.086192,0.029874,-1.398541,1.850085,off,none,0.987015,0,0,0,cruise
237.700000,-0.021037,,0.114329,0.040059,-1.394846,1.911301,off,none,1.082277,0,0,0,cruise
237.750000,-0.024323,,0.166721,0.058506,-1.461601,1.877570,off,none,1.135006,0,0,0,cruise
237.800000,-0.024793,,0.185481,0.068858,-1.350565,1.882842,off,none,1.101651,0,0,0,cruise
237.850000,-0.018785,,0.136785,0.053201,-1.319700,1.892857,off,none,1.013324,0,0,0,cruise
237.900000,-0.018229,,0.147407,0.068411,-1.418421,1.775040,off,none,1.007270,0,0,0,cruise
237.950000,-0.016298,,0.153569,0.072509,-1.421442,1.705951,off,none,1.071348,0,0,0,cruise
238.000000,-0.014147,,0.132710,0.057112,-1.488572,1.788494,off,none,1.158377,0,0,0,cruise
238.050000,-0.017966,,0.096622,0.036422,-1.383141,1.852506,off,none,1.241961,0,0,0,cruise
238.100000,-0.027414,,0.080202,0.029962,-1.321308,1.662073,off,none,1.303435,0,0,0,cruise
238.150000,-0.026338,,0.074787,0.027117,-1.342266,1.635980,off,none,1.347655,0,0,0,cruise
238.200000,-0.025542,,0.074700,0.029285,-1.318870,1.736596,off,none,1.394980,0,0,0,cruise
238.250000,-0.025786,,0.075296,0.030132,-1.374924,1.732319,off,none,1.416707,0,0,0,cruise
238.300000,-0.018326,,0.106622,0.043044,-1.529188,1.751100,off,none,1.413197,0,0,0,cruise
238.350000,-0.014482,,0.110472,0.048836,-1.591632,1.746092,off,none,1.394387,0,0,0,cruise
238.400000,-0.013504,,0.114728,0.046345,-1.505778,1.715173,off,none,1.397315,0,0,0,cruise
238.450000,-0.014239,,0.121294,0.050102,-1.341635,1.770553,off,none,1.416124,0,0,0,cruise
238.500000,-0.012069,,0.080084,0.029695,-1.395866,1.788942,off,none,1.452172,0,0,0,cruise
238.550000,-0.012526,,0.076965,0.027128,-1.424264,1.821690,off,none,1.451980,0,0,0,cruise
238.600000,-0.011627,,0.081996,0.027506,-1.333052,1.808358,off,none,1.419707,0,0,0,cruise
238.650000,-0.014394,,0.085171,0.026924,-1.310117,1.816676,off,none,1.426029,0,0,0,cruise
238.700000,-0.021189,,0.090597,0.031605,-1.330172,1.733523,off,none,1.474179,0,0,0,cruise
238.750000,-0.017435,,0.092444,0.032964,-1.299392,1.825499,off,none,1.476897,0,0,0,cruise
238.800000,-0.018706,,0.080053,0.031436,-1.375480,1.788765,off,none,1.474245,0,0,0,cruise
238.850000,-0.017313,,0.069905,0.031103,-1.356659,1.705167,off,none,1.471843,0,0,0,cruise
238.900000,-0.014131,,0.083558,0.042129,-1.337772,1.702602,off,none,1.462412,0,0,0,cruise
238.950000,-0.015240,,0.093077,0.045677,-1.284448,1.715109,off,none,1.410639,0,0,0,cruise
239.000000,-0.013455,,0.087460,0.038984,-1.226217,1.774289,off,none,1.335639,0,0,0,cruise
239.050000,-0.014650,,0.087317,0.034631,-1.315449,1.766703,off,none,1.273338,0,0,0,cruise
239.100000,-0.015704,,0.075601,0.026972,-1.391315,1.678171,off,none,1.217079,0,0,0,cruise
239.150000,-0.016063,,0.066877,0.027440,-1.381829,1.621343,off,none,1.129596,0,0,0,cruise
239.200000,-0.018874,,0.063379,0.025660,-1.268655,1.632470,off,none,1.161637,0,0,0,cruise
239.250000,-0.019535,,0.059768,0.025192,-1.200672,1.678968,off,none,1.233808,0,0,0,cruise
239.300000,-0.015487,,0.054402,0.021553,-1.294853,1.779292,off,none,1.316715,0,0,0,cruise
239.350000,-0.013130,,0.052428,0.021143,-1.272569,1.769234,off,none,1.345857,0,0,0,cruise
239.400000,-0.009829,,0.048856,0.022564,-1.257506,1.723191,off,none,1.341748,0,0,0,cruise
239.450000,-0.008284,,0.057328,0.028196,-1.169881,1.643728,off,none,1.307395,0,0,0,cruise
239.500000,-0.009139,,0.055998,0.026338,-1.150734,1.714300,off,none,1.305974,0,0,0,cruise
239.550000,-0.010618,,0.055456,0.027445,-1.246319,1.685245,off,none,1.207433,0,0,0,cruise
239.600000,-0.010957,,0.056426,0.023109,-1.274436,1.760629,off,none,1.206657,0,0,0,cruise
239.650000,-0.009927,,0.061927,0.023731,-1.328463,1.725304,off,none,1.213644,0,0,0,cruise
239.700000,-0.008722,,0.048946,0.019235,-1.294807,1.736766,off,none,1.249612,0,0,0,cruise
239.750000,-0.009629,,0.050400,0.020446,-1.238347,1.768648,off,none,1.289417,0,0,0,cruise
239.800000,-0.011529,,0.050001,0.023401,-1.203069,1.821502,off,none,1.280191,0,0,0,cruise
239.850000,-0.006711,,0.060027,0.023855,-1.233347,1.766106,off,none,1.293484,0,0,0,cruise
239.900000,-0.003891,,0.047107,0.019018,-1.355867,1.755495,off,none,1.308598,0,0,0,cruise
239.950000,-0.003692,,0.043331,0.017094,-1.400934,1.725599,off,none,1.315489,0,0,0,cruise
240.000000,-0.003692,,0.045856,0.018125,-1.400841,1.701604,off,none,1.355447,0,0,0,cruise
240.050000,-0.004257,,0.039373,0.015606,-1.539774,1.683902,off,none,1.327455,0,0,0,cruise
240.100000,-0.003814,,0.041781,0.016033,-1.453324,1.673263,off,none,1.296261,0,0,0,cruise
240.150000,-0.002472,,0.042939,0.018886,-1.343418,1.653246,off,none,1.230157,0,0,0,cruise
240.200000,-0.004716,,0.040681,0.016967,-1.295914,1.767876,off,none,1.220883,0,0,0,cruise
240.250000,-0.002756,,0.035880,0.015789,-1.470599,1.825695,off,none,1.266017,0,0,0,cruise
240.300000,-0.000287,,0.041570,0.017174,-1.610917,1.712628,off,none,1.305773,0,0,0,cruise
240.350000,0.000603,,0.048299,0.020513,-1.647358,1.677573,off,none,1.307037,0,0,0,cruise
240.400000,0.000469,,0.053817,0.024525,-1.575901,1.639833,off,none,1.299702,0,0,0,cruise
240.450000,0.001499,,0.054701,0.022505,-1.437324,1.835962,off,none,1.340632,0,0,0,cruise
240.500000,0.001532,,0.053846,0.022853,-1.600654,1.736731,off,none,1.282311,0,0,0,cruise
240.550000,0.003020,,0.059398,0.025604,-1.738558,1.584102,off,none,1.221017,0,0,0,cruise
240.600000,0.004153,,0.062864,0.030258,-1.720299,1.510736,off,none,1.170981,0,0,0,cruise
240.650000,0.002930,,0.056988,0.030683,-1.738347,1.555849,off,none,1.179239,0,0,0,cruise
240.700000,0.004225,,0.058021,0.030631,-1.643986,1.521108,off,none,1.188904,0,0,0,cruise
240.750000,0.005799,,0.055856,0.030459,-1.454322,1.671642,off,none,1.208066,0,0,0,cruise
240.800000,0.007131,,0.055102,0.033515,-1.450244,1.613598,off,none,1.189884,0,0,0,cruise
240.850000,0.004327,,0.060586,0.032005,-1.523689,1.598547,off,none,1.166757,0,0,0,cruise
240.900000,0.006073,,0.061696,0.034519,-1.611508,1.560627,off,none,1.154685,0,0,0,cruise
240.950000,0.008179,,0.062514,0.032964,-1.507185,1.661039,off,none,1.149402,0,0,0,cruise
241.000000,0.006706,,0.064628,0.035267,-1.568461,1.683362,off,none,1.135980,0,0,0,cruise
241.050000,0.007952,,0.070984,0.043079,-1.657967,1.641568,off,none,1.092523,0,0,0,cruise
241.100000,0.008841,,0.064467,0.044605,-1.579725,1.615982,off,none,1.045460,0,0,0,cruise
241.150000,0.010927,,0.069508,0.049166,-1.665829,1.551497,off,none,1.024352,0,0,0,cruise
241.200000,0.013651,,0.081736,0.046973,-1.691146,1.533867,off,none,1.025271,0,0,0,cruise
241.250000,0.014398,,0.092166,0.056223,-1.753718,1.550737,off,none,1.052740,0,0,0,cruise
241.300000,0.014380,,0.092776,0.056809,-1.756928,1.510193,off,none,1.059928,0,0,0,cruise
241.350000,0.014363,,0.101282,0.063812,-1.755328,1.382524,off,none,1.090994,0,0,0,cruise
241.400000,0.013877,,0.101145,0.063499,-1.650670,1.343214,off,none,1.038693,0,0,0,cruise
241.450000,0.015672,,0.098535,0.066521,-1.706074,1.330549,off,none,1.027906,0,0,0,cruise
241.500000,0.017611,,0.109512,0.076522,-1.699753,1.412063,off,none,1.007679,0,0,0,cruise
241.550000,0.017538,,0.112872,0.082249,-1.797969,1.364139,off,none,1.043346,0,0,0,cruise
241.600000,0.017745,,0.116508,0.090927,-1.706944,1.380597,off,none,1.052020,0,0,0,cruise
241.650000,0.018679,,0.130472,0.100449,-1.660594,1.357759,off,none,1.080064,0,0,0,cruise
241.700000,0.016975,,0.144105,0.089290,-1.524938,1.376502,off,none,1.073005,0,0,0,cruise
241.750000,0.016835,,0.155113,0.108754,-1.626422,1.387276,off,none,0.999428,0,0,0,cruise
241.800000,0.016728,,0.150395,0.119290,-1.796582,1.394789,off,none,1.014270,0,0,0,cruise
241.850000,0.016269,,0.132284,0.104385,-1.539522,1.477206,off,none,0.978877,0,0,0,cruise
241.900000,0.016990,,0.145662,0.085879,-1.375860,1.510406,off,none,0.991022,0,0,0,cruise
241.950000,0.017365,,0.180600,0.102288,-1.366762,1.545225,off,none,1.056651,0,0,0,cruise
242.000000,0.018706,,0.190990,0.107254,-1.419258,1.574108,off,none,1.004125,0,0,0,cruise
242.050000,0.018623,,0.183904,0.098830,-1.409259,1.580969,off,none,1.013012,0,0,0,cruise
242.100000,0.018253,,0.180918,0.097376,-1.394209,1.597816,off,none,1.049290,0,0,0,cruise
242.150000,0.018805,,0.176449,0.089569,-1.387768,1.620137,off,none,1.086083,0,0,0,cruise
242.200000,0.020278,,0.162395,0.072353,-1.378298,1.639148,off,none,1.103044,0,0,0,cruise
242.250000,0.018812,,0.160001,0.079247,-1.310227,1.632598,off,none,1.122647,0,0,0,cruise
242.300000,0.019034,,0.172970,0.095603,-1.317547,1.637002,off,none,1.072785,0,0,0,cruise
242.350000,0.019440,,0.193836,0.109678,-1.306404,1.618319,off,none,1.084540,0,0,0,cruise
242.400000,0.018961,,0.222769,0.125732,-1.322562,1.615422,off,none,1.127094,0,0,0,cruise
242.450000,0.018161,,0.209085,0.115678,-1.342287,1.624212,off,none,1.183149,0,0,0,cruise
242.500000,0.017591,,0.202208,0.120738,-1.314593,1.633943,off,none,1.158870,0,0,0,cruise
242.550000,0.018760,,0.196305,0.128372,-1.326026,1.580855,off,none,1.070366,0,0,0,cruise
242.600000,0.017512,,0.225039,0.144894,-1.319905,1.578508,off,none,0.988656,0,0,0,cruise
242.650000,0.017205,,0.228826,0.163951,-1.202684,1.660333,off,none,1.132911,0,0,0,cruise
242.700000,0.018443,,0.238467,0.166554,-1.159818,1.649918,off,none,1.194871,0,0,0,cruise
242.750000,0.018878,,0.255290,0.162016,-1.156732,1.612006,off,none,1.284555,0,0,0,cruise
242.800000,0.017000,,0.269007,0.154455,-1.123778,1.703965,off,none,1.207330,0,0,0,cruise
242.850000,0.015433,,0.233199,0.101081,-1.094210,1.689789,off,none,1.263491,0,0,0,cruise
242.900000,0.015375,,0.177551,0.066247,-1.125682,1.659640,off,none,1.201498,0,0,0,cruise
242.950000,0.015927,,0.209496,0.087508,-1.227684,1.661655,off,none,1.227469,0,0,0,cruise
243.000000,0.016383,,0.254352,0.111367,-1.274153,1.670344,off,none,1.283936,0,0,0,cruise
243.050000,0.016996,,0.272168,0.118617,-1.273780,1.676367,off,none,1.235551,0,0,0,cruise
243.100000,0.017435,,0.311552,0.170254,-1.291770,1.682692,off,none,0.954166,0,0,0,cruise
243.150000,0.017283,,0.315805,0.182463,-1.307593,1.644960,off,none,0.994652,0,0,0,cruise
243.200000,0.016076,,0.274708,0.154275,-1.307436,1.681886,off,none,1.047281,0,0,0,cruise
243.250000,0.015281,,0.281471,0.197318,-1.277428,1.702215,off,none,1.172316,0,0,0,cruise
243.300000,0.014805,,0.322275,0.238236,-1.252779,1.701089,off,none,1.224778,0,0,0,cruise
243.350000,0.015286,,0.385496,0.284035,-1.226049,1.698641,off,none,1.261471,0,0,0,cruise
243.400000,0.015329,,0.426082,0.250563,-1.272346,1.634240,off,none,1.247426,0,0,0,cruise
243.450000,0.013933,,0.454314,0.245271,-1.297265,1.591451,off,none,1.235228,0,0,0,cruise
243.500000,0.013117,,0.482852,0.296172,-1.311988,1.571621,off,none,1.215397,0,0,0,cruise
243.550000,0.012468,,0.420558,0.283774,-1.331242,1.506781,off,none,1.162424,0,0,0,cruise
243.600000,0.011679,,0.433483,0.317423,-1.357634,1.533827,off,none,1.144868,0,0,0,cruise
243.650000,0.010346,,0.418846,0.301629,-1.364091,1.534527,off,none,1.147282,0,0,0,cruise
243.700000,0.010429,,0.446415,0.349025,-1.397254,1.540158,off,none,1.163823,0,0,0,cruise
243.750000,0.011162,,0.450006,0.326228,-1.413499,1.575726,off,none,1.211802,0,0,0,cruise
243.800000,0.008938,,0.434069,0.313837,-1.413246,1.541155,off,none,1.168057,0,0,0,cruise
243.850000,0.009234,,0.466614,0.347389,-1.415398,1.532053,off,none,1.173627,0,0,0,cruise
243.900000,0.010870,,0.465364,0.350955,-1.441250,1.518211,off,none,1.244056,0,0,0,cruise
243.950000,0.010256,,0.555850,0.369649,-1.468128,1.503374,off,none,1.239884,0,0,0,cruise
244.000000,0.010000,,0.484802,0.344214,-1.450943,1.529944,off,none,1.244065,0,0,0,cruise
244.050000,0.008776,,0.471179,0.391213,-1.452037,1.521790,off,none,1.228894,0,0,0,cruise
244.100000,0.009429,,0.521260,0.389938,-1.456427,1.500328,off,none,1.172128,0,0,0,cruise
244.150000,0.009330,,0.498805,0.390311,-1.442871,1.485829,off,none,1.233452,0,0,0,cruise
244.200000,0.008868,,0.554988,0.446120,-1.433734,1.482595,off,none,1.284481,0,0,0,cruise
244.250000,0.008603,,0.532217,0.400682,-1.434486,1.488052,off,none,1.300255,0,0,0,cruise
244.300000,0.008485,,0.505162,0.456017,-1.428594,1.498800,off,none,1.315035,0,0,0,cruise
244.350000,0.007972,,0.478281,0.471325,-1.387785,1.510573,off,none,1.287862,0,0,0,cruise
244.400000,0.007296,,0.396399,0.448038,-1.350597,1.510072,off,none,1.316986,0,0,0,cruise
244.450000,0.007987,,0.456670,0.532084,-1.386677,1.504487,off,none,1.314677,0,0,0,cruise
244.500000,0.008606,,0.462062,0.516975,-1.372090,1.542117,off,none,1.310328,0,0,0,cruise
244.550000,0.008288,,0.423105,0.452996,-1.362403,1.523831,off,none,1.294748,0,0,0,cruise
244.600000,0.007901,,0.494232,0.506802,-1.398410,1.522181,off,none,1.309390,0,0,0,cruise
244.650000,0.007722,,0.441416,0.479963,-1.383169,1.554562,off,none,1.307271,0,0,0,cruise
244.700000,0.007879,,0.510846,0.532025,-1.429819,1.525739,off,none,1.304733,0,0,0,cruise
244.750000,0.007531,,0.536110,0.563197,-1.429784,1.545416,off,none,1.302968,0,0,0,cruise
244.800000,0.007297,,0.584584,0.595141,-1.434635,1.529954,off,none,1.299956,0,0,0,cruise
244.850000,0.007066,,0.568898,0.544014,-1.448095,1.516515,off,none,1.297463,0,0,0,cruise
244.900000,0.007082,,0.565066,0.573523,-1.480315,1.512878,off,none,1.295028,0,0,0,cruise
244.950000,0.007153,,0.628636,0.649211,-1.478621,1.499318,off,none,1.292884,0,0,0,cruise
245.000000,0.006840,,0.582209,0.604619,-1.480798,1.537897,off,none,1.289974,0,0,0,cruise
245.050000,0.006960,,0.587986,0.555191,-1.484150,1.520340,off,none,1.287904,0,0,0,cruise
245.100000,0.007758,,0.569475,0.562361,-1.480531,1.515357,off,none,1.285602,0,0,0,cruise
245.150000,0.008463,,0.478051,0.580093,-1.468528,1.532140,off,none,1.283147,0,0,0,cruise
245.200000,0.007234,,0.591953,0.687581,-1.507016,1.517226,off,none,1.280413,0,0,0,cruise
245.250000,0.007149,,0.622753,0.653469,-1.513250,1.528332,off,none,1.279234,0,0,0,cruise
245.300000,0.007032,,0.561407,0.589805,-1.523339,1.535979,off,none,1.277250,0,0,0,cruise
245.350000,0.007940,,0.603564,0.701735,-1.497125,1.539194,off,none,1.275093,0,0,0,cruise
245.400000,0.007791,,0.622104,0.746285,-1.510638,1.517896,off,none,1.273096,0,0,0,cruise
245.450000,0.007075,,0.650133,0.722903,-1.516209,1.481920,off,none,1.270038,0,0,0,cruise
245.500000,0.007150,,0.558747,0.675804,-1.546923,1.493259,off,none,1.261512,0,0,0,cruise
245.550000,0.006983,,0.578074,0.686905,-1.521842,1.480679,off,none,1.268071,0,0,0,cruise
245.600000,0.007535,,0.604966,0.700118,-1.511307,1.473556,off,none,1.265866,0,0,0,cruise
245.650000,0.008124,,0.596792,0.710838,-1.500377,1.475576,off,none,1.264192,0,0,0,cruise
245.700000,0.007248,,0.577592,0.686865,-1.505385,1.496481,off,none,1.254674,0,0,0,cruise
245.750000,0.007093,,0.653724,0.714305,-1.497102,1.500895,off,none,1.216631,0,0,0,cruise
245.800000,0.007068,,0.673016,0.748391,-1.487610,1.486814,off,none,1.259111,0,0,0,cruise
245.850000,0.007434,,0.683735,0.775150,-1.505733,1.478698,off,none,1.256747,0,0,0,cruise
245.900000,0.008265,,0.666995,0.792609,-1.504664,1.472317,off,none,1.255027,0,0,0,cruise
245.950000,0.007856,,0.604204,0.746868,-1.512758,1.472017,off,none,1.253685,0,0,0,cruise
246.000000,0.007291,,0.553398,0.724553,-1.529146,1.462383,off,none,1.251980,0,0,0,cruise
246.050000,0.007503,,0.607965,0.757777,-1.525161,1.451662,off,none,1.250068,0,0,0,cruise
246.100000,0.007573,,0.571080,0.695155,-1.488674,1.454525,off,none,1.246692,0,0,0,cruise
246.150000,0.006585,,0.497573,0.661701,-1.497185,1.464398,off,none,1.237867,0,0,0,cruise
246.200000,0.007007,,0.562533,0.720251,-1.497768,1.460484,off,none,1.241092,0,0,0,cruise
246.250000,0.007442,,0.600243,0.736822,-1.524310,1.473191,off,none,1.221344,0,0,0,cruise
246.300000,0.007189,,0.666631,0.761182,-1.498373,1.490383,off,none,1.235237,0,0,0,cruise
246.350000,0.006954,,0.672010,0.705420,-1.509115,1.492055,off,none,1.196453,0,0,0,cruise
246.400000,0.006799,,0.716630,0.684092,-1.521645,1.495723,off,none,1.237928,0,0,0,cruise
246.450000,0.007115,,0.758453,0.714253,-1.529471,1.476401,off,none,1.236425,0,0,0,cruise
246.500000,0.007340,,0.773299,0.759184,-1.541426,1.462630,off,none,1.234762,0,0,0,cruise
246.550000,0.006876,,0.819681,0.813963,-1.523115,1.439481,off,none,1.232981,0,0,0,cruise
246.600000,0.006852,,0.794252,0.689410,-1.564624,1.436857,off,none,1.231457,0,0,0,cruise
246.650000,0.006261,,0.745664,0.629647,-1.587879,1.436879,off,none,1.229815,0,0,0,cruise
246.700000,0.006671,,0.765148,0.664186,-1.578492,1.431450,off,none,1.227690,0,0,0,cruise
246.750000,0.007821,,0.776320,0.692316,-1.612880,1.422816,off,none,1.225641,0,0,0,cruise
246.800000,0.007718,,0.799330,0.751970,-1.615748,1.396289,off,none,1.220194,0,0,0,cruise
246.850000,0.007408,,0.831869,0.748655,-1.624465,1.421740,off,none,1.190949,0,0,0,cruise
246.900000,0.007277,,0.834828,0.735832,-1.632115,1.442688,off,none,1.221668,0,0,0,cruise
246.950000,0.007151,,0.825113,0.739974,-1.639686,1.424311,off,none,1.220044,0,0,0,cruise
247.000000,0.007692,,0.855671,0.833485,-1.638195,1.420180,off,none,1.218019,0,0,0,cruise
247.050000,0.007893,,0.852141,0.800923,-1.643126,1.406440,off,none,1.216040,0,0,0,cruise
247.100000,0.007609,,0.834892,0.747999,-1.675007,1.427258,off,none,1.212242,0,0,0,cruise
247.150000,0.007558,,0.837478,0.699010,-1.660564,1.445746,off,none,1.194356,0,0,0,cruise
247.200000,0.007147,,0.779885,0.632596,-1.642224,1.438281,off,none,1.198145,0,0,0,cruise
247.250000,0.007367,,0.609846,0.496828,-1.651999,1.448019,off,none,1.163055,0,0,0,cruise
247.300000,0.007220,,0.550630,0.655100,-1.641638,1.455437,off,none,1.159849,0,0,0,cruise
247.350000,0.007587,,0.578482,0.694237,-1.655733,1.461909,off,none,1.189065,0,0,0,cruise
247.400000,0.007749,,0.565993,0.646535,-1.640408,1.479982,off,none,1.133927,0,0,0,cruise
247.450000,0.007696,,0.600149,0.677191,-1.641693,1.427214,off,none,1.056360,0,0,0,cruise
247.500000,0.007259,,0.568964,0.695121,-1.601071,1.428947,off,none,1.081473,0,0,0,cruise
247.550000,0.007193,,0.629932,0.762441,-1.575157,1.438571,off,none,1.169466,0,0,0,cruise
247.600000,0.007381,,0.611230,0.728192,-1.600227,1.434159,off,none,1.180308,0,0,0,cruise
247.650000,0.007220,,0.549873,0.682169,-1.608953,1.430547,off,none,1.164441,0,0,0,cruise
247.700000,0.006382,,0.628123,0.741099,-1.583504,1.426753,off,none,1.141711,0,0,0,cruise
247.750000,0.006628,,0.627701,0.744548,-1.580001,1.436730,off,none,1.159071,0,0,0,cruise
247.800000,0.007551,,0.615806,0.738136,-1.577229,1.436300,off,none,1.103211,0,0,0,cruise
247.850000,0.007354,,0.516681,0.518795,-1.587554,1.452417,off,none,1.034099,0,0,0,cruise
247.900000,0.007132,,0.466496,0.421202,-1.580293,1.454613,off,none,1.043510,0,0,0,cruise
247.950000,0.006836,,0.510348,0.449855,-1.568288,1.460499,off,none,1.059219,0,0,0,cruise
248.000000,0.007218,,0.551991,0.597156,-1.529029,1.488030,off,none,1.044945,0,0,0,cruise
248.050000,0.007364,,0.506704,0.591217,-1.510466,1.453432,off,none,0.980951,0,0,0,cruise
248.100000,0.007340,,0.632259,0.721086,-1.556778,1.473231,off,none,0.925965,0,0,0,cruise
248.150000,0.007170,,0.649864,0.690261,-1.558675,1.468061,off,none,0.931904,0,0,0,cruise
248.200000,0.007437,,0.645347,0.723684,-1.547117,1.449610,off,none,0.971322,0,0,0,cruise
248.250000,0.007513,,0.671208,0.781415,-1.558861,1.435791,off,none,0.963782,0,0,0,cruise
248.300000,0.006869,,0.707411,0.848175,-1.561337,1.432493,off,none,0.906699,0,0,0,cruise
248.350000,0.006211,,0.743106,0.848030,-1.565594,1.458561,off,none,0.887490,0,0,0,cruise
248.400000,0.006514,,0.751688,0.831470,-1.595725,1.456616,off,none,0.984469,0,0,0,cruise
248.450000,0.006427,,0.784787,0.843399,-1.591501,1.447245,off,none,0.995209,0,0,0,cruise
248.500000,0.005920,,0.773363,0.792185,-1.571230,1.470230,off,none,0.894883,0,0,0,cruise
248.550000,0.005757,,0.771375,0.827392,-1.576223,1.486630,off,none,0.905846,0,0,0,cruise
248.600000,0.006100,,0.798863,0.874484,-1.621033,1.466542,off,none,0.901348,0,0,0,cruise
248.650000,0.005752,,0.772367,0.877330,-1.673965,1.417073,off,none,0.871301,0,0,0,cruise
248.700000,0.005358,,0.761628,0.871009,-1.669778,1.377047,off,none,0.886831,0,0,0,cruise
248.750000,0.005185,,0.769038,0.874659,-1.683970,1.386118,off,none,0.936508,0,0,0,cruise
248.800000,0.005813,,0.807634,0.909979,-1.700593,1.379091,off,none,0.844626,0,0,0,cruise
248.850000,0.005316,,0.818868,0.907294,-1.692719,1.367508,off,none,0.850699,0,0,0,cruise
248.900000,0.004707,,0.807752,0.894781,-1.675400,1.363667,off,none,0.881443,0,0,0,cruise
248.950000,0.004275,,0.807688,0.912567,-1.696304,1.324038,off,none,0.903958,0,0,0,cruise
249.000000,0.004580,,0.778862,0.901122,-1.725026,1.307930,off,none,0.929553,0,0,0,cruise
249.050000,0.005138,,0.763587,0.904831,-1.758151,1.305481,off,none,0.906056,0,0,0,cruise
249.100000,0.005356,,0.737836,0.891071,-1.772228,1.305000,off,none,0.875249,0,0,0,cruise
249.150000,0.005597,,0.682459,0.862445,-1.766715,1.290972,off,none,0.887010,0,0,0,cruise
249.200000,0.005974,,0.637035,0.852213,-1.801552,1.283453,off,none,0.878169,0,0,0,cruise
249.250000,0.005813,,0.636233,0.831509,-1.844612,1.267234,off,none,0.970507,0,0,0,cruise
249.300000,0.004820,,0.676692,0.878579,-1.855719,1.273289,off,none,1.066278,0,0,0,cruise
249.350000,0.004687,,0.704101,0.898833,-1.840566,1.249688,off,none,1.025932,0,0,0,cruise
249.400000,0.004408,,0.721157,0.898157,-1.807499,1.251698,off,none,0.919669,0,0,0,cruise
249.450000,0.004540,,0.756683,0.887910,-1.790405,1.266152,off,none,0.899110,0,0,0,cruise
249.500000,0.005097,,0.754045,0.893810,-1.812964,1.257836,off,none,0.943639,0,0,0,cruise
249.550000,0.005713,,0.729694,0.890700,-1.830582,1.264135,off,none,1.018534,0,0,0,cruise
249.600000,0.006313,,0.719022,0.905877,-1.889357,1.221973,off,none,1.029253,0,0,0,cruise
249.650000,0.006065,,0.688488,0.910115,-1.868835,1.219609,off,none,0.998267,0,0,0,cruise
249.700000,0.006096,,0.663204,0.909550,-1.971820,1.204848,off,none,0.968345,0,0,0,cruise
249.750000,0.006666,,0.477980,0.906456,-2.312920,1.182904,off,none,0.975610,0,0,0,cruise
249.800000,0.006969,,0.359505,0.894922,-2.549922,1.200905,off,none,0.923878,0,0,0,cruise
249.850000,0.006198,,0.366765,0.900322,-2.577202,1.218282,off,none,0.917495,0,0,0,cruise
249.900000,0.006332,,0.331454,0.894103,-2.566141,1.191714,off,none,0.926750,0,0,0,cruise
249.950000,0.006851,,0.326210,0.891557,-2.569059,1.181417,off,none,1.001580,0,0,0,cruise
250.000000,0.007049,,0.321750,0.869312,-2.575604,1.193691,off,none,0.979860,0,0,0,cruise
250.050000,0.006464,,0.345696,0.841299,-2.498200,1.215462,off,none,1.006591,0,0,0,cruise
250.100000,0.006494,,0.391971,0.810223,-2.299482,1.225990,off,none,1.027777,0,0,0,cruise
250.150000,0.006807,,0.408447,0.860907,-2.366876,1.216575,off,none,0.976406,0,0,0,cruise
250.200000,0.006433,,0.339947,0.840253,-2.502552,1.210637,off,none,0.926862,0,0,0,cruise
250.250000,0.006288,,0.367108,0.830443,-2.426467,1.203476,off,none,0.878434,0,0,0,cruise
250.300000,0.006825,,0.370325,0.849081,-2.547005,1.182884,off,none,0.841475,0,0,0,cruise
250.350000,0.006563,,0.376921,0.827727,-2.544119,1.185866,off,none,0.877776,0,0,0,cruise
250.400000,0.006098,,0.346163,0.784018,-2.542432,1.186922,off,none,0.841233,0,0,0,cruise
250.450000,0.006382,,0.418916,0.761443,-2.271538,1.199580,off,none,0.877788,0,0,0,cruise
250.500000,0.006883,,0.537523,0.745160,-1.949953,1.212350,off,none,0.826766,0,0,0,cruise
250.550000,0.007063,,0.503560,0.671140,-1.954804,1.199574,off,none,0.776453,0,0,0,cruise
250.600000,0.006561,,0.538149,0.446769,-1.871067,1.224399,off,none,0.740342,0,0,0,cruise
250.650000,0.006510,,0.604104,0.282838,-1.881523,1.257365,off,none,0.790325,0,0,0,cruise
250.700000,0.006514,,0.610463,0.257196,-1.907548,1.258875,off,none,0.841320,0,0,0,cruise
250.750000,0.006496,,0.485483,0.307863,-1.973421,1.268808,off,none,0.878465,0,0,0,cruise
250.800000,0.006720,,0.383875,0.289443,-2.083381,1.279837,off,none,0.826908,0,0,0,cruise
250.850000,0.006595,,0.432547,0.284837,-1.993041,1.299127,off,none,0.778695,0,0,0,cruise
250.900000,0.006956,,0.479675,0.277630,-1.979335,1.284911,off,none,0.726712,0,0,0,cruise
250.950000,0.006754,,0.444383,0.253236,-2.011048,1.282648,off,none,0.690154,0,0,0,cruise
251.000000,0.007055,,0.379126,0.230571,-2.100136,1.283176,off,none,0.728199,0,0,0,cruise
251.050000,0.007240,,0.425835,0.224950,-1.973448,1.316257,off,none,0.684492,0,0,0,cruise
251.100000,0.007432,,0.383343,0.235079,-2.082083,1.282880,off,none,0.686379,0,0,0,cruise
251.150000,0.007409,,0.417231,0.220093,-1.986839,1.283922,off,none,0.690456,0,0,0,cruise
251.200000,0.007412,,0.450010,0.282899,-2.031279,1.280862,off,none,0.726909,0,0,0,cruise
251.250000,0.007254,,0.353205,0.309860,-2.166139,1.272077,off,none,0.676811,0,0,0,cruise
251.300000,0.006903,,0.343084,0.265072,-2.155128,1.267072,off,none,0.627024,0,0,0,cruise
251.350000,0.006214,,0.444060,0.262028,-2.004574,1.272855,off,none,0.590068,0,0,0,cruise
251.400000,0.006546,,0.559423,0.312610,-1.997285,1.278548,off,none,0.640318,0,0,0,cruise
251.450000,0.007197,,0.493737,0.309454,-2.043346,1.261849,off,none,0.691177,0,0,0,cruise
251.500000,0.006712,,0.451824,0.269410,-2.045047,1.262408,off,none,0.726897,0,0,0,cruise
251.550000,0.006619,,0.396613,0.254510,-2.019872,1.284800,off,none,0.677827,0,0,0,cruise
251.600000,0.007282,,0.403745,0.284134,-2.026472,1.304286,off,none,0.640760,0,0,0,cruise
251.650000,0.007131,,0.461865,0.278753,-1.972313,1.301620,off,none,0.677796,0,0,0,cruise
251.700000,0.006526,,0.491671,0.193681,-1.913901,1.320788,off,none,0.628110,0,0,0,cruise
251.750000,0.006146,,0.500657,0.211359,-1.911626,1.286114,off,none,0.578292,0,0,0,cruise
251.800000,0.006387,,0.500535,0.243994,-1.927488,1.257510,off,none,0.528142,0,0,0,cruise
251.850000,0.006450,,0.590318,0.238859,-1.916028,1.251576,off,none,0.477485,0,0,0,cruise
251.900000,0.006080,,0.545262,0.199921,-1.879688,1.264674,off,none,0.429258,0,0,0,cruise
251.950000,0.005901,,0.480836,0.195503,-1.887203,1.250970,off,none,0.390129,0,0,0,cruise
252.000000,0.005570,,0.438731,0.218503,-1.894939,1.229732,off,none,0.428371,0,0,0,cruise
252.050000,0.005477,,0.386251,0.237931,-1.829786,1.283741,off,none,0.391215,0,0,0,cruise
252.100000,0.004865,,0.360417,0.254449,-1.806793,1.331342,off,none,0.441069,0,0,0,cruise
252.150000,0.004844,,0.285411,0.259593,-1.964556,1.337930,off,none,0.490255,0,0,0,cruise
252.200000,0.005011,,0.309727,0.262108,-1.844490,1.337723,off,none,0.541367,0,0,0,cruise
252.250000,0.004466,,0.331702,0.267620,-1.766888,1.370606,off,none,0.585205,0,0,0,cruise
252.300000,0.004101,,0.335396,0.263902,-1.893558,1.324938,off,none,0.580961,0,0,0,cruise
252.350000,0.003780,,0.316497,0.296838,-1.961353,1.293675,off,none,0.501015,0,0,0,cruise
252.400000,0.003841,,0.285046,0.283381,-1.990476,1.311116,off,none,0.417854,0,0,0,cruise
252.450000,0.003367,,0.337015,0.329315,-1.923042,1.345149,off,none,0.420061,0,0,0,cruise
252.500000,0.003373,,0.301670,0.356094,-2.029928,1.325764,off,none,0.401360,0,0,0,cruise
252.550000,0.003295,,0.281961,0.385590,-2.071964,1.322155,off,none,0.495701,0,0,0,cruise
252.600000,0.002639,,0.278630,0.264504,-1.906090,1.333639,off,none,0.547533,0,0,0,cruise
252.650000,0.001930,,0.324226,0.179675,-1.796295,1.328105,off,none,0.469481,0,0,0,cruise
252.700000,0.001366,,0.295535,0.142422,-1.772254,1.328369,off,none,0.415645,0,0,0,cruise
252.750000,0.000933,,0.242650,0.146867,-1.744749,1.351163,off,none,0.412381,0,0,0,cruise
252.800000,0.001103,,0.260278,0.156057,-1.728205,1.386410,off,none,0.364038,0,0,0,cruise
252.850000,0.000452,,0.224043,0.086476,-1.700305,1.462403,off,none,0.375179,0,0,0,cruise
252.900000,0.000032,,0.274887,0.095489,-1.667712,1.468212,off,none,0.387128,0,0,0,cruise
252.950000,0.000277,,0.212146,0.088821,-1.649288,1.493226,off,none,0.352954,0,0,0,cruise
253.000000,-0.000741,,0.230423,0.077476,-1.648100,1.511603,off,none,0.326316,0,0,0,cruise
253.050000,-0.001255,,0.312911,0.152763,-1.688988,1.546941,off,none,0.389072,0,0,0,cruise
253.100000,-0.001517,,0.286332,0.113300,-1.670075,1.538935,off,none,0.398625,0,0,0,cruise
253.150000,-0.002156,,0.347559,0.176944,-1.677971,1.566716,off,none,0.367706,0,0,0,cruise
253.200000,-0.002455,,0.331343,0.154146,-1.659191,1.578415,off,none,0.376986,0,0,0,cruise
253.250000,-0.003825,,0.266756,0.127392,-1.627692,1.620818,off,none,0.396970,0,0,0,cruise
253.300000,-0.003659,,0.215620,0.132400,-1.601499,1.650668,off,none,0.402480,0,0,0,cruise
253.350000,-0.004428,,0.158220,0.074058,-1.591537,1.648722,off,none,0.414542,0,0,0,cruise
253.400000,-0.005235,,0.091346,0.061848,-1.733196,1.638331,off,none,0.423391,0,0,0,cruise
253.450000,-0.005410,,0.094004,0.061355,-1.786397,1.627416,off,none,0.364891,0,0,0,cruise
253.500000,-0.005288,,0.087255,0.066757,-1.840766,1.659663,off,none,0.248060,0,0,0,cruise
253.550000,-0.005863,,0.050461,0.036316,-1.944316,1.640630,off,none,0.289045,0,0,0,cruise
253.600000,-0.006740,,0.051839,0.034207,-2.039787,1.659203,off,none,0.323192,0,0,0,cruise
253.650000,-0.008317,,0.046365,0.027770,-2.071404,1.694002,off,none,0.356241,0,0,0,cruise
253.700000,-0.008666,,0.044205,0.022807,-1.947142,1.705573,off,none,0.391497,0,0,0,cruise
253.750000,-0.008907,,0.045368,0.020080,-1.910281,1.688072,off,none,0.411528,0,0,0,cruise
253.800000,-0.009295,,0.040394,0.018365,-1.950593,1.672127,off,none,0.444601,0,0,0,cruise
253.850000,-0.010137,,0.044129,0.018317,-1.955130,1.655898,off,none,0.408204,0,0,0,cruise
253.900000,-0.011186,,0.048309,0.019997,-1.877586,1.660071,off,none,0.422245,0,0,0,cruise
253.950000,-0.010768,,0.049203,0.022180,-1.961349,1.683775,off,none,0.427181,0,0,0,cruise
254.000000,-0.011458,,0.063013,0.026756,-1.962134,1.695638,off,none,0.462609,0,0,0,cruise
254.050000,-0.012440,,0.057428,0.024541,-1.906448,1.713183,off,none,0.453501,0,0,0,cruise
254.100000,-0.013744,,0.066177,0.026966,-1.803059,1.699303,off,none,0.418866,0,0,0,cruise
254.150000,-0.013303,,0.061460,0.021515,-1.704881,1.692721,off,none,0.412020,0,0,0,cruise
254.200000,-0.014381,,0.055672,0.019783,-1.654300,1.660798,off,none,0.408678,0,0,0,cruise
254.250000,-0.015161,,0.069881,0.024568,-1.567948,1.648995,off,none,0.450435,0,0,0,cruise
254.300000,-0.015687,,0.076984,0.030657,-1.599315,1.644976,off,none,0.446785,0,0,0,cruise
254.350000,-0.016704,,0.062861,0.022401,-1.540441,1.650816,off,none,0.484474,0,0,0,cruise
254.400000,-0.016561,,0.057021,0.020699,-1.572445,1.629703,off,none,0.497152,0,0,0,cruise
254.450000,-0.016264,,0.058550,0.021146,-1.567983,1.636130,off,none,0.541415,0,0,0,cruise
254.500000,-0.016468,,0.072428,0.023482,-1.546648,1.629633,off,none,0.523506,0,0,0,cruise
254.550000,-0.018495,,0.065776,0.023451,-1.587576,1.634772,off,none,0.561563,0,0,0,cruise
254.600000,-0.018271,,0.046774,0.016906,-1.692351,1.632937,off,none,0.573279,0,0,0,cruise
254.650000,-0.017947,,0.053935,0.020489,-1.706264,1.618129,off,none,0.572563,0,0,0,cruise
254.700000,-0.017778,,0.058196,0.022539,-1.733892,1.599079,off,none,0.584009,0,0,0,cruise
254.750000,-0.019170,,0.066806,0.025049,-1.664492,1.619113,off,none,0.545303,0,0,0,cruise
254.800000,-0.019505,,0.062608,0.023719,-1.662715,1.595505,off,none,0.525139,0,0,0,cruise
254.850000,-0.019066,,0.063950,0.025655,-1.637910,1.589387,off,none,0.489576,0,0,0,cruise
254.900000,-0.018224,,0.053811,0.021650,-1.680324,1.584408,off,none,0.520651,0,0,0,cruise
254.950000,-0.019024,,0.064075,0.026167,-1.666261,1.590502,off,none,0.538545,0,0,0,cruise
255.000000,-0.019882,,0.075703,0.029319,-1.551733,1.602919,off,none,0.554131,0,0,0,cruise
255.050000,-0.020824,,0.072856,0.029896,-1.670154,1.570756,off,none,0.563054,0,0,0,cruise
255.100000,-0.021483,,0.076290,0.031862,-1.677045,1.546543,off,none,0.579999,0,0,0,cruise
255.150000,-0.021248,,0.076402,0.032916,-1.675572,1.526870,off,none,0.557850,0,0,0,cruise
255.200000,-0.021669,,0.085404,0.037099,-1.634238,1.549530,off,none,0.550176,0,0,0,cruise
255.250000,-0.020465,,0.085899,0.033020,-1.624664,1.551547,off,none,0.573762,0,0,0,cruise
255.300000,-0.020921,,0.072596,0.029273,-1.650009,1.550607,off,none,0.600323,0,0,0,cruise
255.350000,-0.020447,,0.067430,0.025398,-1.674470,1.549336,off,none,0.630735,0,0,0,cruise
255.400000,-0.019861,,0.063502,0.023847,-1.601350,1.537192,off,none,0.555322,0,0,0,cruise
255.450000,-0.020829,,0.076044,0.029365,-1.628137,1.541583,off,none,0.644331,0,0,0,cruise
255.500000,-0.020969,,0.089546,0.033043,-1.575043,1.530408,off,none,0.621863,0,0,0,cruise
255.550000,-0.021171,,0.082903,0.035177,-1.555137,1.527362,off,none,0.638464,0,0,0,cruise
255.600000,-0.020506,,0.084362,0.032886,-1.527979,1.527219,off,none,0.640848,0,0,0,cruise
255.650000,-0.019618,,0.078387,0.024943,-1.537855,1.539260,off,none,0.627915,0,0,0,cruise
255.700000,-0.019927,,0.085720,0.023320,-1.444133,1.554796,off,none,0.726725,0,0,0,cruise
255.750000,-0.021038,,0.116686,0.032923,-1.422670,1.524148,off,none,0.759721,0,0,0,cruise
255.800000,-0.019987,,0.090336,0.025569,-1.425705,1.530995,off,none,0.746750,0,0,0,cruise
255.850000,-0.018581,,0.079381,0.027506,-1.484682,1.551690,off,none,0.785767,0,0,0,cruise
255.900000,-0.019212,,0.074148,0.026278,-1.423952,1.607424,off,none,0.769463,0,0,0,cruise
255.950000,-0.019058,,0.073692,0.023881,-1.422454,1.611387,off,none,0.676459,0,0,0,cruise
256.000000,-0.019573,,0.068039,0.023072,-1.406493,1.644988,off,none,0.703833,0,0,0,cruise
256.050000,-0.020186,,0.082908,0.022036,-1.402422,1.655414,off,none,0.725708,0,0,0,cruise
256.100000,-0.019604,,0.074251,0.019932,-1.415897,1.653187,off,none,0.772879,0,0,0,cruise
256.150000,-0.019490,,0.078659,0.023569,-1.420503,1.651013,off,none,0.795432,0,0,0,cruise
256.200000,-0.019735,,0.069053,0.022562,-1.482781,1.633944,off,none,0.858600,0,0,0,cruise
256.250000,-0.020946,,0.089093,0.023650,-1.419063,1.637558,off,none,0.844726,0,0,0,cruise
256.300000,-0.020470,,0.080550,0.030200,-1.512442,1.628473,off,none,0.810713,0,0,0,cruise
256.350000,-0.018286,,0.072532,0.027990,-1.543981,1.610595,off,none,0.821439,0,0,0,cruise
256.400000,-0.018164,,0.076605,0.031211,-1.551743,1.607995,off,none,0.846685,0,0,0,cruise
256.450000,-0.018924,,0.088674,0.035350,-1.622239,1.569106,off,none,0.788552,0,0,0,cruise
256.500000,-0.019805,,0.083866,0.029256,-1.617433,1.558923,off,none,0.807522,0,0,0,cruise
256.550000,-0.018594,,0.080094,0.026945,-1.524460,1.614465,off,none,0.825864,0,0,0,cruise
256.600000,-0.017371,,0.091338,0.029543,-1.484164,1.637806,off,none,0.862513,0,0,0,cruise
256.650000,-0.016042,,0.085387,0.028689,-1.439865,1.670839,off,none,0.846044,0,0,0,cruise
256.700000,-0.017409,,0.095188,0.031269,-1.470472,1.642559,off,none,0.816189,0,0,0,cruise
256.750000,-0.018097,,0.097715,0.028035,-1.461934,1.636276,off,none,0.834974,0,0,0,cruise
256.800000,-0.017090,,0.085915,0.022200,-1.413750,1.668108,off,none,0.844496,0,0,0,cruise
256.850000,-0.016960,,0.101170,0.021968,-1.313416,1.697972,off,none,0.884374,0,0,0,cruise
256.900000,-0.015931,,0.081429,0.019928,-1.339079,1.714456,off,none,0.884575,0,0,0,cruise
256.950000,-0.015840,,0.087096,0.018576,-1.314717,1.709765,off,none,0.888560,0,0,0,cruise
257.000000,-0.015283,,0.080163,0.014779,-1.318932,1.766755,off,none,0.891539,0,0,0,cruise
257.050000,-0.015841,,0.082010,0.017090,-1.280859,1.801206,off,none,0.889531,0,0,0,cruise
257.100000,-0.015278,,0.074070,0.016473,-1.209327,1.871482,off,none,0.931756,0,0,0,cruise
257.150000,-0.015860,,0.067447,0.017378,-1.163098,1.929801,off,none,0.915270,0,0,0,cruise
257.200000,-0.016061,,0.075601,0.018383,-1.177702,1.940213,off,none,0.854611,0,0,0,cruise
257.250000,-0.016309,,0.081058,0.021186,-1.217695,1.952155,off,none,0.874517,0,0,0,cruise
257.300000,-0.016149,,0.088126,0.022277,-1.233581,1.920189,off,none,0.896336,0,0,0,cruise
257.350000,-0.015644,,0.101753,0.022076,-1.237663,1.928673,off,none,0.901062,0,0,0,cruise
257.400000,-0.014994,,0.117527,0.024770,-1.285347,1.931852,off,none,0.901650,0,0,0,cruise
257.450000,-0.015447,,0.128679,0.022861,-1.251203,2.021348,off,none,0.943757,0,0,0,cruise
257.500000,-0.016075,,0.136336,0.024478,-1.176130,2.042365,off,none,0.950042,0,0,0,cruise
257.550000,-0.016114,,0.134269,0.028445,-1.107678,2.054785,off,none,0.906579,0,0,0,cruise
257.600000,-0.014954,,0.143478,0.033643,-1.113891,2.018128,off,none,0.941229,0,0,0,cruise
257.650000,-0.015320,,0.128128,0.032392,-1.044045,2.064599,off,none,0.952952,0,0,0,cruise
257.700000,-0.014560,,0.145939,0.033211,-1.090731,1.977327,off,none,0.926442,0,0,0,cruise
257.750000,-0.014277,,0.169920,0.039049,-1.084634,1.964992,off,none,0.923085,0,0,0,cruise
257.800000,-0.014128,,0.173641,0.046133,-1.114374,1.933285,off,none,0.921297,0,0,0,cruise
257.850000,-0.014216,,0.184201,0.058482,-1.062258,1.957568,off,none,0.935493,0,0,0,cruise
257.900000,-0.014781,,0.181757,0.056698,-0.993770,1.973200,off,none,0.904538,0,0,0,cruise
257.950000,-0.014355,,0.204557,0.063491,-1.041323,1.948853,off,none,0.892083,0,0,0,cruise
258.000000,-0.014230,,0.217158,0.067004,-1.068466,1.942712,off,none,0.937265,0,0,0,cruise
258.050000,-0.014878,,0.138995,0.061362,-0.973511,1.992554,off,none,0.962834,0,0,0,cruise
258.100000,-0.014646,,0.132126,0.061731,-0.995938,1.973090,off,none,0.999593,0,0,0,cruise
258.150000,-0.015610,,0.132023,0.067016,-1.007430,1.972701,off,none,0.923761,0,0,0,cruise
258.200000,-0.015132,,0.134968,0.067052,-0.998939,1.961414,off,none,0.868337,0,0,0,cruise
258.250000,-0.014186,,0.171160,0.087096,-1.017291,1.943506,off,none,0.915205,0,0,0,cruise
258.300000,-0.013436,,0.190039,0.105175,-0.967040,1.988894,off,none,0.983064,0,0,0,cruise
258.350000,-0.013466,,0.206288,0.126410,-0.959289,1.993491,off,none,0.983279,0,0,0,cruise
258.400000,-0.013885,,0.201634,0.120658,-0.892122,2.001856,off,none,0.897362,0,0,0,cruise
258.450000,-0.014445,,0.233995,0.132092,-0.913323,1.980366,off,none,0.875351,0,0,0,cruise
258.500000,-0.012323,,0.272054,0.170278,-0.967111,1.960168,off,none,0.923346,0,0,0,cruise
258.550000,-0.011977,,0.266122,0.163816,-0.934962,1.960647,off,none,0.979877,0,0,0,cruise
258.600000,-0.012150,,0.312360,0.198079,-1.016725,1.919633,off,none,1.012464,0,0,0,cruise
258.650000,-0.012075,,0.312327,0.173527,-1.032696,1.918575,off,none,0.873831,0,0,0,cruise
258.700000,-0.011499,,0.321705,0.165240,-1.063109,1.902896,off,none,0.879071,0,0,0,cruise
258.750000,-0.011137,,0.330497,0.135889,-1.104081,1.871101,off,none,0.893924,0,0,0,cruise
258.800000,-0.011509,,0.325015,0.126299,-1.122556,1.853761,off,none,0.904859,0,0,0,cruise
258.850000,-0.011973,,0.286103,0.112345,-1.126867,1.832630,off,none,0.895713,0,0,0,cruise
258.900000,-0.011876,,0.280702,0.107083,-1.156932,1.811180,off,none,0.747799,0,0,0,cruise
258.950000,-0.010931,,0.299439,0.100130,-1.174037,1.816757,off,none,0.751353,0,0,0,cruise
259.000000,-0.010116,,0.345529,0.108754,-1.173952,1.796540,off,none,0.760973,0,0,0,cruise
259.050000,-0.009194,,0.347994,0.113913,-1.152586,1.795233,off,none,0.764065,0,0,0,cruise
259.100000,-0.008513,,0.332534,0.105116,-1.124856,1.783912,off,none,0.785071,0,0,0,cruise
259.150000,-0.008009,,0.315050,0.115027,-1.105365,1.784650,off,none,0.692135,0,0,0,cruise
259.200000,-0.007503,,0.308620,0.095139,-1.118979,1.774626,off,none,0.734031,0,0,0,cruise
259.250000,-0.007368,,0.323711,0.088106,-1.136138,1.774920,off,none,0.789233,0,0,0,cruise
259.300000,-0.007226,,0.323989,0.084987,-1.164550,1.746790,off,none,0.779430,0,0,0,cruise
259.350000,-0.006192,,0.319967,0.089103,-1.190428,1.748640,off,none,0.765596,0,0,0,cruise
259.400000,-0.006257,,0.306443,0.088419,-1.173249,1.736394,off,none,0.715610,0,0,0,cruise
259.450000,-0.005674,,0.333694,0.091487,-1.210155,1.707413,off,none,0.679043,0,0,0,cruise
259.500000,-0.003664,,0.409343,0.111014,-1.320274,1.691361,off,none,0.703312,0,0,0,cruise
259.550000,-0.003256,,0.319473,0.101208,-1.312657,1.685197,off,none,0.674608,0,0,0,cruise
259.600000,-0.003495,,0.269605,0.088471,-1.273139,1.687799,off,none,0.691081,0,0,0,cruise
259.650000,-0.003151,,0.292659,0.100776,-1.302307,1.663726,off,none,0.706668,0,0,0,cruise
259.700000,-0.003278,,0.289635,0.110481,-1.311586,1.644321,off,none,0.674485,0,0,0,cruise
259.750000,-0.001910,,0.361191,0.123834,-1.377645,1.610095,off,none,0.664654,0,0,0,cruise
259.800000,-0.001224,,0.339370,0.096877,-1.388901,1.588990,off,none,0.647358,0,0,0,cruise
259.850000,-0.000924,,0.331639,0.084620,-1.428479,1.544842,off,none,0.703260,0,0,0,cruise
259.900000,0.000160,,0.328280,0.084210,-1.451830,1.530041,off,none,0.672816,0,0,0,cruise
259.950000,0.000468,,0.351005,0.102953,-1.468692,1.532269,off,none,0.689413,0,0,0,cruise
260.000000,0.001133,,0.353597,0.092493,-1.496129,1.537628,off,none,0.754970,0,0,0,cruise
260.050000,0.001845,,0.388619,0.091141,-1.543374,1.492991,off,none,0.739109,0,0,0,cruise
260.100000,0.002351,,0.379696,0.093256,-1.536318,1.507135,off,none,0.701864,0,0,0,cruise
260.150000,0.002462,,0.397041,0.100745,-1.547801,1.507925,off,none,0.692803,0,0,0,cruise
260.200000,0.003062,,0.432203,0.111072,-1.568130,1.500742,off,none,0.705464,0,0,0,cruise
260.250000,0.003538,,0.426521,0.105127,-1.604269,1.495906,off,none,0.716546,0,0,0,cruise
260.300000,0.004033,,0.376595,0.104964,-1.586370,1.480470,off,none,0.706817,0,0,0,cruise
260.350000,0.004829,,0.382959,0.107035,-1.605131,1.476071,off,none,0.739318,0,0,0,cruise
260.400000,0.005168,,0.367254,0.106821,-1.641197,1.465160,off,none,0.709939,0,0,0,cruise
260.450000,0.006073,,0.352629,0.120215,-1.662543,1.447533,off,none,0.740969,0,0,0,cruise
260.500000,0.006924,,0.338198,0.131064,-1.672759,1.452366,off,none,0.767620,0,0,0,cruise
260.550000,0.007338,,0.383658,0.140279,-1.684831,1.442910,off,none,0.759028,0,0,0,cruise
260.600000,0.006234,,0.385834,0.144358,-1.684955,1.461141,off,none,0.800714,0,0,0,cruise
260.650000,0.006391,,0.378300,0.132501,-1.645749,1.424896,off,none,0.773716,0,0,0,cruise
260.700000,0.007078,,0.355144,0.120649,-1.667572,1.417804,off,none,0.749547,0,0,0,cruise
260.750000,0.007844,,0.384668,0.118633,-1.669909,1.436925,off,none,0.766309,0,0,0,cruise
260.800000,0.008416,,0.414920,0.154635,-1.681932,1.419363,off,none,0.731551,0,0,0,cruise
260.850000,0.009272,,0.396683,0.157210,-1.714902,1.428120,off,none,0.694683,0,0,0,cruise
260.900000,0.009169,,0.359550,0.151121,-1.698582,1.438600,off,none,0.688059,0,0,0,cruise
260.950000,0.009695,,0.370676,0.177072,-1.704715,1.441063,off,none,0.651577,0,0,0,cruise
261.000000,0.010805,,0.363547,0.188105,-1.706253,1.443814,off,none,0.662252,0,0,0,cruise
261.050000,0.012123,,0.363400,0.175247,-1.729606,1.437867,off,none,0.687684,0,0,0,cruise
261.100000,0.012435,,0.283350,0.158588,-1.764202,1.439082,off,none,0.658062,0,0,0,cruise
261.150000,0.012668,,0.196726,0.147884,-1.865279,1.398296,off,none,0.689805,0,0,0,cruise
261.200000,0.014408,,0.144265,0.136160,-1.953102,1.412691,off,none,0.649035,0,0,0,cruise
261.250000,0.014279,,0.118428,0.131414,-2.158113,1.388105,off,none,0.665481,0,0,0,cruise
261.300000,0.014965,,0.111275,0.096386,-1.983428,1.365468,off,none,0.706439,0,0,0,cruise
261.350000,0.015255,,0.092498,0.088237,-2.130722,1.350060,off,none,0.632022,0,0,0,cruise
261.400000,0.014048,,0.108897,0.096839,-2.146644,1.356557,off,none,0.702173,0,0,0,cruise
261.450000,0.015119,,0.104051,0.084702,-2.087751,1.380803,off,none,0.679034,0,0,0,cruise
261.500000,0.016416,,0.083969,0.067151,-2.107470,1.396429,off,none,0.694914,0,0,0,cruise
261.550000,0.016617,,0.084447,0.075204,-2.144279,1.395810,off,none,0.704924,0,0,0,cruise
261.600000,0.016969,,0.083674,0.080959,-2.216312,1.412200,off,none,0.735634,0,0,0,cruise
261.650000,0.016221,,0.080044,0.084851,-2.371579,1.417624,off,none,0.769458,0,0,0,cruise
261.700000,0.016242,,0.093286,0.079197,-2.240316,1.407255,off,none,0.783662,0,0,0,cruise
261.750000,0.016747,,0.098198,0.089964,-2.314521,1.363803,off,none,0.797901,0,0,0,cruise
261.800000,0.018385,,0.097268,0.111877,-2.524656,1.354342,off,none,0.813571,0,0,0,cruise
261.850000,0.018310,,0.096552,0.116555,-2.567704,1.412912,off,none,0.804991,0,0,0,cruise
261.900000,0.017715,,0.087313,0.114578,-2.601474,1.488342,off,none,0.805390,0,0,0,cruise
261.950000,0.019396,,0.077904,0.149136,-2.823510,1.446722,off,none,0.820072,0,0,0,cruise
262.000000,0.019631,,0.090389,0.156708,-2.766314,1.355258,off,none,0.800909,0,0,0,cruise
262.050000,0.021102,,0.103430,0.153205,-2.694106,1.326323,off,none,0.826514,0,0,0,cruise
262.100000,0.022098,,0.105878,0.134691,-2.601368,1.297996,off,none,0.869590,0,0,0,cruise
262.150000,0.020512,,0.112713,0.108374,-2.371090,1.305300,off,none,0.856721,0,0,0,cruise
262.200000,0.020459,,0.148090,0.121506,-1.991139,1.361418,off,none,0.838534,0,0,0,cruise
262.250000,0.020218,,0.108609,0.088208,-2.005888,1.345207,off,none,0.833053,0,0,0,cruise
262.300000,0.021050,,0.127721,0.097089,-1.717707,1.423047,off,none,0.862999,0,0,0,cruise
262.350000,0.019702,,0.144973,0.111507,-1.731940,1.387973,off,none,0.898262,0,0,0,cruise
262.400000,0.018419,,0.163661,0.121939,-1.704949,1.385025,off,none,0.898595,0,0,0,cruise
262.450000,0.018453,,0.198931,0.161334,-1.674134,1.358821,off,none,0.856350,0,0,0,cruise
262.500000,0.018658,,0.194936,0.182607,-1.691445,1.356682,off,none,0.827033,0,0,0,cruise
262.550000,0.018975,,0.190829,0.210982,-1.709509,1.327639,off,none,0.827654,0,0,0,cruise
262.600000,0.019924,,0.189318,0.201152,-1.764683,1.266561,off,none,0.838428,0,0,0,cruise
262.650000,0.020671,,0.200434,0.202542,-1.741050,1.259474,off,none,0.896939,0,0,0,cruise
262.700000,0.020832,,0.230172,0.230639,-1.732234,1.306184,off,none,0.846145,0,0,0,cruise
262.750000,0.021330,,0.232346,0.266147,-1.753474,1.288116,off,none,0.807101,0,0,0,cruise
262.800000,0.021167,,0.196968,0.287049,-1.870090,1.257480,off,none,0.780127,0,0,0,cruise
262.850000,0.019720,,0.127255,0.268010,-2.467371,1.132909,off,none,0.782948,0,0,0,cruise
262.900000,0.019478,,0.095055,0.313707,-3.124198,1.074113,off,none,0.786320,0,0,0,cruise
262.950000,0.019073,,0.101802,0.361305,-3.120059,1.062164,off,none,0.760474,0,0,0,cruise
263.000000,0.018876,,0.099446,0.335928,-2.888965,1.031271,off,none,0.731739,0,0,0,cruise
263.050000,0.020596,,0.099197,0.304008,-2.861136,1.027018,off,none,0.731859,0,0,0,cruise
263.100000,0.019685,,0.082842,0.235676,-2.979097,0.995564,off,none,0.749950,0,0,0,cruise
263.150000,0.019330,,0.076925,0.226088,-2.967981,0.988230,off,none,0.766178,0,0,0,cruise
263.200000,0.019607,,0.084685,0.251448,-2.916515,1.011863,off,none,0.761791,0,0,0,cruise
263.250000,0.019104,,0.075507,0.250713,-2.890973,1.051192,off,none,0.803084,0,0,0,cruise
263.300000,0.019873,,0.078167,0.248938,-2.802359,1.068166,off,none,0.729810,0,0,0,cruise
263.350000,0.019630,,0.092755,0.271932,-2.890261,1.042438,off,none,0.710146,0,0,0,cruise
263.400000,0.019150,,0.110922,0.348182,-2.852358,1.064171,off,none,0.675598,0,0,0,cruise
263.450000,0.018670,,0.101159,0.293916,-2.806969,1.085903,off,none,0.651150,0,0,0,cruise
263.500000,0.019323,,0.081590,0.255873,-2.644984,1.117354,off,none,0.669048,0,0,0,cruise
263.550000,0.019691,,0.086771,0.288714,-2.713144,1.123220,off,none,0.676544,0,0,0,cruise
263.600000,0.019735,,0.110420,0.355101,-2.782211,1.123553,off,none,0.655861,0,0,0,cruise
263.650000,0.018270,,0.115706,0.379635,-2.759476,1.140225,off,none,0.661311,0,0,0,cruise
263.700000,0.017568,,0.116768,0.357868,-2.673484,1.120528,off,none,0.656828,0,0,0,cruise
263.750000,0.016959,,0.118793,0.341436,-2.566316,1.099298,off,none,0.691445,0,0,0,cruise
263.800000,0.016873,,0.121265,0.318958,-2.522945,1.104042,off,none,0.683306,0,0,0,cruise
263.850000,0.016553,,0.130994,0.331359,-2.528077,1.122059,off,none,0.632101,0,0,0,cruise
263.900000,0.015563,,0.146536,0.368317,-2.516076,1.082173,off,none,0.633919,0,0,0,cruise
263.950000,0.015687,,0.160237,0.340900,-2.243589,1.083281,off,none,0.653400,0,0,0,cruise
264.000000,0.014636,,0.165939,0.382106,-2.265628,1.058298,off,none,0.635734,0,0,0,cruise
264.050000,0.015118,,0.197238,0.379152,-2.031547,1.099837,off,none,0.644109,0,0,0,cruise
264.100000,0.015338,,0.195644,0.377707,-2.066947,1.098972,off,none,0.674882,0,0,0,cruise
264.150000,0.013464,,0.211302,0.406919,-2.108005,1.077753,off,none,0.661501,0,0,0,cruise
264.200000,0.012824,,0.211079,0.432949,-2.211187,1.077898,off,none,0.634808,0,0,0,cruise
264.250000,0.012243,,0.182603,0.365183,-2.220139,1.032813,off,none,0.639831,0,0,0,cruise
264.300000,0.011993,,0.181921,0.360415,-2.211397,0.984215,off,none,0.629196,0,0,0,cruise
264.350000,0.010906,,0.181229,0.338957,-2.198905,1.018615,off,none,0.606761,0,0,0,cruise
264.400000,0.009848,,0.177115,0.328015,-2.282746,1.023338,off,none,0.583735,0,0,0,cruise
264.450000,0.009051,,0.186753,0.381281,-2.297698,0.965210,off,none,0.579085,0,0,0,cruise
264.500000,0.008613,,0.195280,0.383032,-2.277665,0.899015,off,none,0.593773,0,0,0,cruise
264.550000,0.007988,,0.199925,0.407077,-2.397325,0.906896,off,none,0.582230,0,0,0,cruise
264.600000,0.007989,,0.217863,0.442228,-2.421410,0.891681,off,none,0.533558,0,0,0,cruise
264.650000,0.008031,,0.222661,0.442388,-2.242967,0.902844,off,none,0.507926,0,0,0,cruise
264.700000,0.007415,,0.194210,0.400162,-2.410086,0.904246,off,none,0.467526,0,0,0,cruise
264.750000,0.006927,,0.207114,0.445019,-2.555769,0.914035,off,none,0.425842,0,0,0,cruise
264.800000,0.007152,,0.269407,0.567460,-2.596240,0.915844,off,none,0.437259,0,0,0,cruise
264.850000,0.006689,,0.242130,0.510303,-2.620311,0.947499,off,none,0.441499,0,0,0,cruise
264.900000,0.006046,,0.231455,0.472441,-2.711860,0.949575,off,none,0.433980,0,0,0,cruise
264.950000,0.005436,,0.244685,0.447507,-2.690515,0.956240,off,none,0.445360,0,0,0,cruise
265.000000,0.004910,,0.228696,0.381376,-2.584995,0.971056,off,none,0.459871,0,0,0,cruise
265.050000,0.004233,,0.237791,0.395654,-2.455764,0.977138,off,none,0.509162,0,0,0,cruise
265.100000,0.004049,,0.227991,0.323409,-2.389059,1.006986,off,none,0.494602,0,0,0,cruise
265.150000,0.002885,,0.238399,0.314828,-2.337597,1.066544,off,none,0.493453,0,0,0,cruise
265.200000,0.002879,,0.232828,0.164056,-2.346480,1.172967,off,none,0.502820,0,0,0,cruise
265.250000,0.003284,,0.228678,0.155598,-2.352922,1.202384,off,none,0.518903,0,0,0,cruise
265.300000,0.003580,,0.222774,0.167564,-2.353935,1.202579,off,none,0.459237,0,0,0,cruise
265.350000,0.002688,,0.264004,0.196889,-2.263552,1.197423,off,none,0.490125,0,0,0,cruise
265.400000,0.002126,,0.246943,0.164512,-2.225249,1.214271,off,none,0.524484,0,0,0,cruise
265.450000,0.002413,,0.226548,0.129583,-2.194355,1.228957,off,none,0.522186,0,0,0,cruise
265.500000,0.002157,,0.249673,0.173436,-2.216763,1.245426,off,none,0.507463,0,0,0,cruise
265.550000,0.002341,,0.265953,0.177016,-2.156900,1.218532,off,none,0.523380,0,0,0,cruise
265.600000,0.002399,,0.234349,0.142882,-2.098071,1.234355,off,none,0.524513,0,0,0,cruise
265.650000,0.001582,,0.229395,0.141857,-2.041773,1.282593,off,none,0.481044,0,0,0,cruise
265.700000,0.001698,,0.252429,0.135772,-2.084550,1.265457,off,none,0.431461,0,0,0,cruise
265.750000,0.001906,,0.212655,0.098382,-2.089659,1.245836,off,none,0.381834,0,0,0,cruise
265.800000,0.001473,,0.211672,0.084389,-2.091512,1.283564,off,none,0.343878,0,0,0,cruise
265.850000,0.001589,,0.186343,0.072163,-2.057465,1.295230,off,none,0.381226,0,0,0,cruise
265.900000,0.001904,,0.196497,0.082677,-2.061991,1.265003,off,none,0.331124,0,0,0,cruise
265.950000,0.001282,,0.187222,0.070908,-2.076268,1.260320,off,none,0.281164,0,0,0,cruise
266.000000,0.001988,,0.205510,0.076631,-2.052917,1.285974,off,none,0.232074,0,0,0,cruise
266.050000,0.001912,,0.200832,0.087875,-2.021083,1.286676,off,none,0.181859,0,0,0,cruise
266.100000,0.001642,,0.161510,0.094918,-2.007139,1.291051,off,none,0.131384,0,0,0,cruise
266.150000,0.001045,,0.159686,0.101496,-2.024110,1.264674,off,none,0.082601,0,0,0,cruise
266.200000,0.000269,,0.191836,0.122513,-1.996553,1.227629,off,none,0.030000,0,0,0,cruise
266.250000,-0.000232,,0.210413,0.140605,-2.011789,1.291140,off,none,-0.017308,0,0,0,cruise
266.300000,-0.000044,,0.205998,0.139400,-2.054238,1.311384,off,none,-0.067401,0,0,0,cruise
266.350000,0.001322,,0.216139,0.149504,-2.017571,1.391117,off,none,-0.119018,0,0,0,cruise
266.400000,0.001418,,0.168889,0.099478,-1.996769,1.395924,off,none,-0.168560,0,0,0,cruise
266.450000,0.001281,,0.161882,0.094957,-2.009273,1.392411,off,none,-0.217627,0,0,0,cruise
266.500000,0.001854,,0.152048,0.080388,-1.992092,1.428288,off,none,-0.269023,0,0,0,cruise
266.550000,0.001926,,0.147406,0.077199,-2.033097,1.464458,off,none,-0.319000,0,0,0,cruise
266.600000,0.002600,,0.144629,0.076313,-2.027188,1.389816,off,none,-0.368995,0,0,0,cruise
266.650000,0.003234,,0.133371,0.089701,-2.007132,1.389388,off,none,-0.410976,0,0,0,cruise
266.700000,0.002248,,0.112493,0.078179,-1.996765,1.369620,off,none,-0.406043,0,0,0,cruise
266.750000,0.000834,,0.099423,0.071546,-2.031815,1.344180,off,none,-0.401030,0,0,0,cruise
266.800000,0.001028,,0.109534,0.087635,-2.065493,1.363862,off,none,-0.391506,0,0,0,cruise
266.850000,0.002014,,0.115399,0.096093,-2.083275,1.389505,off,none,-0.340788,0,0,0,cruise
266.900000,0.002065,,0.117898,0.092911,-2.086743,1.409486,off,none,-0.292059,0,0,0,cruise
266.950000,0.002174,,0.133720,0.095234,-2.093939,1.416460,off,none,-0.239819,0,0,0,cruise
267.000000,0.002178,,0.125997,0.089217,-2.075851,1.439772,off,none,-0.191523,0,0,0,cruise
267.050000,0.003371,,0.134071,0.095372,-2.102085,1.463714,off,none,-0.139837,0,0,0,cruise
267.100000,0.004484,,0.141400,0.094048,-2.118899,1.461235,off,none,-0.089723,0,0,0,cruise
267.150000,0.004666,,0.114351,0.066988,-2.099497,1.502446,off,none,-0.040061,0,0,0,cruise
267.200000,0.005189,,0.104222,0.048803,-2.058724,1.525422,off,none,0.009345,0,0,0,cruise
267.250000,0.005551,,0.094038,0.041815,-2.032300,1.523118,off,none,0.060009,0,0,0,cruise
267.300000,0.005249,,0.098684,0.043129,-2.055266,1.541799,off,none,0.110049,0,0,0,cruise
267.350000,0.005799,,0.094066,0.040298,-2.016813,1.551462,off,none,0.160167,0,0,0,cruise
267.400000,0.005513,,0.095206,0.045814,-2.010954,1.585191,off,none,0.209642,0,0,0,cruise
267.450000,0.004557,,0.111897,0.046256,-2.081096,1.549884,off,none,0.253058,0,0,0,cruise
267.500000,0.005365,,0.109874,0.041612,-2.085615,1.520898,off,none,0.270116,0,0,0,cruise
267.550000,0.005055,,0.098567,0.035014,-2.041181,1.546115,off,none,0.229051,0,0,0,cruise
267.600000,0.005047,,0.100343,0.041634,-2.055893,1.567908,off,none,0.231510,0,0,0,cruise
267.650000,0.005020,,0.088088,0.035225,-2.013086,1.578040,off,none,0.267318,0,0,0,cruise
267.700000,0.004111,,0.090339,0.038160,-2.083921,1.557206,off,none,0.353088,0,0,0,cruise
267.750000,0.003633,,0.085840,0.036528,-2.087773,1.567686,off,none,0.410860,0,0,0,cruise
267.800000,0.004551,,0.074253,0.032505,-2.073897,1.560256,off,none,0.391188,0,0,0,cruise
267.850000,0.007847,,0.064004,0.030544,-2.048822,1.515066,off,none,0.510796,0,0,0,cruise
267.900000,0.007905,,0.060636,0.030334,-2.018330,1.492584,off,none,0.551938,0,0,0,cruise
267.950000,0.004442,,0.064746,0.029836,-2.061986,1.501308,off,none,0.480457,0,0,0,cruise
268.000000,0.004599,,0.064448,0.026792,-2.056528,1.504826,off,none,0.373104,0,0,0,cruise
268.050000,0.005732,,0.057401,0.026077,-2.097200,1.480215,off,none,0.356973,0,0,0,cruise
268.100000,0.006590,,0.062035,0.028006,-2.116099,1.459726,off,none,0.394472,0,0,0,cruise
268.150000,0.006532,,0.055084,0.022509,-2.074288,1.481389,off,none,0.341774,0,0,0,cruise
268.200000,0.006456,,0.050004,0.014684,-2.064225,1.473232,off,none,0.272633,0,0,0,cruise
268.250000,0.007989,,0.043725,0.011357,-2.045889,1.475935,off,none,0.211175,0,0,0,cruise
268.300000,0.008731,,0.040655,0.009641,-2.010944,1.496784,off,none,0.235302,0,0,0,cruise
268.350000,0.009233,,0.036748,0.007691,-1.938329,1.527431,off,none,0.299580,0,0,0,cruise
268.400000,0.008510,,0.036623,0.006119,-1.918398,1.575321,off,none,0.375245,0,0,0,cruise
268.450000,0.007005,,0.033318,0.006235,-1.909367,1.582135,off,none,0.427142,0,0,0,cruise
268.500000,0.010696,,0.031752,0.006987,-1.858597,1.589601,off,none,0.479024,0,0,0,cruise
268.550000,0.013681,,0.025666,0.006932,-1.820978,1.598319,off,none,0.529077,0,0,0,cruise
268.600000,0.011286,,0.022037,0.006825,-1.877937,1.575060,off,none,0.560502,0,0,0,cruise
268.650000,0.007130,,0.021474,0.007336,-1.873728,1.590303,off,none,0.569085,0,0,0,cruise
268.700000,0.007253,,0.022241,0.007415,-1.852921,1.585465,off,none,0.528141,0,0,0,cruise
268.750000,0.011483,,0.019675,0.005211,-1.779231,1.572889,off,none,0.511298,0,0,0,cruise
268.800000,0.015586,,0.016007,0.004710,-1.758687,1.578913,off,none,0.485781,0,0,0,cruise
268.850000,0.009660,,0.018494,0.005683,-1.843786,1.599475,off,none,0.576954,0,0,0,cruise
268.900000,0.006150,,0.025328,0.008403,-1.947221,1.592216,off,none,0.721978,0,0,0,cruise
268.950000,0.008089,,0.027280,0.010176,-1.888777,1.549025,off,none,0.758664,0,0,0,cruise
269.000000,0.009915,,0.024089,0.010207,-1.872167,1.549025,off,none,0.606069,0,0,0,cruise
269.050000,0.010848,,0.018620,0.006001,-1.811324,1.514481,off,none,0.392898,0,0,0,cruise
269.100000,0.006481,,0.019742,0.007199,-1.825290,1.494784,off,none,0.302074,0,0,0,cruise
269.150000,0.005907,,0.019333,0.006340,-1.805893,1.565316,off,none,0.325392,0,0,0,cruise
269.200000,0.006345,,0.020134,0.005594,-1.766123,1.586863,off,none,0.350198,0,0,0,cruise
269.250000,0.005829,,0.020879,0.005596,-1.750445,1.622754,off,none,0.315021,0,0,0,cruise
269.300000,0.006404,,0.019680,0.005138,-1.757343,1.651614,off,none,0.286063,0,0,0,cruise
269.350000,0.004381,,0.024611,0.007968,-1.814718,1.646743,off,none,0.289452,0,0,0,cruise
269.400000,0.003034,,0.028448,0.011731,-1.864637,1.615914,off,none,0.344563,0,0,0,cruise
269.450000,0.002632,,0.031455,0.013718,-1.819969,1.563581,off,none,0.397845,0,0,0,cruise
269.500000,0.002858,,0.029996,0.012871,-1.842772,1.494952,off,none,0.372117,0,0,0,cruise
269.550000,0.004611,,0.026002,0.011876,-1.790402,1.491822,off,none,0.340891,0,0,0,cruise
269.600000,0.007868,,0.026033,0.013759,-1.781116,1.506299,off,none,0.381345,0,0,0,cruise
269.650000,0.011940,,0.023682,0.010721,-1.815056,1.556932,off,none,0.445276,0,0,0,cruise
269.700000,0.016185,,0.022218,0.008160,-1.869800,1.562212,off,none,0.479377,0,0,0,cruise
269.750000,0.013521,,0.024767,0.010682,-1.859343,1.529287,off,none,0.506875,0,0,0,cruise
269.800000,0.006896,,0.028667,0.014243,-1.856709,1.502341,off,none,0.543676,0,0,0,cruise
269.850000,0.002437,,0.033362,0.019261,-1.810004,1.493966,off,none,0.580673,0,0,0,cruise
269.900000,0.001780,,0.035653,0.024199,-1.808618,1.509538,off,none,0.582274,0,0,0,cruise
269.950000,0.005176,,0.032248,0.025641,-1.803288,1.519631,off,none,0.545166,0,0,0,cruise
270.000000,0.002647,,0.032602,0.028780,-1.804384,1.490685,off,none,0.517420,0,0,0,cruise
270.050000,0.002504,,0.032156,0.028073,-1.789716,1.471926,off,none,0.531867,0,0,0,cruise
270.100000,0.002403,,0.035508,0.033505,-1.762732,1.482261,off,none,0.550057,0,0,0,cruise
270.150000,0.004339,,0.034165,0.028728,-1.744507,1.513935,off,none,0.562526,0,0,0,cruise
270.200000,0.009754,,0.030967,0.018887,-1.778867,1.538774,off,none,0.567161,0,0,0,cruise
270.250000,0.011174,,0.027348,0.017519,-1.817543,1.520176,off,none,0.588243,0,0,0,cruise
270.300000,0.011617,,0.029178,0.020094,-1.791959,1.474048,off,none,0.583187,0,0,0,cruise
270.350000,0.006087,,0.033438,0.026402,-1.772751,1.454712,off,none,0.537217,0,0,0,cruise
270.400000,0.000723,,0.037837,0.030067,-1.769147,1.458745,off,none,0.578046,0,0,0,cruise
270.450000,-0.000072,,0.038126,0.030411,-1.770878,1.450554,off,none,0.581902,0,0,0,cruise
270.500000,0.001413,,0.035152,0.026620,-1.794234,1.462888,off,none,0.574466,0,0,0,cruise
270.550000,0.002957,,0.031678,0.024188,-1.780720,1.470545,off,none,0.558967,0,0,0,cruise
270.600000,0.002776,,0.036684,0.027747,-1.777756,1.443427,off,none,0.579261,0,0,0,cruise
270.650000,-0.000329,,0.046775,0.033346,-1.759619,1.417004,off,none,0.610451,0,0,0,cruise
270.700000,-0.001145,,0.044819,0.031801,-1.736280,1.429000,off,none,0.603371,0,0,0,cruise
270.750000,-0.001998,,0.044441,0.032699,-1.725245,1.413059,off,none,0.586939,0,0,0,cruise
270.800000,-0.002340,,0.042034,0.033336,-1.730753,1.413966,off,none,0.582064,0,0,0,cruise
270.850000,-0.001979,,0.046963,0.036588,-1.717600,1.427190,off,none,0.605372,0,0,0,cruise
270.900000,-0.001160,,0.041522,0.033837,-1.710305,1.434985,off,none,0.671934,0,0,0,cruise
270.950000,-0.000280,,0.035706,0.030485,-1.691609,1.427026,off,none,0.698480,0,0,0,cruise
271.000000,0.000406,,0.034653,0.029418,-1.704857,1.427992,off,none,0.669635,0,0,0,cruise
271.050000,-0.001089,,0.034815,0.028002,-1.704785,1.438103,off,none,0.682410,0,0,0,cruise
271.100000,-0.001992,,0.040512,0.029463,-1.673078,1.449279,off,none,0.713299,0,0,0,cruise
271.150000,-0.002630,,0.040833,0.029378,-1.668797,1.466040,off,none,0.734048,0,0,0,cruise
271.200000,-0.002224,,0.036212,0.026534,-1.655719,1.474030,off,none,0.704334,0,0,0,cruise
271.250000,-0.004356,,0.039758,0.028701,-1.646633,1.468482,off,none,0.700619,0,0,0,cruise
271.300000,-0.004223,,0.038055,0.026185,-1.672413,1.459270,off,none,0.693718,0,0,0,cruise
271.350000,-0.004552,,0.039786,0.024274,-1.670242,1.437005,off,none,0.693838,0,0,0,cruise
271.400000,-0.005612,,0.038704,0.027534,-1.662931,1.440023,off,none,0.712658,0,0,0,cruise
271.450000,-0.005039,,0.036715,0.022045,-1.661460,1.444372,off,none,0.736939,0,0,0,cruise
271.500000,-0.006178,,0.036503,0.023912,-1.641414,1.459789,off,none,0.748599,0,0,0,cruise
271.550000,-0.005653,,0.035300,0.025570,-1.656974,1.453937,off,none,0.860162,0,0,0,cruise
271.600000,-0.022912,,0.040066,0.029102,-1.670497,1.415037,off,none,1.597781,0,0,0,cruise
271.650000,-0.106058,,0.040808,0.028552,-1.666765,1.423618,off,none,1.600000,0,0,0,cruise
271.700000,-0.200483,,0.039894,0.024998,-1.654762,1.441902,off,none,1.600000,0,0,0,cruise
271.750000,-0.199554,,0.037421,0.024748,-1.622928,1.433417,off,none,1.557163,0,0,0,cruise
271.800000,-0.199751,,0.036865,0.024601,-1.631205,1.414873,off,none,1.177660,0,0,0,cruise
271.850000,-0.199887,,0.041430,0.026640,-1.646101,1.409078,off,none,0.890485,0,0,0,cruise
271.900000,-0.199412,,0.043723,0.029511,-1.676521,1.416471,off,none,0.935823,0,0,0,cruise
271.950000,-0.199188,,0.041797,0.026333,-1.673207,1.428002,off,none,0.937371,0,0,0,cruise
272.000000,-0.199785,,0.038637,0.023640,-1.660597,1.421938,off,none,0.920624,0,0,0,cruise
272.050000,-0.200182,,0.031350,0.020458,-1.674596,1.399862,off,none,0.901242,0,0,0,cruise
272.100000,-0.200201,,0.034744,0.021439,-1.658834,1.407234,off,none,0.886691,0,0,0,cruise
272.150000,-0.199908,,0.038304,0.025431,-1.659377,1.399905,off,none,0.878000,0,0,0,cruise
272.200000,-0.199888,,0.034986,0.023637,-1.668984,1.387823,off,none,0.874644,0,0,0,cruise
272.250000,-0.199123,,0.038997,0.025545,-1.656182,1.407551,off,none,0.874419,0,0,0,cruise
272.300000,-0.199107,,0.033686,0.023934,-1.637361,1.393565,off,none,0.875616,0,0,0,cruise
272.350000,-0.198647,,0.033887,0.025085,-1.635972,1.391394,off,none,0.877023,0,0,0,cruise
272.400000,-0.199886,,0.033050,0.024496,-1.626049,1.395282,off,none,0.878150,0,0,0,cruise
272.450000,-0.199410,,0.036688,0.027070,-1.642312,1.411516,off,none,0.878821,0,0,0,cruise
272.500000,-0.198649,,0.039334,0.028719,-1.649362,1.412355,off,none,0.879092,0,0,0,cruise
272.550000,-0.197295,,0.033821,0.025188,-1.642151,1.405958,off,none,0.879119,0,0,0,cruise
272.600000,-0.197680,,0.033399,0.025130,-1.645528,1.403949,off,none,0.879035,0,0,0,cruise
272.650000,-0.198332,,0.033992,0.023279,-1.623165,1.425597,off,none,0.878930,0,0,0,cruise
272.700000,-0.195280,,0.031356,0.020186,-1.605071,1.432762,off,none,0.878843,0,0,0,cruise
272.750000,-0.198003,,0.034540,0.022078,-1.622403,1.421767,off,none,0.922720,0,0,0,cruise
272.800000,-0.160156,,0.027889,0.020603,-1.660169,1.419932,off,none,1.310906,0,0,0,cruise
272.850000,-0.034093,,0.026043,0.018112,-1.683251,1.424666,off,none,1.588647,0,0,0,cruise
272.900000,-0.008430,,0.024403,0.017628,-1.687839,1.414594,off,none,1.585117,0,0,0,cruise
272.950000,-0.006096,,0.027648,0.018483,-1.680222,1.412045,off,none,1.564514,0,0,0,cruise
273.000000,-0.005055,,0.026594,0.019649,-1.671953,1.420125,off,none,1.454176,0,0,0,cruise
273.050000,-0.003297,,0.020046,0.016051,-1.698134,1.427741,off,none,1.508906,0,0,0,cruise
273.100000,0.002053,,0.012057,0.011285,-1.701669,1.446973,off,none,1.452698,0,0,0,cruise
273.150000,0.006952,,0.010830,0.010714,-1.646669,1.439187,off,none,1.260865,0,0,0,cruise
273.200000,0.009770,,0.010480,0.010198,-1.588936,1.435291,off,none,1.114071,0,0,0,cruise
273.250000,0.024093,,0.009718,0.010264,-1.604544,1.439523,off,none,1.088929,0,0,0,cruise
273.300000,0.045189,,0.007775,0.009171,-1.727650,1.413752,off,none,1.089731,0,0,0,cruise
273.350000,0.067367,,0.007185,0.008566,-1.755729,1.389262,off,none,1.039383,0,0,0,cruise
273.400000,0.052520,,0.007333,0.008960,-1.793102,1.386435,off,none,1.005717,0,0,0,cruise
273.450000,0.017561,,0.009082,0.010395,-1.714999,1.421655,off,none,1.112089,0,0,0,cruise
273.500000,0.007438,,0.010115,0.011419,-1.706095,1.429416,off,none,1.263165,0,0,0,cruise
273.550000,0.010907,,0.009444,0.010735,-1.717376,1.439712,off,none,1.297463,0,0,0,cruise
273.600000,0.021626,,0.008386,0.010126,-1.725186,1.430030,off,none,1.211108,0,0,0,cruise
273.650000,0.022807,,0.008463,0.010537,-1.728004,1.429719,off,none,1.169340,0,0,0,cruise
273.700000,0.014313,,0.010221,0.011920,-1.825837,1.398189,off,none,1.179865,0,0,0,cruise
273.750000,0.020771,,0.008010,0.010017,-1.840098,1.381754,off,none,1.147266,0,0,0,cruise
273.800000,0.025605,,0.008131,0.010544,-1.893904,1.368875,off,none,1.086002,0,0,0,cruise
273.850000,0.038849,,0.006972,0.009276,-1.908084,1.396353,off,none,1.030571,0,0,0,cruise
273.900000,0.056463,,0.006614,0.008576,-1.879073,1.409175,off,none,1.006049,0,0,0,cruise
273.950000,0.058547,,0.006182,0.007795,-1.925638,1.405054,off,none,1.020203,0,0,0,cruise
274.000000,0.052913,,0.006083,0.007758,-1.869170,1.433316,off,none,1.005603,0,0,0,cruise
274.050000,0.045512,,0.006545,0.008326,-1.860838,1.473156,off,none,0.957833,0,0,0,cruise
274.100000,0.054880,,0.005485,0.007062,-1.928505,1.480020,off,none,0.953447,0,0,0,cruise
274.150000,0.060343,,0.005600,0.007052,-1.943803,1.499494,off,none,0.999625,0,0,0,cruise
274.200000,0.041578,,0.007224,0.008523,-1.881086,1.513563,off,none,1.012641,0,0,0,cruise
274.250000,0.046362,,0.006609,0.007990,-1.906346,1.506148,off,none,0.994694,0,0,0,cruise
274.300000,0.046739,,0.006193,0.007825,-1.924015,1.505518,off,none,0.973361,0,0,0,cruise
274.350000,0.062024,,0.005624,0.006914,-1.957273,1.482343,off,none,0.960073,0,0,0,cruise
274.400000,0.052407,,0.007125,0.007763,-1.912697,1.500406,off,none,0.995139,0,0,0,cruise
274.450000,0.042484,,0.007835,0.008102,-1.906632,1.507114,off,none,0.996383,0,0,0,cruise
274.500000,0.040552,,0.007228,0.007720,-1.958294,1.526164,off,none,0.987195,0,0,0,cruise
274.550000,0.027444,,0.009982,0.010286,-1.966713,1.513909,off,none,0.982162,0,0,0,cruise
274.600000,0.031070,,0.010510,0.010353,-1.936566,1.489717,off,none,0.966006,0,0,0,cruise
274.650000,0.029336,,0.011393,0.009391,-1.915173,1.521032,off,none,0.983070,0,0,0,cruise
274.700000,0.020334,,0.013306,0.010593,-1.842139,1.518526,off,none,1.012964,0,0,0,cruise
274.750000,0.023142,,0.011813,0.010043,-1.868397,1.507025,off,none,0.982171,0,0,0,cruise
274.800000,0.027711,,0.011801,0.009787,-1.822631,1.576521,off,none,0.934753,0,0,0,cruise
274.850000,0.041606,,0.008792,0.007696,-1.841057,1.659080,off,none,0.975487,0,0,0,cruise
274.900000,0.033600,,0.009942,0.007737,-1.814144,1.724908,off,none,0.968955,0,0,0,cruise
274.950000,0.020903,,0.012707,0.010267,-1.810327,1.636979,off,none,0.929911,0,0,0,cruise
275.000000,0.019569,,0.014531,0.012488,-1.798313,1.563634,off,none,0.945332,0,0,0,cruise
275.050000,0.024527,,0.013742,0.011977,-1.786329,1.568159,off,none,0.900448,0,0,0,cruise
275.100000,0.032743,,0.012196,0.010143,-1.769089,1.630894,off,none,0.826633,0,0,0,cruise
275.150000,0.049877,,0.008142,0.006694,-1.818568,1.614772,off,none,0.748921,0,0,0,cruise
275.200000,0.055048,,0.007570,0.006304,-1.863156,1.636041,off,none,0.609170,0,0,0,cruise
275.250000,0.056979,,0.007917,0.005818,-1.803494,1.721797,off,none,0.510739,0,0,0,cruise
275.300000,0.050489,,0.008365,0.006325,-1.779638,1.748636,off,none,0.420279,0,0,0,cruise
275.350000,0.043847,,0.009397,0.006746,-1.753339,1.765514,off,none,0.340478,0,0,0,cruise
275.400000,0.025533,,0.011072,0.007618,-1.789900,1.813594,off,none,0.294011,0,0,0,cruise
275.450000,0.014024,,0.015075,0.009547,-1.777654,1.835163,off,none,0.244056,0,0,0,cruise
275.500000,0.010882,,0.017533,0.010526,-1.788576,1.824375,off,none,0.218450,0,0,0,cruise
275.550000,0.009976,,0.014337,0.008588,-1.817111,1.837093,off,none,0.259011,0,0,0,cruise
275.600000,0.008251,,0.014503,0.006903,-1.753728,1.833045,off,none,0.306413,0,0,0,cruise
275.650000,0.009911,,0.012783,0.005588,-1.741938,1.851636,off,none,0.340979,0,0,0,cruise
275.700000,0.010684,,0.012907,0.005605,-1.749593,1.829781,off,none,0.381286,0,0,0,cruise
275.750000,0.010201,,0.014412,0.006701,-1.770950,1.790966,off,none,0.795741,0,0,0,cruise
275.800000,0.052776,,0.015662,0.008147,-1.782190,1.719352,off,none,1.598306,0,0,0,cruise
275.850000,0.194044,,0.016179,0.009104,-1.786491,1.715387,off,none,1.600000,0,0,0,cruise
275.900000,0.200194,,0.014402,0.007256,-1.813509,1.780178,off,none,1.600000,0,0,0,cruise
275.950000,0.199077,,0.013180,0.007067,-1.876556,1.794564,off,none,1.549093,0,0,0,cruise
276.000000,0.198032,,0.014528,0.007433,-1.880669,1.756961,off,none,1.179919,0,0,0,cruise
276.050000,0.199002,,0.012323,0.007294,-1.879934,1.728865,off,none,0.909150,0,0,0,cruise
276.100000,0.198820,,0.011186,0.007412,-1.829731,1.737420,off,none,0.955952,0,0,0,cruise
276.150000,0.198565,,0.009889,0.007269,-1.813813,1.758152,off,none,0.951971,0,0,0,cruise
276.200000,0.199855,,0.010509,0.007581,-1.875218,1.774279,off,none,0.928367,0,0,0,cruise
276.250000,0.199931,,0.010853,0.006275,-1.896035,1.807317,off,none,0.904414,0,0,0,cruise
276.300000,0.199058,,0.011911,0.006375,-1.914611,1.767928,off,none,0.886284,0,0,0,cruise
276.350000,0.198256,,0.012478,0.006226,-1.901358,1.749638,off,none,0.876662,0,0,0,cruise
276.400000,0.198185,,0.010930,0.006442,-1.925252,1.745635,off,none,0.873191,0,0,0,cruise
276.450000,0.197844,,0.009135,0.006699,-1.930405,1.765460,off,none,0.873365,0,0,0,cruise
276.500000,0.199229,,0.010380,0.007185,-1.918639,1.762253,off,none,0.875005,0,0,0,cruise
276.550000,0.199131,,0.013038,0.006878,-1.880787,1.769459,off,none,0.876796,0,0,0,cruise
276.600000,0.198088,,0.010463,0.005861,-1.917775,1.784369,off,none,0.878163,0,0,0,cruise
276.650000,0.198582,,0.011181,0.006854,-1.944754,1.757216,off,none,0.878917,0,0,0,cruise
276.700000,0.198004,,0.010062,0.007166,-1.955346,1.741352,off,none,0.879201,0,0,0,cruise
276.750000,0.197501,,0.008601,0.006361,-2.006787,1.777636,off,none,0.879201,0,0,0,cruise
276.800000,0.198405,,0.011216,0.005953,-1.970090,1.791717,off,none,0.879081,0,0,0,cruise
276.850000,0.198744,,0.012208,0.006629,-1.956842,1.795731,off,none,0.878945,0,0,0,cruise
276.900000,0.197835,,0.011081,0.006331,-1.960751,1.799267,off,none,0.878843,0,0,0,cruise
276.950000,0.197742,,0.011471,0.006213,-1.969950,1.795509,off,none,0.878784,0,0,0,cruise
277.000000,0.198148,,0.010474,0.006174,-2.016347,1.810482,off,none,0.878761,0,0,0,cruise
277.050000,0.198129,,0.010994,0.006286,-2.010849,1.799293,off,none,0.878760,0,0,0,cruise
277.100000,0.198737,,0.012851,0.007204,-2.015409,1.765303,off,none,0.878769,0,0,0,cruise
277.150000,0.198267,,0.011859,0.007199,-2.024738,1.747417,off,none,0.878779,0,0,0,cruise
277.200000,0.198013,,0.011502,0.007604,-2.010783,1.734323,off,none,0.878787,0,0,0,cruise
277.250000,0.198410,,0.011322,0.009096,-1.995897,1.774226,off,none,0.878792,0,0,0,cruise
277.300000,0.198642,,0.011964,0.010092,-2.040585,1.757800,off,none,0.878794,0,0,0,cruise
277.350000,0.198766,,0.011655,0.012521,-2.049320,1.738067,off,none,0.878794,0,0,0,cruise
277.400000,0.197980,,0.010459,0.010476,-2.061373,1.728981,off,none,0.878793,0,0,0,cruise
277.450000,0.198286,,0.010485,0.008284,-2.066388,1.725840,off,none,0.878792,0,0,0,cruise
277.500000,0.198568,,0.010634,0.007615,-2.084834,1.735127,off,none,0.878792,0,0,0,cruise
277.550000,0.198825,,0.011705,0.006941,-2.066386,1.771492,off,none,0.878791,0,0,0,cruise
277.600000,0.198870,,0.012996,0.007336,-2.108573,1.736071,off,none,0.878791,0,0,0,cruise
277.650000,0.197366,,0.011552,0.006883,-2.131731,1.765467,off,none,0.878791,0,0,0,cruise
277.700000,0.197233,,0.010618,0.006173,-2.114532,1.808741,off,none,0.878791,0,0,0,cruise
277.750000,0.197560,,0.012027,0.007225,-2.112518,1.786320,off,none,0.878791,0,0,0,cruise
277.800000,0.197655,,0.012916,0.009017,-2.136269,1.760578,off,none,0.878791,0,0,0,cruise
277.850000,0.198522,,0.014105,0.010412,-2.135734,1.736389,off,none,0.878791,0,0,0,cruise
277.900000,0.199002,,0.013981,0.008928,-2.103697,1.741433,off,none,0.878791,0,0,0,cruise
277.950000,0.199075,,0.013186,0.008765,-2.119489,1.752008,off,none,0.878791,0,0,0,cruise
278.000000,0.199104,,0.012109,0.008112,-2.134393,1.751914,off,none,0.878791,0,0,0,cruise
278.050000,0.198450,,0.011749,0.008398,-2.132164,1.748333,off,none,0.878791,0,0,0,cruise
278.100000,0.198619,,0.011821,0.008321,-2.155294,1.771910,off,none,0.878791,0,0,0,cruise
278.150000,0.198410,,0.011789,0.008768,-2.153005,1.734615,off,none,0.878791,0,0,0,cruise
278.200000,0.198533,,0.010995,0.009329,-2.119138,1.729802,off,none,0.878791,0,0,0,cruise
278.250000,0.198815,,0.010531,0.008887,-2.086797,1.725635,off,none,0.878791,0,0,0,cruise
278.300000,0.199388,,0.012725,0.009056,-2.017079,1.709377,off,none,0.878791,0,0,0,cruise
278.350000,0.198392,,0.015600,0.011910,-2.019437,1.689554,off,none,0.878791,0,0,0,cruise
278.400000,0.199761,,0.014776,0.012238,-2.039152,1.686480,off,none,0.878791,0,0,0,cruise
278.450000,0.200318,,0.015507,0.011404,-2.015708,1.682064,off,none,0.878791,0,0,0,cruise
278.500000,0.198897,,0.014121,0.010932,-2.027828,1.688521,off,none,0.878791,0,0,0,cruise
278.550000,0.199079,,0.015832,0.011426,-1.977261,1.669683,off,none,0.878791,0,0,0,cruise
278.600000,0.200632,,0.017519,0.013655,-1.975359,1.672960,off,none,0.878791,0,0,0,cruise
278.650000,0.199720,,0.017265,0.010552,-1.977037,1.686101,off,none,0.878791,0,0,0,cruise
278.700000,0.199505,,0.016633,0.008528,-1.983781,1.721573,off,none,0.878791,0,0,0,cruise
278.750000,0.199216,,0.014521,0.008326,-2.012730,1.714932,off,none,0.878791,0,0,0,cruise
278.800000,0.197532,,0.007688,0.006187,-2.045709,1.751377,off,none,0.878791,0,0,0,cruise
278.850000,0.198178,,0.008041,0.005804,-2.026198,1.745008,off,none,0.878791,0,0,0,cruise
278.900000,0.197731,,0.008091,0.005582,-2.036885,1.751506,off,none,0.878791,0,0,0,cruise
278.950000,0.198689,,0.009027,0.006009,-1.990860,1.792549,off,none,0.878791,0,0,0,cruise
279.000000,0.198795,,0.011225,0.006631,-1.988977,1.800795,off,none,0.878791,0,0,0,cruise
279.050000,0.199371,,0.011567,0.007687,-1.968613,1.785882,off,none,0.878791,0,0,0,cruise
279.100000,0.200161,,0.014037,0.009567,-1.953842,1.772202,off,none,0.878791,0,0,0,cruise
279.150000,0.200044,,0.014683,0.009630,-1.920009,1.754603,off,none,0.878791,0,0,0,cruise
279.200000,0.198916,,0.013702,0.008830,-1.928290,1.781685,off,none,0.878791,0,0,0,cruise
279.250000,0.198858,,0.012813,0.010164,-1.872437,1.725314,off,none,0.878791,0,0,0,cruise
279.300000,0.197679,,0.008362,0.008909,-1.946932,1.704428,off,none,0.878791,0,0,0,cruise
279.350000,0.197225,,0.005375,0.006007,-2.022446,1.741897,off,none,0.878791,0,0,0,cruise
279.400000,0.196607,,0.005625,0.006062,-2.034165,1.719773,off,none,0.878791,0,0,0,cruise
279.450000,0.196648,,0.005634,0.005863,-1.999269,1.668960,off,none,0.878791,0,0,0,cruise
279.500000,0.195440,,0.006523,0.006745,-1.965813,1.691827,off,none,0.944332,0,0,0,cruise
279.550000,0.186208,,0.006195,0.006477,-1.887669,1.663760,off,none,1.469251,0,0,0,cruise
279.600000,0.156256,,0.006859,0.007345,-1.927308,1.556175,off,none,1.587311,0,0,0,cruise
279.650000,0.152525,,0.005474,0.006139,-1.928228,1.508497,off,none,1.582511,0,0,0,cruise
279.700000,0.119117,,0.005248,0.006025,-1.934340,1.484323,off,none,1.578704,0,0,0,cruise
279.750000,0.104774,,0.005463,0.006296,-1.892494,1.501776,off,none,1.576042,0,0,0,cruise
279.800000,0.161422,,0.005761,0.006635,-1.939442,1.498280,off,none,1.563440,0,0,0,cruise
279.850000,0.190288,,0.005802,0.005711,-1.888558,1.562581,off,none,1.508162,0,0,0,cruise
279.900000,0.192161,,0.006319,0.005923,-1.844569,1.707196,off,none,1.526680,0,0,0,cruise
279.950000,0.191957,,0.005838,0.005141,-1.910958,1.791934,off,none,1.555759,0,0,0,cruise
280.000000,0.191231,,0.004867,0.004444,-1.981291,1.750969,off,none,1.563223,0,0,0,cruise
280.050000,0.191829,,0.005596,0.005311,-1.925463,1.729338,off,none,1.559436,0,0,0,cruise
280.100000,0.188189,,0.005190,0.005025,-1.942559,1.728534,off,none,1.555691,0,0,0,cruise
280.150000,0.177031,,0.004003,0.004153,-2.019683,1.718786,off,none,1.552255,0,0,0,cruise
280.200000,0.161614,,0.004158,0.004861,-1.958405,1.708328,off,none,1.549089,0,0,0,cruise
280.250000,0.174206,,0.003308,0.003917,-2.031390,1.678733,off,none,1.545815,0,0,0,cruise
280.300000,0.185312,,0.003219,0.003519,-2.060268,1.639760,off,none,1.541718,0,0,0,cruise
280.350000,0.185242,,0.003312,0.003438,-2.057030,1.617178,off,none,1.537658,0,0,0,cruise
280.400000,0.177797,,0.003327,0.003561,-2.100051,1.573399,off,none,1.533738,0,0,0,cruise
280.450000,0.173053,,0.003528,0.003894,-2.059948,1.567488,off,none,1.530221,0,0,0,cruise
280.500000,0.169300,,0.003376,0.003736,-2.092919,1.543274,off,none,1.527318,0,0,0,cruise
280.550000,0.169880,,0.003618,0.004185,-2.085863,1.551797,off,none,1.524617,0,0,0,cruise
280.600000,0.163525,,0.003632,0.004126,-2.125081,1.537227,off,none,1.521853,0,0,0,cruise
280.650000,0.149913,,0.003722,0.004166,-2.173063,1.523212,off,none,1.518897,0,0,0,cruise
280.700000,0.141381,,0.003742,0.004377,-2.203036,1.509270,off,none,1.514776,0,0,0,cruise
280.750000,0.147824,,0.003754,0.004499,-2.216409,1.510752,off,none,1.495183,0,0,0,cruise
280.800000,0.149962,,0.003823,0.004597,-2.254739,1.503202,off,none,1.443851,0,0,0,cruise
280.850000,0.134055,,0.003920,0.004694,-2.257955,1.509945,off,none,1.425913,0,0,0,cruise
280.900000,0.118908,,0.004586,0.005746,-2.293381,1.488274,off,none,1.430151,0,0,0,cruise
280.950000,0.111892,,0.004859,0.006345,-2.306833,1.463633,off,none,1.441271,0,0,0,cruise
281.000000,0.108181,,0.005541,0.006993,-2.326598,1.449612,off,none,1.406548,0,0,0,cruise
281.050000,0.103295,,0.005925,0.007260,-2.301739,1.444830,off,none,1.395602,0,0,0,cruise
281.100000,0.131955,,0.006241,0.006865,-2.246636,1.438547,off,none,1.430732,0,0,0,cruise
281.150000,0.138278,,0.006643,0.006941,-2.296985,1.416462,off,none,1.477125,0,0,0,cruise
281.200000,0.128207,,0.005574,0.006377,-2.359857,1.400758,off,none,1.446652,0,0,0,cruise
281.250000,0.106677,,0.005956,0.006316,-2.396624,1.384427,off,none,1.387097,0,0,0,cruise
281.300000,0.113971,,0.007157,0.006339,-2.391738,1.375620,off,none,1.393567,0,0,0,cruise
281.350000,0.119565,,0.007612,0.005992,-2.433244,1.364130,off,none,1.467770,0,0,0,cruise
281.400000,0.115127,,0.007362,0.006105,-2.532084,1.344024,off,none,1.483583,0,0,0,cruise
281.450000,0.112667,,0.008667,0.007273,-2.602529,1.327768,off,none,1.480418,0,0,0,cruise
281.500000,0.125068,,0.009510,0.007228,-2.617566,1.353398,off,none,1.477387,0,0,0,cruise
281.550000,0.136932,,0.010469,0.007093,-2.646045,1.349744,off,none,1.474580,0,0,0,cruise
281.600000,0.140945,,0.011378,0.007349,-2.709961,1.318666,off,none,1.471454,0,0,0,cruise
281.650000,0.133625,,0.010783,0.006843,-2.723614,1.291813,off,none,1.468418,0,0,0,cruise
281.700000,0.122447,,0.010572,0.006406,-2.738905,1.247110,off,none,1.465111,0,0,0,cruise
281.750000,0.117378,,0.010970,0.006171,-2.796938,1.232390,off,none,1.459782,0,0,0,cruise
281.800000,0.117531,,0.011636,0.005980,-2.821729,1.198425,off,none,1.433304,0,0,0,cruise
281.850000,0.122632,,0.012693,0.006010,-2.824352,1.127094,off,none,1.393422,0,0,0,cruise
281.900000,0.122436,,0.013354,0.006422,-2.808378,1.138747,off,none,1.346383,0,0,0,cruise
281.950000,0.106843,,0.012767,0.006932,-2.775225,1.158043,off,none,1.297406,0,0,0,cruise
282.000000,0.116281,,0.012749,0.006627,-2.799026,1.145403,off,none,1.247805,0,0,0,cruise
282.050000,0.138357,,0.015830,0.007318,-2.781473,1.119176,off,none,1.196296,0,0,0,cruise
282.100000,0.130844,,0.016037,0.007760,-2.772505,1.088824,off,none,1.147674,0,0,0,cruise
282.150000,0.121132,,0.016330,0.007841,-2.767549,1.084190,off,none,1.096332,0,0,0,cruise
282.200000,0.122652,,0.017707,0.007868,-2.790010,1.049490,off,none,1.047533,0,0,0,cruise
282.250000,0.122267,,0.018186,0.007414,-2.798760,1.035449,off,none,0.996418,0,0,0,cruise
282.300000,0.124178,,0.018169,0.007035,-2.804364,0.995201,off,none,0.946398,0,0,0,cruise
282.350000,0.123142,,0.018116,0.006476,-2.854859,0.942893,off,none,0.896051,0,0,0,cruise
282.400000,0.117826,,0.018329,0.006445,-2.897171,0.917909,off,none,0.846213,0,0,0,cruise
282.450000,0.113139,,0.016944,0.007001,-2.924445,0.848999,off,none,0.796152,0,0,0,cruise
282.500000,0.114760,,0.017606,0.007117,-2.907428,0.853367,off,none,0.747134,0,0,0,cruise
282.550000,0.118490,,0.020288,0.007289,-2.879416,0.951879,off,none,0.696313,0,0,0,cruise
282.600000,0.120959,,0.023719,0.008066,-2.838347,0.991429,off,none,0.646405,0,0,0,cruise
282.650000,0.117686,,0.024510,0.008546,-2.821080,0.971748,off,none,0.596052,0,0,0,cruise
282.700000,0.111426,,0.024942,0.009428,-2.826838,0.902216,off,none,0.546855,0,0,0,cruise
282.750000,0.113021,,0.026833,0.009802,-2.788200,0.937165,off,none,0.499473,0,0,0,cruise
282.800000,0.111833,,0.030993,0.009635,-2.739819,0.974926,off,none,0.446377,0,0,0,cruise
282.850000,0.105288,,0.031531,0.008625,-2.880866,0.750841,off,none,0.396157,0,0,0,cruise
282.900000,0.099111,,0.032123,0.009162,-2.940683,0.606321,off,none,0.346480,0,0,0,cruise
282.950000,0.095792,,0.034526,0.010502,-2.939583,0.583916,off,none,0.297579,0,0,0,cruise
283.000000,0.094346,,0.043402,0.011402,-2.877847,0.591337,off,none,0.248382,0,0,0,cruise
283.050000,0.091703,,0.041469,0.011507,-2.913801,0.502341,off,none,0.197927,0,0,0,cruise
283.100000,0.091317,,0.044159,0.013348,-2.849460,0.481591,off,none,0.147830,0,0,0,cruise
283.150000,0.092663,,0.045342,0.014953,-2.790072,0.479813,off,none,0.098015,0,0,0,cruise
283.200000,0.093680,,0.054310,0.017650,-2.548229,0.693948,off,none,0.048166,0,0,0,cruise
283.250000,0.095187,,0.060413,0.019439,-2.340723,0.861524,off,none,0.002645,0,0,0,cruise
283.300000,0.089612,,0.070323,0.021243,-2.194902,0.963584,off,none,0.000000,0,0,0,cruise
283.350000,0.081855,,0.063928,0.018802,-2.256137,0.892464,off,none,0.000000,0,0,0,cruise
283.400000,0.075199,,0.056405,0.016610,-2.245177,0.858673,off,none,0.000000,0,0,0,cruise
283.450000,0.073083,,0.074897,0.020840,-1.996909,1.076453,off,none,0.000000,0,0,0,cruise
283.500000,0.070311,,0.093665,0.024544,-1.778880,1.225470,off,none,0.000000,0,0,0,cruise
283.550000,0.067488,,0.107939,0.026494,-1.668776,1.334628,off,none,0.000000,0,0,0,cruise
283.600000,0.068083,,0.112494,0.027222,-1.577833,1.398870,off,none,0.000000,0,0,0,cruise
283.650000,0.067889,,0.105923,0.025058,-1.554176,1.404980,off,none,0.000000,0,0,0,cruise
283.700000,0.063935,,0.120520,0.025490,-1.561427,1.398497,off,none,0.000000,0,0,0,cruise
283.750000,0.057927,,0.131105,0.027340,-1.582899,1.343384,off,none,0.000000,0,0,0,cruise
283.800000,0.051887,,0.126528,0.027049,-1.565323,1.346936,off,none,0.000000,0,0,0,cruise
283.850000,0.046981,,0.122118,0.023584,-1.558794,1.300723,off,none,0.000000,0,0,0,cruise
283.900000,0.043035,,0.127926,0.022881,-1.626205,1.213339,off,none,0.000000,0,0,0,cruise
283.950000,0.039480,,0.142098,0.026404,-1.756467,1.111046,off,none,0.000000,0,0,0,cruise
284.000000,0.036151,,0.160282,0.028910,-1.959485,1.000161,off,none,0.000000,0,0,0,cruise
284.050000,0.033033,,0.182878,0.033674,-1.807749,1.117387,off,none,0.000000,0,0,0,cruise
284.100000,0.029362,,0.222647,0.039406,-1.538055,1.312306,off,none,0.000000,0,0,0,cruise
284.150000,0.025293,,0.256396,0.044062,-1.484603,1.369072,off,none,0.004813,0,0,0,cruise
284.200000,0.021212,,0.252256,0.046981,-1.753408,1.221889,off,none,0.054385,0,0,0,cruise
284.250000,0.017435,,0.259852,0.050040,-1.786369,1.234983,off,none,0.105140,0,0,0,cruise
284.300000,0.014501,,0.265109,0.053550,-1.720522,1.354538,off,none,0.156472,0,0,0,cruise
284.350000,0.011842,,0.295726,0.063183,-1.782490,1.377362,off,none,0.206333,0,0,0,cruise
284.400000,0.009066,,0.299884,0.065418,-1.859979,1.353439,off,none,0.256169,0,0,0,cruise
284.450000,0.006694,,0.308848,0.074750,-1.872471,1.359852,off,none,0.305254,0,0,0,cruise
284.500000,0.005731,,0.358534,0.093223,-1.800763,1.406968,off,none,0.356478,0,0,0,cruise
284.550000,0.004273,,0.361625,0.096134,-1.763751,1.448997,off,none,0.405861,0,0,0,cruise
284.600000,0.003593,,0.360975,0.096982,-1.733892,1.471639,off,none,0.455525,0,0,0,cruise
284.650000,0.002803,,0.410373,0.132573,-1.689998,1.499208,off,none,0.505246,0,0,0,cruise
284.700000,0.002634,,0.451120,0.180650,-1.689507,1.512362,off,none,0.555087,0,0,0,cruise
284.750000,0.002299,,0.494451,0.231154,-1.724913,1.510990,off,none,0.606458,0,0,0,cruise
284.800000,0.002061,,0.518279,0.263296,-1.725696,1.515591,off,none,0.656177,0,0,0,cruise
284.850000,0.001218,,0.519892,0.250943,-1.726207,1.530269,off,none,0.704608,0,0,0,cruise
284.900000,0.000850,,0.594144,0.322235,-1.734024,1.524281,off,none,0.754992,0,0,0,cruise
284.950000,0.000415,,0.611227,0.383787,-1.756201,1.518983,off,none,0.805696,0,0,0,cruise
285.000000,0.000167,,0.646152,0.446743,-1.759670,1.515826,off,none,0.854283,0,0,0,cruise
285.050000,0.000105,,0.651778,0.464122,-1.767624,1.502940,off,none,0.905082,0,0,0,cruise
285.100000,-0.000342,,0.698998,0.529467,-1.755887,1.550583,off,none,0.955044,0,0,0,cruise
285.150000,-0.001096,,0.730655,0.587855,-1.757776,1.578280,off,none,1.005097,0,0,0,cruise
285.200000,-0.001202,,0.740679,0.608565,-1.772230,1.576016,off,none,1.055995,0,0,0,cruise
285.250000,-0.001015,,0.745334,0.616277,-1.799473,1.582065,off,none,1.104414,0,0,0,cruise
285.300000,-0.000882,,0.728523,0.610827,-1.798228,1.565277,off,none,1.155153,0,0,0,cruise
285.350000,-0.001080,,0.734026,0.615499,-1.782700,1.597683,off,none,1.206395,0,0,0,cruise
285.400000,-0.001051,,0.747752,0.629087,-1.785183,1.591956,off,none,1.250100,0,0,0,cruise
285.450000,-0.001200,,0.738554,0.653600,-1.796034,1.592801,off,none,1.250727,0,0,0,cruise
285.500000,-0.001673,,0.718149,0.665229,-1.831359,1.577929,off,none,1.245960,0,0,0,cruise
285.550000,-0.001591,,0.747678,0.704538,-1.831310,1.597097,off,none,1.241690,0,0,0,cruise
285.600000,-0.001608,,0.752328,0.678950,-1.842544,1.597261,off,none,1.237066,0,1,0,cruise
285.650000,-0.001574,,0.770876,0.723317,-1.824444,1.595597,off,none,1.232508,0,1,0,cruise
285.700000,-0.001560,,0.771914,0.724852,-1.819347,1.599895,off,none,1.227802,0,1,0,cruise
285.750000,-0.001842,,0.767703,0.724713,-1.819579,1.585290,off,none,1.224004,0,1,0,cruise
285.800000,-0.001758,,0.765603,0.761567,-1.798037,1.601164,off,none,1.219947,0,1,0,cruise
285.850000,-0.001989,,0.790465,0.821036,-1.806605,1.592261,off,none,1.215819,0,1,0,cruise
285.900000,-0.002110,,0.799700,0.805641,-1.815332,1.576380,off,none,1.211929,0,1,0,cruise
285.950000,-0.002354,,0.832732,0.850377,-1.815190,1.561957,off,none,1.206660,0,1,0,cruise
286.000000,-0.002144,,0.846548,0.853913,-1.818591,1.553999,off,none,1.201607,0,1,0,cruise
286.050000,-0.002129,,0.877695,0.883078,-1.814782,1.567689,off,none,1.197967,0,1,0,cruise
286.100000,-0.002140,,0.891311,0.898099,-1.822013,1.576549,off,none,1.195490,0,1,0,cruise
286.150000,-0.002043,,0.881368,0.885400,-1.840262,1.558101,off,none,1.192621,0,1,0,cruise
286.200000,-0.001906,,0.897507,0.902406,-1.838916,1.556301,off,none,1.189761,0,1,0,cruise
286.250000,-0.001827,,0.919758,0.924411,-1.848957,1.557404,off,none,1.186983,0,1,0,cruise
286.300000,-0.001676,,0.925913,0.925451,-1.855106,1.547327,off,none,1.184087,0,1,0,cruise
286.350000,-0.001842,,0.927416,0.914108,-1.877828,1.534828,off,none,1.181311,0,1,0,cruise
286.400000,-0.001707,,0.924932,0.924591,-1.883973,1.563134,off,none,1.178047,0,1,0,cruise
286.450000,-0.001458,,0.952129,0.950980,-1.910090,1.554373,off,none,1.174653,0,1,0,cruise
286.500000,-0.001292,,0.949864,0.949005,-1.908543,1.547382,off,none,1.171409,0,1,0,cruise
286.550000,-0.001370,,0.945185,0.941444,-1.944030,1.561343,off,none,1.168624,0,1,0,cruise
286.600000,-0.000978,,0.948889,0.952778,-1.930873,1.580644,off,none,1.165614,0,1,0,cruise
286.650000,-0.000836,,0.947388,0.952870,-1.911399,1.604533,off,none,1.162115,0,1,0,cruise
286.700000,-0.000772,,0.954106,0.958572,-1.888348,1.580781,off,none,1.159117,0,1,0,cruise
286.750000,-0.000799,,0.955679,0.957585,-1.888481,1.581814,off,none,1.156150,0,1,0,cruise
286.800000,-0.000664,,0.956906,0.960205,-1.859683,1.593807,off,none,1.153215,0,1,0,cruise
286.850000,-0.000591,,0.955212,0.957929,-1.860557,1.598629,off,none,1.150440,0,1,0,cruise
286.900000,-0.000675,,0.948568,0.956572,-1.865987,1.595044,off,none,1.147700,0,1,0,cruise
286.950000,-0.000546,,0.957777,0.965128,-1.854705,1.602557,off,none,1.144606,0,1,0,cruise
287.000000,-0.000447,,0.963518,0.959141,-1.834126,1.594712,off,none,1.141162,0,1,0,cruise
287.050000,-0.000404,,0.965564,0.962447,-1.829720,1.591302,off,none,1.138337,0,1,0,cruise
287.100000,-0.000486,,0.966848,0.962198,-1.836968,1.591611,off,none,1.135489,0,1,0,cruise
287.150000,-0.000508,,0.967687,0.964666,-1.838093,1.582599,off,none,1.132060,0,1,0,cruise
287.200000,-0.000489,,0.970665,0.965785,-1.847379,1.590858,off,none,1.129138,0,1,0,cruise
287.250000,-0.000448,,0.972123,0.967765,-1.842958,1.594847,off,none,1.126601,0,1,0,cruise
287.300000,-0.000492,,0.973753,0.970717,-1.845248,1.582974,off,none,1.123923,0,1,0,cruise
287.350000,-0.000361,,0.976873,0.975111,-1.842437,1.577507,off,none,1.121140,0,1,0,cruise
287.400000,-0.000248,,0.975738,0.968182,-1.838644,1.583927,off,none,1.118081,0,1,0,cruise
287.450000,-0.000318,,0.976342,0.969540,-1.824760,1.599215,off,none,1.115191,0,1,0,cruise
287.500000,-0.000280,,0.977735,0.975437,-1.829646,1.586207,off,none,1.112737,0,1,0,cruise
287.550000,-0.000225,,0.977243,0.975367,-1.838227,1.563579,off,none,1.109865,0,1,0,cruise
287.600000,-0.000094,,0.981657,0.980921,-1.844542,1.573120,off,none,1.106796,0,1,0,cruise
287.650000,0.000029,,0.979013,0.980096,-1.843261,1.581921,off,none,1.103719,0,1,0,cruise
287.700000,0.000047,,0.977658,0.977955,-1.840907,1.576012,off,none,1.100696,0,1,0,cruise
287.750000,0.000107,,0.980521,0.980697,-1.837226,1.585935,off,none,1.097465,0,1,0,cruise
287.800000,0.000233,,0.979018,0.980027,-1.833696,1.587881,off,none,1.094714,0,1,0,cruise
287.850000,0.000337,,0.978139,0.979693,-1.810541,1.592366,off,none,1.092004,0,1,0,cruise
287.900000,0.000326,,0.977968,0.979137,-1.785661,1.599207,off,none,1.088706,0,1,0,cruise
287.950000,0.000415,,0.977669,0.980404,-1.767195,1.609036,off,none,1.086571,0,1,0,cruise
288.000000,0.000450,,0.978564,0.979910,-1.768108,1.627624,off,none,1.084160,0,1,0,cruise
288.050000,0.000456,,0.978745,0.979950,-1.770492,1.632719,off,none,1.081131,0,1,0,cruise
288.100000,0.000455,,0.980105,0.982270,-1.771707,1.634135,off,none,1.078716,0,1,0,cruise
288.150000,0.000474,,0.981544,0.983952,-1.772254,1.639932,off,none,1.076054,0,1,0,cruise
288.200000,0.000459,,0.982115,0.984460,-1.762185,1.646646,off,none,1.073105,0,1,0,cruise
288.250000,0.000455,,0.981092,0.982229,-1.753724,1.637965,off,none,1.070546,0,1,0,cruise
288.300000,0.000515,,0.980043,0.982724,-1.736543,1.634013,off,none,1.067949,0,1,0,cruise
288.350000,0.000376,,0.982323,0.984594,-1.758157,1.648232,off,none,1.065416,0,1,0,cruise
288.400000,0.000315,,0.983462,0.985590,-1.753701,1.652913,off,none,1.062878,0,1,0,cruise
288.450000,0.000311,,0.981969,0.984358,-1.752621,1.665375,off,none,1.059832,0,1,0,cruise
288.500000,0.000113,,0.982310,0.985268,-1.773728,1.657417,off,none,1.057722,0,1,0,cruise
288.550000,0.000108,,0.983191,0.986209,-1.763434,1.659798,off,none,1.055460,0,1,0,cruise
288.600000,0.000152,,0.982504,0.984877,-1.756214,1.663155,off,none,1.053420,0,1,0,cruise
288.650000,-0.000044,,0.981210,0.983661,-1.762679,1.654985,off,none,1.051294,0,1,0,cruise
288.700000,-0.000049,,0.978558,0.982851,-1.773248,1.654355,off,none,1.048640,0,1,0,cruise
288.750000,-0.000208,,0.977829,0.981891,-1.779392,1.658525,off,none,1.046751,0,1,0,cruise
288.800000,-0.000323,,0.976837,0.981410,-1.793372,1.656802,off,none,1.044709,0,1,0,cruise
288.850000,-0.000382,,0.977629,0.981394,-1.800125,1.658817,off,none,1.042262,0,1,0,cruise
288.900000,-0.000425,,0.977516,0.982104,-1.768168,1.655300,off,none,1.040469,0,1,0,cruise
288.950000,-0.000490,,0.977613,0.982708,-1.777524,1.656963,off,none,1.038550,0,1,0,cruise
289.000000,-0.000546,,0.977845,0.982698,-1.782678,1.657796,off,none,1.036422,0,1,0,cruise
289.050000,-0.000487,,0.974238,0.980748,-1.794587,1.660973,off,none,1.034294,0,1,0,cruise
289.100000,-0.000552,,0.975625,0.980674,-1.813555,1.653903,off,none,1.032280,0,1,0,cruise
289.150000,-0.000695,,0.973984,0.980277,-1.809296,1.640397,off,none,1.030095,0,1,0,cruise
289.200000,-0.000749,,0.974353,0.979158,-1.818492,1.632607,off,none,1.028332,0,1,0,cruise
289.250000,-0.000769,,0.975240,0.978354,-1.827762,1.638253,off,none,1.025918,0,1,0,cruise
289.300000,-0.000715,,0.973170,0.976724,-1.845288,1.629058,off,none,1.024077,0,1,0,cruise
289.350000,-0.000687,,0.976514,0.979556,-1.841262,1.619621,off,none,1.021810,0,1,0,cruise
289.400000,-0.000763,,0.975284,0.979579,-1.847787,1.614601,off,none,1.020004,0,1,0,cruise
289.450000,-0.000745,,0.973987,0.977317,-1.865378,1.609453,off,none,1.018357,0,1,0,cruise
289.500000,-0.000757,,0.973555,0.976170,-1.877942,1.606256,off,none,1.016282,0,1,0,cruise
289.550000,-0.000706,,0.976154,0.979255,-1.854566,1.613672,off,none,1.014347,0,1,0,cruise
289.600000,-0.000678,,0.974889,0.980312,-1.849533,1.610248,off,none,1.012304,0,1,0,cruise
289.650000,-0.000797,,0.976875,0.980487,-1.852230,1.604295,off,none,1.010330,0,1,0,cruise
289.700000,-0.000798,,0.977160,0.979621,-1.848468,1.606967,off,none,1.008498,0,1,0,cruise
289.750000,-0.000736,,0.977725,0.977231,-1.858378,1.598380,off,none,1.006536,0,1,0,cruise
289.800000,-0.000670,,0.978743,0.978313,-1.859034,1.595129,off,none,1.004154,0,1,0,cruise
289.850000,-0.000666,,0.977921,0.979265,-1.866633,1.598834,off,none,1.002535,0,1,0,cruise
289.900000,-0.000815,,0.976913,0.976961,-1.882582,1.592273,off,none,1.000509,0,1,0,cruise
289.950000,-0.000761,,0.976355,0.977219,-1.879720,1.585794,off,none,0.998551,0,1,0,cruise
290.000000,-0.000823,,0.977908,0.976524,-1.893588,1.567633,off,none,0.996947,0,1,0,cruise
290.050000,-0.000739,,0.978661,0.979563,-1.903357,1.562498,off,none,0.995173,0,1,0,cruise
290.100000,-0.000651,,0.978003,0.978628,-1.914340,1.550923,off,none,0.993325,0,1,0,cruise
290.150000,-0.000656,,0.978771,0.978120,-1.935658,1.554716,off,none,0.990881,0,1,0,cruise
290.200000,-0.000687,,0.979565,0.977181,-1.952758,1.547817,off,none,0.989426,0,1,0,cruise
290.250000,-0.000644,,0.979897,0.975458,-1.956192,1.548606,off,none,0.988174,0,1,0,cruise
290.300000,-0.000595,,0.980251,0.975320,-1.962774,1.537364,off,none,0.986089,0,1,0,cruise
290.350000,-0.000564,,0.979926,0.977342,-1.970277,1.543093,off,none,0.983621,0,1,0,cruise
290.400000,-0.000597,,0.979841,0.977083,-1.971817,1.547379,off,none,0.982047,0,1,0,cruise
290.450000,-0.000363,,0.980095,0.975303,-1.966897,1.545164,off,none,0.980626,0,1,0,cruise
290.500000,-0.000309,,0.979263,0.972301,-1.949841,1.543534,off,none,0.978907,0,1,0,cruise
290.550000,-0.000266,,0.982569,0.977065,-1.952945,1.561688,off,none,0.977009,0,1,0,cruise
290.600000,-0.000379,,0.982139,0.975116,-1.964940,1.551583,off,none,0.975130,0,1,0,cruise
290.650000,-0.000381,,0.983172,0.975780,-1.965239,1.552869,off,none,0.973445,0,1,0,cruise
290.700000,-0.000430,,0.982778,0.976865,-1.965518,1.552097,off,none,0.972455,0,1,0,cruise
290.750000,-0.000467,,0.979828,0.977364,-1.962276,1.524030,off,none,0.970835,0,1,0,cruise
290.800000,-0.000466,,0.977933,0.974955,-1.965108,1.535627,off,none,0.969304,0,1,0,cruise
290.850000,-0.000492,,0.979033,0.974819,-1.975502,1.523601,off,none,0.966875,0,1,0,cruise
290.900000,-0.000491,,0.979213,0.975464,-1.977726,1.519477,off,none,0.964856,0,1,0,cruise
290.950000,-0.000490,,0.980730,0.978331,-1.968789,1.515671,off,none,0.963187,0,1,0,cruise
291.000000,-0.000582,,0.981885,0.979150,-1.964876,1.492443,off,none,0.961761,0,1,0,cruise
291.050000,-0.000603,,0.983291,0.981056,-1.950288,1.494503,off,none,0.960489,0,1,0,cruise
291.100000,-0.000679,,0.983014,0.980025,-1.955593,1.495185,off,none,0.959305,0,1,0,cruise
291.150000,-0.000659,,0.982510,0.978304,-1.974116,1.490533,off,none,0.957856,0,1,0,cruise
291.200000,-0.000639,,0.982555,0.978315,-1.947979,1.494565,off,none,0.956412,0,1,0,cruise
291.250000,-0.000594,,0.982727,0.980440,-1.949781,1.501513,off,none,0.954713,0,1,0,cruise
291.300000,-0.000536,,0.984529,0.981929,-1.962195,1.509546,off,none,0.952522,0,1,0,cruise
291.350000,-0.000622,,0.984893,0.982168,-1.955700,1.509854,off,none,0.950282,0,1,0,cruise
291.400000,-0.000721,,0.984826,0.980308,-1.956036,1.513358,off,none,0.948529,0,1,0,cruise
291.450000,-0.000779,,0.983433,0.978251,-1.961938,1.510190,off,none,0.946992,0,1,0,cruise
291.500000,-0.000741,,0.982719,0.977541,-1.969790,1.508731,off,none,0.945662,0,1,0,cruise
291.550000,-0.000758,,0.982313,0.976131,-1.990574,1.512342,off,none,0.944477,0,1,0,cruise
291.600000,-0.000757,,0.982271,0.978237,-1.980000,1.519103,off,none,0.943308,0,1,0,cruise
291.650000,-0.000777,,0.983169,0.979199,-1.975078,1.532511,off,none,0.937476,0,1,0,cruise
291.700000,-0.000805,,0.983185,0.979642,-1.946860,1.540541,off,none,0.880675,0,1,0,cruise
291.750000,-0.000750,,0.982912,0.980766,-1.939277,1.542767,off,none,0.776174,0,1,0,cruise
291.800000,-0.000735,,0.982007,0.980119,-1.957122,1.548997,off,none,0.665552,0,1,0,cruise
291.850000,-0.000810,,0.982651,0.981095,-1.963197,1.546068,off,none,0.594717,0,1,0,cruise
291.900000,-0.000789,,0.983533,0.981868,-1.956308,1.553141,off,none,0.551038,0,1,0,cruise
291.950000,-0.000854,,0.983658,0.981158,-1.967191,1.561386,off,none,0.484958,0,1,0,cruise
292.000000,-0.000839,,0.983848,0.980200,-1.967991,1.559789,off,none,0.413535,0,1,0,cruise
292.050000,-0.000893,,0.984468,0.980109,-1.977396,1.561932,off,none,0.311917,0,1,0,cruise
292.100000,-0.000929,,0.983682,0.977591,-1.985469,1.566939,off,none,0.298136,0,1,0,cruise
292.150000,-0.000975,,0.982500,0.976319,-1.996444,1.565318,off,none,0.212967,0,1,0,cruise
292.200000,-0.000852,,0.982845,0.977723,-1.987565,1.561034,off,none,0.241771,0,1,0,cruise
292.250000,-0.000932,,0.982268,0.974716,-1.996801,1.561603,off,none,0.195327,0,1,0,cruise
292.300000,-0.000949,,0.982510,0.975253,-2.001474,1.567486,off,none,0.292613,0,1,0,cruise
292.350000,-0.000922,,0.983132,0.977940,-1.966326,1.582591,off,none,0.154540,0,1,0,cruise
292.400000,-0.000935,,0.983728,0.978246,-1.979458,1.576573,off,none,0.179696,0,1,0,cruise
292.450000,-0.000983,,0.981416,0.973952,-1.990473,1.585511,off,none,0.178107,0,1,0,cruise
292.500000,-0.000912,,0.980280,0.971194,-1.974576,1.580370,off,none,0.181877,0,1,0,cruise
292.550000,-0.001071,,0.984783,0.972360,-1.986631,1.591328,off,none,0.172822,0,1,0,cruise
292.600000,-0.000993,,0.983468,0.972924,-1.991633,1.596610,off,none,0.242870,0,1,0,cruise
292.650000,-0.000952,,0.982196,0.968062,-1.992172,1.598625,off,none,0.200798,0,1,0,cruise
292.700000,-0.001073,,0.985667,0.977509,-1.999939,1.614977,off,none,0.227061,0,1,0,cruise
292.750000,-0.001121,,0.985459,0.978806,-2.009104,1.617108,off,none,0.138202,0,1,0,cruise
292.800000,-0.001082,,0.984127,0.975934,-2.012103,1.618592,off,none,0.171347,0,1,0,cruise
292.850000,-0.001331,,0.984475,0.975036,-2.030732,1.604860,off,none,0.124658,0,1,0,cruise
292.900000,-0.001310,,0.984266,0.978079,-2.025843,1.610270,off,none,0.164712,0,1,0,cruise
292.950000,-0.001363,,0.984904,0.977700,-2.021554,1.607130,off,none,0.192080,0,1,0,cruise
293.000000,-0.001432,,0.984423,0.978498,-1.988861,1.612887,off,none,0.160381,0,1,0,cruise
293.050000,-0.001443,,0.981346,0.976965,-1.998729,1.612062,off,none,0.248776,0,1,0,cruise
293.100000,-0.001435,,0.981754,0.977724,-2.000637,1.610708,off,none,0.214912,0,1,0,cruise
293.150000,-0.001523,,0.982879,0.979343,-2.003661,1.599034,off,none,0.204053,0,1,0,cruise
293.200000,-0.001484,,0.983064,0.980764,-2.003620,1.606472,off,none,0.264250,0,1,0,cruise
293.250000,-0.001542,,0.983778,0.977789,-2.019808,1.594994,off,none,0.288452,0,1,0,cruise
293.300000,-0.001573,,0.983066,0.979272,-2.025321,1.584236,off,none,0.263936,0,1,0,cruise
293.350000,-0.001629,,0.982679,0.979593,-2.032821,1.581058,off,none,0.282973,0,1,0,cruise
293.400000,-0.001603,,0.984474,0.982351,-2.048848,1.583419,off,none,0.321242,0,1,0,cruise
293.450000,-0.001750,,0.985025,0.978859,-2.077378,1.573706,off,none,0.328798,0,1,0,cruise
293.500000,-0.001740,,0.983873,0.979095,-2.086858,1.559479,off,none,0.332984,0,1,0,cruise
293.550000,-0.001801,,0.984879,0.978227,-2.091721,1.565902,off,none,0.352306,0,1,0,cruise
293.600000,-0.001850,,0.984316,0.974716,-2.090160,1.559319,off,none,0.333259,0,1,0,cruise
293.650000,-0.001869,,0.984411,0.976643,-2.102880,1.554184,off,none,0.292344,0,1,0,cruise
293.700000,-0.001938,,0.985170,0.975520,-2.122156,1.557929,off,none,0.323100,0,1,0,cruise
293.750000,-0.001966,,0.985903,0.976695,-2.142977,1.537579,off,none,0.280366,0,1,0,cruise
293.800000,-0.001944,,0.986498,0.975500,-2.152309,1.533146,off,none,0.327080,0,1,0,cruise
293.850000,-0.001928,,0.986367,0.974422,-2.136993,1.529997,off,none,0.309018,0,1,0,cruise
293.900000,-0.001976,,0.985913,0.978291,-2.147287,1.517666,off,none,0.311469,0,1,0,cruise
293.950000,-0.001985,,0.985444,0.976900,-2.150993,1.513928,off,none,0.350880,0,1,0,cruise
294.000000,-0.002048,,0.984756,0.976446,-2.151138,1.505059,off,none,0.336460,0,1,0,cruise
294.050000,-0.001868,,0.982778,0.976913,-2.165574,1.488700,off,none,0.383302,0,1,0,cruise
294.100000,-0.001691,,0.982389,0.975737,-2.180203,1.466375,off,none,0.360606,0,1,0,cruise
294.150000,-0.001775,,0.984730,0.975053,-2.180056,1.478715,off,none,0.385606,0,1,0,cruise
294.200000,-0.001678,,0.985450,0.979980,-2.179831,1.473671,off,none,0.369769,0,1,0,cruise
294.250000,-0.001572,,0.984076,0.977794,-2.175792,1.461399,off,none,0.335301,0,1,0,cruise
294.300000,-0.001591,,0.983047,0.979827,-2.137357,1.472465,off,none,0.405591,0,1,0,cruise
294.350000,-0.001729,,0.984299,0.977387,-2.132266,1.485968,off,none,0.347421,0,1,0,cruise
294.400000,-0.001770,,0.983531,0.972920,-2.144362,1.479322,off,none,0.349036,0,1,0,cruise
294.450000,-0.001733,,0.983398,0.973775,-2.149035,1.486159,off,none,0.298792,0,1,0,cruise
294.500000,-0.001661,,0.984154,0.975105,-2.140109,1.492293,off,none,0.361588,0,1,0,cruise
294.550000,-0.001812,,0.983686,0.973937,-2.136046,1.497765,off,none,0.361756,0,1,0,cruise
294.600000,-0.001819,,0.983569,0.971386,-2.145762,1.494620,off,none,0.477304,0,1,0,cruise
294.650000,-0.001807,,0.984229,0.974518,-2.160415,1.488988,off,none,0.425329,0,1,0,cruise
294.700000,-0.001784,,0.985716,0.979413,-2.178513,1.478169,off,none,0.440217,0,1,0,cruise
294.750000,-0.001756,,0.986981,0.980630,-2.187023,1.468550,off,none,0.419903,0,1,0,cruise
294.800000,-0.001744,,0.986095,0.977509,-2.202168,1.461041,off,none,0.467156,0,1,0,cruise
294.850000,-0.001647,,0.985816,0.975890,-2.223308,1.436557,off,none,0.337957,0,1,0,cruise
294.900000,-0.001646,,0.985878,0.977936,-2.191691,1.430767,off,none,0.343603,0,1,0,cruise
294.950000,-0.001683,,0.984107,0.980067,-2.121684,1.440779,off,none,0.335160,0,1,0,cruise
295.000000,-0.001547,,0.984646,0.979875,-2.139249,1.434938,off,none,0.306197,0,1,0,cruise
295.050000,-0.001385,,0.985804,0.979893,-2.149596,1.434799,off,none,0.337856,0,1,0,cruise
295.100000,-0.001476,,0.985402,0.980891,-2.144937,1.446134,off,none,0.242070,0,1,0,cruise
295.150000,-0.001375,,0.985618,0.982673,-2.133569,1.441731,off,none,0.272328,0,1,0,cruise
295.200000,-0.001439,,0.986864,0.981662,-2.147086,1.439477,off,none,0.330536,0,1,0,cruise
295.250000,-0.001472,,0.984804,0.980370,-2.137321,1.448355,off,none,0.447246,0,1,0,cruise
295.300000,-0.001532,,0.981786,0.973576,-2.128150,1.444441,off,none,0.424865,0,1,0,cruise
295.350000,-0.001539,,0.981081,0.972233,-2.131014,1.437678,off,none,0.392898,0,1,0,cruise
295.400000,-0.001524,,0.979830,0.976839,-2.136417,1.430561,off,none,0.526263,0,1,0,cruise
295.450000,-0.001394,,0.982829,0.979420,-2.135901,1.432417,off,none,0.481997,0,1,0,cruise
295.500000,-0.001265,,0.986690,0.980913,-2.122540,1.431512,off,none,0.469476,0,1,0,cruise
295.550000,-0.001324,,0.986294,0.982115,-2.131956,1.442838,off,none,0.348887,0,1,0,cruise
295.600000,-0.001288,,0.984920,0.983242,-2.117963,1.448362,off,none,0.324718,0,1,0,cruise
295.650000,-0.001357,,0.984879,0.980434,-2.133965,1.454752,off,none,0.304525,0,1,0,cruise
295.700000,-0.001118,,0.986458,0.981976,-2.128699,1.445274,off,none,0.203129,0,1,0,cruise
295.750000,-0.001088,,0.986947,0.981958,-2.099888,1.445726,off,none,0.244311,0,1,0,cruise
295.800000,-0.001126,,0.985301,0.983027,-2.095617,1.445354,off,none,0.255122,0,1,0,cruise
295.850000,-0.001162,,0.982568,0.982400,-2.089448,1.452930,off,none,0.392152,0,1,0,cruise
295.900000,-0.001225,,0.984318,0.980918,-2.099504,1.454966,off,none,0.428957,0,1,0,cruise
295.950000,-0.001161,,0.984246,0.981106,-2.101620,1.459234,off,none,0.442193,0,1,0,cruise
296.000000,-0.001143,,0.983875,0.983096,-2.110047,1.457107,off,none,0.400714,0,1,0,cruise
296.050000,-0.001144,,0.985175,0.983652,-2.115192,1.458262,off,none,0.377722,0,1,0,cruise
296.100000,-0.001057,,0.984813,0.982642,-2.114785,1.460202,off,none,0.298678,0,1,0,cruise
296.150000,-0.001174,,0.985039,0.980797,-2.105210,1.477485,off,none,0.274115,0,1,0,cruise
296.200000,-0.001216,,0.985629,0.982115,-2.104106,1.476201,off,none,0.252255,0,1,0,cruise
296.250000,-0.001109,,0.983898,0.983889,-2.058395,1.490816,off,none,0.353266,0,1,0,cruise
296.300000,-0.001011,,0.984764,0.982793,-2.074650,1.486295,off,none,0.434067,0,1,0,cruise
296.350000,-0.000931,,0.983200,0.982369,-2.076859,1.493101,off,none,0.482047,0,1,0,cruise
296.400000,-0.001164,,0.984188,0.978680,-2.080996,1.506271,off,none,0.362919,0,1,0,cruise
296.450000,-0.001130,,0.983767,0.979861,-2.065756,1.506130,off,none,0.264661,0,1,0,cruise
296.500000,-0.001092,,0.985561,0.983215,-2.062149,1.513449,off,none,0.218978,0,1,0,cruise
296.550000,-0.001194,,0.984565,0.980494,-2.063356,1.522128,off,none,0.258866,0,1,0,cruise
296.600000,-0.001111,,0.982955,0.983433,-2.058391,1.524263,off,none,0.295342,0,1,0,cruise
296.650000,-0.001134,,0.984162,0.982795,-2.087126,1.535663,off,none,0.408081,0,1,0,cruise
296.700000,-0.001136,,0.983916,0.981743,-2.085352,1.543835,off,none,0.340810,0,1,0,cruise
296.750000,-0.000992,,0.983112,0.980336,-2.072211,1.547904,off,none,0.290544,0,1,0,cruise
296.800000,-0.000896,,0.982223,0.979439,-2.061114,1.549751,off,none,0.261975,0,1,0,cruise
296.850000,-0.000961,,0.981750,0.980464,-2.034328,1.555788,off,none,0.210410,0,1,0,cruise
296.900000,-0.000868,,0.982265,0.984421,-2.011914,1.562247,off,none,0.162398,0,1,0,cruise
296.950000,-0.000854,,0.978944,0.984038,-1.995693,1.561476,off,none,0.112253,0,1,0,cruise
297.000000,-0.000792,,0.979491,0.983297,-1.976006,1.568852,off,none,0.062486,0,1,0,cruise
297.050000,-0.000892,,0.979338,0.983023,-1.983502,1.572581,off,none,0.011139,0,1,0,cruise
297.100000,-0.000816,,0.979018,0.983834,-1.980564,1.576985,off,none,-0.036333,0,1,0,cruise
297.150000,-0.000837,,0.979142,0.981394,-1.974829,1.585076,off,none,-0.087737,0,1,0,cruise
297.200000,-0.000844,,0.979007,0.981187,-1.973110,1.591639,off,none,-0.139070,0,1,0,cruise
297.250000,-0.000881,,0.979849,0.982940,-1.990323,1.596379,off,none,-0.188944,0,1,0,cruise
297.300000,-0.000795,,0.979617,0.983335,-1.997474,1.598751,off,none,-0.238190,0,1,0,cruise
297.350000,-0.000731,,0.980116,0.983796,-1.995918,1.598542,off,none,-0.289511,0,1,0,cruise
297.400000,-0.000682,,0.977422,0.982977,-1.989175,1.604414,off,none,-0.338865,0,1,0,cruise
297.450000,-0.000644,,0.976924,0.984336,-1.953679,1.615441,off,none,-0.384993,0,1,0,cruise
297.500000,-0.000605,,0.976625,0.985395,-1.910431,1.630052,off,none,-0.401955,0,1,0,cruise
297.550000,-0.000656,,0.978968,0.985790,-1.917925,1.639452,off,none,-0.402011,0,1,0,cruise
297.600000,-0.000801,,0.982230,0.985220,-1.909227,1.639564,off,none,-0.402842,0,1,0,cruise
297.650000,-0.000753,,0.983694,0.986439,-1.911144,1.652605,off,none,-0.399880,0,1,0,cruise
297.700000,-0.000742,,0.985396,0.985404,-1.913233,1.668201,off,none,-0.397393,0,1,0,cruise
297.750000,-0.000805,,0.981322,0.981314,-1.930940,1.672240,off,none,-0.397752,0,1,0,cruise
297.800000,-0.000796,,0.982334,0.982086,-1.917350,1.671004,off,none,-0.396304,0,1,0,cruise
297.850000,-0.000810,,0.981505,0.979782,-1.921572,1.675135,off,none,-0.401177,0,1,0,cruise
297.900000,-0.000821,,0.983517,0.981360,-1.924707,1.668022,off,none,-0.403598,0,1,0,cruise
297.950000,-0.000872,,0.983192,0.980853,-1.920135,1.671377,off,none,-0.405496,0,1,0,cruise
298.000000,-0.000859,,0.982636,0.983596,-1.921076,1.687291,off,none,-0.401702,0,1,0,cruise
298.050000,-0.000915,,0.985291,0.985024,-1.914697,1.687285,off,none,-0.401121,0,1,0,cruise
298.100000,-0.000905,,0.983131,0.984597,-1.915987,1.690756,off,none,-0.400455,0,1,0,cruise
298.150000,-0.000905,,0.984350,0.985766,-1.929307,1.699029,off,none,-0.398930,0,1,0,cruise
298.200000,-0.000918,,0.985188,0.983346,-1.931976,1.696374,off,none,-0.397738,0,1,0,cruise
298.250000,-0.000859,,0.981353,0.978921,-1.934589,1.698258,off,none,-0.404195,0,1,0,cruise
298.300000,-0.000728,,0.981043,0.979002,-1.933319,1.698674,off,none,-0.475593,0,1,0,cruise
298.350000,-0.000754,,0.978526,0.976770,-1.915045,1.713037,off,none,-0.558049,0,1,0,lead0
298.400000,-0.000813,,0.977415,0.975221,-1.915015,1.704136,off,none,-0.473902,0,1,0,lead0
298.450000,-0.000774,,0.974382,0.970333,-1.922757,1.709868,off,none,-0.484026,0,1,0,lead0
298.500000,-0.000786,,0.971996,0.969705,-1.947381,1.726823,off,none,-0.505306,0,1,0,lead0
298.550000,-0.000945,,0.973665,0.963405,-1.951800,1.736370,off,none,-0.460955,0,1,0,lead0
298.600000,-0.000945,,0.973741,0.960060,-1.955059,1.736335,off,none,-0.752568,0,1,0,lead0
298.650000,-0.000987,,0.972663,0.960511,-1.950644,1.738299,off,none,-0.732961,0,1,0,lead0
298.700000,-0.001046,,0.965790,0.953438,-1.926870,1.753925,off,none,-0.730840,0,1,0,lead0
298.750000,-0.001271,,0.962626,0.937459,-1.916882,1.752121,off,none,-0.688620,0,1,0,lead0
298.800000,-0.001325,,0.958518,0.934379,-1.947250,1.733296,off,none,-0.742818,0,1,0,lead0
298.850000,-0.001390,,0.964090,0.946426,-1.946775,1.723058,off,none,-0.828028,0,1,0,lead0
298.900000,-0.001537,,0.964214,0.945853,-1.964916,1.703281,off,none,-0.761606,0,1,0,lead0
298.950000,-0.001509,,0.958849,0.940535,-1.974408,1.716633,off,none,-0.848614,0,1,0,lead0
299.000000,-0.001514,,0.952809,0.924201,-1.988562,1.703527,off,none,-0.831074,0,1,0,lead0
299.050000,-0.001273,,0.943746,0.932065,-1.981105,1.696095,off,none,-0.748154,0,1,0,lead0
299.100000,-0.001106,,0.951474,0.943986,-1.997756,1.685025,off,none,-0.742276,0,1,0,lead0
299.150000,-0.001249,,0.952967,0.937198,-2.007764,1.682585,off,none,-0.793510,0,1,0,lead0
299.200000,-0.001316,,0.938692,0.913831,-2.009228,1.691766,off,none,-0.877094,0,1,0,lead0
299.250000,-0.001133,,0.937192,0.920873,-2.009507,1.674778,off,none,-0.955576,0,1,0,lead0
299.300000,-0.001452,,0.934219,0.912270,-2.013352,1.683706,off,none,-1.012935,0,1,0,lead0
299.350000,-0.001381,,0.933382,0.905032,-2.017840,1.686421,off,none,-0.938880,0,1,0,lead0
299.400000,-0.001123,,0.929360,0.905012,-2.030135,1.690935,off,none,-0.952803,0,1,0,lead0
299.450000,-0.001360,,0.932860,0.891671,-2.047621,1.699720,off,none,-0.798354,0,1,0,lead0
299.500000,-0.001428,,0.921848,0.881872,-2.032767,1.691361,off,none,-0.911544,0,1,0,lead1
299.550000,-0.001236,,0.932606,0.903081,-2.053705,1.671594,off,none,-0.925251,0,1,0,lead0
299.600000,-0.001123,,0.949689,0.926890,-2.036909,1.669025,off,none,-0.999892,0,1,0,lead0
299.650000,-0.001216,,0.950850,0.899612,-2.039559,1.666254,off,none,-1.010089,0,1,0,lead0
299.700000,-0.001292,,0.952440,0.874447,-2.046194,1.660896,off,none,-0.393542,0,1,0,cruise
299.750000,-0.001321,,0.943571,0.887469,-2.050739,1.665833,off,none,-0.393791,0,0,0,cruise
299.800000,-0.001389,,0.947615,0.866963,-2.062298,1.662437,off,none,-0.390376,0,0,0,cruise
299.850000,-0.001245,,0.947450,0.882743,-2.062828,1.670054,off,none,-0.386903,0,0,0,cruise
299.900000,-0.001304,,0.941104,0.868951,-2.054759,1.667714,off,none,-0.388635,0,0,0,cruise
299.950000,-0.001502,,0.929086,0.817282,-1.999739,1.682627,off,none,-0.390007,0,0,0,cruise
300.000000,-0.001400,,0.939240,0.796229,-1.984451,1.669193,off,none,-0.391802,0,0,0,cruise
300.050000,-0.001239,,0.943603,0.652170,-1.995235,1.658084,off,none,-0.392555,0,0,0,cruise
300.100000,-0.001208,,0.943014,0.557135,-1.996218,1.649327,off,none,-0.393593,0,0,0,cruise
300.150000,-0.001274,,0.951977,0.419379,-2.012434,1.649281,off,none,-0.394123,0,0,0,cruise
300.200000,-0.001194,,0.952777,0.330057,-2.007423,1.669671,off,none,-0.391245,0,0,0,cruise
300.250000,-0.001148,,0.964231,0.344128,-2.021813,1.676956,off,none,-0.386890,0,0,0,cruise
300.300000,-0.000827,,0.954159,0.262110,-2.024977,1.679898,off,none,-0.382486,0,0,0,cruise
300.350000,-0.000916,,0.953407,0.272565,-2.025831,1.679108,off,none,-0.381647,0,0,0,cruise
300.400000,-0.000745,,0.936459,0.314105,-2.017645,1.659286,off,none,-0.374751,0,0,0,cruise
300.450000,-0.000918,,0.941521,0.219707,-2.033891,1.675488,off,none,-0.371291,0,0,0,cruise
300.500000,-0.000908,,0.945780,0.266689,-2.032551,1.664506,off,none,-0.369574,0,0,0,cruise
300.550000,-0.000718,,0.934926,0.218971,-2.033931,1.661375,off,none,-0.366464,0,0,0,cruise
300.600000,-0.000742,,0.930577,0.174312,-1.992794,1.663282,off,none,-0.367905,0,0,0,cruise
300.650000,-0.000745,,0.934955,0.143461,-2.000472,1.712473,off,none,-0.369310,0,0,0,cruise
300.700000,-0.000960,,0.956587,0.179745,-1.991294,1.689475,off,none,-0.370998,0,0,0,cruise
300.750000,-0.000789,,0.956638,0.189730,-1.977585,1.669626,off,none,-0.376730,0,0,0,cruise
300.800000,-0.000749,,0.955830,0.147873,-1.969332,1.672518,off,none,-0.381082,0,0,0,cruise
300.850000,-0.000999,,0.960858,0.117018,-1.991627,1.621714,off,none,-0.384145,0,0,0,cruise
300.900000,-0.000966,,0.968318,0.117962,-2.007498,1.618892,off,none,-0.384965,0,0,0,cruise
300.950000,-0.001320,,0.969954,0.134029,-2.020894,1.626278,off,none,-0.382471,0,0,0,cruise
301.000000,-0.001220,,0.971162,0.183477,-2.032412,1.615414,off,none,-0.379724,0,0,0,cruise
301.050000,-0.001280,,0.962516,0.206488,-2.022958,1.613959,off,none,-0.375955,0,0,0,cruise
301.100000,-0.001202,,0.950136,0.175749,-2.006469,1.620326,off,none,-0.373553,0,0,0,cruise
301.150000,-0.000875,,0.962010,0.162440,-2.016188,1.620263,off,none,-0.369209,0,0,0,cruise
301.200000,-0.000973,,0.973312,0.205051,-2.039150,1.602434,off,none,-0.368413,0,0,0,cruise
301.250000,-0.000961,,0.974864,0.280055,-2.023978,1.604271,off,none,-0.366534,0,0,0,cruise
301.300000,-0.000885,,0.974419,0.267460,-2.016473,1.628481,off,none,-0.362028,0,0,0,cruise
301.350000,-0.001029,,0.975477,0.221457,-2.052422,1.625931,off,none,-0.357554,0,0,0,cruise
301.400000,-0.001119,,0.976052,0.300240,-2.054245,1.632731,off,none,-0.359016,0,0,0,cruise
301.450000,-0.001074,,0.979919,0.388867,-2.031596,1.657188,off,none,-0.359707,0,0,0,cruise
301.500000,-0.001120,,0.981470,0.435231,-2.027841,1.637653,off,none,-0.359364,0,0,0,cruise
301.550000,-0.001119,,0.982414,0.561358,-2.016940,1.612329,off,none,-0.358798,0,0,0,cruise
301.600000,-0.000974,,0.981680,0.655238,-1.994315,1.643583,off,none,-0.359777,0,0,0,cruise
301.650000,-0.000836,,0.982398,0.590967,-2.011161,1.609456,off,none,-0.361052,0,0,0,cruise
301.700000,-0.001061,,0.981714,0.483711,-2.016662,1.576192,off,none,-0.365721,0,0,0,cruise
301.750000,-0.000988,,0.980197,0.499716,-1.988381,1.587822,off,none,-0.369430,0,0,0,cruise
301.800000,-0.000946,,0.982325,0.665382,-1.982796,1.609032,off,none,-0.364887,0,0,0,cruise
301.850000,-0.001073,,0.982611,0.833402,-1.974455,1.623980,off,none,-0.363350,0,0,0,cruise
301.900000,-0.000947,,0.982432,0.873474,-1.956766,1.622096,off,none,-0.360458,0,0,0,cruise
301.950000,-0.000966,,0.983333,0.898796,-1.964193,1.616298,off,none,-0.353673,0,0,0,cruise
302.000000,-0.001053,,0.984710,0.903353,-1.971147,1.624477,off,none,-0.351044,0,0,0,cruise
302.050000,-0.001113,,0.985481,0.904970,-1.969967,1.624423,off,none,-0.349274,0,0,0,cruise
302.100000,-0.000973,,0.984402,0.920346,-1.972304,1.611361,off,none,-0.344639,0,0,0,cruise
302.150000,-0.000863,,0.985099,0.933763,-1.973453,1.603932,off,none,-0.341188,0,0,0,cruise
302.200000,-0.001012,,0.985793,0.929392,-1.980698,1.597600,off,none,-0.339304,0,0,0,cruise
302.250000,-0.000671,,0.985497,0.942379,-1.988791,1.579996,off,none,-0.336599,0,0,0,cruise
302.300000,-0.000616,,0.984947,0.944485,-1.981635,1.570905,off,none,-0.335683,0,0,0,cruise
302.350000,-0.000671,,0.985796,0.946089,-1.982615,1.585938,off,none,-0.327371,0,0,0,cruise
302.400000,-0.000595,,0.986567,0.952377,-1.997455,1.590550,off,none,-0.323526,0,0,0,cruise
302.450000,-0.000676,,0.986476,0.951453,-2.005050,1.618344,off,none,-0.319611,0,0,0,cruise
302.500000,-0.000744,,0.986699,0.948515,-1.995933,1.635642,off,none,-0.317710,0,0,0,cruise
302.550000,-0.000805,,0.986362,0.943547,-1.970426,1.627761,off,none,-0.320075,0,0,0,cruise
302.600000,-0.000883,,0.989954,0.949720,-1.959057,1.609058,off,none,-0.325262,0,0,0,cruise
302.650000,-0.000928,,0.990800,0.953428,-1.941060,1.607223,off,none,-0.332144,0,0,0,cruise
302.700000,-0.000965,,0.990793,0.960270,-1.939603,1.602949,off,none,-0.335873,0,0,0,cruise
302.750000,-0.000983,,0.991599,0.967962,-1.944290,1.600627,off,none,-0.335836,0,0,0,cruise
302.800000,-0.001008,,0.990596,0.969955,-1.947450,1.605845,off,none,-0.336534,0,0,0,cruise
302.850000,-0.000812,,0.991872,0.976966,-1.955347,1.595320,off,none,-0.332496,0,0,0,cruise
302.900000,-0.000778,,0.991662,0.975489,-1.956985,1.592340,off,none,-0.328689,0,0,0,cruise
302.950000,-0.000924,,0.991418,0.976231,-1.957911,1.589157,off,none,-0.321211,0,0,0,cruise
303.000000,-0.000909,,0.990053,0.972321,-1.953922,1.599778,off,none,-0.316873,0,0,0,cruise
303.050000,-0.000820,,0.989652,0.975038,-1.953910,1.602461,off,none,-0.310689,0,0,0,cruise
303.100000,-0.000831,,0.990159,0.978797,-1.949168,1.602928,off,none,-0.306046,0,0,0,cruise
303.150000,-0.000986,,0.990918,0.982864,-1.936338,1.602571,off,none,-0.299972,0,0,0,cruise
303.200000,-0.001040,,0.990574,0.982440,-1.948135,1.604705,off,none,-0.295052,0,0,0,cruise
303.250000,-0.001072,,0.991335,0.980555,-1.935734,1.600245,off,none,-0.295649,0,0,0,cruise
303.300000,-0.000998,,0.990195,0.978208,-1.915958,1.588968,off,none,-0.299604,0,0,0,cruise
303.350000,-0.001095,,0.992000,0.977295,-1.921754,1.580084,off,none,-0.306107,0,0,0,cruise
303.400000,-0.001226,,0.993121,0.978810,-1.896053,1.586071,off,none,-0.309273,0,0,0,cruise
303.450000,-0.001198,,0.993665,0.982463,-1.906558,1.582549,off,none,-0.306907,0,0,0,cruise
303.500000,-0.001191,,0.993751,0.982677,-1.933769,1.594209,off,none,-0.301365,0,0,0,cruise
303.550000,-0.001231,,0.994219,0.983951,-1.952238,1.584129,off,none,-0.300319,0,0,0,cruise
303.600000,-0.001339,,0.994664,0.983506,-1.957994,1.588796,off,none,-0.301223,0,0,0,cruise
303.650000,-0.001253,,0.994459,0.984112,-1.958149,1.594906,off,none,-0.301417,0,0,0,cruise
303.700000,-0.001265,,0.994070,0.985361,-1.937063,1.599764,off,none,-0.302595,0,0,0,cruise
303.750000,-0.001343,,0.993851,0.985124,-1.933790,1.600552,off,none,-0.303187,0,0,0,cruise
303.800000,-0.001275,,0.992713,0.986849,-1.944209,1.614991,off,none,-0.304730,0,0,0,cruise
303.850000,-0.001181,,0.993034,0.987051,-1.915571,1.636241,off,none,-0.304511,0,0,0,cruise
303.900000,-0.001259,,0.993134,0.987752,-1.902462,1.638810,off,none,-0.305853,0,0,0,cruise
303.950000,-0.001185,,0.993638,0.988135,-1.901900,1.654823,off,none,-0.306240,0,0,0,cruise
304.000000,-0.001161,,0.993208,0.986477,-1.889340,1.657347,off,none,-0.309776,0,0,0,cruise
304.050000,-0.001292,,0.992919,0.986419,-1.879353,1.659547,off,none,-0.311413,0,0,0,cruise
304.100000,-0.001207,,0.992759,0.983493,-1.876317,1.660149,off,none,-0.311051,0,0,0,cruise
304.150000,-0.001166,,0.993200,0.983951,-1.875127,1.659643,off,none,-0.310413,0,0,0,cruise
304.200000,-0.001092,,0.993526,0.985079,-1.875647,1.662921,off,none,-0.307837,0,0,0,cruise
304.250000,-0.001054,,0.993892,0.986254,-1.889947,1.669920,off,none,-0.304362,0,0,0,cruise
304.300000,-0.000906,,0.994095,0.987000,-1.888007,1.686072,off,none,-0.302876,0,0,0,cruise
304.350000,-0.000914,,0.992991,0.985442,-1.904960,1.698942,off,none,-0.305287,0,0,0,cruise
304.400000,-0.001009,,0.992290,0.984108,-1.900883,1.697826,off,none,-0.309688,0,0,0,cruise
304.450000,-0.000952,,0.992178,0.980510,-1.897871,1.682748,off,none,-0.315091,0,0,0,cruise
304.500000,-0.000944,,0.993107,0.986787,-1.894400,1.679762,off,none,-0.318907,0,0,0,cruise
304.550000,-0.001121,,0.993232,0.988418,-1.890919,1.681319,off,none,-0.322641,0,0,0,cruise
304.600000,-0.001194,,0.992826,0.987681,-1.909791,1.683763,off,none,-0.324844,0,0,0,cruise
304.650000,-0.001328,,0.993806,0.984743,-1.916865,1.683844,off,none,-0.323555,0,0,0,cruise
304.700000,-0.001205,,0.992047,0.983749,-1.923532,1.699898,off,none,-0.321186,0,0,0,cruise
304.750000,-0.001172,,0.991818,0.982962,-1.910303,1.700080,off,none,-0.321180,0,0,0,cruise
304.800000,-0.001069,,0.990987,0.981307,-1.901089,1.696475,off,none,-0.323966,0,0,0,cruise
304.850000,-0.001246,,0.990816,0.979634,-1.898818,1.696613,off,none,-0.325519,0,0,0,cruise
304.900000,-0.001284,,0.991489,0.980033,-1.891180,1.693394,off,none,-0.325554,0,0,0,cruise
304.950000,-0.001142,,0.989773,0.978263,-1.901769,1.706068,off,none,-0.323353,0,0,0,cruise
305.000000,-0.001136,,0.989657,0.978921,-1.913232,1.704608,off,none,-0.322563,0,0,0,cruise
305.050000,-0.001202,,0.989835,0.979387,-1.927284,1.709409,off,none,-0.322980,0,0,0,cruise
305.100000,-0.001372,,0.987945,0.977147,-1.910990,1.700435,off,none,-0.325149,0,0,0,cruise
305.150000,-0.001170,,0.987777,0.977918,-1.905907,1.693714,off,none,-0.329036,0,0,0,cruise
305.200000,-0.001222,,0.987853,0.975904,-1.912160,1.684127,off,none,-0.329071,0,0,0,cruise
305.250000,-0.001251,,0.987120,0.976065,-1.903029,1.687769,off,none,-0.326412,0,0,0,cruise
305.300000,-0.001049,,0.987143,0.981444,-1.887576,1.684290,off,none,-0.323484,0,0,0,cruise
305.350000,-0.001088,,0.985889,0.985138,-1.892577,1.690948,off,none,-0.320041,0,0,0,cruise
305.400000,-0.001125,,0.985624,0.985652,-1.902779,1.706262,off,none,-0.317060,0,0,0,cruise
305.450000,-0.001147,,0.984338,0.983157,-1.901101,1.707062,off,none,-0.317485,0,0,0,cruise
305.500000,-0.000894,,0.979515,0.976939,-1.871440,1.697609,off,none,-0.312888,0,0,0,cruise
305.550000,-0.001014,,0.986516,0.974909,-1.874701,1.688464,off,none,-0.272855,0,0,0,cruise
305.600000,-0.000970,,0.985579,0.973685,-1.887767,1.675802,off,none,-0.314095,0,0,0,cruise
305.650000,-0.001023,,0.984380,0.971904,-1.895762,1.664018,off,none,-0.313074,0,0,0,cruise
305.700000,-0.001193,,0.986048,0.972323,-1.908578,1.674320,off,none,-0.311411,0,0,0,cruise
305.750000,-0.001380,,0.987995,0.973871,-1.899370,1.667472,off,none,-0.312252,0,0,0,cruise
305.800000,-0.001053,,0.986700,0.972028,-1.893790,1.662241,off,none,-0.313208,0,0,0,cruise
305.850000,-0.001108,,0.986274,0.973608,-1.905924,1.649946,off,none,-0.312184,0,0,0,cruise
305.900000,-0.001555,,0.987289,0.972061,-1.910170,1.652331,off,none,-0.311124,0,0,0,cruise
305.950000,-0.001660,,0.989135,0.975613,-1.903043,1.649390,off,none,-0.310901,0,0,0,cruise
306.000000,-0.001541,,0.985566,0.969878,-1.903712,1.653782,off,none,-0.315629,0,0,0,cruise
306.050000,-0.001347,,0.987415,0.973775,-1.922695,1.649211,off,none,-0.315451,0,0,0,cruise
306.100000,-0.001692,,0.986107,0.970723,-1.932947,1.642632,off,none,-0.316267,0,0,0,cruise
306.150000,-0.001671,,0.984603,0.968464,-1.936360,1.638920,off,none,-0.315239,0,0,0,cruise
306.200000,-0.001576,,0.981629,0.963129,-1.947788,1.638953,off,none,-0.312525,0,0,0,cruise
306.250000,-0.001658,,0.980526,0.959655,-1.957916,1.630195,off,none,-0.306294,0,0,0,cruise
306.300000,-0.001625,,0.977261,0.953965,-1.954162,1.623934,off,none,-0.257217,0,0,0,cruise
306.350000,-0.001374,,0.977802,0.957269,-1.951993,1.609092,off,none,-0.207607,0,0,0,cruise
306.400000,-0.001274,,0.969549,0.947343,-1.955821,1.591652,off,none,-0.156300,0,0,0,cruise
306.450000,-0.001383,,0.969797,0.948412,-1.949906,1.590270,off,none,-0.106790,0,0,0,cruise
306.500000,-0.001579,,0.964028,0.936199,-1.948668,1.587965,off,none,-0.065693,0,0,0,cruise
306.550000,-0.001571,,0.967342,0.937988,-1.964776,1.583906,off,none,-0.107516,0,0,0,cruise
306.600000,-0.001437,,0.966064,0.940564,-1.966794,1.587742,off,none,-0.067764,0,0,0,cruise
306.650000,-0.001514,,0.970849,0.950824,-1.976077,1.592420,off,none,-0.117710,0,0,0,cruise
306.700000,-0.001612,,0.972452,0.948659,-1.983368,1.588249,off,none,-0.167372,0,0,0,cruise
306.750000,-0.001816,,0.967433,0.938359,-1.979031,1.589561,off,none,-0.206228,0,0,0,cruise
306.800000,-0.001606,,0.960943,0.922488,-1.976505,1.583974,off,none,-0.166170,0,0,0,cruise
306.850000,-0.001440,,0.961058,0.932788,-1.975717,1.577877,off,none,-0.215996,0,0,0,cruise
306.900000,-0.001734,,0.959658,0.931223,-1.970114,1.589547,off,none,-0.266027,0,0,0,cruise
306.950000,-0.001770,,0.956166,0.932072,-1.973172,1.589069,off,none,-0.313265,0,0,0,cruise
307.000000,-0.001724,,0.949904,0.927447,-1.974190,1.591748,off,none,-0.321355,0,0,0,cruise
307.050000,-0.001441,,0.949651,0.928527,-1.987806,1.591601,off,none,-0.281860,0,0,0,cruise
307.100000,-0.001529,,0.944538,0.925407,-1.993931,1.587990,off,none,-0.328292,0,0,0,cruise
307.150000,-0.001548,,0.941554,0.918511,-1.993450,1.574885,off,none,-0.335090,0,0,0,cruise
307.200000,-0.001693,,0.938767,0.912605,-1.997701,1.577098,off,none,-0.331148,0,0,0,cruise
307.250000,-0.001508,,0.919048,0.890290,-2.000965,1.566866,off,none,-0.290962,0,0,0,cruise
307.300000,-0.001317,,0.930649,0.903559,-1.995676,1.554120,off,none,-0.337763,0,0,0,cruise
307.350000,-0.001465,,0.941009,0.914268,-1.998299,1.556213,off,none,-0.337487,0,0,0,cruise
307.400000,-0.001616,,0.946769,0.915755,-2.006384,1.562927,off,none,-0.334729,0,0,0,cruise
307.450000,-0.001479,,0.937683,0.908249,-2.008931,1.557064,off,none,-0.330351,0,0,0,cruise
307.500000,-0.001409,,0.933825,0.905448,-2.002667,1.563998,off,none,-0.289329,0,0,0,cruise
307.550000,-0.001525,,0.941725,0.911695,-1.999899,1.562255,off,none,-0.334804,0,0,0,cruise
307.600000,-0.001664,,0.945443,0.910483,-1.997459,1.554288,off,none,-0.338531,0,0,0,cruise
307.650000,-0.001692,,0.939012,0.904169,-1.990990,1.556837,off,none,-0.337806,0,0,0,cruise
307.700000,-0.001636,,0.938001,0.906308,-1.997677,1.561029,off,none,-0.335458,0,0,0,cruise
307.750000,-0.001566,,0.940602,0.906452,-2.002572,1.569305,off,none,-0.336447,0,0,0,cruise
307.800000,-0.001391,,0.936483,0.901804,-2.005183,1.568014,off,none,-0.336801,0,0,0,cruise
307.850000,-0.001541,,0.926178,0.897488,-2.007153,1.556175,off,none,-0.336995,0,0,0,cruise
307.900000,-0.001444,,0.932571,0.905613,-2.002016,1.553633,off,none,-0.337548,0,0,0,cruise
307.950000,-0.001352,,0.911054,0.886589,-2.004169,1.545990,off,none,-0.339724,0,0,0,cruise
308.000000,-0.001428,,0.908421,0.881529,-2.018520,1.552371,off,none,-0.335200,0,0,0,cruise
308.050000,-0.001323,,0.915257,0.889147,-2.029297,1.570508,off,none,-0.330610,0,0,0,cruise
308.100000,-0.001337,,0.923342,0.897918,-2.031393,1.571174,off,none,-0.329021,0,0,0,cruise
308.150000,-0.001291,,0.918675,0.885984,-2.026368,1.578537,off,none,-0.329411,0,0,0,cruise
308.200000,-0.000997,,0.916935,0.887033,-2.025315,1.575585,off,none,-0.328113,0,0,0,cruise
308.250000,-0.000949,,0.927288,0.903142,-2.017626,1.581236,off,none,-0.329671,0,0,0,cruise
308.300000,-0.001174,,0.895615,0.869958,-2.018825,1.590667,off,none,-0.335103,0,0,0,cruise
308.350000,-0.001095,,0.886524,0.858997,-2.023413,1.578341,off,none,-0.336945,0,0,0,cruise
308.400000,-0.000955,,0.903242,0.874918,-2.008889,1.580518,off,none,-0.338579,0,0,0,cruise
308.450000,-0.000940,,0.908812,0.876365,-2.020964,1.585634,off,none,-0.344838,0,0,0,cruise
308.500000,-0.000972,,0.905117,0.870657,-2.006915,1.585319,off,none,-0.347032,0,0,0,cruise
308.550000,-0.000892,,0.904013,0.870875,-2.003458,1.591431,off,none,-0.346650,0,0,0,cruise
308.600000,-0.000721,,0.925025,0.887816,-2.007190,1.583937,off,none,-0.347552,0,0,0,cruise
308.650000,-0.000870,,0.939740,0.901743,-1.995953,1.608296,off,none,-0.350184,0,0,0,cruise
308.700000,-0.000947,,0.921517,0.888018,-1.981524,1.627711,off,none,-0.355258,0,0,0,cruise
308.750000,-0.000950,,0.904879,0.873000,-1.962084,1.633581,off,none,-0.355055,0,0,0,cruise
308.800000,-0.000920,,0.894571,0.867733,-1.959442,1.638891,off,none,-0.347881,0,0,0,cruise
308.850000,-0.000844,,0.915815,0.893195,-1.952681,1.643272,off,none,-0.299080,0,0,0,cruise
308.900000,-0.000818,,0.890899,0.870986,-1.950556,1.653608,off,none,-0.249111,0,0,0,cruise
308.950000,-0.000758,,0.890358,0.876609,-1.929615,1.665155,off,none,-0.199244,0,0,0,cruise
309.000000,-0.000704,,0.893493,0.887409,-1.920924,1.662592,off,none,-0.149701,0,0,0,cruise
309.050000,-0.000596,,0.893376,0.883147,-1.915946,1.670155,off,none,-0.109198,0,0,0,cruise
309.100000,-0.000548,,0.902252,0.893415,-1.905423,1.672769,off,none,-0.158798,0,0,0,cruise
309.150000,-0.000768,,0.906573,0.893865,-1.888607,1.687875,off,none,-0.198858,0,0,0,cruise
309.200000,-0.000715,,0.888618,0.881431,-1.882125,1.687538,off,none,-0.149376,0,0,0,cruise
309.250000,-0.000679,,0.883204,0.881685,-1.880441,1.687566,off,none,-0.107714,0,0,0,cruise
309.300000,-0.000837,,0.898071,0.892695,-1.865339,1.714064,off,none,-0.157953,0,0,0,cruise
309.350000,-0.000736,,0.901597,0.893894,-1.860913,1.714284,off,none,-0.198449,0,0,0,cruise
309.400000,-0.001001,,0.872946,0.856131,-1.854571,1.739229,off,none,-0.149245,0,0,0,cruise
309.450000,-0.000786,,0.845941,0.842204,-1.852272,1.727967,off,none,-0.097663,0,0,0,cruise
309.500000,-0.000603,,0.806541,0.827988,-1.842855,1.718810,off,none,-0.049370,0,0,0,cruise
309.550000,-0.000813,,0.803794,0.829856,-1.828707,1.719130,off,none,0.001616,0,0,0,cruise
309.600000,-0.000717,,0.775101,0.801628,-1.831951,1.713356,off,none,0.050627,0,0,0,cruise
309.650000,-0.000904,,0.737690,0.766810,-1.827991,1.740121,off,none,0.102542,0,0,0,cruise
309.700000,-0.000927,,0.771789,0.800401,-1.810966,1.756277,off,none,0.151162,0,0,0,cruise
309.750000,-0.001181,,0.809617,0.818272,-1.810290,1.759015,off,none,0.191107,0,0,0,cruise
309.800000,-0.000981,,0.813283,0.824144,-1.817340,1.769633,off,none,0.142214,0,0,0,cruise
309.850000,-0.000839,,0.792660,0.819325,-1.830301,1.767062,off,none,0.091721,0,0,0,cruise
309.900000,-0.001161,,0.715061,0.750117,-1.827677,1.768620,off,none,0.042430,0,0,0,cruise
309.950000,-0.001315,,0.674155,0.723874,-1.820290,1.747349,off,none,0.000821,0,0,0,cruise
310.000000,-0.001484,,0.669385,0.700751,-1.805687,1.744126,off,none,0.052034,0,0,0,cruise
310.050000,-0.001594,,0.662677,0.705993,-1.821212,1.748960,off,none,0.100762,0,0,0,cruise
310.100000,-0.001620,,0.604219,0.644700,-1.829520,1.761702,off,none,0.150448,0,0,0,cruise
310.150000,-0.001874,,0.578917,0.638690,-1.816456,1.769702,off,none,0.201083,0,0,0,cruise
310.200000,-0.001709,,0.617286,0.644271,-1.804200,1.744730,off,none,0.252103,0,0,0,cruise
310.250000,-0.001363,,0.603430,0.635404,-1.812207,1.724987,off,none,0.299859,0,0,0,cruise
310.300000,-0.001434,,0.598341,0.633674,-1.802130,1.739099,off,none,0.352470,0,0,0,cruise
310.350000,-0.001500,,0.579849,0.621766,-1.796424,1.729858,off,none,0.402307,0,0,0,cruise
310.400000,-0.001484,,0.583843,0.599550,-1.781185,1.736894,off,none,0.452129,0,0,0,cruise
310.450000,-0.001574,,0.565624,0.602932,-1.777852,1.738472,off,none,0.501093,0,0,0,cruise
310.500000,-0.002436,,0.560051,0.606900,-1.776977,1.760328,off,none,0.550692,0,0,0,cruise
310.550000,-0.002479,,0.583594,0.617040,-1.727910,1.755178,off,none,0.602302,0,0,0,cruise
310.600000,-0.002385,,0.581687,0.605626,-1.706488,1.747215,off,none,0.651510,0,0,0,cruise
310.650000,-0.002473,,0.594529,0.609638,-1.732098,1.738447,off,none,0.701027,0,0,0,cruise
310.700000,-0.002543,,0.624310,0.579376,-1.744797,1.698617,off,none,0.750675,0,0,0,cruise
310.750000,-0.002998,,0.594543,0.573574,-1.764453,1.719596,off,none,0.800752,0,0,0,cruise
310.800000,-0.002869,,0.569526,0.569497,-1.775856,1.704161,off,none,0.847898,0,0,0,cruise
310.850000,-0.003000,,0.565945,0.572623,-1.807788,1.684442,off,none,0.869494,0,0,0,cruise
310.900000,-0.003398,,0.639535,0.634265,-1.829242,1.664345,off,none,0.935670,0,0,0,cruise
310.950000,-0.004047,,0.626840,0.617095,-1.863503,1.630383,off,none,0.951717,0,0,0,cruise
311.000000,-0.003645,,0.556358,0.584296,-1.883981,1.625012,off,none,0.847152,0,0,0,cruise
311.050000,-0.004108,,0.564099,0.595698,-1.901674,1.635380,off,none,0.804108,0,0,0,cruise
311.100000,-0.004498,,0.558048,0.581532,-1.923800,1.627865,off,none,0.907729,0,0,0,cruise
311.150000,-0.004992,,0.579128,0.590937,-1.955659,1.610899,off,none,1.000173,0,0,0,cruise
311.200000,-0.004951,,0.541382,0.546412,-1.995147,1.585658,off,none,0.987974,0,0,0,cruise
311.250000,-0.004197,,0.559462,0.548722,-1.967063,1.564730,off,none,0.953436,0,0,0,cruise
311.300000,-0.004286,,0.605116,0.578967,-1.958270,1.533174,off,none,1.050855,0,0,0,cruise
311.350000,-0.004942,,0.593966,0.525289,-1.943285,1.514932,off,none,1.074391,0,0,0,cruise
311.400000,-0.004993,,0.638497,0.567201,-1.949400,1.505010,off,none,1.027716,0,0,0,cruise
311.450000,-0.004817,,0.672711,0.595284,-1.964985,1.484599,off,none,0.928663,0,0,0,cruise
311.500000,-0.004789,,0.663643,0.601191,-1.959968,1.493225,off,none,1.095457,0,0,0,cruise
311.550000,-0.004640,,0.664640,0.605708,-1.948135,1.479544,off,none,1.134201,0,0,0,cruise
311.600000,-0.004658,,0.704517,0.664660,-1.962942,1.457977,off,none,1.107896,0,0,0,cruise
311.650000,-0.005186,,0.726408,0.712080,-2.020858,1.475274,off,none,1.158038,0,0,0,cruise
311.700000,-0.005057,,0.709018,0.688964,-2.053030,1.439743,off,none,1.193388,0,0,0,cruise
311.750000,-0.004485,,0.732817,0.729096,-2.036198,1.417538,off,none,1.192324,0,0,0,cruise
311.800000,-0.003507,,0.702739,0.735756,-1.987263,1.432679,off,none,1.191282,0,0,0,cruise
311.850000,-0.003620,,0.694614,0.734538,-1.983299,1.418640,off,none,1.190244,0,0,0,cruise
311.900000,-0.003825,,0.677865,0.719157,-2.033506,1.414811,off,none,1.189438,0,0,0,cruise
311.950000,-0.003938,,0.690132,0.715950,-2.070073,1.375133,off,none,1.188194,0,0,0,cruise
312.000000,-0.003954,,0.675968,0.712140,-2.089502,1.366320,off,none,1.187000,0,0,0,cruise
312.050000,-0.003679,,0.659950,0.708404,-2.107504,1.356992,off,none,1.185843,0,0,0,cruise
312.100000,-0.003890,,0.679288,0.704415,-2.124349,1.333828,off,none,1.184847,0,0,0,cruise
312.150000,-0.003408,,0.691782,0.733251,-2.124722,1.313689,off,none,1.183537,0,0,0,cruise
312.200000,-0.002741,,0.674718,0.738896,-2.127434,1.285875,off,none,1.182542,0,0,0,cruise
312.250000,-0.002429,,0.613828,0.711346,-2.130540,1.292090,off,none,1.180866,0,0,0,cruise
312.300000,-0.002208,,0.633922,0.725731,-2.128037,1.270981,off,none,1.179029,0,0,0,cruise
312.350000,-0.002238,,0.663889,0.716430,-2.159498,1.237106,off,none,1.177871,0,0,0,cruise
312.400000,-0.002468,,0.643544,0.708975,-2.122377,1.272936,off,none,1.176723,0,0,0,cruise
312.450000,-0.002416,,0.667233,0.696652,-2.153132,1.250036,off,none,1.175486,0,0,0,cruise
312.500000,-0.002070,,0.677545,0.719375,-2.145398,1.213008,off,none,1.174100,0,0,0,cruise
312.550000,-0.001938,,0.691991,0.741498,-2.097824,1.233596,off,none,1.173025,0,0,0,cruise
312.600000,-0.001589,,0.710028,0.760714,-2.090236,1.243461,off,none,1.171053,0,0,0,cruise
312.650000,-0.001517,,0.738478,0.779322,-2.101070,1.239862,off,none,1.169285,0,0,0,cruise
312.700000,-0.001735,,0.749987,0.781972,-2.109364,1.216949,off,none,1.167883,0,0,0,cruise
312.750000,-0.001074,,0.743963,0.799889,-2.099376,1.223197,off,none,1.166612,0,0,0,cruise
312.800000,-0.000633,,0.742601,0.797949,-2.150540,1.223056,off,none,1.164597,0,0,0,cruise
312.850000,-0.000391,,0.728743,0.797222,-2.134773,1.218285,off,none,1.163278,0,0,0,cruise
312.900000,-0.000539,,0.725506,0.786032,-2.149418,1.261419,off,none,1.162207,0,0,0,cruise
312.950000,-0.000526,,0.747505,0.779023,-2.145198,1.263677,off,none,1.161027,0,0,0,cruise
313.000000,-0.000031,,0.751138,0.791403,-2.162315,1.216896,off,none,1.159468,0,0,0,cruise
313.050000,0.000064,,0.751987,0.791456,-2.172763,1.215474,off,none,1.157339,0,0,0,cruise
313.100000,0.000302,,0.763703,0.813721,-2.192637,1.202735,off,none,1.154474,0,0,0,cruise
313.150000,0.000334,,0.739547,0.812142,-2.172154,1.198329,off,none,1.152139,0,0,0,cruise
313.200000,0.000327,,0.759087,0.800318,-2.183917,1.199663,off,none,1.150032,0,0,0,cruise
313.250000,0.000571,,0.748266,0.767047,-2.208049,1.174778,off,none,1.148266,0,0,0,cruise
313.300000,0.000817,,0.736866,0.803968,-2.185279,1.204801,off,none,1.146163,0,0,0,cruise
313.350000,0.000870,,0.750582,0.827706,-2.183047,1.214412,off,none,1.144582,0,0,0,cruise
313.400000,0.000865,,0.751696,0.778453,-2.191312,1.200963,off,none,1.142841,0,0,0,cruise
313.450000,0.000877,,0.770318,0.811940,-2.195574,1.167849,off,none,1.140349,0,0,0,cruise
313.500000,0.000961,,0.783959,0.815015,-2.182168,1.155351,off,none,1.137841,0,0,0,cruise
313.550000,0.000954,,0.811303,0.809869,-2.235828,1.120425,off,none,1.135650,0,0,0,cruise
313.600000,0.000730,,0.791969,0.794081,-2.275564,1.131730,off,none,1.133801,0,0,0,cruise
313.650000,0.001122,,0.774350,0.812051,-2.248231,1.112927,off,none,1.131899,0,0,0,cruise
313.700000,0.001255,,0.760914,0.752504,-2.199530,1.081592,off,none,1.130055,0,0,0,cruise
313.750000,0.001154,,0.749720,0.680941,-2.214456,1.033972,off,none,1.128283,0,0,0,cruise
313.800000,0.001180,,0.759996,0.706485,-2.239813,1.038989,off,none,1.126062,0,0,0,cruise
313.850000,0.001345,,0.763875,0.724585,-2.279979,1.038957,off,none,1.123707,0,0,0,cruise
313.900000,0.001545,,0.777806,0.765707,-2.242608,1.023131,off,none,1.121646,0,0,0,cruise
313.950000,0.001501,,0.778643,0.780282,-2.227914,1.012338,off,none,1.119692,0,0,0,cruise
314.000000,0.001512,,0.804665,0.821451,-2.210569,1.005331,off,none,1.118088,0,0,0,cruise
314.050000,0.001327,,0.811755,0.841098,-2.220203,1.005710,off,none,1.116182,0,0,0,cruise
314.100000,0.001265,,0.821295,0.839233,-2.258246,0.997246,off,none,1.114067,0,0,0,cruise
314.150000,0.001174,,0.839186,0.861062,-2.226580,1.000708,off,none,1.112517,0,0,0,cruise
314.200000,0.000942,,0.864831,0.896752,-2.205796,0.996265,off,none,1.110759,0,0,0,cruise
314.250000,0.001276,,0.890008,0.908714,-2.123205,0.987859,off,none,1.109002,0,0,0,cruise
314.300000,0.001097,,0.911092,0.923072,-2.102067,0.985544,off,none,1.107076,0,0,0,cruise
314.350000,0.001295,,0.914683,0.936707,-2.130341,1.009392,off,none,1.104319,0,0,0,cruise
314.400000,0.001061,,0.929476,0.953808,-2.133062,1.065411,off,none,1.102112,0,0,0,cruise
314.450000,0.001010,,0.911842,0.946839,-2.041208,1.077514,off,none,1.100542,0,0,0,cruise
314.500000,0.000936,,0.909962,0.940406,-2.055535,1.080061,off,none,1.099223,0,0,0,cruise
314.550000,0.001100,,0.913656,0.934139,-2.024965,1.076963,off,none,1.097080,0,0,0,cruise
314.600000,0.001037,,0.929827,0.956105,-2.063532,1.125255,off,none,1.095333,0,0,0,cruise
314.650000,0.000770,,0.939750,0.960706,-2.093912,1.172545,off,none,1.093406,0,0,0,cruise
314.700000,0.000812,,0.942138,0.960067,-2.045048,1.168474,off,none,1.091627,0,0,0,cruise
314.750000,0.000768,,0.949665,0.956235,-2.048245,1.168017,off,none,1.090635,0,0,0,cruise
314.800000,0.000781,,0.950934,0.958325,-2.067162,1.178363,off,none,1.088951,0,0,0,cruise
314.850000,0.000807,,0.947536,0.962133,-2.064286,1.220928,off,none,1.087276,0,0,0,cruise
314.900000,0.000732,,0.945669,0.960158,-2.079347,1.252121,off,none,1.085672,0,0,0,cruise
314.950000,0.000736,,0.945911,0.962825,-2.054116,1.264381,off,none,1.083712,0,0,0,cruise
315.000000,0.000675,,0.944732,0.959441,-2.042711,1.251986,off,none,1.082360,0,0,0,cruise
315.050000,0.000632,,0.945790,0.962698,-2.023793,1.281772,off,none,1.080611,0,0,0,cruise
315.100000,0.000610,,0.952378,0.968528,-2.022704,1.312843,off,none,1.078431,0,0,0,cruise
315.150000,0.000642,,0.951085,0.967718,-1.985217,1.321679,off,none,1.076758,0,0,0,cruise
315.200000,0.000523,,0.957833,0.970656,-1.980972,1.321035,off,none,1.075227,0,0,0,cruise
315.250000,0.000472,,0.953807,0.968101,-1.984895,1.321527,off,none,1.073225,0,0,0,cruise
315.300000,0.000368,,0.955490,0.967986,-1.983303,1.348871,off,none,1.071921,0,0,0,cruise
315.350000,0.000309,,0.950308,0.973719,-1.959819,1.380455,off,none,1.070654,0,0,0,cruise
315.400000,0.000173,,0.946933,0.977137,-1.932401,1.397022,off,none,1.068827,0,0,0,cruise
315.450000,-0.000005,,0.949380,0.977489,-1.917670,1.410088,off,none,1.066846,0,0,0,cruise
315.500000,-0.000027,,0.947545,0.975141,-1.951317,1.402038,off,none,1.064934,0,0,0,cruise
315.550000,-0.000017,,0.953045,0.971464,-1.946267,1.396631,off,none,1.063518,0,0,0,cruise
315.600000,0.000047,,0.956496,0.975120,-1.938171,1.426051,off,none,1.062393,0,0,0,cruise
315.650000,-0.000005,,0.961869,0.976722,-1.932820,1.444480,off,none,1.060535,0,0,0,cruise
315.700000,-0.000194,,0.965309,0.979787,-1.920334,1.456701,off,none,1.059228,0,0,0,cruise
315.750000,-0.000302,,0.961204,0.976505,-1.913351,1.456848,off,none,1.057262,0,0,0,cruise
315.800000,-0.000363,,0.959006,0.972233,-1.890344,1.473040,off,none,1.056036,0,0,0,cruise
315.850000,-0.000297,,0.960511,0.974868,-1.880222,1.479521,off,none,1.054886,0,0,0,cruise
315.900000,-0.000287,,0.960008,0.976001,-1.881943,1.489397,off,none,1.053708,0,0,0,cruise
315.950000,-0.000482,,0.964203,0.972160,-1.883692,1.509781,off,none,1.052298,0,0,0,cruise
316.000000,-0.000642,,0.968479,0.975384,-1.882229,1.514095,off,none,1.050003,0,0,0,cruise
316.050000,-0.000625,,0.962600,0.974445,-1.907076,1.517750,off,none,1.048868,0,0,0,cruise
316.100000,-0.000667,,0.963947,0.969190,-1.924024,1.528707,off,none,1.047622,0,0,0,cruise
316.150000,-0.000791,,0.971644,0.971037,-1.916833,1.548024,off,none,1.046718,0,0,0,cruise
316.200000,-0.000985,,0.971742,0.973871,-1.882871,1.544038,off,none,1.045398,0,0,0,cruise
316.250000,-0.000965,,0.969684,0.977539,-1.865650,1.535665,off,none,1.044134,0,0,0,cruise
316.300000,-0.000943,,0.964727,0.977448,-1.882239,1.525954,off,none,1.042372,0,0,0,cruise
316.350000,-0.001240,,0.967785,0.971915,-1.896548,1.533665,off,none,1.041099,0,0,0,cruise
316.400000,-0.001239,,0.965365,0.970020,-1.905975,1.533836,off,none,1.039480,0,0,0,cruise
316.450000,-0.001055,,0.965789,0.971987,-1.891807,1.521821,off,none,1.038987,0,0,0,cruise
316.500000,-0.001246,,0.970275,0.974218,-1.873259,1.513731,off,none,1.037036,0,0,0,cruise
316.550000,-0.001496,,0.978438,0.977075,-1.884208,1.507947,off,none,1.036040,0,0,0,cruise
316.600000,-0.001527,,0.978893,0.975817,-1.891007,1.520430,off,none,1.034986,0,0,0,cruise
316.650000,-0.001511,,0.978420,0.976564,-1.895598,1.526046,off,none,1.033372,0,0,0,cruise
316.700000,-0.001510,,0.977681,0.976912,-1.898095,1.532039,off,none,1.031853,0,0,0,cruise
316.750000,-0.001543,,0.976050,0.973043,-1.914873,1.539443,off,none,1.030722,0,0,0,cruise
316.800000,-0.001588,,0.974343,0.970580,-1.923562,1.524024,off,none,1.029356,0,0,0,cruise
316.850000,-0.001607,,0.974933,0.972929,-1.927281,1.516821,off,none,1.028147,0,0,0,cruise
316.900000,-0.001685,,0.974429,0.972427,-1.941167,1.513639,off,none,1.027123,0,0,0,cruise
316.950000,-0.001755,,0.978457,0.974349,-1.946443,1.506312,off,none,1.025572,0,0,0,cruise
317.000000,-0.001780,,0.979169,0.974030,-1.955477,1.508740,off,none,1.024604,0,0,0,cruise
317.050000,-0.001843,,0.978596,0.975873,-1.968238,1.505555,off,none,1.023029,0,0,0,cruise
317.100000,-0.001852,,0.978323,0.974424,-1.967201,1.498708,off,none,1.021717,0,0,0,cruise
317.150000,-0.001808,,0.975784,0.971039,-1.979157,1.486143,off,none,1.020357,0,0,0,cruise
317.200000,-0.001764,,0.975596,0.973397,-1.977784,1.480854,off,none,1.019052,0,0,0,cruise
317.250000,-0.001800,,0.976511,0.973627,-1.977852,1.480659,off,none,1.017867,0,0,0,cruise
317.300000,-0.001758,,0.974058,0.972577,-1.977366,1.465249,off,none,1.016623,0,0,0,cruise
317.350000,-0.001961,,0.977732,0.972283,-1.984742,1.457903,off,none,1.015047,0,0,0,cruise
317.400000,-0.002064,,0.976382,0.970860,-2.000938,1.436680,off,none,1.014252,0,0,0,cruise
317.450000,-0.001986,,0.975783,0.968794,-2.003769,1.431806,off,none,1.012486,0,0,0,cruise
317.500000,-0.002082,,0.979267,0.972516,-2.031525,1.434495,off,none,1.011132,0,0,0,cruise
317.550000,-0.002126,,0.979589,0.970358,-2.053428,1.422586,off,none,1.010190,0,0,0,cruise
317.600000,-0.002097,,0.979702,0.968039,-2.055068,1.416559,off,none,1.008852,0,0,0,cruise
317.650000,-0.002029,,0.979210,0.968992,-2.035492,1.413355,off,none,1.008043,0,0,0,cruise
317.700000,-0.002049,,0.979797,0.969576,-2.044079,1.397420,off,none,1.007429,0,0,0,cruise
317.750000,-0.002064,,0.980954,0.974382,-2.048295,1.393207,off,none,1.005862,0,0,0,cruise
317.800000,-0.002082,,0.981362,0.974211,-2.064159,1.393258,off,none,1.004624,0,0,0,cruise
317.850000,-0.002259,,0.982511,0.974393,-2.068402,1.395027,off,none,1.003576,0,0,0,cruise
317.900000,-0.002166,,0.981183,0.973719,-2.065431,1.394215,off,none,1.002358,0,0,0,cruise
317.950000,-0.002102,,0.981066,0.973478,-2.065160,1.388673,off,none,1.000930,0,0,0,cruise
318.000000,-0.002116,,0.984040,0.977839,-2.058286,1.388197,off,none,1.000255,0,0,0,cruise
318.050000,-0.002029,,0.983781,0.976998,-2.060755,1.400045,off,none,0.999193,0,0,0,cruise
318.100000,-0.002085,,0.981571,0.974182,-2.068369,1.394830,off,none,0.998081,0,0,0,cruise
318.150000,-0.002007,,0.981275,0.973719,-2.060955,1.398008,off,none,0.996962,0,0,0,cruise
318.200000,-0.001826,,0.982946,0.977020,-2.063368,1.401972,off,none,0.995935,0,0,0,cruise
318.250000,-0.001846,,0.984710,0.978776,-2.069784,1.400878,off,none,0.994381,0,0,0,cruise
318.300000,-0.001714,,0.983289,0.976749,-2.056452,1.403805,off,none,0.993281,0,0,0,cruise
318.350000,-0.001652,,0.981237,0.978180,-2.042946,1.410401,off,none,0.992810,0,0,0,cruise
318.400000,-0.001743,,0.979187,0.974174,-2.042766,1.415462,off,none,0.992017,0,0,0,cruise
318.450000,-0.001534,,0.978464,0.975216,-2.039156,1.420053,off,none,0.990653,0,0,0,cruise
318.500000,-0.001553,,0.978435,0.975815,-2.034860,1.424505,off,none,0.989267,0,0,0,cruise
318.550000,-0.001642,,0.983323,0.980414,-2.034275,1.426418,off,none,0.988386,0,0,0,cruise
318.600000,-0.001518,,0.983327,0.980302,-2.028152,1.436148,off,none,0.987653,0,0,0,cruise
318.650000,-0.001439,,0.983251,0.978890,-2.025773,1.435394,off,none,0.986174,0,0,0,cruise
318.700000,-0.001383,,0.983116,0.978328,-2.010503,1.443246,off,none,0.984669,0,0,0,cruise
318.750000,-0.001360,,0.981862,0.977705,-2.007570,1.447230,off,none,0.983908,0,0,0,cruise
318.800000,-0.001269,,0.982698,0.977293,-2.013911,1.448944,off,none,0.982998,0,0,0,cruise
318.850000,-0.001083,,0.982255,0.978830,-2.004230,1.450779,off,none,0.981846,0,0,0,cruise
318.900000,-0.001133,,0.984112,0.978834,-2.008860,1.455570,off,none,0.980775,0,0,0,cruise
318.950000,-0.001273,,0.984834,0.979152,-2.007353,1.461486,off,none,0.979296,0,0,0,cruise
319.000000,-0.001166,,0.984574,0.981614,-1.976686,1.475435,off,none,0.978498,0,0,0,cruise
319.050000,-0.001114,,0.983642,0.982449,-1.952405,1.489820,off,none,0.977590,0,0,0,cruise
319.100000,-0.001183,,0.985810,0.983634,-1.931871,1.495330,off,none,0.976181,0,0,0,cruise
319.150000,-0.001270,,0.986034,0.980740,-1.953261,1.489606,off,none,0.974484,0,0,0,cruise
319.200000,-0.001223,,0.986670,0.981944,-1.951273,1.492642,off,none,0.973655,0,0,0,cruise
319.250000,-0.001211,,0.985258,0.979765,-1.951997,1.495807,off,none,0.972868,0,0,0,cruise
319.300000,-0.001166,,0.985161,0.979035,-1.942945,1.496755,off,none,0.972444,0,0,0,cruise
319.350000,-0.001197,,0.985561,0.977583,-1.945710,1.505188,off,none,0.971657,0,0,0,cruise
319.400000,-0.001165,,0.983795,0.976315,-1.933372,1.518613,off,none,0.970162,0,0,0,cruise
319.450000,-0.000999,,0.983828,0.976584,-1.931795,1.536977,off,none,0.968469,0,0,0,cruise
319.500000,-0.001060,,0.985119,0.976690,-1.934244,1.541977,off,none,0.966786,0,0,0,cruise
319.550000,-0.000907,,0.986233,0.978733,-1.930586,1.535836,off,none,0.965631,0,0,0,cruise
319.600000,-0.000958,,0.984344,0.973459,-1.917537,1.533569,off,none,0.964444,0,0,0,cruise
319.650000,-0.000982,,0.983784,0.971837,-1.902666,1.539994,off,none,0.963757,0,0,0,cruise
319.700000,-0.000955,,0.983187,0.973654,-1.891555,1.564319,off,none,0.963008,0,0,0,cruise
319.750000,-0.000969,,0.984456,0.976309,-1.884894,1.569765,off,none,0.961833,0,0,0,cruise
319.800000,-0.000965,,0.983291,0.975256,-1.862926,1.578904,off,none,0.960305,0,0,0,cruise
319.850000,-0.000909,,0.983310,0.973339,-1.857130,1.585711,off,none,0.959065,0,0,0,cruise
319.900000,-0.000970,,0.981741,0.969838,-1.857552,1.600830,off,none,0.957382,0,0,0,cruise
319.950000,-0.000987,,0.980896,0.963863,-1.860089,1.608980,off,none,0.956176,0,0,0,cruise
320.000000,-0.001054,,0.980699,0.961878,-1.843194,1.614749,off,none,0.954703,0,0,0,cruise
320.050000,-0.000913,,0.982408,0.967572,-1.845209,1.634186,off,none,0.954179,0,0,0,cruise
320.100000,-0.000889,,0.980191,0.965783,-1.846399,1.631901,off,none,0.953672,0,0,0,cruise
320.150000,-0.000933,,0.979128,0.965381,-1.840590,1.628822,off,none,0.952963,0,0,0,cruise
320.200000,-0.000973,,0.980712,0.968035,-1.839725,1.638969,off,none,0.951781,0,0,0,cruise
320.250000,-0.001029,,0.981077,0.965671,-1.851661,1.646310,off,none,0.950766,0,0,0,cruise
320.300000,-0.001001,,0.982505,0.967992,-1.858943,1.646795,off,none,0.949714,0,0,0,cruise
320.350000,-0.000940,,0.982210,0.968846,-1.835490,1.659866,off,none,0.948614,0,0,0,cruise
320.400000,-0.000901,,0.984309,0.970833,-1.819325,1.655530,off,none,0.947384,0,0,0,cruise
320.450000,-0.000870,,0.984600,0.970779,-1.812372,1.657688,off,none,0.946045,0,0,0,cruise
320.500000,-0.000767,,0.985530,0.974502,-1.807388,1.674222,off,none,0.944975,0,0,0,cruise
320.550000,-0.000764,,0.985075,0.973927,-1.808244,1.686017,off,none,0.943815,0,0,0,cruise
320.600000,-0.000937,,0.986710,0.971816,-1.808214,1.697928,off,none,0.942539,0,0,0,cruise
320.650000,-0.001000,,0.986592,0.972648,-1.799757,1.709265,off,none,0.941266,0,0,0,cruise
320.700000,-0.000975,,0.986575,0.969729,-1.789647,1.711421,off,none,0.940154,0,0,0,cruise
320.750000,-0.001101,,0.984576,0.956990,-1.791473,1.686642,off,none,0.939116,0,0,0,cruise
320.800000,-0.001060,,0.984375,0.960446,-1.797292,1.682725,off,none,0.938951,0,0,0,cruise
320.850000,-0.001121,,0.985919,0.964630,-1.795731,1.667483,off,none,0.938622,0,0,0,cruise
320.900000,-0.001312,,0.983510,0.962231,-1.783677,1.628959,off,none,0.936116,0,0,0,cruise
320.950000,-0.001321,,0.980455,0.957998,-1.761014,1.609159,off,none,0.909823,0,0,0,cruise
321.000000,-0.001348,,0.982443,0.965507,-1.751492,1.644081,off,none,0.929606,0,0,0,cruise
321.050000,-0.001300,,0.981269,0.962277,-1.735911,1.649166,off,none,0.929742,0,0,0,cruise
321.100000,-0.001288,,0.982677,0.967203,-1.744037,1.648839,off,none,0.937121,0,0,0,cruise
321.150000,-0.001195,,0.983598,0.970570,-1.741421,1.633138,off,none,0.936549,0,0,0,cruise
321.200000,-0.001208,,0.982745,0.971866,-1.740113,1.632667,off,none,0.935834,0,0,0,cruise
321.250000,-0.001283,,0.981950,0.970174,-1.746758,1.605756,off,none,0.935321,0,0,0,cruise
321.300000,-0.001286,,0.982516,0.971064,-1.752603,1.605641,off,none,0.934668,0,0,0,cruise
321.350000,-0.001296,,0.982680,0.968839,-1.767511,1.623392,off,none,0.934181,0,0,0,cruise
321.400000,-0.001235,,0.984219,0.968107,-1.794349,1.624522,off,none,0.933755,0,0,0,cruise
321.450000,-0.001259,,0.986458,0.974042,-1.810330,1.628485,off,none,0.933341,0,0,0,cruise
321.500000,-0.001254,,0.985191,0.973400,-1.803150,1.635769,off,none,0.932967,0,0,0,cruise
321.550000,-0.001297,,0.984463,0.973198,-1.819277,1.633315,off,none,0.932078,0,0,0,cruise
321.600000,-0.001402,,0.986805,0.974731,-1.843502,1.622422,off,none,0.924134,0,0,0,cruise
321.650000,-0.001452,,0.987935,0.975291,-1.852800,1.616545,off,none,0.884421,0,0,0,cruise
321.700000,-0.001519,,0.987990,0.974479,-1.870105,1.620343,off,none,0.859466,0,0,0,cruise
321.750000,-0.001585,,0.988475,0.977470,-1.875414,1.608426,off,none,0.827173,0,0,0,cruise
321.800000,-0.001545,,0.987769,0.976587,-1.869569,1.608471,off,none,0.830139,0,0,0,cruise
321.850000,-0.001592,,0.987085,0.976712,-1.872577,1.603381,off,none,0.860690,0,0,0,cruise
321.900000,-0.001564,,0.987483,0.975099,-1.901092,1.593770,off,none,0.881687,0,0,0,cruise
321.950000,-0.001510,,0.987268,0.976475,-1.914905,1.581971,off,none,0.893902,0,0,0,cruise
322.000000,-0.001503,,0.987289,0.975700,-1.913319,1.573894,off,none,0.894848,0,0,0,cruise
322.050000,-0.001524,,0.986751,0.975539,-1.919204,1.571239,off,none,0.927025,0,0,0,cruise
322.100000,-0.001538,,0.986960,0.974252,-1.915476,1.578417,off,none,0.929933,0,0,0,cruise
322.150000,-0.001552,,0.987702,0.972251,-1.931555,1.568274,off,none,0.929502,0,0,0,cruise
322.200000,-0.001533,,0.986916,0.974485,-1.937872,1.561924,off,none,0.927595,0,0,0,cruise
322.250000,-0.001566,,0.987251,0.975392,-1.937631,1.555431,off,none,0.916696,0,0,0,cruise
322.300000,-0.001595,,0.988595,0.975179,-1.941369,1.546489,off,none,0.928049,0,0,0,cruise
322.350000,-0.001606,,0.988075,0.973827,-1.949005,1.534170,off,none,0.927759,0,0,0,cruise
322.400000,-0.001575,,0.987976,0.972314,-1.950217,1.518673,off,none,0.927163,0,0,0,cruise
322.450000,-0.001599,,0.987187,0.974398,-1.952246,1.508801,off,none,0.927023,0,0,0,cruise
322.500000,-0.001649,,0.986552,0.969421,-1.959602,1.506476,off,none,0.925960,0,0,0,cruise
322.550000,-0.001629,,0.985823,0.971602,-1.962995,1.503096,off,none,0.925917,0,0,0,cruise
322.600000,-0.001608,,0.985519,0.973241,-1.976139,1.499825,off,none,0.924245,0,0,0,cruise
322.650000,-0.001471,,0.986079,0.973477,-1.982748,1.495005,off,none,0.915105,0,0,0,cruise
322.700000,-0.001477,,0.985860,0.974090,-1.979724,1.494934,off,none,0.924627,0,0,0,cruise
322.750000,-0.001444,,0.986643,0.975823,-1.974777,1.496352,off,none,0.924421,0,0,0,cruise
322.800000,-0.001430,,0.985708,0.973753,-1.969092,1.498117,off,none,0.922831,0,0,0,cruise
322.850000,-0.001461,,0.986277,0.973551,-1.947967,1.500555,off,none,0.902190,0,0,0,cruise
322.900000,-0.001437,,0.986657,0.975773,-1.940230,1.496429,off,none,0.867152,0,0,0,cruise
322.950000,-0.001415,,0.985822,0.974623,-1.956899,1.492876,off,none,0.861510,0,0,0,cruise
323.000000,-0.001325,,0.986077,0.977113,-1.944529,1.499748,off,none,0.923119,0,0,0,cruise
323.050000,-0.001264,,0.985187,0.977404,-1.935479,1.505571,off,none,0.922463,0,0,0,cruise
323.100000,-0.001282,,0.985601,0.974943,-1.948421,1.502062,off,none,0.922067,0,0,0,cruise
323.150000,-0.001276,,0.986093,0.976126,-1.951860,1.496827,off,none,0.921475,0,0,0,cruise
323.200000,-0.001269,,0.985949,0.977964,-1.963651,1.501145,off,none,0.920476,0,0,0,cruise
323.250000,-0.001121,,0.985796,0.978148,-1.966629,1.518745,off,none,0.919563,0,0,0,cruise
323.300000,-0.001145,,0.986753,0.976664,-1.972835,1.522076,off,none,0.918558,0,0,0,cruise
323.350000,-0.001182,,0.987075,0.971901,-1.977301,1.518073,off,none,0.918325,0,0,0,cruise
323.400000,-0.001118,,0.986900,0.973242,-1.981591,1.520555,off,none,0.917502,0,0,0,cruise
323.450000,-0.001123,,0.985535,0.971935,-1.979229,1.521274,off,none,0.917425,0,0,0,cruise
323.500000,-0.001202,,0.985981,0.974878,-1.970488,1.525985,off,none,0.914444,0,0,0,cruise
323.550000,-0.001132,,0.985889,0.975489,-1.971460,1.531319,off,none,0.881376,0,0,0,cruise
323.600000,-0.001165,,0.986139,0.974280,-1.956827,1.543349,off,none,0.916607,0,0,0,cruise
323.650000,-0.001170,,0.985344,0.973891,-1.949261,1.540269,off,none,0.915922,0,0,0,cruise
323.700000,-0.001185,,0.983637,0.970471,-1.954207,1.533064,off,none,0.915361,0,0,0,cruise
323.750000,-0.001143,,0.985035,0.973230,-1.952605,1.533946,off,none,0.914061,0,0,0,cruise
323.800000,-0.001066,,0.985312,0.972092,-1.960543,1.533240,off,none,0.913626,0,0,0,cruise
323.850000,-0.001113,,0.983386,0.971287,-1.950600,1.546127,off,none,0.913256,0,0,0,cruise
323.900000,-0.001042,,0.984696,0.974263,-1.952260,1.549472,off,none,0.912613,0,0,0,cruise
323.950000,-0.001121,,0.983090,0.972456,-1.957448,1.551075,off,none,0.909174,0,0,0,cruise
324.000000,-0.001010,,0.982711,0.971896,-1.956717,1.553515,off,none,0.867066,0,0,0,cruise
324.050000,-0.000895,,0.981720,0.970118,-1.934178,1.553222,off,none,0.912316,0,0,0,cruise
324.100000,-0.000979,,0.982858,0.969236,-1.934974,1.560581,off,none,0.911483,0,0,0,cruise
324.150000,-0.000884,,0.982822,0.970786,-1.911212,1.567514,off,none,0.910198,0,0,0,cruise
324.200000,-0.000853,,0.984179,0.972226,-1.897498,1.563994,off,none,0.909614,0,0,0,cruise
324.250000,-0.000895,,0.984256,0.968589,-1.900027,1.570088,off,none,0.908791,0,0,0,cruise
324.300000,-0.000935,,0.984664,0.975636,-1.893228,1.573663,off,none,0.908843,0,0,0,cruise
324.350000,-0.000918,,0.983498,0.973293,-1.890300,1.574464,off,none,0.908668,0,0,0,cruise
324.400000,-0.000861,,0.984466,0.972439,-1.901169,1.584888,off,none,0.908478,0,0,0,cruise
324.450000,-0.000842,,0.984878,0.974715,-1.909358,1.580771,off,none,0.908070,0,0,0,cruise
324.500000,-0.000790,,0.982989,0.972067,-1.906863,1.589181,off,none,0.907453,0,0,0,cruise
324.550000,-0.000738,,0.983526,0.974961,-1.894029,1.590867,off,none,0.906040,0,0,0,cruise
324.600000,-0.000849,,0.983715,0.972860,-1.903665,1.597825,off,none,0.905481,0,0,0,cruise
324.650000,-0.000822,,0.983133,0.970098,-1.891778,1.609913,off,none,0.904535,0,0,0,cruise
324.700000,-0.000786,,0.984281,0.968842,-1.889748,1.608531,off,none,0.904729,0,0,0,cruise
324.750000,-0.000843,,0.984072,0.966818,-1.887578,1.619479,off,none,0.904282,0,0,0,cruise
324.800000,-0.000793,,0.985213,0.967298,-1.882175,1.628688,off,none,0.903887,0,0,0,cruise
324.850000,-0.000801,,0.984914,0.965987,-1.884505,1.635448,off,none,0.903367,0,0,0,cruise
324.900000,-0.000751,,0.985798,0.972506,-1.903382,1.637575,off,none,0.902106,0,0,0,cruise
324.950000,-0.000760,,0.983910,0.972100,-1.900231,1.643547,off,none,0.901880,0,0,0,cruise
325.000000,-0.000813,,0.983680,0.969686,-1.906367,1.648565,off,none,0.902064,0,0,0,cruise
325.050000,-0.000736,,0.984167,0.970488,-1.900076,1.671718,off,none,0.901662,0,0,0,cruise
325.100000,-0.000739,,0.984281,0.964859,-1.896673,1.684270,off,none,0.901367,0,0,0,cruise
325.150000,-0.000660,,0.985909,0.968693,-1.888972,1.680472,off,none,0.900767,0,0,0,cruise
325.200000,-0.000669,,0.985215,0.969073,-1.876582,1.681063,off,none,0.900024,0,0,0,cruise
325.250000,-0.000905,,0.984904,0.966413,-1.872833,1.687186,off,none,0.899883,0,0,0,cruise
325.300000,-0.000924,,0.983227,0.963922,-1.863451,1.693164,off,none,0.899258,0,0,0,cruise
325.350000,-0.000749,,0.985288,0.970052,-1.860456,1.702017,off,none,0.899143,0,0,0,cruise
325.400000,-0.000652,,0.985118,0.970979,-1.866765,1.703531,off,none,0.898853,0,0,0,cruise
325.450000,-0.000668,,0.984298,0.970046,-1.861969,1.709503,off,none,0.897846,0,0,0,cruise
325.500000,-0.000615,,0.983620,0.965265,-1.863303,1.698722,off,none,0.897120,0,0,0,cruise
325.550000,-0.000586,,0.983121,0.963238,-1.859033,1.699067,off,none,0.897292,0,0,0,cruise
325.600000,-0.000732,,0.984860,0.963446,-1.864608,1.706731,off,none,0.897022,0,0,0,cruise
325.650000,-0.000732,,0.984075,0.962376,-1.867478,1.710691,off,none,0.896461,0,0,0,cruise
325.700000,-0.000689,,0.984042,0.960066,-1.856047,1.710599,off,none,0.895599,0,0,0,cruise
325.750000,-0.000754,,0.983740,0.958451,-1.850625,1.714043,off,none,0.894568,0,0,0,cruise
325.800000,-0.000648,,0.983569,0.960889,-1.852758,1.716796,off,none,0.894319,0,0,0,cruise
325.850000,-0.000702,,0.984109,0.962107,-1.841879,1.738446,off,none,0.889864,0,0,0,cruise
325.900000,-0.000700,,0.984092,0.960963,-1.831662,1.750634,off,none,0.856439,0,0,0,cruise
325.950000,-0.000727,,0.982222,0.949740,-1.836022,1.751009,off,none,0.893802,0,0,0,cruise
326.000000,-0.000731,,0.979994,0.946718,-1.831576,1.749494,off,none,0.893656,0,0,0,cruise
326.050000,-0.000758,,0.979455,0.948410,-1.824329,1.763837,off,none,0.892823,0,0,0,cruise
326.100000,-0.000673,,0.977238,0.943601,-1.807083,1.769053,off,none,0.891305,0,0,0,cruise
326.150000,-0.000605,,0.975316,0.934675,-1.809240,1.766376,off,none,0.873682,0,0,0,cruise
326.200000,-0.000712,,0.979491,0.931929,-1.803509,1.776791,off,none,0.891791,0,0,0,cruise
326.250000,-0.000585,,0.978259,0.934311,-1.804215,1.778410,off,none,0.891522,0,0,0,cruise
326.300000,-0.000596,,0.978665,0.935585,-1.805093,1.777216,off,none,0.891488,0,0,0,cruise
326.350000,-0.000617,,0.977476,0.939833,-1.803867,1.784244,off,none,0.891215,0,0,0,cruise
326.400000,-0.000653,,0.977818,0.937159,-1.805559,1.799237,off,none,0.890598,0,0,0,cruise
326.450000,-0.000652,,0.978688,0.938724,-1.787078,1.809327,off,none,0.889952,0,0,0,cruise
326.500000,-0.000677,,0.979934,0.941240,-1.787931,1.798673,off,none,0.889008,0,0,0,cruise
326.550000,-0.000643,,0.981090,0.944327,-1.790898,1.799711,off,none,0.881348,0,0,0,cruise
326.600000,-0.000672,,0.980407,0.947208,-1.776113,1.799228,off,none,0.818229,0,0,0,cruise
326.650000,-0.000666,,0.978276,0.944707,-1.772427,1.805225,off,none,0.889164,0,0,0,cruise
326.700000,-0.000638,,0.975596,0.934163,-1.774296,1.802851,off,none,0.888706,0,0,0,cruise
326.750000,-0.000612,,0.973740,0.933260,-1.775875,1.806996,off,none,0.888554,0,0,0,cruise
326.800000,-0.000641,,0.975008,0.931972,-1.772586,1.806749,off,none,0.888161,0,0,0,cruise
326.850000,-0.000750,,0.975962,0.933057,-1.762824,1.799698,off,none,0.887318,0,0,0,cruise
326.900000,-0.000858,,0.978092,0.928166,-1.759841,1.804907,off,none,0.886934,0,0,0,cruise
326.950000,-0.000876,,0.977383,0.932451,-1.754710,1.807939,off,none,0.886788,0,0,0,cruise
327.000000,-0.000906,,0.977419,0.939508,-1.748331,1.795405,off,none,0.886677,0,0,0,cruise
327.050000,-0.000910,,0.980144,0.942680,-1.747960,1.791060,off,none,0.886129,0,0,0,cruise
327.100000,-0.001009,,0.979176,0.939605,-1.767266,1.778819,off,none,0.885682,0,0,0,cruise
327.150000,-0.001081,,0.975671,0.929721,-1.771867,1.780934,off,none,0.884821,0,0,0,cruise
327.200000,-0.001085,,0.975860,0.931123,-1.755451,1.778082,off,none,0.884634,0,0,0,cruise
327.250000,-0.001109,,0.976196,0.926954,-1.753290,1.770916,off,none,0.884420,0,0,0,cruise
327.300000,-0.001203,,0.976118,0.921394,-1.763682,1.767384,off,none,0.883676,0,0,0,cruise
327.350000,-0.001284,,0.975670,0.914028,-1.771271,1.754305,off,none,0.880639,0,0,0,cruise
327.400000,-0.001333,,0.977119,0.924868,-1.763317,1.735265,off,none,0.838161,0,0,0,cruise
327.450000,-0.001401,,0.978138,0.930077,-1.772719,1.730426,off,none,0.847340,0,0,0,cruise
327.500000,-0.001401,,0.973027,0.915857,-1.817961,1.746193,off,none,0.877766,0,0,0,cruise
327.550000,-0.001540,,0.971745,0.903591,-1.857483,1.733683,off,none,0.792536,0,0,0,cruise
327.600000,-0.001428,,0.969473,0.906006,-1.868953,1.716622,off,none,0.768823,0,0,0,cruise
327.650000,-0.001391,,0.963193,0.888920,-1.878097,1.697567,off,none,0.760255,0,0,0,cruise
327.700000,-0.001601,,0.965131,0.880884,-1.867353,1.703174,off,none,0.740173,0,0,0,cruise
327.750000,-0.001578,,0.960182,0.874616,-1.881323,1.710219,off,none,0.614246,0,0,0,cruise
327.800000,-0.001702,,0.949421,0.846841,-1.881113,1.718392,off,none,0.669707,0,0,0,cruise
327.850000,-0.001835,,0.948281,0.824673,-1.896111,1.701280,off,none,0.767327,0,0,0,cruise
327.900000,-0.001806,,0.939053,0.822353,-1.900366,1.676650,off,none,0.648298,0,0,0,cruise
327.950000,-0.001831,,0.927474,0.795175,-1.901762,1.665438,off,none,0.605937,0,0,0,cruise
328.000000,-0.001842,,0.932274,0.823836,-1.915729,1.656851,off,none,0.602749,0,0,0,cruise
328.050000,-0.001927,,0.923679,0.825100,-1.909936,1.643200,off,none,0.643345,0,0,0,cruise
328.100000,-0.001855,,0.930112,0.870826,-1.909272,1.635231,off,none,0.649974,0,0,0,cruise
328.150000,-0.001765,,0.933399,0.862717,-1.914451,1.633626,off,none,0.737853,0,0,0,cruise
328.200000,-0.001731,,0.930410,0.871330,-1.920141,1.618745,off,none,0.622356,0,0,0,cruise
328.250000,-0.001841,,0.937593,0.894526,-1.936351,1.599567,off,none,0.625966,0,0,0,cruise
328.300000,-0.001700,,0.938639,0.889816,-1.947255,1.603519,off,none,0.753273,0,0,0,cruise
328.350000,-0.001837,,0.945103,0.900467,-1.964546,1.595520,off,none,0.715711,0,0,0,cruise
328.400000,-0.001779,,0.938377,0.874330,-1.971324,1.600500,off,none,0.633438,0,0,0,cruise
328.450000,-0.001665,,0.944194,0.895610,-1.979278,1.574003,off,none,0.659479,0,0,0,cruise
328.500000,-0.001633,,0.943560,0.901877,-1.983214,1.560335,off,none,0.772440,0,0,0,cruise
328.550000,-0.001620,,0.939859,0.892461,-1.980321,1.548467,off,none,0.737884,0,0,0,cruise
328.600000,-0.001613,,0.955787,0.929502,-1.998234,1.545759,off,none,0.749241,0,0,0,cruise
328.650000,-0.001622,,0.962545,0.934567,-2.003497,1.544239,off,none,0.677129,0,0,0,cruise
328.700000,-0.001609,,0.963151,0.921473,-1.993876,1.546297,off,none,0.611792,0,0,0,cruise
328.750000,-0.001541,,0.966184,0.924387,-1.991815,1.547443,off,none,0.682877,0,0,0,cruise
328.800000,-0.001575,,0.970165,0.921382,-1.990404,1.556224,off,none,0.772524,0,0,0,cruise
328.850000,-0.001477,,0.971224,0.928830,-1.985601,1.561014,off,none,0.661244,0,0,0,cruise
328.900000,-0.001393,,0.969572,0.928046,-1.982239,1.572165,off,none,0.678873,0,0,0,cruise
328.950000,-0.001338,,0.968686,0.928610,-1.973685,1.574203,off,none,0.757661,0,0,0,cruise
329.000000,-0.001409,,0.969531,0.935561,-1.968612,1.571440,off,none,0.775677,0,0,0,cruise
329.050000,-0.001478,,0.969215,0.924733,-1.973468,1.575903,off,none,0.760179,0,0,0,cruise
329.100000,-0.001436,,0.971304,0.928685,-1.975033,1.566995,off,none,0.769993,0,0,0,cruise
329.150000,-0.001454,,0.968862,0.925494,-1.968700,1.561863,off,none,0.706164,0,0,0,cruise
329.200000,-0.001379,,0.968977,0.938706,-1.960856,1.563458,off,none,0.742538,0,0,0,cruise
329.250000,-0.001441,,0.972693,0.947061,-1.949603,1.566233,off,none,0.875512,0,0,0,cruise
329.300000,-0.001528,,0.974373,0.943827,-1.954776,1.561648,off,none,0.797807,0,0,0,cruise
329.350000,-0.001559,,0.974993,0.947097,-1.951513,1.560734,off,none,0.826670,0,0,0,cruise
329.400000,-0.001480,,0.968019,0.935995,-1.958725,1.553010,off,none,0.832133,0,0,0,cruise
329.450000,-0.001484,,0.969819,0.937254,-1.937897,1.544583,off,none,0.829607,0,0,0,cruise
329.500000,-0.001505,,0.971306,0.936255,-1.936436,1.540455,off,none,0.788984,0,0,0,cruise
329.550000,-0.001475,,0.974294,0.939811,-1.938520,1.540466,off,none,0.758161,0,0,0,cruise
329.600000,-0.001473,,0.973758,0.946365,-1.930769,1.521238,off,none,0.693089,0,0,0,cruise
329.650000,-0.001536,,0.967599,0.933443,-1.929276,1.518623,off,none,0.753952,0,0,0,cruise
329.700000,-0.001542,,0.963320,0.930650,-1.919887,1.527251,off,none,0.891109,0,0,0,cruise
329.750000,-0.001529,,0.963981,0.933386,-1.925896,1.533378,off,none,0.877652,0,0,0,cruise
329.800000,-0.001607,,0.962948,0.930765,-1.921485,1.526148,off,none,0.822684,0,0,0,cruise
329.850000,-0.001605,,0.970412,0.941316,-1.924889,1.525571,off,none,0.842349,0,0,0,cruise
329.900000,-0.001581,,0.970481,0.940203,-1.930648,1.518837,off,none,0.891279,0,0,0,cruise
329.950000,-0.001524,,0.971998,0.941053,-1.932060,1.520970,off,none,0.891186,0,0,0,cruise
330.000000,-0.001527,,0.970421,0.941416,-1.923301,1.519164,off,none,0.886466,0,0,0,cruise
330.050000,-0.001519,,0.967803,0.940978,-1.903518,1.520761,off,none,0.818183,0,0,0,cruise
330.100000,-0.001430,,0.967583,0.947145,-1.906625,1.531061,off,none,0.793350,0,0,0,cruise
330.150000,-0.001379,,0.962442,0.944503,-1.898314,1.543276,off,none,0.890431,0,0,0,cruise
330.200000,-0.001277,,0.963184,0.952979,-1.897211,1.547024,off,none,0.882952,0,0,0,cruise
330.250000,-0.001208,,0.964657,0.955887,-1.897809,1.541353,off,none,0.815147,0,0,0,cruise
330.300000,-0.001199,,0.966980,0.957629,-1.889961,1.534973,off,none,0.842702,0,0,0,cruise
330.350000,-0.001181,,0.965911,0.956394,-1.887575,1.524101,off,none,0.889786,0,0,0,cruise
330.400000,-0.001198,,0.964945,0.951351,-1.891827,1.523453,off,none,0.889577,0,0,0,cruise
330.450000,-0.001152,,0.963715,0.950185,-1.908875,1.523499,off,none,0.889022,0,0,0,cruise
330.500000,-0.001145,,0.965317,0.954638,-1.917009,1.525396,off,none,0.884528,0,0,0,cruise
330.550000,-0.001143,,0.964460,0.958903,-1.902675,1.537377,off,none,0.888958,0,0,0,cruise
330.600000,-0.001114,,0.967967,0.965716,-1.910298,1.535226,off,none,0.888125,0,0,0,cruise
330.650000,-0.001132,,0.971056,0.967102,-1.916217,1.539668,off,none,0.884085,0,0,0,cruise
330.700000,-0.001218,,0.973859,0.965985,-1.925175,1.533985,off,none,0.850348,0,0,0,cruise
330.750000,-0.001194,,0.975800,0.972680,-1.931008,1.526264,off,none,0.869974,0,0,0,cruise
330.800000,-0.001197,,0.976840,0.971644,-1.944634,1.520958,off,none,0.886833,0,0,0,cruise
330.850000,-0.001150,,0.976825,0.974059,-1.929200,1.513768,off,none,0.886861,0,0,0,cruise
330.900000,-0.001041,,0.976269,0.977875,-1.931879,1.518162,off,none,0.886720,0,0,0,cruise
330.950000,-0.001080,,0.975379,0.975664,-1.928550,1.513495,off,none,0.886365,0,0,0,cruise
331.000000,-0.001162,,0.977035,0.973122,-1.934284,1.508874,off,none,0.885665,0,0,0,cruise
331.050000,-0.001228,,0.978636,0.972330,-1.952030,1.518685,off,none,0.885398,0,0,0,cruise
331.100000,-0.001163,,0.980319,0.974609,-1.965391,1.515478,off,none,0.885078,0,0,0,cruise
331.150000,-0.001139,,0.980853,0.977362,-1.956745,1.505851,off,none,0.884570,0,0,0,cruise
331.200000,-0.001144,,0.981235,0.974287,-1.969013,1.532114,off,none,0.884259,0,0,0,cruise
331.250000,-0.001063,,0.978704,0.970737,-1.970712,1.539717,off,none,0.884081,0,0,0,cruise
331.300000,-0.001150,,0.981089,0.971965,-1.988752,1.549678,off,none,0.879406,0,0,0,cruise
331.350000,-0.001261,,0.982221,0.973143,-2.012112,1.540529,off,none,0.817110,0,0,0,cruise
331.400000,-0.001126,,0.976968,0.968490,-2.028488,1.538901,off,none,0.874891,0,0,0,cruise
331.450000,-0.001213,,0.974136,0.965694,-2.031506,1.543069,off,none,0.881272,0,0,0,cruise
331.500000,-0.001084,,0.972005,0.969669,-2.039629,1.535567,off,none,0.855963,0,0,0,cruise
331.550000,-0.001229,,0.973109,0.969791,-2.012558,1.540779,off,none,0.808311,0,0,0,cruise
331.600000,-0.001266,,0.972271,0.971880,-2.014912,1.535747,off,none,0.876535,0,0,0,cruise
331.650000,-0.001121,,0.973003,0.974387,-2.026123,1.536836,off,none,0.869766,0,0,0,cruise
331.700000,-0.001269,,0.971085,0.972667,-2.001956,1.535698,off,none,0.759439,0,0,0,cruise
331.750000,-0.001266,,0.967551,0.969333,-2.001117,1.531327,off,none,0.803462,0,0,0,cruise
331.800000,-0.001208,,0.971161,0.971947,-2.003394,1.527249,off,none,0.882332,0,0,0,cruise
331.850000,-0.001244,,0.972666,0.969619,-2.004554,1.523748,off,none,0.878526,0,0,0,cruise
331.900000,-0.001263,,0.971714,0.970738,-2.018587,1.527839,off,none,0.833965,0,0,0,cruise
331.950000,-0.001008,,0.969169,0.970366,-2.019061,1.511862,off,none,0.881964,0,0,0,cruise
332.000000,-0.001141,,0.966859,0.966424,-1.997495,1.517117,off,none,0.878296,0,0,0,cruise
332.050000,-0.001251,,0.969407,0.970406,-1.980114,1.518254,off,none,0.826158,0,0,0,cruise
332.100000,-0.001335,,0.972413,0.972397,-1.971382,1.516471,off,none,0.811564,0,0,0,cruise
332.150000,-0.001241,,0.970881,0.969487,-1.975156,1.517596,off,none,0.881376,0,0,0,cruise
332.200000,-0.001242,,0.972951,0.970731,-1.978555,1.516313,off,none,0.877324,0,0,0,cruise
332.250000,-0.001219,,0.977612,0.973242,-1.990047,1.507698,off,none,0.822923,0,0,0,cruise
332.300000,-0.001179,,0.976306,0.975183,-1.983025,1.512431,off,none,0.861200,0,0,0,cruise
332.350000,-0.001158,,0.978984,0.977654,-1.978735,1.516008,off,none,0.880469,0,0,0,cruise
332.400000,-0.001017,,0.977080,0.978847,-1.976121,1.514321,off,none,0.880214,0,0,0,cruise
332.450000,-0.000977,,0.978142,0.977584,-1.973976,1.511780,off,none,0.880149,0,0,0,cruise
332.500000,-0.001002,,0.977318,0.974729,-1.984324,1.510277,off,none,0.879942,0,0,0,cruise
332.550000,-0.001022,,0.977173,0.976183,-1.982057,1.516752,off,none,0.879027,0,0,0,cruise
332.600000,-0.001133,,0.973441,0.971768,-1.973461,1.538512,off,none,0.872964,0,0,0,cruise
332.650000,-0.001147,,0.976030,0.975342,-1.955401,1.547921,off,none,0.879138,0,0,0,cruise
332.700000,-0.001102,,0.975314,0.974830,-1.973549,1.553661,off,none,0.878284,0,0,0,cruise
332.750000,-0.001078,,0.971639,0.973346,-1.968332,1.558280,off,none,0.873683,0,0,0,cruise
332.800000,-0.001089,,0.968837,0.967353,-1.979248,1.545079,off,none,0.814856,0,0,0,cruise
332.850000,-0.001062,,0.969522,0.972841,-1.965995,1.549402,off,none,0.776592,0,0,0,cruise
332.900000,-0.001037,,0.970551,0.975823,-1.964520,1.533178,off,none,0.834088,0,0,0,cruise
332.950000,-0.001148,,0.971213,0.974385,-1.987725,1.520742,off,none,0.826818,0,0,0,cruise
333.000000,-0.001098,,0.971484,0.973890,-1.990777,1.529629,off,none,0.817420,0,0,0,cruise
333.050000,-0.000952,,0.974275,0.981378,-1.986030,1.527926,off,none,0.877870,0,0,0,cruise
333.100000,-0.001004,,0.973694,0.979150,-1.980009,1.537527,off,none,0.877725,0,0,0,cruise
333.150000,-0.001012,,0.975145,0.980129,-1.978004,1.538713,off,none,0.877583,0,0,0,cruise
333.200000,-0.001002,,0.974495,0.978172,-1.988749,1.538305,off,none,0.877231,0,0,0,cruise
333.250000,-0.001010,,0.975067,0.978603,-2.007955,1.534234,off,none,0.876850,0,0,0,cruise
333.300000,-0.000928,,0.975578,0.979430,-1.996366,1.542641,off,none,0.874717,0,0,0,cruise
333.350000,-0.000962,,0.975078,0.978987,-1.987376,1.541877,off,none,0.852795,0,0,0,cruise
333.400000,-0.001049,,0.976735,0.977875,-1.988274,1.538878,off,none,0.823169,0,0,0,cruise
333.450000,-0.001102,,0.978007,0.978669,-1.995676,1.527681,off,none,0.858203,0,0,0,cruise
333.500000,-0.001088,,0.975574,0.979116,-1.995295,1.528999,off,none,0.820111,0,0,0,cruise
333.550000,-0.001023,,0.973135,0.978893,-1.993613,1.528208,off,none,0.854590,0,0,0,cruise
333.600000,-0.001080,,0.973174,0.975938,-1.990713,1.528079,off,none,0.875433,0,0,0,cruise
333.650000,-0.001041,,0.972438,0.976518,-2.003820,1.518340,off,none,0.875591,0,0,0,cruise
333.700000,-0.001082,,0.972777,0.974387,-2.002243,1.520009,off,none,0.874469,0,0,0,cruise
333.750000,-0.001065,,0.969045,0.972527,-1.991443,1.523124,off,none,0.867676,0,0,0,cruise
333.800000,-0.001076,,0.967832,0.971027,-1.967695,1.532538,off,none,0.874518,0,0,0,cruise
333.850000,-0.001018,,0.969909,0.974281,-1.956080,1.533008,off,none,0.867958,0,0,0,cruise
333.900000,-0.001036,,0.971631,0.973998,-1.954465,1.527341,off,none,0.798173,0,0,0,cruise
333.950000,-0.001036,,0.975087,0.977346,-1.955579,1.523354,off,none,0.874094,0,0,0,cruise
334.000000,-0.001000,,0.974372,0.976833,-1.964018,1.521971,off,none,0.868090,0,0,0,cruise
334.050000,-0.000914,,0.970623,0.974647,-1.959629,1.517383,off,none,0.796881,0,0,0,cruise
334.100000,-0.000953,,0.974069,0.976274,-1.975238,1.501912,off,none,0.850419,0,0,0,cruise
334.150000,-0.000965,,0.971746,0.973659,-1.982361,1.495967,off,none,0.873154,0,0,0,cruise
334.200000,-0.000958,,0.967648,0.970389,-1.975125,1.502305,off,none,0.872859,0,0,0,cruise
334.250000,-0.000867,,0.967155,0.973248,-1.970914,1.508148,off,none,0.872369,0,0,0,cruise
334.300000,-0.000754,,0.965704,0.974451,-1.940889,1.511341,off,none,0.866962,0,0,0,cruise
334.350000,-0.000815,,0.972031,0.978237,-1.945175,1.501859,off,none,0.872363,0,0,0,cruise
334.400000,-0.000762,,0.973692,0.978913,-1.957141,1.502630,off,none,0.872252,0,0,0,cruise
334.450000,-0.000690,,0.973227,0.978199,-1.935897,1.517361,off,none,0.871900,0,0,0,cruise
334.500000,-0.000662,,0.970076,0.976246,-1.942467,1.520427,off,none,0.871619,0,0,0,cruise
334.550000,-0.000616,,0.972604,0.978030,-1.947368,1.524500,off,none,0.871447,0,0,0,cruise
334.600000,-0.000664,,0.972881,0.976420,-1.948709,1.512232,off,none,0.869384,0,0,0,cruise
334.650000,-0.000667,,0.973046,0.974980,-1.943461,1.513224,off,none,0.843346,0,0,0,cruise
334.700000,-0.000730,,0.971421,0.976296,-1.954426,1.501001,off,none,0.786411,0,0,0,cruise
334.750000,-0.000701,,0.971516,0.979300,-1.964243,1.492925,off,none,0.870573,0,0,0,cruise
334.800000,-0.000650,,0.969601,0.976790,-1.965610,1.494283,off,none,0.864244,0,0,0,cruise
334.850000,-0.000671,,0.971641,0.977066,-1.959734,1.495589,off,none,0.826398,0,0,0,cruise
334.900000,-0.000820,,0.974471,0.974096,-1.978976,1.478335,off,none,0.870240,0,0,0,cruise
334.950000,-0.000764,,0.978461,0.977109,-1.976612,1.469617,off,none,0.869756,0,0,0,cruise
335.000000,-0.000634,,0.977440,0.979843,-1.980647,1.456046,off,none,0.865514,0,0,0,cruise
335.050000,-0.000680,,0.977198,0.979081,-1.978035,1.439119,off,none,0.819947,0,0,0,cruise
335.100000,-0.000669,,0.981396,0.978953,-1.982290,1.436467,off,none,0.869486,0,0,0,cruise
335.150000,-0.000602,,0.976793,0.974311,-1.972737,1.438896,off,none,0.869063,0,0,0,cruise
335.200000,-0.000491,,0.978300,0.977750,-1.989519,1.438081,off,none,0.868924,0,0,0,cruise
335.250000,-0.000531,,0.975924,0.976995,-2.014693,1.433030,off,none,0.867905,0,0,0,cruise
335.300000,-0.000492,,0.978212,0.978066,-2.015457,1.424968,off,none,0.862202,0,0,0,cruise
335.350000,-0.000521,,0.982405,0.978024,-2.026038,1.421719,off,none,0.868179,0,0,0,cruise
335.400000,-0.000696,,0.983956,0.978619,-2.061004,1.403552,off,none,0.867177,0,0,0,cruise
335.450000,-0.000680,,0.982552,0.975496,-2.102383,1.385359,off,none,0.860440,0,0,0,cruise
335.500000,-0.000673,,0.977209,0.968268,-2.108806,1.378072,off,none,0.824850,0,0,0,cruise
335.550000,-0.000645,,0.975531,0.962746,-2.091059,1.381020,off,none,0.866908,0,0,0,cruise
335.600000,-0.000701,,0.977183,0.961102,-2.095402,1.374259,off,none,0.863032,0,0,0,cruise
335.650000,-0.000617,,0.978430,0.967058,-2.104561,1.365454,off,none,0.832014,0,0,0,cruise
335.700000,-0.000631,,0.978960,0.970866,-2.109034,1.341837,off,none,0.837542,0,0,0,cruise
335.750000,-0.000576,,0.977147,0.972810,-2.106610,1.326859,off,none,0.829832,0,0,0,cruise
335.800000,-0.000573,,0.974634,0.974154,-2.102418,1.323879,off,none,0.808616,0,0,0,cruise
335.850000,-0.000583,,0.973772,0.972402,-2.106443,1.314212,off,none,0.815920,0,0,0,cruise
335.900000,-0.000606,,0.972221,0.969562,-2.103829,1.316685,off,none,0.774216,0,0,0,cruise
335.950000,-0.000613,,0.972370,0.966826,-2.106589,1.299038,off,none,0.775410,0,0,0,cruise
336.000000,-0.000561,,0.972513,0.970566,-2.095714,1.290852,off,none,0.865867,0,0,0,cruise
336.050000,-0.000496,,0.972486,0.972488,-2.098323,1.275574,off,none,0.864113,0,0,0,cruise
336.100000,-0.000422,,0.971432,0.972399,-2.079194,1.274908,off,none,0.843726,0,0,0,cruise
336.150000,-0.000442,,0.974219,0.975671,-2.075286,1.264481,off,none,0.865522,0,0,0,cruise
336.200000,-0.000429,,0.976918,0.977142,-2.088786,1.242279,off,none,0.865271,0,0,0,cruise
336.250000,-0.000388,,0.978069,0.977458,-2.084968,1.240157,off,none,0.864648,0,0,0,cruise
336.300000,-0.000360,,0.980257,0.979772,-2.089715,1.241427,off,none,0.855304,0,0,0,cruise
336.350000,-0.000415,,0.975459,0.972383,-2.094521,1.252712,off,none,0.815154,0,0,0,cruise
336.400000,-0.000420,,0.977249,0.973707,-2.099346,1.244122,off,none,0.864634,0,0,0,cruise
336.450000,-0.000345,,0.979602,0.975112,-2.107827,1.243570,off,none,0.863537,0,0,0,cruise
336.500000,-0.000395,,0.978901,0.972296,-2.109173,1.250164,off,none,0.863197,0,0,0,cruise
336.550000,-0.000417,,0.979575,0.973224,-2.089129,1.261710,off,none,0.863037,0,0,0,cruise
336.600000,-0.000371,,0.979889,0.975405,-2.086281,1.262119,off,none,0.857728,0,0,0,cruise
336.650000,-0.000361,,0.980343,0.978761,-2.068658,1.271763,off,none,0.818490,0,0,0,cruise
336.700000,-0.000332,,0.977753,0.978937,-2.067618,1.263960,off,none,0.857473,0,0,0,cruise
336.750000,-0.000282,,0.975277,0.975557,-2.053046,1.272995,off,none,0.842031,0,0,0,cruise
336.800000,-0.000235,,0.975676,0.976074,-2.043608,1.282954,off,none,0.744424,0,0,0,cruise
336.850000,-0.000202,,0.975777,0.979973,-2.042164,1.288043,off,none,0.830110,0,0,0,cruise
336.900000,-0.000175,,0.977124,0.981965,-2.038440,1.292890,off,none,0.861964,0,0,0,cruise
336.950000,-0.000188,,0.976675,0.980656,-2.028682,1.295445,off,none,0.861873,0,0,0,cruise
337.000000,-0.000295,,0.976964,0.980442,-2.018025,1.302658,off,none,0.859460,0,0,0,cruise
337.050000,-0.000071,,0.979512,0.985459,-1.993885,1.315054,off,none,0.827333,0,0,0,cruise
337.100000,-0.000090,,0.981380,0.986846,-1.997266,1.318354,off,none,0.800480,0,0,0,cruise
337.150000,-0.000116,,0.985134,0.989409,-1.997155,1.314972,off,none,0.861178,0,0,0,cruise
337.200000,-0.000096,,0.985442,0.988854,-1.996413,1.324171,off,none,0.860869,0,0,0,cruise
337.250000,-0.000162,,0.982033,0.986852,-1.992713,1.328064,off,none,0.860897,0,0,0,cruise
337.300000,-0.000207,,0.983535,0.987328,-1.987893,1.329804,off,none,0.860311,0,0,0,cruise
337.350000,-0.000239,,0.985037,0.987996,-1.976647,1.345283,off,none,0.859937,0,0,0,cruise
337.400000,-0.000245,,0.988394,0.991442,-1.989416,1.349723,off,none,0.859471,0,0,0,cruise
337.450000,-0.000227,,0.987977,0.991331,-1.990475,1.364336,off,none,0.847563,0,0,0,cruise
337.500000,-0.000256,,0.985300,0.990223,-1.977197,1.368151,off,none,0.716400,0,0,0,cruise
337.550000,-0.000221,,0.981536,0.988476,-1.979786,1.372396,off,none,0.831247,0,0,0,cruise
337.600000,-0.000219,,0.983344,0.988083,-1.967658,1.380155,off,none,0.859116,0,0,0,cruise
337.650000,-0.000150,,0.982719,0.988265,-1.949921,1.379672,off,none,0.858829,0,0,0,cruise
337.700000,-0.000154,,0.982006,0.988487,-1.943774,1.387247,off,none,0.852045,0,0,0,cruise
337.750000,-0.000139,,0.982058,0.988241,-1.940020,1.381109,off,none,0.784304,0,0,0,cruise
337.800000,-0.000099,,0.981146,0.987973,-1.943742,1.379694,off,none,0.833925,0,0,0,cruise
337.850000,-0.000119,,0.983635,0.988968,-1.936867,1.383319,off,none,0.857898,0,0,0,cruise
337.900000,-0.000169,,0.983020,0.988152,-1.935076,1.385240,off,none,0.857761,0,0,0,cruise
337.950000,-0.000195,,0.985820,0.990190,-1.947455,1.382473,off,none,0.857536,0,0,0,cruise
338.000000,-0.000126,,0.987388,0.991173,-1.946016,1.370804,off,none,0.857272,0,0,0,cruise
338.050000,-0.000053,,0.984904,0.989573,-1.930031,1.370047,off,none,0.854816,0,0,0,cruise
338.100000,-0.000132,,0.981183,0.985557,-1.947635,1.378050,off,none,0.856480,0,0,0,cruise
338.150000,-0.000158,,0.980914,0.984956,-1.945784,1.390503,off,none,0.855870,0,0,0,cruise
338.200000,-0.000226,,0.982214,0.985421,-1.945855,1.390920,off,none,0.855665,0,0,0,cruise
338.250000,-0.000212,,0.982056,0.985174,-1.943209,1.388409,off,none,0.852239,0,0,0,cruise
338.300000,-0.000181,,0.981998,0.985021,-1.930241,1.404141,off,none,0.817464,0,0,0,cruise
338.350000,-0.000253,,0.984007,0.984350,-1.925632,1.407243,off,none,0.848115,0,0,0,cruise
338.400000,-0.000232,,0.983039,0.984624,-1.925975,1.414366,off,none,0.846549,0,0,0,cruise
338.450000,-0.000271,,0.982521,0.985031,-1.929729,1.412658,off,none,0.742896,0,0,0,cruise
338.500000,-0.000282,,0.978703,0.980276,-1.926873,1.408635,off,none,0.690823,0,0,0,cruise
338.550000,-0.000169,,0.975622,0.976292,-1.918144,1.414618,off,none,0.657390,0,0,0,cruise
338.600000,-0.000172,,0.977401,0.973468,-1.922414,1.424944,off,none,0.675275,0,0,0,cruise
338.650000,-0.000195,,0.977873,0.976171,-1.926783,1.441035,off,none,0.821887,0,0,0,cruise
338.700000,-0.000301,,0.980622,0.978288,-1.933475,1.432110,off,none,0.782188,0,0,0,cruise
338.750000,-0.000222,,0.982234,0.979629,-1.933485,1.429718,off,none,0.733435,0,0,0,cruise
338.800000,-0.000288,,0.984422,0.980334,-1.924034,1.429262,off,none,0.714099,0,0,0,cruise
338.850000,-0.000248,,0.982013,0.979320,-1.929389,1.434569,off,none,0.721770,0,0,0,cruise
338.900000,-0.000160,,0.982069,0.982640,-1.932227,1.443274,off,none,0.784822,0,0,0,cruise
338.950000,-0.000239,,0.985084,0.984340,-1.942819,1.441367,off,none,0.701716,0,0,0,cruise
339.000000,-0.000282,,0.982906,0.983369,-1.949008,1.451130,off,none,0.632599,0,0,0,cruise
339.050000,-0.000236,,0.978651,0.980475,-1.944462,1.456645,off,none,0.632839,0,0,0,cruise
339.100000,-0.000241,,0.977941,0.978993,-1.943123,1.458448,off,none,0.643043,0,0,0,cruise
339.150000,-0.000157,,0.973265,0.974868,-1.944104,1.456095,off,none,0.730716,0,0,0,cruise
339.200000,-0.000270,,0.976850,0.979264,-1.936487,1.456895,off,none,0.651088,0,0,0,cruise
339.250000,-0.000337,,0.976810,0.978538,-1.933872,1.462440,off,none,0.539563,0,0,0,cruise
339.300000,-0.000392,,0.976276,0.975151,-1.940298,1.451677,off,none,0.645760,0,0,0,cruise
339.350000,-0.000394,,0.975289,0.974148,-1.925952,1.459842,off,none,0.688482,0,0,0,cruise
339.400000,-0.000381,,0.972297,0.970780,-1.926125,1.463161,off,none,0.606856,0,0,0,cruise
339.450000,-0.000402,,0.972573,0.969909,-1.937961,1.468536,off,none,0.589586,0,0,0,cruise
339.500000,-0.000328,,0.972889,0.972110,-1.934478,1.471650,off,none,0.550191,0,0,0,cruise
339.550000,-0.000319,,0.975209,0.975368,-1.931931,1.473894,off,none,0.604022,0,0,0,cruise
339.600000,-0.000187,,0.966631,0.972772,-1.930382,1.480453,off,none,0.701570,0,0,0,cruise
339.650000,-0.000215,,0.968667,0.973685,-1.932876,1.484306,off,none,0.661864,0,0,0,cruise
339.700000,-0.000285,,0.971056,0.974362,-1.934233,1.480264,off,none,0.552068,0,0,0,cruise
339.750000,-0.000344,,0.974139,0.975135,-1.936652,1.466443,off,none,0.593113,0,0,0,cruise
339.800000,-0.000279,,0.977524,0.976245,-1.923648,1.476632,off,none,0.619942,0,0,0,cruise
339.850000,-0.000293,,0.971044,0.971974,-1.908472,1.482428,off,none,0.616930,0,0,0,cruise
339.900000,-0.000291,,0.974153,0.973399,-1.922565,1.472080,off,none,0.581293,0,0,0,cruise
339.950000,-0.000336,,0.970021,0.967992,-1.926722,1.469248,off,none,0.526247,0,0,0,cruise
340.000000,-0.000389,,0.969787,0.967364,-1.943336,1.471259,off,none,0.568226,0,0,0,cruise
340.050000,-0.000367,,0.962625,0.956270,-1.933602,1.478307,off,none,0.619261,0,0,0,cruise
340.100000,-0.000326,,0.959605,0.959103,-1.943523,1.477443,off,none,0.548060,0,0,0,cruise
340.150000,-0.000406,,0.961191,0.958482,-1.960592,1.483890,off,none,0.522699,0,0,0,cruise
340.200000,-0.000297,,0.964308,0.966068,-1.956766,1.481339,off,none,0.660668,0,0,0,cruise
340.250000,-0.000222,,0.965825,0.966324,-1.963209,1.480641,off,none,0.680603,0,0,0,cruise
340.300000,-0.000245,,0.967769,0.969270,-1.960292,1.472974,off,none,0.568114,0,0,0,cruise
340.350000,-0.000262,,0.969714,0.970121,-1.960644,1.468988,off,none,0.561803,0,0,0,cruise
340.400000,-0.000163,,0.963466,0.969269,-1.951744,1.462954,off,none,0.547028,0,0,0,cruise
340.450000,-0.000156,,0.960262,0.971367,-1.959762,1.445847,off,none,0.497002,0,0,0,cruise
340.500000,-0.000169,,0.961865,0.968439,-1.958918,1.457451,off,none,0.516640,0,0,0,cruise
340.550000,-0.000084,,0.957427,0.965544,-1.946665,1.481953,off,none,0.625942,0,0,0,cruise
340.600000,-0.000056,,0.953224,0.963806,-1.940139,1.489720,off,none,0.661154,0,0,0,cruise
340.650000,-0.000145,,0.955312,0.963522,-1.941764,1.504849,off,none,0.620030,0,0,0,cruise
340.700000,-0.000165,,0.959542,0.966495,-1.944548,1.490946,off,none,0.638543,0,0,0,cruise
340.750000,-0.000287,,0.961328,0.962771,-1.971914,1.479527,off,none,0.623145,0,0,0,cruise
340.800000,-0.000267,,0.962406,0.962057,-1.992333,1.474467,off,none,0.586727,0,0,0,cruise
340.850000,-0.000251,,0.958607,0.957879,-1.988097,1.470707,off,none,0.543717,0,0,0,cruise
340.900000,-0.000171,,0.958658,0.960953,-1.977162,1.474293,off,none,0.537813,0,0,0,cruise
340.950000,-0.000127,,0.945703,0.956816,-1.980248,1.482565,off,none,0.530566,0,0,0,cruise
341.000000,-0.000089,,0.940973,0.953202,-1.970800,1.484379,off,none,0.538471,0,0,0,cruise
341.050000,-0.000021,,0.941438,0.951378,-1.967165,1.486652,off,none,0.558015,0,0,0,cruise
341.100000,0.000102,,0.941320,0.959840,-1.969815,1.495646,off,none,0.635900,0,0,0,cruise
341.150000,0.000073,,0.940743,0.958987,-1.989753,1.487241,off,none,0.656505,0,0,0,cruise
341.200000,0.000077,,0.938150,0.958185,-1.991194,1.474860,off,none,0.627686,0,0,0,cruise
341.250000,0.000015,,0.942696,0.957957,-2.019217,1.456667,off,none,0.652833,0,0,0,cruise
341.300000,-0.000011,,0.935879,0.951003,-2.022104,1.456255,off,none,0.645331,0,0,0,cruise
341.350000,0.000140,,0.935965,0.956928,-2.034561,1.457599,off,none,0.584808,0,0,0,cruise
341.400000,0.000112,,0.939164,0.956080,-2.063925,1.448155,off,none,0.531225,0,0,0,cruise
341.450000,0.000216,,0.936376,0.955600,-2.089477,1.440467,off,none,0.645701,0,0,0,cruise
341.500000,0.000261,,0.930925,0.953375,-2.085253,1.433017,off,none,0.676057,0,0,0,cruise
341.550000,0.000206,,0.931124,0.945689,-2.105196,1.419155,off,none,0.552151,0,0,0,cruise
341.600000,0.000334,,0.936809,0.954315,-2.108692,1.412496,off,none,0.540754,0,0,0,cruise
341.650000,0.000323,,0.945763,0.960061,-2.128210,1.409695,off,none,0.688518,0,0,0,cruise
341.700000,0.000349,,0.940482,0.955601,-2.144386,1.396674,off,none,0.672865,0,0,0,cruise
341.750000,0.000486,,0.933731,0.948953,-2.161034,1.378617,off,none,0.586726,0,0,0,cruise
341.800000,0.000375,,0.933758,0.940536,-2.170757,1.382168,off,none,0.591930,0,0,0,cruise
341.850000,0.000396,,0.937327,0.936643,-2.191469,1.376914,off,none,0.576577,0,0,0,cruise
341.900000,0.000527,,0.936279,0.930853,-2.223573,1.367724,off,none,0.582529,0,0,0,cruise
341.950000,0.000657,,0.941344,0.939001,-2.245063,1.355462,off,none,0.638650,0,0,0,cruise
342.000000,0.000845,,0.941832,0.945297,-2.294678,1.347857,off,none,0.555694,0,0,0,cruise
342.050000,0.000807,,0.940522,0.941567,-2.323677,1.343373,off,none,0.510736,0,0,0,cruise
342.100000,0.000943,,0.950419,0.953168,-2.339731,1.349642,off,none,0.684813,0,0,0,cruise
342.150000,0.001007,,0.949110,0.956006,-2.315699,1.348109,off,none,0.685230,0,0,0,cruise
342.200000,0.000899,,0.952335,0.955145,-2.303801,1.344912,off,none,0.629902,0,0,0,cruise
342.250000,0.000878,,0.949536,0.953997,-2.313803,1.320766,off,none,0.625100,0,0,0,cruise
342.300000,0.000929,,0.949824,0.958355,-2.301561,1.325404,off,none,0.705600,0,0,0,cruise
342.350000,0.000937,,0.948468,0.957218,-2.307142,1.316387,off,none,0.733533,0,0,0,cruise
342.400000,0.000904,,0.938362,0.947738,-2.334640,1.305802,off,none,0.785495,0,0,0,cruise
342.450000,0.000976,,0.940506,0.950685,-2.342009,1.288985,off,none,0.712877,0,0,0,cruise
342.500000,0.001051,,0.941537,0.950747,-2.388646,1.252624,off,none,0.593718,0,0,0,cruise
342.550000,0.001118,,0.931348,0.945885,-2.367682,1.253032,off,none,0.623021,0,0,0,cruise
342.600000,0.001210,,0.938455,0.958635,-2.378195,1.234672,off,none,0.701198,0,0,0,cruise
342.650000,0.001171,,0.944540,0.963561,-2.402520,1.216843,off,none,0.752328,0,0,0,cruise
342.700000,0.001122,,0.943125,0.963531,-2.411315,1.184602,off,none,0.769264,0,0,0,cruise
342.750000,0.001123,,0.952662,0.966877,-2.417023,1.169019,off,none,0.723620,0,0,0,cruise
342.800000,0.001071,,0.952910,0.968897,-2.417300,1.147415,off,none,0.647711,0,0,0,cruise
342.850000,0.001012,,0.955885,0.971943,-2.443167,1.118664,off,none,0.765779,0,0,0,cruise
342.900000,0.000873,,0.957284,0.973207,-2.446925,1.109203,off,none,0.781623,0,0,0,cruise
342.950000,0.000871,,0.959105,0.975260,-2.437853,1.087692,off,none,0.752683,0,0,0,cruise
343.000000,0.000920,,0.955074,0.971908,-2.450152,1.076293,off,none,0.672663,0,0,0,cruise
343.050000,0.001075,,0.958959,0.974135,-2.437511,1.058057,off,none,0.650263,0,0,0,cruise
343.100000,0.001219,,0.959790,0.976571,-2.406577,1.048314,off,none,0.670574,0,0,0,cruise
343.150000,0.001302,,0.957905,0.979857,-2.398996,1.063930,off,none,0.780267,0,0,0,cruise
343.200000,0.001448,,0.958770,0.983118,-2.390904,1.040838,off,none,0.729715,0,0,0,cruise
343.250000,0.001467,,0.959185,0.983872,-2.404630,1.025821,off,none,0.667042,0,0,0,cruise
343.300000,0.001512,,0.959581,0.984829,-2.412795,1.020193,off,none,0.691848,0,0,0,cruise
343.350000,0.001499,,0.969059,0.988426,-2.395293,1.026884,off,none,0.711112,0,0,0,cruise
343.400000,0.001445,,0.970773,0.987578,-2.401858,1.030929,off,none,0.754721,0,0,0,cruise
343.450000,0.001430,,0.966417,0.985075,-2.404072,1.036546,off,none,0.839277,0,0,0,cruise
343.500000,0.001422,,0.963230,0.980834,-2.428182,1.041249,off,none,0.732802,0,0,0,cruise
343.550000,0.001252,,0.957808,0.975648,-2.434960,1.025115,off,none,0.634141,0,0,0,cruise
343.600000,0.001381,,0.957792,0.979089,-2.457545,1.044182,off,none,0.622786,0,0,0,cruise
343.650000,0.001499,,0.961956,0.982327,-2.463200,1.054096,off,none,0.638638,0,0,0,cruise
343.700000,0.001556,,0.957985,0.981729,-2.453704,1.040849,off,none,0.852422,0,0,0,cruise
343.750000,0.001764,,0.953958,0.979831,-2.453224,1.057530,off,none,0.793526,0,0,0,cruise
343.800000,0.001796,,0.953761,0.979442,-2.459368,1.079398,off,none,0.719520,0,0,0,cruise
343.850000,0.001458,,0.958887,0.974529,-2.425265,1.107240,off,none,0.730242,0,0,0,cruise
343.900000,0.001554,,0.968840,0.978709,-2.382801,1.121772,off,none,0.651777,0,0,0,cruise
343.950000,0.001658,,0.972656,0.982467,-2.395170,1.136955,off,none,0.633005,0,0,0,cruise
344.000000,0.001746,,0.971641,0.982854,-2.400428,1.145093,off,none,0.659518,0,0,0,cruise
344.050000,0.001905,,0.967599,0.983915,-2.411127,1.161157,off,none,0.664388,0,0,0,cruise
344.100000,0.001894,,0.964406,0.980739,-2.409229,1.181556,off,none,0.644095,0,0,0,cruise
344.150000,0.002000,,0.959984,0.980986,-2.401038,1.182846,off,none,0.590239,0,0,0,cruise
344.200000,0.001805,,0.963470,0.980067,-2.389114,1.184872,off,none,0.540745,0,0,0,cruise
344.250000,0.001817,,0.962924,0.980689,-2.373820,1.193209,off,none,0.663794,0,0,0,cruise
344.300000,0.002071,,0.958817,0.978580,-2.375839,1.191292,off,none,0.692517,0,0,0,cruise
344.350000,0.002232,,0.961268,0.982643,-2.377242,1.205729,off,none,0.702111,0,0,0,cruise
344.400000,0.002208,,0.965553,0.984344,-2.376031,1.221784,off,none,0.710914,0,0,0,cruise
344.450000,0.002198,,0.965755,0.983549,-2.354820,1.226775,off,none,0.565280,0,0,0,cruise
344.500000,0.002302,,0.964749,0.982685,-2.301448,1.250928,off,none,0.578952,0,0,0,cruise
344.550000,0.002291,,0.957431,0.976834,-2.313438,1.251321,off,none,0.607830,0,0,0,cruise
344.600000,0.002302,,0.962299,0.981921,-2.302981,1.268541,off,none,0.671816,0,0,0,cruise
344.650000,0.002415,,0.958107,0.980987,-2.287109,1.282883,off,none,0.795488,0,0,0,cruise
344.700000,0.002640,,0.955865,0.982850,-2.272189,1.273802,off,none,0.701970,0,0,0,cruise
344.750000,0.002554,,0.957492,0.983051,-2.248171,1.291006,off,none,0.681025,0,0,0,cruise
344.800000,0.002662,,0.960141,0.983435,-2.274781,1.296584,off,none,0.630003,0,0,0,cruise
344.850000,0.002570,,0.961272,0.983459,-2.259652,1.321993,off,none,0.630347,0,0,0,cruise
344.900000,0.002525,,0.960005,0.982860,-2.257176,1.315425,off,none,0.699279,0,0,0,cruise
344.950000,0.002418,,0.957183,0.979566,-2.233816,1.315772,off,none,0.646684,0,0,0,cruise
345.000000,0.002497,,0.956775,0.979677,-2.220685,1.315601,off,none,0.745097,0,0,0,cruise
345.050000,0.002334,,0.961087,0.981816,-2.210217,1.322399,off,none,0.761847,0,0,0,cruise
345.100000,0.002311,,0.959844,0.981635,-2.180690,1.333802,off,none,0.695537,0,0,0,cruise
345.150000,0.002387,,0.962090,0.980629,-2.187159,1.342943,off,none,0.679738,0,0,0,cruise
345.200000,0.002650,,0.964600,0.984560,-2.193995,1.337146,off,none,0.613602,0,0,0,cruise
345.250000,0.002587,,0.960510,0.981284,-2.194819,1.356378,off,none,0.634474,0,0,0,cruise
345.300000,0.002615,,0.959679,0.981488,-2.196276,1.363793,off,none,0.692079,0,0,0,cruise
345.350000,0.002586,,0.963957,0.982208,-2.185376,1.374752,off,none,0.662014,0,0,0,cruise
345.400000,0.002413,,0.956982,0.977535,-2.177766,1.389717,off,none,0.781720,0,0,0,cruise
345.450000,0.002521,,0.959104,0.979296,-2.128076,1.388311,off,none,0.776786,0,0,0,cruise
345.500000,0.002433,,0.966263,0.982313,-2.105714,1.407778,off,none,0.774507,0,0,0,cruise
345.550000,0.002528,,0.963458,0.982273,-2.107717,1.412069,off,none,0.697114,0,0,0,cruise
345.600000,0.002499,,0.962212,0.981208,-2.113076,1.411896,off,none,0.626657,0,0,0,cruise
345.650000,0.002590,,0.963045,0.981815,-2.108661,1.420615,off,none,0.630772,0,0,0,cruise
345.700000,0.002656,,0.962825,0.980262,-2.095188,1.437858,off,none,0.622580,0,0,0,cruise
345.750000,0.002588,,0.962621,0.979139,-2.082202,1.445657,off,none,0.752881,0,0,0,cruise
345.800000,0.002650,,0.963329,0.979913,-2.080996,1.444513,off,none,0.781359,0,0,0,cruise
345.850000,0.002669,,0.964682,0.980368,-2.075026,1.451594,off,none,0.812430,0,0,0,cruise
345.900000,0.002754,,0.966902,0.981540,-2.067370,1.459934,off,none,0.810590,0,0,0,cruise
345.950000,0.002735,,0.967808,0.981988,-2.058548,1.479880,off,none,0.775196,0,0,0,cruise
346.000000,0.002744,,0.965158,0.979905,-2.051393,1.485218,off,none,0.840521,0,0,0,cruise
346.050000,0.002866,,0.968474,0.982145,-2.005354,1.491195,off,none,0.757222,0,0,0,cruise
346.100000,0.002889,,0.969116,0.979148,-1.967263,1.525789,off,none,0.695148,0,0,0,cruise
346.150000,0.002848,,0.974491,0.982806,-1.955442,1.536304,off,none,0.679784,0,0,0,cruise
346.200000,0.002734,,0.975236,0.982695,-1.937132,1.536050,off,none,0.677504,0,0,0,cruise
346.250000,0.002906,,0.975711,0.982699,-1.918780,1.528879,off,none,0.797647,0,0,0,cruise
346.300000,0.002942,,0.975982,0.984173,-1.900966,1.543322,off,none,0.803265,0,0,0,cruise
346.350000,0.002985,,0.975594,0.983804,-1.910117,1.562110,off,none,0.822247,0,0,0,cruise
346.400000,0.003039,,0.975450,0.982738,-1.907272,1.572332,off,none,0.799271,0,0,0,cruise
346.450000,0.002904,,0.977354,0.985391,-1.910665,1.582054,off,none,0.833895,0,0,0,cruise
346.500000,0.002877,,0.978931,0.985618,-1.924062,1.588890,off,none,0.858378,0,0,0,cruise
346.550000,0.002693,,0.975451,0.979594,-1.926232,1.588113,off,none,0.798019,0,0,0,cruise
346.600000,0.002690,,0.971067,0.976627,-1.917244,1.595652,off,none,0.778868,0,0,0,cruise
346.650000,0.002594,,0.967492,0.969879,-1.914533,1.601451,off,none,0.709990,0,0,0,cruise
346.700000,0.002564,,0.971711,0.969384,-1.905637,1.599448,off,none,0.747472,0,0,0,cruise
346.750000,0.002626,,0.972760,0.972727,-1.907443,1.617170,off,none,0.757820,0,0,0,cruise
346.800000,0.002655,,0.969836,0.971308,-1.933026,1.616942,off,none,0.769048,0,0,0,cruise
346.850000,0.002774,,0.970202,0.972748,-1.910669,1.617508,off,none,0.902676,0,0,0,cruise
346.900000,0.002728,,0.968421,0.971349,-1.919209,1.617173,off,none,0.863890,0,0,0,cruise
346.950000,0.002641,,0.968320,0.971985,-1.909754,1.630182,off,none,0.886879,0,0,0,cruise
347.000000,0.002626,,0.971048,0.974569,-1.902897,1.625956,off,none,0.810360,0,0,0,cruise
347.050000,0.002359,,0.971774,0.974923,-1.891088,1.619409,off,none,0.743308,0,0,0,cruise
347.100000,0.002545,,0.971139,0.976961,-1.897413,1.614030,off,none,0.711296,0,0,0,cruise
347.150000,0.002315,,0.973976,0.978321,-1.903039,1.629775,off,none,0.715721,0,0,0,cruise
347.200000,0.002385,,0.974972,0.981444,-1.893577,1.636414,off,none,0.705856,0,0,0,cruise
347.250000,0.002117,,0.977855,0.984427,-1.846070,1.660831,off,none,0.663795,0,0,0,cruise
347.300000,0.002094,,0.973780,0.979239,-1.842695,1.649292,off,none,0.813135,0,0,0,cruise
347.350000,0.002033,,0.974676,0.980399,-1.874257,1.662210,off,none,0.769536,0,0,0,cruise
347.400000,0.002035,,0.978183,0.982719,-1.879710,1.652926,off,none,0.818403,0,0,0,cruise
347.450000,0.001953,,0.979009,0.979483,-1.848881,1.651992,off,none,0.860519,0,0,0,cruise
347.500000,0.002013,,0.977790,0.977620,-1.843180,1.642161,off,none,0.807679,0,0,0,cruise
347.550000,0.002026,,0.974641,0.973252,-1.848082,1.644852,off,none,0.788611,0,0,0,cruise
347.600000,0.001930,,0.978702,0.983144,-1.851420,1.637001,off,none,0.711209,0,0,0,cruise
347.650000,0.002058,,0.974717,0.981132,-1.859904,1.634819,off,none,0.788976,0,0,0,cruise
347.700000,0.001885,,0.977849,0.983517,-1.880864,1.645937,off,none,0.766736,0,0,0,cruise
347.750000,0.001838,,0.980204,0.983652,-1.892038,1.638411,off,none,0.810112,0,0,0,cruise
347.800000,0.001877,,0.978216,0.981890,-1.892132,1.633496,off,none,0.761432,0,0,0,cruise
347.850000,0.001716,,0.979923,0.981786,-1.867653,1.633136,off,none,0.711293,0,0,0,cruise
347.900000,0.001730,,0.978974,0.980930,-1.900943,1.627512,off,none,0.661323,0,0,0,cruise
347.950000,0.001639,,0.978925,0.981203,-1.904505,1.629771,off,none,0.611245,0,0,0,cruise
348.000000,0.001703,,0.980026,0.984327,-1.900638,1.630390,off,none,0.567328,0,0,0,cruise
348.050000,0.001659,,0.977224,0.983316,-1.917247,1.644614,off,none,0.616425,0,0,0,cruise
348.100000,0.001695,,0.979025,0.983441,-1.909634,1.639077,off,none,0.660275,0,0,0,cruise
348.150000,0.001689,,0.978957,0.985408,-1.907230,1.642888,off,none,0.611189,0,0,0,cruise
348.200000,0.001532,,0.978281,0.984759,-1.934387,1.629056,off,none,0.561003,0,0,0,cruise
348.250000,0.001667,,0.979217,0.988086,-1.942925,1.624859,off,none,0.517035,0,0,0,cruise
348.300000,0.001715,,0.979070,0.986974,-1.958790,1.609896,off,none,0.566473,0,0,0,cruise
348.350000,0.001702,,0.979469,0.987071,-1.987711,1.599761,off,none,0.616616,0,0,0,cruise
348.400000,0.001641,,0.978734,0.987982,-2.006900,1.601572,off,none,0.666903,0,0,0,cruise
348.450000,0.001565,,0.981461,0.990356,-2.001462,1.609158,off,none,0.711160,0,0,0,cruise
348.500000,0.001736,,0.982052,0.990285,-1.987891,1.590957,off,none,0.667109,0,0,0,cruise
348.550000,0.001671,,0.983031,0.989987,-2.007011,1.586178,off,none,0.716019,0,0,0,cruise
348.600000,0.001667,,0.982889,0.989928,-2.007203,1.576012,off,none,0.753605,0,0,0,cruise
348.650000,0.001814,,0.983108,0.989750,-2.017014,1.566199,off,none,0.790075,0,0,0,cruise
348.700000,0.001702,,0.984356,0.991392,-2.022183,1.557842,off,none,0.799348,0,0,0,cruise
348.750000,0.001602,,0.983769,0.991040,-2.049652,1.534674,off,none,0.815723,0,0,0,cruise
348.800000,0.001571,,0.983974,0.990850,-2.080778,1.513528,off,none,0.865077,0,0,0,cruise
348.850000,0.001577,,0.983579,0.991404,-2.080929,1.512817,off,none,0.897471,0,0,0,cruise
348.900000,0.001619,,0.983206,0.991306,-2.098641,1.491403,off,none,0.903484,0,0,0,cruise
348.950000,0.001759,,0.985411,0.990938,-2.111715,1.481490,off,none,0.817192,0,0,0,cruise
349.000000,0.001654,,0.986628,0.991003,-2.105234,1.463413,off,none,0.782018,0,0,0,cruise
349.050000,0.001562,,0.986974,0.989710,-2.123634,1.436473,off,none,0.744310,0,0,0,cruise
349.100000,0.001745,,0.988508,0.991354,-2.122438,1.420364,off,none,0.702894,0,0,0,cruise
349.150000,0.001634,,0.985184,0.989685,-2.131399,1.405449,off,none,0.866111,0,0,0,cruise
349.200000,0.001751,,0.982675,0.989676,-2.142538,1.398049,off,none,0.860799,0,0,0,cruise
349.250000,0.001660,,0.979319,0.987496,-2.150604,1.403629,off,none,0.910570,0,0,0,cruise
349.300000,0.001654,,0.983144,0.989464,-2.140498,1.423992,off,none,0.904469,0,0,0,cruise
349.350000,0.001676,,0.984766,0.990799,-2.132843,1.425828,off,none,0.805854,0,0,0,cruise
349.400000,0.001568,,0.983574,0.988785,-2.138034,1.406327,off,none,0.765017,0,0,0,cruise
349.450000,0.001593,,0.982989,0.988350,-2.149363,1.390936,off,none,0.757560,0,0,0,cruise
349.500000,0.001694,,0.982926,0.987269,-2.188751,1.390744,off,none,0.803086,0,0,0,cruise
349.550000,0.001723,,0.985725,0.990659,-2.203063,1.390086,off,none,0.862360,0,0,0,cruise
349.600000,0.001686,,0.983573,0.989718,-2.205953,1.403356,off,none,0.896422,0,0,0,cruise
349.650000,0.001867,,0.982177,0.989608,-2.206222,1.398878,off,none,0.906574,0,0,0,cruise
349.700000,0.001856,,0.982472,0.989597,-2.230055,1.389471,off,none,0.853499,0,0,0,cruise
349.750000,0.001626,,0.984283,0.989037,-2.226080,1.400035,off,none,0.828280,0,0,0,cruise
349.800000,0.001659,,0.984474,0.988312,-2.213105,1.398100,off,none,0.774574,0,0,0,cruise
349.850000,0.001616,,0.982578,0.986924,-2.186951,1.410296,off,none,0.818071,0,0,0,cruise
349.900000,0.001629,,0.982161,0.986130,-2.184738,1.417496,off,none,0.796469,0,0,0,cruise
349.950000,0.001703,,0.983201,0.986645,-2.193665,1.414752,off,none,0.839634,0,0,0,cruise
350.000000,0.001821,,0.984763,0.987723,-2.205643,1.418951,off,none,0.906246,0,0,0,cruise
350.050000,0.001909,,0.981523,0.985283,-2.209607,1.423415,off,none,0.866434,0,0,0,cruise
350.100000,0.001873,,0.981150,0.986212,-2.196465,1.432925,off,none,0.841265,0,0,0,cruise
350.150000,0.001958,,0.981007,0.986561,-2.181688,1.445963,off,none,0.795279,0,0,0,cruise
350.200000,0.001830,,0.981510,0.985571,-2.187554,1.448327,off,none,0.790813,0,0,0,cruise
350.250000,0.001881,,0.983171,0.987806,-2.154122,1.449465,off,none,0.800177,0,0,0,cruise
350.300000,0.002030,,0.983490,0.988553,-2.148323,1.451582,off,none,0.806057,0,0,0,cruise
350.350000,0.002112,,0.984305,0.989952,-2.132590,1.439239,off,none,0.805230,0,0,0,cruise
350.400000,0.002148,,0.983334,0.989158,-2.126523,1.435171,off,none,0.293240,0,1,0,cruise
350.450000,0.002151,,0.981667,0.989269,-2.128870,1.443316,off,none,0.285449,0,1,0,cruise
350.500000,0.002027,,0.981636,0.989062,-2.123602,1.448364,off,none,0.218155,0,1,0,cruise
350.550000,0.002201,,0.978354,0.988222,-2.130935,1.449849,off,none,0.208730,0,1,0,cruise
350.600000,0.002176,,0.980497,0.989959,-2.123816,1.446289,off,none,0.099828,0,1,0,cruise
350.650000,0.002245,,0.981266,0.989779,-2.109293,1.454658,off,none,0.050881,0,1,0,cruise
350.700000,0.002433,,0.979805,0.990832,-2.097184,1.464473,off,none,0.066200,0,1,0,cruise
350.750000,0.002386,,0.982813,0.991602,-2.048103,1.463037,off,none,0.129836,0,1,0,cruise
350.800000,0.002367,,0.983831,0.992799,-2.052955,1.476018,off,none,0.248868,0,1,0,cruise
350.850000,0.002281,,0.984689,0.992104,-2.038217,1.482985,off,none,0.188333,0,1,0,cruise
350.900000,0.002334,,0.983434,0.990775,-2.038731,1.476278,off,none,0.176668,0,1,0,cruise
350.950000,0.002446,,0.982452,0.990993,-2.031579,1.478264,off,none,0.723879,0,0,0,cruise
351.000000,0.002399,,0.981344,0.990570,-2.030256,1.472975,off,none,0.813525,0,0,0,cruise
351.050000,0.002441,,0.981604,0.990402,-2.035624,1.467150,off,none,0.843685,0,0,0,cruise
351.100000,0.002577,,0.981076,0.990658,-2.042788,1.471329,off,none,0.844293,0,0,0,cruise
351.150000,0.002515,,0.977728,0.989622,-2.037563,1.477775,off,none,0.903279,0,0,0,cruise
351.200000,0.002707,,0.978136,0.990987,-2.025122,1.479688,off,none,0.852584,0,0,0,cruise
351.250000,0.002690,,0.979317,0.990525,-2.028142,1.478273,off,none,0.763263,0,0,0,cruise
351.300000,0.002651,,0.980891,0.990986,-2.022465,1.488204,off,none,-0.024292,0,1,0,cruise
351.350000,0.002549,,0.983257,0.989691,-2.028598,1.486701,off,none,0.707676,0,0,0,cruise
351.400000,0.002643,,0.982334,0.990726,-2.011815,1.491496,off,none,0.723075,0,0,0,cruise
351.450000,0.002612,,0.981591,0.991228,-1.978685,1.492928,off,none,0.115884,0,1,0,cruise
351.500000,0.002604,,0.983168,0.990087,-1.991226,1.483459,off,none,0.105337,0,1,0,cruise
351.550000,0.002491,,0.980462,0.988903,-1.966174,1.511120,off,none,0.147935,0,1,0,cruise
351.600000,0.002481,,0.981513,0.988988,-1.959579,1.515150,off,none,0.145793,0,1,0,cruise
351.650000,0.002512,,0.980585,0.988661,-1.959628,1.522643,off,none,0.099043,0,1,0,cruise
351.700000,0.002438,,0.978996,0.985685,-1.970038,1.525402,off,none,0.000970,0,1,0,cruise
351.750000,0.002566,,0.978628,0.987143,-1.959265,1.524264,off,none,-0.079244,0,1,0,cruise
351.800000,0.002641,,0.977764,0.987492,-1.970636,1.527517,off,none,-0.025636,0,1,0,cruise
351.850000,0.002659,,0.978850,0.987842,-1.969405,1.528984,off,none,0.129441,0,1,0,cruise
351.900000,0.002829,,0.978035,0.988482,-1.960882,1.550979,off,none,0.158062,0,1,0,cruise
351.950000,0.002619,,0.978511,0.986925,-1.963765,1.557779,off,none,0.107611,0,1,0,cruise
352.000000,0.002406,,0.979585,0.984554,-1.953835,1.552008,off,none,-0.026325,0,1,0,cruise
352.050000,0.002406,,0.979976,0.984707,-1.952440,1.537988,off,none,-0.137318,0,1,0,cruise
352.100000,0.002433,,0.976789,0.983245,-1.944528,1.520466,off,none,0.063177,0,1,0,cruise
352.150000,0.002389,,0.977866,0.984031,-1.944258,1.522238,off,none,0.725962,0,0,0,cruise
352.200000,0.002554,,0.975650,0.985086,-1.923353,1.530969,off,none,0.801676,0,0,0,cruise
352.250000,0.002644,,0.971422,0.985879,-1.915982,1.532044,off,none,0.695913,0,0,0,cruise
352.300000,0.002638,,0.973186,0.988488,-1.911160,1.539493,off,none,-0.097711,0,1,0,cruise
352.350000,0.002570,,0.973774,0.988532,-1.901207,1.544118,off,none,-0.068832,0,1,0,cruise
352.400000,0.002474,,0.973311,0.987954,-1.882235,1.555239,off,none,0.602862,0,0,0,cruise
352.450000,0.002474,,0.976875,0.989259,-1.879988,1.557243,off,none,0.551342,0,0,0,cruise
352.500000,0.002437,,0.978869,0.989821,-1.906320,1.564697,off,none,0.503426,0,0,0,cruise
352.550000,0.002331,,0.977777,0.987773,-1.917073,1.559043,off,none,0.452610,0,0,0,cruise
352.600000,0.002466,,0.979023,0.986711,-1.916911,1.570286,off,none,0.409282,0,0,0,cruise
352.650000,0.002413,,0.976068,0.985672,-1.919618,1.576400,off,none,0.451077,0,0,0,cruise
352.700000,0.002326,,0.974283,0.986533,-1.896719,1.575797,off,none,0.402997,0,0,0,cruise
352.750000,0.002413,,0.972209,0.987048,-1.894056,1.566254,off,none,0.352136,0,0,0,cruise
352.800000,0.002495,,0.975330,0.989239,-1.889599,1.563036,off,none,0.301609,0,0,0,cruise
352.850000,0.002407,,0.974457,0.989459,-1.889039,1.570668,off,none,0.252777,0,0,0,cruise
352.900000,0.002193,,0.972682,0.987147,-1.884909,1.572841,off,none,0.199828,0,0,0,cruise
352.950000,0.002218,,0.974480,0.987302,-1.871437,1.568827,off,none,0.152518,0,0,0,cruise
353.000000,0.002148,,0.975596,0.987837,-1.875987,1.561077,off,none,0.108571,0,0,0,cruise
353.050000,0.002164,,0.977341,0.988929,-1.878747,1.565141,off,none,0.137930,0,1,0,cruise
353.100000,0.002152,,0.975675,0.988078,-1.892104,1.550329,off,none,-0.050601,0,1,0,cruise
353.150000,0.001957,,0.976258,0.987583,-1.902705,1.550933,off,none,0.051150,0,0,0,cruise
353.200000,0.002003,,0.974228,0.987985,-1.917807,1.543282,off,none,0.001917,0,0,0,cruise
353.250000,0.001907,,0.978082,0.989270,-1.907925,1.536683,off,none,-0.047301,0,0,0,cruise
353.300000,0.001787,,0.977221,0.988898,-1.907506,1.522393,off,none,-0.097589,0,0,0,cruise
353.350000,0.001669,,0.977723,0.989824,-1.918655,1.524962,off,none,-0.148971,0,0,0,cruise
353.400000,0.001685,,0.970479,0.988791,-1.935872,1.512623,off,none,-0.198108,0,0,0,cruise
353.450000,0.001643,,0.968755,0.988599,-1.946428,1.507523,off,none,-0.248845,0,0,0,cruise
353.500000,0.001536,,0.966010,0.987954,-1.960134,1.490955,off,none,-0.297280,0,0,0,cruise
353.550000,0.001615,,0.967634,0.987636,-1.982242,1.486876,off,none,-0.346561,0,0,0,cruise
353.600000,0.001707,,0.964379,0.987588,-2.026291,1.474580,off,none,-0.379352,0,0,0,cruise
353.650000,0.001378,,0.974089,0.988851,-2.056127,1.468269,off,none,-0.381616,0,0,0,cruise
353.700000,0.001380,,0.974565,0.989145,-2.060140,1.456050,off,none,-0.382739,0,0,0,cruise
353.750000,0.001440,,0.973129,0.989107,-2.073051,1.436866,off,none,-0.383070,0,0,0,cruise
353.800000,0.001484,,0.971438,0.988427,-2.074275,1.426242,off,none,-0.383262,0,0,0,cruise
353.850000,0.001356,,0.971688,0.987087,-2.074557,1.418275,off,none,-0.383534,0,0,0,cruise
353.900000,0.001499,,0.969496,0.986580,-2.106366,1.403005,off,none,-0.382946,0,0,0,cruise
353.950000,0.001510,,0.968712,0.987393,-2.127227,1.388810,off,none,-0.381414,0,0,0,cruise
354.000000,0.001400,,0.963620,0.986651,-2.119898,1.386860,off,none,-0.381657,0,0,0,cruise
354.050000,0.001426,,0.961982,0.987182,-2.116833,1.384126,off,none,-0.383870,0,0,0,cruise
354.100000,0.001542,,0.968342,0.988329,-2.116997,1.375375,off,none,-0.386542,0,0,0,cruise
354.150000,0.001536,,0.973805,0.990206,-2.146023,1.370210,off,none,-0.391463,0,0,0,cruise
354.200000,0.001530,,0.972770,0.989466,-2.147445,1.363756,off,none,-0.394791,0,0,0,cruise
354.250000,0.001520,,0.976452,0.990636,-2.154347,1.363045,off,none,-0.394245,0,0,0,cruise
354.300000,0.001658,,0.973574,0.989701,-2.167916,1.354862,off,none,-0.348307,0,0,0,cruise
354.350000,0.001620,,0.973618,0.988398,-2.181933,1.346182,off,none,-0.395312,0,0,0,cruise
354.400000,0.001686,,0.973085,0.988574,-2.183847,1.339327,off,none,-0.395972,0,0,0,cruise
354.450000,0.001706,,0.970806,0.986236,-2.211921,1.318213,off,none,-0.396862,0,0,0,cruise
354.500000,0.001748,,0.971893,0.986567,-2.195352,1.315493,off,none,-0.396027,0,0,0,cruise
354.550000,0.001894,,0.968733,0.988084,-2.193771,1.328125,off,none,-0.395830,0,0,0,cruise
354.600000,0.001878,,0.966704,0.987029,-2.180510,1.324240,off,none,-0.393428,0,0,0,cruise
354.650000,0.001851,,0.967769,0.987589,-2.183955,1.321590,off,none,-0.393582,0,0,0,cruise
354.700000,0.001983,,0.971932,0.987807,-2.193296,1.310363,off,none,-0.393016,0,0,0,cruise
354.750000,0.002087,,0.972128,0.988597,-2.197366,1.312436,off,none,-0.397481,0,0,0,cruise
354.800000,0.002044,,0.971959,0.989344,-2.166499,1.310299,off,none,-0.400604,0,0,0,cruise
354.850000,0.001924,,0.971434,0.989028,-2.171368,1.311423,off,none,-0.401100,0,0,0,cruise
354.900000,0.002013,,0.968112,0.988064,-2.166072,1.308109,off,none,-0.398984,0,0,0,cruise
354.950000,0.002073,,0.968733,0.988489,-2.157624,1.306994,off,none,-0.392346,0,0,0,cruise
355.000000,0.002093,,0.966614,0.987157,-2.160434,1.314841,off,none,-0.388148,0,0,0,cruise
355.050000,0.002281,,0.966772,0.988061,-2.153684,1.321809,off,none,-0.384560,0,0,0,cruise
355.100000,0.002134,,0.967395,0.988816,-2.135997,1.334186,off,none,-0.388349,0,0,0,cruise
355.150000,0.002295,,0.967643,0.988728,-2.129431,1.343835,off,none,-0.389480,0,0,0,cruise
355.200000,0.002183,,0.970793,0.989912,-2.130090,1.345975,off,none,-0.381938,0,0,0,cruise
355.250000,0.002284,,0.975006,0.990753,-2.120239,1.348947,off,none,-0.338654,0,0,0,cruise
355.300000,0.002442,,0.973122,0.990275,-2.138629,1.354492,off,none,-0.382463,0,0,0,cruise
355.350000,0.002549,,0.974408,0.990686,-2.116500,1.366502,off,none,-0.338747,0,0,0,cruise
355.400000,0.002364,,0.975286,0.991669,-2.091001,1.370844,off,none,-0.381436,0,0,0,cruise
355.450000,0.002333,,0.978375,0.991963,-2.093205,1.388222,off,none,-0.338989,0,0,0,cruise
355.500000,0.002225,,0.974191,0.989890,-2.059434,1.386263,off,none,-0.385929,0,0,0,cruise
355.550000,0.002187,,0.967210,0.989183,-2.070410,1.393081,off,none,-0.402545,0,0,0,cruise
355.600000,0.002196,,0.960573,0.988826,-2.088441,1.392010,off,none,-0.403292,0,0,0,cruise
355.650000,0.002117,,0.970493,0.989546,-2.074554,1.401207,off,none,-0.354412,0,0,0,cruise
355.700000,0.002001,,0.970416,0.989765,-2.084560,1.412032,off,none,-0.309727,0,0,0,cruise
355.750000,0.002040,,0.966526,0.988503,-2.101411,1.410841,off,none,-0.358695,0,0,0,cruise
355.800000,0.002223,,0.963197,0.987559,-2.097884,1.410926,off,none,-0.398350,0,0,0,cruise
355.850000,0.002206,,0.968268,0.988328,-2.098670,1.414308,off,none,-0.395732,0,0,0,cruise
355.900000,0.002365,,0.972560,0.988921,-2.092724,1.415870,off,none,-0.345656,0,0,0,cruise
355.950000,0.002310,,0.973507,0.989451,-2.080456,1.422091,off,none,-0.296186,0,0,0,cruise
356.000000,0.002370,,0.974470,0.990634,-2.091723,1.425401,off,none,-0.251639,0,0,0,cruise
356.050000,0.002331,,0.973675,0.990290,-2.081279,1.438984,off,none,-0.302125,0,0,0,cruise
356.100000,0.002238,,0.970231,0.988336,-2.081704,1.442668,off,none,-0.344538,0,0,0,cruise
356.150000,0.002095,,0.973956,0.987297,-2.064785,1.457314,off,none,-0.295769,0,0,0,cruise
356.200000,0.002365,,0.976274,0.988822,-2.075442,1.451416,off,none,-0.245175,0,0,0,cruise
356.250000,0.002429,,0.974632,0.989494,-2.074549,1.458118,off,none,-0.196337,0,0,0,cruise
356.300000,0.002526,,0.973756,0.990006,-2.100583,1.467313,off,none,-0.144775,0,0,0,cruise
356.350000,0.002512,,0.975446,0.990570,-2.103504,1.464526,off,none,-0.094284,0,0,0,cruise
356.400000,0.002286,,0.972960,0.989489,-2.104266,1.457971,off,none,-0.047179,0,0,0,cruise
356.450000,0.002422,,0.975110,0.989364,-2.105133,1.458135,off,none,0.004524,0,0,0,cruise
356.500000,0.002336,,0.975064,0.987817,-2.100642,1.467443,off,none,0.054180,0,0,0,cruise
356.550000,0.002221,,0.974882,0.987575,-2.092293,1.459687,off,none,0.105663,0,0,0,cruise
356.600000,0.002188,,0.974792,0.988142,-2.084798,1.442903,off,none,0.153896,0,0,0,cruise
356.650000,0.002366,,0.971043,0.986608,-2.077286,1.430836,off,none,0.205792,0,0,0,cruise
356.700000,0.002297,,0.973049,0.987216,-2.078910,1.422215,off,none,0.253975,0,0,0,cruise
356.750000,0.002153,,0.967609,0.982820,-2.099500,1.425236,off,none,0.304333,0,0,0,cruise
356.800000,0.002307,,0.965974,0.981254,-2.113255,1.428608,off,none,0.355479,0,0,0,cruise
356.850000,0.002340,,0.964801,0.983370,-2.114364,1.424218,off,none,0.404332,0,0,0,cruise
356.900000,0.002459,,0.959310,0.982807,-2.100655,1.426566,off,none,0.455772,0,0,0,cruise
356.950000,0.002295,,0.967690,0.983205,-2.100461,1.425485,off,none,0.505567,0,0,0,cruise
357.000000,0.002231,,0.970343,0.981348,-2.102027,1.422815,off,none,0.554062,0,0,0,cruise
357.050000,0.002243,,0.971342,0.982287,-2.108417,1.428166,off,none,0.605812,0,0,0,cruise
357.100000,0.002120,,0.968287,0.981580,-2.104843,1.442085,off,none,0.652099,0,0,0,cruise
357.150000,0.002117,,0.965507,0.979957,-2.082986,1.437745,off,none,0.654935,0,0,0,cruise
357.200000,0.002185,,0.966076,0.979320,-2.087823,1.450152,off,none,0.640864,0,0,0,cruise
357.250000,0.002060,,0.965722,0.978645,-2.093407,1.457454,off,none,0.783885,0,0,0,cruise
357.300000,0.001814,,0.970993,0.978816,-2.090089,1.462365,off,none,0.850767,0,0,0,cruise
357.350000,0.001859,,0.969404,0.973607,-2.109977,1.466704,off,none,0.833532,0,0,0,cruise
357.400000,0.002015,,0.967826,0.974783,-2.118506,1.458591,off,none,0.849446,0,0,0,cruise
357.450000,0.001961,,0.969095,0.977694,-2.129987,1.460881,off,none,0.738653,0,0,0,cruise
357.500000,0.002076,,0.965946,0.977064,-2.141594,1.463913,off,none,0.735552,0,0,0,cruise
357.550000,0.002071,,0.961311,0.975435,-2.132149,1.468046,off,none,0.685571,0,0,0,cruise
357.600000,0.001942,,0.962828,0.976354,-2.125555,1.471449,off,none,0.741842,0,0,0,cruise
357.650000,0.001825,,0.962113,0.974906,-2.138093,1.461240,off,none,0.814523,0,0,0,cruise
357.700000,0.001795,,0.971483,0.975935,-2.111427,1.464881,off,none,0.727272,0,0,0,cruise
357.750000,0.001741,,0.972626,0.975673,-2.142509,1.459308,off,none,0.759875,0,0,0,cruise
357.800000,0.001791,,0.969930,0.975658,-2.147284,1.434937,off,none,0.775787,0,0,0,cruise
357.850000,0.001879,,0.967784,0.978158,-2.135781,1.441913,off,none,0.790077,0,0,0,cruise
357.900000,0.001982,,0.960730,0.976022,-2.144994,1.433165,off,none,0.838301,0,0,0,cruise
357.950000,0.001996,,0.961854,0.976924,-2.171799,1.433080,off,none,0.741670,0,0,0,cruise
358.000000,0.001811,,0.963715,0.973998,-2.170321,1.430711,off,none,0.670326,0,0,0,cruise
358.050000,0.001847,,0.962405,0.973332,-2.184367,1.405298,off,none,0.674243,0,0,0,cruise
358.100000,0.001692,,0.963357,0.971659,-2.182028,1.389395,off,none,0.702007,0,0,0,cruise
358.150000,0.001412,,0.957033,0.960633,-2.195863,1.377708,off,none,0.800185,0,0,0,cruise
358.200000,0.001786,,0.962199,0.973967,-2.205872,1.362545,off,none,0.833672,0,0,0,cruise
358.250000,0.001895,,0.963889,0.975625,-2.214031,1.365806,off,none,0.885123,0,0,0,cruise
358.300000,0.001659,,0.967164,0.975721,-2.197633,1.381163,off,none,0.776748,0,0,0,cruise
358.350000,0.001615,,0.967211,0.976892,-2.184980,1.380712,off,none,0.756582,0,0,0,cruise
358.400000,0.001803,,0.963814,0.975989,-2.182106,1.367011,off,none,0.741750,0,0,0,cruise
358.450000,0.002048,,0.960124,0.976299,-2.183460,1.349217,off,none,0.706821,0,0,0,cruise
358.500000,0.001956,,0.961047,0.976570,-2.199335,1.334478,off,none,0.719091,0,0,0,cruise
358.550000,0.001702,,0.963554,0.975989,-2.219912,1.328792,off,none,0.709981,0,0,0,cruise
358.600000,0.001736,,0.958955,0.972198,-2.214833,1.324685,off,none,0.780968,0,0,0,cruise
358.650000,0.001709,,0.961609,0.972692,-2.231824,1.336503,off,none,0.911362,0,0,0,cruise
358.700000,0.001610,,0.960230,0.971374,-2.239768,1.349267,off,none,0.906873,0,0,0,cruise
358.750000,0.001620,,0.960442,0.965276,-2.254444,1.326957,off,none,0.907625,0,0,0,cruise
358.800000,0.001637,,0.965392,0.964074,-2.290761,1.314751,off,none,0.847985,0,0,0,cruise
358.850000,0.001468,,0.965824,0.955930,-2.300861,1.311018,off,none,0.700413,0,0,0,cruise
358.900000,0.001640,,0.962724,0.959864,-2.297575,1.314027,off,none,0.621609,0,0,0,cruise
358.950000,0.001890,,0.965678,0.971522,-2.309811,1.320457,off,none,0.653096,0,0,0,cruise
359.000000,0.001861,,0.958098,0.966848,-2.315735,1.317670,off,none,0.793351,0,0,0,cruise
359.050000,0.001985,,0.959545,0.970989,-2.294310,1.325229,off,none,0.843176,0,0,0,cruise
359.100000,0.002006,,0.962683,0.969770,-2.301776,1.330403,off,none,0.906539,0,0,0,cruise
359.150000,0.001779,,0.971183,0.971731,-2.293464,1.343903,off,none,0.783711,0,0,0,cruise
359.200000,0.001860,,0.972051,0.972449,-2.277480,1.344068,off,none,0.756631,0,0,0,cruise
359.250000,0.002143,,0.969443,0.974876,-2.282847,1.323970,off,none,0.737070,0,0,0,cruise
359.300000,0.002121,,0.970953,0.977547,-2.295890,1.326819,off,none,0.644355,0,0,0,cruise
359.350000,0.002015,,0.972737,0.977830,-2.297410,1.338685,off,none,0.606965,0,0,0,cruise
359.400000,0.002137,,0.968852,0.974613,-2.291085,1.329049,off,none,0.670516,0,0,0,cruise
359.450000,0.002157,,0.970641,0.978276,-2.251093,1.335396,off,none,0.718856,0,0,0,cruise
359.500000,0.002067,,0.971832,0.977973,-2.249708,1.340055,off,none,0.833938,0,0,0,cruise
359.550000,0.002068,,0.976654,0.980626,-2.229215,1.345938,off,none,0.803074,0,0,0,cruise
359.600000,0.002085,,0.977913,0.982042,-2.221803,1.350683,off,none,0.884002,0,0,0,cruise
359.650000,0.002008,,0.976950,0.981258,-2.241874,1.333441,off,none,0.748144,0,0,0,cruise
359.700000,0.002031,,0.974791,0.980369,-2.228045,1.338112,off,none,0.808914,0,0,0,cruise
359.750000,0.002108,,0.975892,0.980908,-2.217884,1.341665,off,none,0.730224,0,0,0,cruise
359.800000,0.002017,,0.974697,0.979163,-2.236751,1.338931,off,none,0.706284,0,0,0,cruise
359.850000,0.002019,,0.972014,0.976946,-2.227387,1.343496,off,none,0.681369,0,0,0,cruise
359.900000,0.002033,,0.972567,0.977013,-2.225219,1.333281,off,none,0.697637,0,0,0,cruise
359.950000,0.001912,,0.975001,0.977751,-2.236225,1.329633,off,none,0.763089,0,0,0,cruise
360.000000,0.001895,,0.974494,0.977813,-2.238539,1.329783,off,none,0.819958,0,0,0,cruise
360.050000,0.001931,,0.975360,0.978671,-2.185984,1.336485,off,none,0.822820,0,0,0,cruise
360.100000,0.001942,,0.976091,0.979167,-2.183525,1.340727,off,none,0.846776,0,0,0,cruise
360.150000,0.001941,,0.973871,0.978430,-2.185844,1.346359,off,none,0.855235,0,0,0,cruise
360.200000,0.001961,,0.974010,0.979123,-2.161407,1.355241,off,none,0.857663,0,0,0,cruise
360.250000,0.001991,,0.972339,0.976691,-2.156850,1.349210,off,none,0.791122,0,0,0,cruise
360.300000,0.001943,,0.970273,0.970757,-2.153959,1.343504,off,none,0.673568,0,0,0,cruise
360.350000,0.001898,,0.962685,0.961810,-2.151387,1.337633,off,none,0.655792,0,0,0,cruise
360.400000,0.001782,,0.961980,0.963028,-2.158450,1.342655,off,none,0.689120,0,0,0,cruise
360.450000,0.001719,,0.960608,0.959493,-2.175626,1.355335,off,none,0.765930,0,0,0,cruise
360.500000,0.001688,,0.957311,0.957591,-2.192483,1.362188,off,none,0.736545,0,0,0,cruise
360.550000,0.001752,,0.954081,0.956903,-2.188523,1.359920,off,none,0.912405,0,0,0,cruise
360.600000,0.001955,,0.946344,0.952206,-2.195677,1.373533,off,none,0.862502,0,0,0,cruise
360.650000,0.001871,,0.946059,0.943307,-2.193158,1.370254,off,none,0.813062,0,0,0,cruise
360.700000,0.001860,,0.946471,0.942287,-2.207754,1.363307,off,none,0.754421,0,0,0,cruise
360.750000,0.001859,,0.947923,0.946045,-2.212476,1.361565,off,none,0.772923,0,0,0,cruise
360.800000,0.001967,,0.947663,0.950910,-2.207467,1.361094,off,none,0.739803,0,0,0,cruise
360.850000,0.001933,,0.944441,0.947479,-2.223618,1.366064,off,none,0.652052,0,0,0,cruise
360.900000,0.001988,,0.946100,0.946359,-2.227033,1.370885,off,none,0.684585,0,0,0,cruise
360.950000,0.001893,,0.951669,0.950698,-2.223967,1.374807,off,none,0.677573,0,0,0,cruise
361.000000,0.001720,,0.945256,0.940640,-2.228633,1.395419,off,none,0.768226,0,0,0,cruise
361.050000,0.001965,,0.935272,0.935134,-2.204826,1.402359,off,none,0.879780,0,0,0,cruise
361.100000,0.001919,,0.941422,0.938327,-2.202256,1.397321,off,none,0.874694,0,0,0,cruise
361.150000,0.001661,,0.940920,0.920947,-2.196686,1.392942,off,none,0.857108,0,0,0,cruise
361.200000,0.001648,,0.936903,0.912714,-2.191151,1.391031,off,none,0.773206,0,0,0,cruise
361.250000,0.001637,,0.927260,0.904300,-2.176001,1.382473,off,none,0.760737,0,0,0,cruise
361.300000,0.002057,,0.927349,0.932183,-2.172473,1.360049,off,none,0.652984,0,0,0,cruise
361.350000,0.002182,,0.928182,0.935785,-2.170594,1.340585,off,none,0.629326,0,0,0,cruise
361.400000,0.002374,,0.912426,0.909938,-2.173140,1.333064,off,none,0.607634,0,0,0,cruise
361.450000,0.002482,,0.907918,0.913860,-2.200205,1.313595,off,none,0.667549,0,0,0,cruise
361.500000,0.002504,,0.913347,0.920324,-2.212351,1.305411,off,none,0.748794,0,0,0,cruise
361.550000,0.002357,,0.913758,0.910637,-2.194756,1.327084,off,none,0.816441,0,0,0,cruise
361.600000,0.002168,,0.911208,0.900938,-2.174788,1.326500,off,none,0.863374,0,0,0,cruise
361.650000,0.002033,,0.916325,0.892833,-2.157583,1.330515,off,none,0.853042,0,0,0,cruise
361.700000,0.002094,,0.932887,0.904352,-2.170439,1.327420,off,none,0.881303,0,0,0,cruise
361.750000,0.002055,,0.924600,0.910892,-2.180205,1.334077,off,none,0.852217,0,0,0,cruise
361.800000,0.002032,,0.919257,0.911381,-2.184820,1.335114,off,none,0.801575,0,0,0,cruise
361.850000,0.002175,,0.925760,0.916946,-2.156705,1.331338,off,none,0.798641,0,0,0,cruise
361.900000,0.002123,,0.925678,0.922497,-2.160663,1.334254,off,none,0.799829,0,0,0,cruise
361.950000,0.002084,,0.928371,0.921420,-2.158596,1.330991,off,none,0.745038,0,0,0,cruise
362.000000,0.002204,,0.934943,0.922586,-2.181823,1.315845,off,none,0.751328,0,0,0,cruise
362.050000,0.002179,,0.923887,0.854402,-2.192356,1.308063,off,none,0.677585,0,0,0,cruise
362.100000,0.002239,,0.921496,0.862366,-2.198857,1.272029,off,none,0.725977,0,0,0,cruise
362.150000,0.001903,,0.916061,0.819480,-2.194010,1.271796,off,none,0.797344,0,0,0,cruise
362.200000,0.002154,,0.904800,0.766521,-2.215166,1.261951,off,none,0.845907,0,0,0,cruise
362.250000,0.002187,,0.894987,0.734484,-2.226056,1.242686,off,none,0.782593,0,0,0,cruise
362.300000,0.002011,,0.902766,0.717139,-2.222413,1.260785,off,none,0.916696,0,0,0,cruise
362.350000,0.002147,,0.906482,0.687661,-2.234245,1.247903,off,none,0.898300,0,0,0,cruise
362.400000,0.002370,,0.895168,0.682575,-2.252303,1.238827,off,none,0.911326,0,0,0,cruise
362.450000,0.002346,,0.888752,0.625231,-2.240550,1.267229,off,none,0.778641,0,0,0,cruise
362.500000,0.002282,,0.887444,0.508971,-2.228331,1.252225,off,none,0.801576,0,0,0,cruise
362.550000,0.002519,,0.905150,0.250702,-2.189068,1.409107,off,none,0.782801,0,0,0,cruise
362.600000,0.002494,,0.922814,0.243532,-2.181241,1.471153,off,none,0.740197,0,0,0,cruise
362.650000,0.002404,,0.912895,0.219628,-2.170409,1.427577,off,none,0.749742,0,0,0,cruise
362.700000,0.002417,,0.926229,0.177859,-2.177868,1.418494,off,none,0.766680,0,0,0,cruise
362.750000,0.002210,,0.922255,0.160826,-2.181845,1.397346,off,none,0.854923,0,0,0,cruise
362.800000,0.002230,,0.947040,0.167875,-2.165510,1.538496,off,none,0.825687,0,0,0,cruise
362.850000,0.002286,,0.944427,0.152894,-2.172959,1.462778,off,none,0.826284,0,0,0,cruise
362.900000,0.002175,,0.936636,0.198696,-2.193300,1.420080,off,none,0.820455,0,0,0,cruise
362.950000,0.002210,,0.909853,0.241338,-2.227605,1.417632,off,none,0.807655,0,0,0,cruise
363.000000,0.002273,,0.889638,0.246395,-2.268975,1.359645,off,none,0.870263,0,0,0,cruise
363.050000,0.002091,,0.881067,0.198706,-2.225419,1.414970,off,none,0.796008,0,0,0,cruise
363.100000,0.002097,,0.886161,0.231075,-2.225303,1.411099,off,none,0.829417,0,0,0,cruise
363.150000,0.002045,,0.878857,0.250802,-2.201147,1.418293,off,none,0.784220,0,0,0,cruise
363.200000,0.002149,,0.888699,0.230486,-2.193895,1.444517,off,none,0.682732,0,0,0,cruise
363.250000,0.002186,,0.877844,0.225810,-2.208651,1.400367,off,none,0.632436,0,0,0,cruise
363.300000,0.002109,,0.887455,0.231142,-2.201231,1.431635,off,none,0.718184,0,0,0,cruise
363.350000,0.002075,,0.898137,0.258627,-2.193141,1.465965,off,none,0.771392,0,0,0,cruise
363.400000,0.001909,,0.895899,0.271172,-2.206433,1.465313,off,none,0.761593,0,0,0,cruise
363.450000,0.001986,,0.913394,0.378319,-2.201265,1.459207,off,none,0.881414,0,0,0,cruise
363.500000,0.002157,,0.914238,0.449187,-2.216665,1.424066,off,none,0.842253,0,0,0,cruise
363.550000,0.002293,,0.911667,0.517600,-2.193371,1.442653,off,none,0.915275,0,0,0,cruise
363.600000,0.002383,,0.903700,0.555431,-2.200068,1.429443,off,none,0.866948,0,0,0,cruise
363.650000,0.002389,,0.898538,0.608309,-2.176251,1.435529,off,none,0.894608,0,0,0,cruise
363.700000,0.002392,,0.928938,0.636536,-2.170263,1.447245,off,none,0.827853,0,0,0,cruise
363.750000,0.002552,,0.927913,0.673966,-2.150964,1.441558,off,none,0.779762,0,0,0,cruise
363.800000,0.002436,,0.937789,0.716271,-2.172727,1.454525,off,none,0.746615,0,0,0,cruise
363.850000,0.002276,,0.950528,0.862074,-2.157594,1.466744,off,none,0.693883,0,0,0,cruise
363.900000,0.002503,,0.945697,0.908108,-2.148351,1.463751,off,none,0.693260,0,0,0,cruise
363.950000,0.002589,,0.951464,0.931436,-2.141294,1.472261,off,none,0.730519,0,0,0,cruise
364.000000,0.002461,,0.947821,0.901596,-2.140861,1.474408,off,none,0.693243,0,0,0,cruise
364.050000,0.002550,,0.953157,0.899602,-2.118161,1.473092,off,none,0.819256,0,0,0,cruise
364.100000,0.002392,,0.953115,0.921908,-2.115548,1.471479,off,none,0.860899,0,0,0,cruise
364.150000,0.002200,,0.950575,0.946012,-2.125975,1.486915,off,none,0.918215,0,0,0,cruise
364.200000,0.002191,,0.954587,0.949168,-2.121035,1.479994,off,none,0.918148,0,0,0,cruise
364.250000,0.002103,,0.948375,0.933192,-2.087582,1.474530,off,none,0.912457,0,0,0,cruise
364.300000,0.002045,,0.946912,0.914642,-2.091087,1.462614,off,none,0.834998,0,0,0,cruise
364.350000,0.002105,,0.953183,0.938429,-2.107707,1.466679,off,none,0.843381,0,0,0,cruise
364.400000,0.002228,,0.949791,0.954360,-2.118686,1.479894,off,none,0.765491,0,0,0,cruise
364.450000,0.002258,,0.955467,0.960783,-2.110478,1.488451,off,none,0.674041,0,0,0,cruise
364.500000,0.002159,,0.951831,0.958180,-2.106533,1.497197,off,none,0.730756,0,0,0,cruise
364.550000,0.001950,,0.952324,0.950594,-2.139591,1.484340,off,none,0.796845,0,0,0,cruise
364.600000,0.001833,,0.959113,0.938788,-2.171793,1.470136,off,none,0.843518,0,0,0,cruise
364.650000,0.001933,,0.962751,0.941563,-2.165263,1.466369,off,none,0.746101,0,0,0,cruise
364.700000,0.001995,,0.966979,0.952154,-2.177020,1.449255,off,none,0.812867,0,0,0,cruise
364.750000,0.001981,,0.963785,0.957299,-2.157250,1.420881,off,none,0.843305,0,0,0,cruise
364.800000,0.001980,,0.961003,0.963695,-2.149808,1.419330,off,none,0.829394,0,0,0,cruise
364.850000,0.001950,,0.955691,0.963813,-2.159021,1.419645,off,none,0.775788,0,0,0,cruise
364.900000,0.002031,,0.955071,0.969667,-2.153561,1.418697,off,none,0.781068,0,0,0,cruise
364.950000,0.002225,,0.966346,0.973330,-2.145980,1.405659,off,none,0.798314,0,0,0,cruise
365.000000,0.002436,,0.970844,0.979277,-2.135047,1.409262,off,none,0.712198,0,0,0,cruise
365.050000,0.002298,,0.971358,0.975978,-2.142238,1.389769,off,none,0.574523,0,0,0,cruise
365.100000,0.002126,,0.967577,0.969081,-2.137114,1.371968,off,none,0.673368,0,0,0,cruise
365.150000,0.002257,,0.959043,0.965222,-2.124062,1.364321,off,none,0.793428,0,0,0,cruise
365.200000,0.002173,,0.957039,0.961088,-2.143768,1.372249,off,none,0.888574,0,0,0,cruise
365.250000,0.002045,,0.963027,0.965213,-2.131789,1.388797,off,none,0.819252,0,0,0,cruise
365.300000,0.002119,,0.967021,0.966973,-2.138696,1.400743,off,none,0.918860,0,0,0,cruise
365.350000,0.002008,,0.968388,0.962842,-2.114249,1.404131,off,none,0.918603,0,0,0,cruise
365.400000,0.001917,,0.971160,0.962791,-2.093024,1.411915,off,none,0.916737,0,0,0,cruise
365.450000,0.001851,,0.970022,0.960316,-2.137512,1.442587,off,none,0.900982,0,0,0,cruise
365.500000,0.001684,,0.973178,0.956845,-2.150969,1.461200,off,none,0.916487,0,0,0,cruise
365.550000,0.001653,,0.972509,0.957213,-2.165584,1.471075,off,none,0.812558,0,0,0,cruise
365.600000,0.001628,,0.976233,0.955881,-2.133908,1.467025,off,none,0.749085,0,0,0,cruise
365.650000,0.001550,,0.974866,0.965525,-2.144327,1.467705,off,none,0.714806,0,0,0,cruise
365.700000,0.001557,,0.976184,0.964897,-2.186615,1.475688,off,none,0.669919,0,0,0,cruise
365.750000,0.001579,,0.977827,0.967971,-2.189634,1.478563,off,none,0.686157,0,0,0,cruise
365.800000,0.001692,,0.972926,0.963195,-2.193790,1.480068,off,none,0.737021,0,0,0,cruise
365.850000,0.001641,,0.974075,0.964320,-2.217956,1.465313,off,none,0.782576,0,0,0,cruise
365.900000,0.001671,,0.977836,0.968851,-2.213504,1.469963,off,none,0.808717,0,0,0,cruise
365.950000,0.001485,,0.977767,0.963448,-2.219371,1.463478,off,none,0.861282,0,0,0,cruise
366.000000,0.001485,,0.980848,0.969818,-2.200606,1.460532,off,none,0.900310,0,0,0,cruise
366.050000,0.001596,,0.981007,0.972891,-2.204690,1.446383,off,none,0.794517,0,0,0,cruise
366.100000,0.001599,,0.981694,0.974344,-2.199797,1.438378,off,none,0.842827,0,0,0,cruise
366.150000,0.001623,,0.978518,0.967947,-2.191444,1.437202,off,none,0.770542,0,0,0,cruise
366.200000,0.001558,,0.975970,0.964386,-2.208344,1.437380,off,none,0.811382,0,0,0,cruise
366.250000,0.001482,,0.975635,0.964782,-2.231175,1.429352,off,none,0.761396,0,0,0,cruise
366.300000,0.001438,,0.975662,0.963521,-2.221740,1.424140,off,none,0.752925,0,0,0,cruise
366.350000,0.001388,,0.976728,0.961106,-2.225798,1.411639,off,none,0.772187,0,0,0,cruise
366.400000,0.001400,,0.978256,0.961393,-2.233275,1.399661,off,none,0.757709,0,0,0,cruise
366.450000,0.001431,,0.981468,0.966854,-2.236648,1.385520,off,none,0.811795,0,0,0,cruise
366.500000,0.001432,,0.979507,0.965824,-2.249256,1.368159,off,none,0.741518,0,0,0,cruise
366.550000,0.001481,,0.977848,0.966764,-2.240779,1.357070,off,none,0.812369,0,0,0,cruise
366.600000,0.001537,,0.974061,0.969149,-2.199418,1.371759,off,none,0.835578,0,0,0,cruise
366.650000,0.001641,,0.974218,0.965337,-2.197260,1.372553,off,none,0.818952,0,0,0,cruise
366.700000,0.001478,,0.969542,0.958403,-2.198410,1.366475,off,none,0.873365,0,0,0,cruise
366.750000,0.001505,,0.967794,0.956945,-2.186511,1.366881,off,none,0.834877,0,0,0,cruise
366.800000,0.001488,,0.970819,0.959541,-2.171743,1.368252,off,none,0.793048,0,0,0,cruise
366.850000,0.001599,,0.972332,0.963603,-2.166775,1.361023,off,none,0.780019,0,0,0,cruise
366.900000,0.001667,,0.970598,0.961020,-2.170605,1.354885,off,none,0.742845,0,0,0,cruise
366.950000,0.001764,,0.971009,0.965576,-2.179106,1.340677,off,none,0.698412,0,0,0,cruise
367.000000,0.001909,,0.967823,0.963760,-2.177128,1.324422,off,none,0.687345,0,0,0,cruise
367.050000,0.002022,,0.974062,0.971607,-2.183778,1.311488,off,none,0.731816,0,0,0,cruise
367.100000,0.002149,,0.978152,0.975608,-2.158797,1.310158,off,none,0.787048,0,0,0,cruise
367.150000,0.002387,,0.973680,0.972251,-2.131918,1.308714,off,none,0.832653,0,0,0,cruise
367.200000,0.002382,,0.970824,0.970918,-2.082445,1.312973,off,none,0.818116,0,0,0,cruise
367.250000,0.002293,,0.968607,0.968023,-2.095100,1.305125,off,none,0.919503,0,0,0,cruise
367.300000,0.002452,,0.967018,0.966707,-2.080514,1.306640,off,none,0.919391,0,0,0,cruise
367.350000,0.002574,,0.968938,0.970255,-2.065522,1.314393,off,none,0.913017,0,0,0,cruise
367.400000,0.002533,,0.969281,0.969215,-2.081173,1.316429,off,none,0.819979,0,0,0,cruise
367.450000,0.002551,,0.971413,0.971975,-2.091481,1.323772,off,none,0.869807,0,0,0,cruise
367.500000,0.002323,,0.967651,0.967504,-2.093945,1.334451,off,none,0.854240,0,0,0,cruise
367.550000,0.002376,,0.965349,0.962504,-2.093619,1.348048,off,none,0.856335,0,0,0,cruise
367.600000,0.002392,,0.964271,0.955973,-2.092076,1.352836,off,none,0.822069,0,0,0,cruise
367.650000,0.002568,,0.968860,0.961492,-2.092862,1.358145,off,none,0.765872,0,0,0,cruise
367.700000,0.002666,,0.972277,0.970101,-2.090747,1.362291,off,none,0.787856,0,0,0,cruise
367.750000,0.002569,,0.972891,0.969380,-2.111424,1.368302,off,none,0.783856,0,0,0,cruise
367.800000,0.002607,,0.969664,0.963133,-2.108709,1.375928,off,none,0.862001,0,0,0,cruise
367.850000,0.002662,,0.964739,0.959592,-2.095437,1.381035,off,none,0.918128,0,0,0,cruise
367.900000,0.002741,,0.967219,0.963448,-2.116151,1.390038,off,none,0.917651,0,0,0,cruise
367.950000,0.002800,,0.962377,0.956798,-2.104481,1.399541,off,none,0.914478,0,0,0,cruise
368.000000,0.002815,,0.963671,0.953635,-2.081462,1.416429,off,none,0.879072,0,0,0,cruise
368.050000,0.002913,,0.960887,0.953202,-2.084622,1.424995,off,none,0.907009,0,0,0,cruise
368.100000,0.002965,,0.961902,0.957420,-2.075167,1.425898,off,none,0.839517,0,0,0,cruise
368.150000,0.003252,,0.963455,0.963797,-2.059856,1.438581,off,none,0.741194,0,0,0,cruise
368.200000,0.003164,,0.969619,0.973431,-2.024033,1.474012,off,none,0.723053,0,0,0,cruise
368.250000,0.003060,,0.974596,0.974921,-2.006180,1.479955,off,none,0.717928,0,0,0,cruise
368.300000,0.003197,,0.973721,0.974733,-2.009227,1.488925,off,none,0.751436,0,0,0,cruise
368.350000,0.003201,,0.975638,0.979957,-1.995530,1.495942,off,none,0.754331,0,0,0,cruise
368.400000,0.003260,,0.976781,0.981978,-1.983338,1.511824,off,none,0.785425,0,0,0,cruise
368.450000,0.003166,,0.982055,0.986609,-1.954855,1.521903,off,none,0.836053,0,0,0,cruise
368.500000,0.003233,,0.980106,0.985806,-1.956887,1.517711,off,none,0.882918,0,0,0,cruise
368.550000,0.003245,,0.978650,0.983353,-1.964553,1.521686,off,none,0.872956,0,0,0,cruise
368.600000,0.003287,,0.977463,0.983388,-1.954290,1.536448,off,none,0.866795,0,0,0,cruise
368.650000,0.003160,,0.976526,0.982499,-1.957357,1.550121,off,none,0.861839,0,0,0,cruise
368.700000,0.002995,,0.973018,0.980516,-1.963361,1.559302,off,none,0.780374,0,0,0,cruise
368.750000,0.002900,,0.970499,0.978170,-1.954817,1.561349,off,none,0.746109,0,0,0,cruise
368.800000,0.002760,,0.973485,0.979283,-1.961217,1.568641,off,none,0.804328,0,0,0,cruise
368.850000,0.002805,,0.971806,0.978987,-1.956502,1.589693,off,none,0.844679,0,0,0,cruise
368.900000,0.002816,,0.972153,0.977669,-1.962764,1.578637,off,none,0.907942,0,0,0,cruise
368.950000,0.002886,,0.976978,0.983182,-1.959817,1.585900,off,none,0.911000,0,0,0,cruise
369.000000,0.002756,,0.972744,0.983268,-1.953100,1.607297,off,none,0.912818,0,0,0,cruise
369.050000,0.002722,,0.973833,0.984690,-1.944051,1.614197,off,none,0.884615,0,0,0,cruise
369.100000,0.002631,,0.973638,0.981978,-1.973390,1.607969,off,none,0.872860,0,0,0,cruise
369.150000,0.002495,,0.974001,0.979942,-1.965572,1.618838,off,none,0.821881,0,0,0,cruise
369.200000,0.002369,,0.975173,0.980326,-1.973089,1.616607,off,none,0.784798,0,0,0,cruise
369.250000,0.002259,,0.971795,0.975357,-1.973548,1.608115,off,none,0.835320,0,0,0,cruise
369.300000,0.002240,,0.971314,0.974810,-1.970595,1.597348,off,none,0.865185,0,0,0,cruise
369.350000,0.002157,,0.967353,0.973396,-1.971730,1.597122,off,none,0.913497,0,0,0,cruise
369.400000,0.002229,,0.970894,0.975844,-1.973034,1.593067,off,none,0.913111,0,0,0,cruise
369.450000,0.002321,,0.973469,0.977948,-1.976336,1.595589,off,none,0.911929,0,0,0,cruise
369.500000,0.002273,,0.971383,0.976346,-2.016184,1.578118,off,none,0.885722,0,0,0,cruise
369.550000,0.002259,,0.973296,0.979205,-2.036774,1.570646,off,none,0.891033,0,0,0,cruise
369.600000,0.002191,,0.969905,0.978403,-2.017100,1.572413,off,none,0.908481,0,0,0,cruise
369.650000,0.001977,,0.971086,0.977698,-1.997437,1.566571,off,none,0.848570,0,0,0,cruise
369.700000,0.002027,,0.973269,0.979752,-1.985794,1.565644,off,none,0.798892,0,0,0,cruise
369.750000,0.002076,,0.974505,0.981196,-1.997890,1.547297,off,none,0.824792,0,0,0,cruise
369.800000,0.002032,,0.970339,0.977057,-2.014379,1.533902,off,none,0.786166,0,0,0,cruise
369.850000,0.002011,,0.971914,0.976456,-2.024061,1.532710,off,none,0.908057,0,0,0,cruise
369.900000,0.002042,,0.971831,0.976442,-2.041597,1.527174,off,none,0.911646,0,0,0,cruise
369.950000,0.002026,,0.975650,0.980054,-2.056078,1.516167,off,none,0.910883,0,0,0,cruise
370.000000,0.001893,,0.977416,0.980751,-2.074080,1.503201,off,none,0.908569,0,0,0,cruise
370.050000,0.001895,,0.976995,0.981573,-2.106922,1.481849,off,none,0.857930,0,0,0,cruise
370.100000,0.001890,,0.977768,0.984488,-2.144414,1.457059,off,none,0.807226,0,0,0,cruise
370.150000,0.001788,,0.977580,0.981708,-2.149013,1.448149,off,none,0.394603,0,0,0,cruise
370.200000,0.001755,,0.980220,0.985576,-2.161387,1.449664,off,none,0.434474,0,0,0,cruise
370.250000,0.001706,,0.981202,0.985460,-2.162739,1.453928,off,none,0.517910,0,0,0,cruise
370.300000,0.001705,,0.981540,0.984796,-2.166214,1.438758,off,none,0.482757,0,1,0,cruise
370.350000,0.001549,,0.981713,0.983474,-2.175907,1.428356,off,none,0.611892,0,0,0,cruise
370.400000,0.001511,,0.981016,0.981533,-2.222002,1.406730,off,none,0.498796,0,0,0,cruise
370.450000,0.001423,,0.979229,0.980305,-2.222103,1.410361,off,none,0.511711,0,0,0,cruise
370.500000,0.001446,,0.979368,0.979189,-2.243054,1.402697,off,none,0.464000,0,0,0,cruise
370.550000,0.001449,,0.978002,0.977927,-2.242399,1.402606,off,none,0.319382,0,1,0,cruise
370.600000,0.001361,,0.976843,0.974812,-2.263919,1.387965,off,none,0.263872,0,1,0,cruise
370.650000,0.001314,,0.977170,0.975738,-2.266205,1.388536,off,none,0.299744,0,1,0,cruise
370.700000,0.001296,,0.978234,0.977288,-2.250088,1.398281,off,none,0.392268,0,1,0,cruise
370.750000,0.001248,,0.980250,0.978989,-2.277064,1.382096,off,none,0.391910,0,1,0,cruise
370.800000,0.001235,,0.981130,0.979017,-2.304364,1.374451,off,none,0.399646,0,1,0,cruise
370.850000,0.001298,,0.981870,0.980874,-2.298122,1.361377,off,none,0.396652,0,1,0,cruise
370.900000,0.001390,,0.980805,0.980141,-2.285667,1.361708,off,none,0.327224,0,1,0,cruise
370.950000,0.001306,,0.980007,0.978755,-2.303641,1.352788,off,none,0.328390,0,1,0,cruise
371.000000,0.001310,,0.979522,0.978301,-2.287261,1.357000,off,none,0.343895,0,1,0,cruise
371.050000,0.001505,,0.976815,0.980022,-2.283089,1.344606,off,none,0.430312,0,1,0,cruise
371.100000,0.001534,,0.973998,0.977182,-2.289224,1.342947,off,none,0.624202,0,1,0,cruise
371.150000,0.001374,,0.974172,0.974280,-2.291419,1.356823,off,none,0.537839,0,1,0,cruise
371.200000,0.001435,,0.977598,0.978646,-2.279557,1.351816,off,none,0.544207,0,1,0,cruise
371.250000,0.001319,,0.975193,0.975375,-2.259224,1.370478,off,none,0.478875,0,1,0,cruise
371.300000,0.001380,,0.978038,0.980417,-2.218321,1.370689,off,none,0.389826,0,1,0,cruise
371.350000,0.001378,,0.982408,0.984584,-2.207799,1.365650,off,none,0.423054,0,1,0,cruise
371.400000,0.001417,,0.981604,0.983760,-2.183684,1.368545,off,none,0.491065,0,1,0,cruise
371.450000,0.001328,,0.982161,0.982707,-2.187304,1.364735,off,none,0.520914,0,1,0,cruise
371.500000,0.001254,,0.982464,0.983110,-2.187153,1.353404,off,none,0.609454,0,1,0,cruise
371.550000,0.001247,,0.983637,0.981022,-2.190544,1.347098,off,none,0.561701,0,1,0,cruise
371.600000,0.001286,,0.982828,0.982085,-2.187136,1.330828,off,none,0.425826,0,1,0,cruise
371.650000,0.001373,,0.981603,0.980872,-2.189512,1.334879,off,none,0.433633,0,1,0,cruise
371.700000,0.001450,,0.982614,0.981086,-2.207341,1.313472,off,none,0.487359,0,1,0,cruise
371.750000,0.001392,,0.982963,0.981716,-2.199906,1.326788,off,none,0.621867,0,1,0,cruise
371.800000,0.001281,,0.984222,0.982407,-2.193375,1.355970,off,none,0.625329,0,1,0,cruise
371.850000,0.001324,,0.983084,0.982949,-2.181896,1.378535,off,none,0.611244,0,1,0,cruise
371.900000,0.001333,,0.984681,0.982380,-2.133230,1.396445,off,none,0.568372,0,1,0,cruise
371.950000,0.001314,,0.985606,0.982493,-2.091418,1.408319,off,none,0.483843,0,1,0,cruise
372.000000,0.001231,,0.983968,0.980585,-2.079627,1.405480,off,none,0.561537,0,1,0,cruise
372.050000,0.001091,,0.985662,0.980793,-2.085866,1.396353,off,none,0.592558,0,1,0,cruise
372.100000,0.001209,,0.983083,0.979829,-2.070555,1.392905,off,none,0.502838,0,1,0,cruise
372.150000,0.001220,,0.979624,0.980202,-2.076876,1.375886,off,none,0.488831,0,1,0,cruise
372.200000,0.001172,,0.982411,0.982091,-2.075071,1.365265,off,none,0.635732,0,1,0,cruise
372.250000,0.001056,,0.981047,0.982113,-2.056167,1.396995,off,none,0.410813,0,1,0,cruise
372.300000,0.000999,,0.979602,0.982186,-2.058200,1.408714,off,none,0.595338,0,1,0,cruise
372.350000,0.000767,,0.980815,0.983056,-2.041842,1.421540,off,none,0.658243,0,1,0,cruise
372.400000,0.000560,,0.979793,0.978968,-2.038950,1.434781,off,none,0.553693,0,1,0,cruise
372.450000,0.000472,,0.981711,0.979233,-2.050149,1.428789,off,none,0.528588,0,1,0,cruise
372.500000,0.000389,,0.981840,0.980722,-2.053140,1.419682,off,none,0.528283,0,1,0,cruise
372.550000,0.000261,,0.980993,0.979127,-2.048940,1.427004,off,none,0.575620,0,1,0,cruise
372.600000,0.000221,,0.981593,0.980327,-2.031944,1.431063,off,none,0.648850,0,1,0,cruise
372.650000,0.000204,,0.983918,0.984727,-2.017918,1.436028,off,none,0.508454,0,1,0,cruise
372.700000,0.000188,,0.983114,0.983705,-2.024313,1.423086,off,none,0.335780,0,1,0,cruise
372.750000,0.000141,,0.984355,0.983102,-2.011080,1.429438,off,none,0.371047,0,1,0,cruise
372.800000,0.000080,,0.981550,0.980764,-2.004123,1.449369,off,none,0.478987,0,1,0,cruise
372.850000,0.000130,,0.976131,0.977249,-2.010723,1.459366,off,none,0.493259,0,1,0,cruise
372.900000,-0.000040,,0.967882,0.972865,-2.016323,1.480854,off,none,0.514027,0,1,0,cruise
372.950000,0.000011,,0.980923,0.982704,-1.994311,1.486939,off,none,0.443392,0,1,0,cruise
373.000000,-0.000111,,0.982684,0.982839,-2.012223,1.482344,off,none,0.297995,0,1,0,cruise
373.050000,-0.000242,,0.982921,0.980031,-2.000804,1.480775,off,none,0.468791,0,1,0,cruise
373.100000,-0.000244,,0.982374,0.982931,-2.000181,1.491685,off,none,0.397868,0,1,0,cruise
373.150000,-0.000221,,0.979905,0.984837,-1.979855,1.486088,off,none,0.342258,0,1,0,cruise
373.200000,-0.000233,,0.980025,0.983832,-1.982439,1.469469,off,none,0.297200,0,1,0,cruise
373.250000,-0.000303,,0.980542,0.981628,-1.977341,1.476966,off,none,0.301052,0,1,0,cruise
373.300000,-0.000443,,0.979580,0.977584,-1.996910,1.471150,off,none,0.327792,0,1,0,cruise
373.350000,-0.000400,,0.980107,0.980027,-1.998576,1.460484,off,none,0.394014,0,1,0,cruise
373.400000,-0.000444,,0.979429,0.980116,-1.993037,1.462785,off,none,0.335552,0,1,0,cruise
373.450000,-0.000474,,0.979200,0.982034,-1.994640,1.462983,off,none,0.302124,0,1,0,cruise
373.500000,-0.000509,,0.980029,0.981546,-2.002023,1.463431,off,none,0.361922,0,1,0,cruise
373.550000,-0.000482,,0.979218,0.981219,-2.005657,1.454679,off,none,0.318629,0,1,0,cruise
373.600000,-0.000504,,0.977663,0.980367,-2.021997,1.434461,off,none,0.331493,0,1,0,cruise
373.650000,-0.000622,,0.971202,0.977987,-2.032887,1.443752,off,none,0.354068,0,1,0,cruise
373.700000,-0.000606,,0.975238,0.979670,-2.015847,1.453539,off,none,0.732819,0,1,0,cruise
373.750000,-0.000519,,0.980835,0.983400,-2.016531,1.450608,off,none,0.600810,0,1,0,cruise
373.800000,-0.000637,,0.982627,0.982866,-2.027645,1.446873,off,none,0.427289,0,1,0,cruise
373.850000,-0.000738,,0.983675,0.985001,-2.030166,1.445671,off,none,0.360279,0,1,0,cruise
373.900000,-0.000762,,0.981101,0.983835,-2.050092,1.432364,off,none,0.293920,0,1,0,cruise
373.950000,-0.000935,,0.978517,0.980644,-2.072335,1.417908,off,none,0.397587,0,1,0,cruise
374.000000,-0.000835,,0.982468,0.983427,-2.086407,1.408952,off,none,0.758239,0,1,0,cruise
374.050000,-0.000955,,0.980142,0.981777,-2.101490,1.398458,off,none,0.347219,0,1,0,cruise
374.100000,-0.000850,,0.980829,0.983395,-2.098291,1.385840,off,none,0.418672,0,1,0,cruise
374.150000,-0.001015,,0.979558,0.980008,-2.125049,1.374514,off,none,0.330034,0,1,0,cruise
374.200000,-0.000871,,0.978826,0.980599,-2.124080,1.365997,off,none,0.371390,0,1,0,cruise
374.250000,-0.000701,,0.978823,0.983056,-2.132553,1.370108,off,none,0.462723,0,1,0,cruise
374.300000,-0.000853,,0.982414,0.983263,-2.153079,1.354897,off,none,0.415134,0,1,0,cruise
374.350000,-0.000862,,0.982766,0.982596,-2.154902,1.351605,off,none,0.357456,0,1,0,cruise
374.400000,-0.000713,,0.983814,0.984045,-2.165712,1.333772,off,none,0.419749,0,1,0,cruise
374.450000,-0.000751,,0.984825,0.983590,-2.184641,1.327377,off,none,0.541736,0,1,0,cruise
374.500000,-0.000894,,0.985936,0.983327,-2.192424,1.319522,off,none,0.453762,0,1,0,cruise
374.550000,-0.000838,,0.985095,0.983780,-2.179049,1.314610,off,none,0.408826,0,1,0,cruise
374.600000,-0.000748,,0.985296,0.984698,-2.192626,1.298614,off,none,0.390955,0,1,0,cruise
374.650000,-0.000774,,0.984947,0.984292,-2.195487,1.287738,off,none,0.421502,0,1,0,cruise
374.700000,-0.000837,,0.983922,0.982227,-2.204368,1.284670,off,none,0.460693,0,1,0,cruise
374.750000,-0.000849,,0.984617,0.981998,-2.195828,1.287795,off,none,0.450316,0,1,0,cruise
374.800000,-0.000729,,0.985203,0.984312,-2.184687,1.274671,off,none,0.428628,0,1,0,cruise
374.850000,-0.000844,,0.984282,0.980388,-2.209531,1.264022,off,none,0.454867,0,1,0,cruise
374.900000,-0.000786,,0.984910,0.982051,-2.205922,1.255747,off,none,0.506152,0,1,0,cruise
374.950000,-0.000721,,0.984765,0.981375,-2.201071,1.243852,off,none,0.477741,0,1,0,cruise
375.000000,-0.000714,,0.982516,0.977199,-2.206658,1.236688,off,none,0.378109,0,1,0,cruise
375.050000,-0.000651,,0.981490,0.978230,-2.212562,1.240469,off,none,0.459297,0,1,0,cruise
375.100000,-0.000665,,0.983307,0.979033,-2.227416,1.236002,off,none,0.505119,0,1,0,cruise
375.150000,-0.000610,,0.984281,0.981304,-2.226278,1.227572,off,none,0.435945,0,1,0,cruise
375.200000,-0.000518,,0.982485,0.979322,-2.237592,1.220627,off,none,0.400603,0,1,0,cruise
375.250000,-0.000538,,0.982366,0.978478,-2.220682,1.227927,off,none,0.489270,0,1,0,cruise
375.300000,-0.000607,,0.980870,0.978656,-2.221746,1.232455,off,none,0.554451,0,1,0,cruise
375.350000,-0.000539,,0.982772,0.979340,-2.225737,1.243072,off,none,0.445301,0,1,0,cruise
375.400000,-0.000571,,0.983696,0.981091,-2.195911,1.254709,off,none,0.370419,0,1,0,cruise
375.450000,-0.000516,,0.985233,0.982746,-2.196630,1.248774,off,none,0.728341,0,1,0,cruise
375.500000,-0.000422,,0.983834,0.981895,-2.184117,1.245313,off,none,0.527733,0,1,0,cruise
375.550000,-0.000347,,0.984110,0.981818,-2.183106,1.245017,off,none,0.395587,0,1,0,cruise
375.600000,-0.000354,,0.983419,0.980874,-2.164543,1.255980,off,none,0.440761,0,1,0,cruise
375.650000,-0.000282,,0.982583,0.981833,-2.155864,1.261554,off,none,0.475655,0,1,0,cruise
375.700000,-0.000192,,0.981490,0.981237,-2.139501,1.265051,off,none,0.463286,0,1,0,cruise
375.750000,-0.000239,,0.982498,0.980769,-2.132369,1.270442,off,none,0.378949,0,1,0,cruise
375.800000,-0.000179,,0.984463,0.982006,-2.115958,1.276966,off,none,0.594661,0,1,0,cruise
375.850000,-0.000183,,0.983216,0.979871,-2.101830,1.296803,off,none,0.589749,0,1,0,cruise
375.900000,-0.000115,,0.984133,0.982953,-2.075640,1.307338,off,none,0.476777,0,1,0,cruise
375.950000,-0.000185,,0.984725,0.981820,-2.059972,1.301672,off,none,0.486978,0,1,0,cruise
376.000000,-0.000118,,0.984840,0.982640,-2.058815,1.305447,off,none,0.611307,0,1,0,cruise
376.050000,-0.000070,,0.985384,0.984053,-2.043451,1.314048,off,none,0.506368,0,1,0,cruise
376.100000,-0.000120,,0.985930,0.984512,-2.039863,1.321555,off,none,0.407634,0,1,0,cruise
376.150000,-0.000157,,0.987382,0.985075,-2.044025,1.332934,off,none,0.522144,0,1,0,cruise
376.200000,-0.000086,,0.986225,0.983635,-2.039305,1.340602,off,none,0.669450,0,1,0,cruise
376.250000,-0.000024,,0.985897,0.983910,-2.036196,1.350127,off,none,0.583330,0,1,0,cruise
376.300000,-0.000031,,0.986312,0.984990,-2.034280,1.360296,off,none,0.575515,0,1,0,cruise
376.350000,0.000004,,0.985958,0.984806,-2.036023,1.369535,off,none,0.578521,0,1,0,cruise
376.400000,0.000002,,0.986734,0.985843,-2.036081,1.376313,off,none,0.489927,0,1,0,cruise
376.450000,-0.000024,,0.988192,0.988131,-2.018140,1.385661,off,none,0.494191,0,1,0,cruise
376.500000,0.000034,,0.988094,0.987434,-2.016290,1.407273,off,none,0.501348,0,1,0,cruise
376.550000,0.000025,,0.988157,0.987326,-2.036114,1.427981,off,none,0.500890,0,1,0,cruise
376.600000,0.000016,,0.988294,0.987874,-2.019403,1.440960,off,none,0.606395,0,1,0,cruise
376.650000,-0.000016,,0.987267,0.984723,-2.013786,1.458007,off,none,0.529441,0,1,0,cruise
376.700000,0.000006,,0.986330,0.982345,-2.012427,1.465544,off,none,0.500200,0,1,0,cruise
376.750000,0.000121,,0.985903,0.982094,-2.006702,1.476796,off,none,0.486204,0,1,0,cruise
376.800000,0.000091,,0.987295,0.984762,-2.019084,1.487540,off,none,0.621878,0,1,0,cruise
376.850000,0.000058,,0.985193,0.983669,-2.013901,1.481213,off,none,0.547098,0,1,0,cruise
376.900000,0.000071,,0.984708,0.985481,-2.004358,1.471963,off,none,0.438496,0,1,0,cruise
376.950000,0.000070,,0.985405,0.985917,-1.990170,1.481201,off,none,0.409776,0,1,0,cruise
377.000000,0.000120,,0.986645,0.987534,-1.970446,1.493693,off,none,0.442780,0,1,0,cruise
377.050000,0.000138,,0.986131,0.985089,-1.961117,1.514670,off,none,0.548739,0,1,0,cruise
377.100000,0.000093,,0.988383,0.987167,-1.953094,1.519967,off,none,0.534889,0,1,0,cruise
377.150000,0.000236,,0.987681,0.986992,-1.943595,1.534627,off,none,0.477039,0,1,0,cruise
377.200000,0.000295,,0.988445,0.988409,-1.941000,1.536673,off,none,0.485029,0,1,0,cruise
377.250000,0.000161,,0.988802,0.987349,-1.931600,1.550736,off,none,0.550511,0,1,0,cruise
377.300000,0.000244,,0.988707,0.988187,-1.930355,1.566557,off,none,0.521613,0,1,0,cruise
377.350000,0.000237,,0.988539,0.988150,-1.932848,1.575650,off,none,0.702808,0,1,0,cruise
377.400000,0.000212,,0.987362,0.985450,-1.927333,1.587021,off,none,0.807130,0,1,0,cruise
377.450000,0.000219,,0.987723,0.987344,-1.925600,1.588804,off,none,0.664315,0,1,0,cruise
377.500000,0.000241,,0.987753,0.988736,-1.916546,1.590206,off,none,0.369823,0,1,0,cruise
377.550000,0.000128,,0.985628,0.986922,-1.917796,1.607920,off,none,0.388243,0,1,0,cruise
377.600000,0.000203,,0.985407,0.987771,-1.912239,1.611918,off,none,0.450092,0,1,0,cruise
377.650000,0.000170,,0.983072,0.984283,-1.910388,1.612579,off,none,0.648494,0,1,0,cruise
377.700000,0.000085,,0.986376,0.985419,-1.898204,1.611714,off,none,0.639998,0,1,0,cruise
377.750000,0.000149,,0.987218,0.987700,-1.883946,1.620425,off,none,0.478053,0,1,0,cruise
377.800000,0.000084,,0.986353,0.986353,-1.885228,1.625749,off,none,0.513646,0,1,0,cruise
377.850000,0.000178,,0.985927,0.985734,-1.882104,1.632016,off,none,0.678671,0,1,0,cruise
377.900000,0.000113,,0.988256,0.989196,-1.897623,1.637311,off,none,0.613769,0,1,0,cruise
377.950000,0.000099,,0.986142,0.988597,-1.892319,1.636139,off,none,0.570017,0,1,0,cruise
378.000000,0.000081,,0.984831,0.987759,-1.890923,1.641203,off,none,0.529102,0,1,0,cruise
378.050000,0.000066,,0.986181,0.986606,-1.901834,1.642558,off,none,0.583860,0,1,0,cruise
378.100000,0.000043,,0.986422,0.987254,-1.904191,1.641999,off,none,0.267661,0,1,0,cruise
378.150000,-0.000026,,0.984960,0.985797,-1.910267,1.652381,off,none,0.556596,0,1,0,cruise
378.200000,-0.000108,,0.983172,0.983799,-1.908427,1.655511,off,none,0.571811,0,1,0,cruise
378.250000,-0.000169,,0.983897,0.982861,-1.891540,1.652408,off,none,0.638191,0,1,0,cruise
378.300000,-0.000273,,0.984071,0.978183,-1.900439,1.653363,off,none,0.704638,0,1,0,cruise
378.350000,-0.000334,,0.985312,0.980650,-1.904293,1.644828,off,none,0.616174,0,1,0,cruise
378.400000,-0.000388,,0.985029,0.981501,-1.910593,1.635825,off,none,0.124121,0,1,0,cruise
378.450000,-0.000546,,0.983474,0.977771,-1.919359,1.623198,off,none,0.209507,0,1,0,cruise
378.500000,-0.000599,,0.979441,0.973806,-1.912355,1.616643,off,none,0.548188,0,1,0,cruise
378.550000,-0.000613,,0.979870,0.977146,-1.908417,1.610024,off,none,0.163715,0,1,0,cruise
378.600000,-0.000604,,0.979884,0.979695,-1.908675,1.620015,off,none,0.463933,0,1,0,cruise
378.650000,-0.000630,,0.980412,0.979500,-1.894957,1.618205,off,none,0.524964,0,1,0,cruise
378.700000,-0.000739,,0.979998,0.977694,-1.892830,1.614984,off,none,0.468978,0,1,0,cruise
378.750000,-0.000848,,0.976031,0.971817,-1.891689,1.606667,off,none,0.592176,0,1,0,cruise
378.800000,-0.000883,,0.976251,0.970734,-1.886348,1.601392,off,none,0.520179,0,1,0,cruise
378.850000,-0.001035,,0.979311,0.969977,-1.900964,1.586784,off,none,0.432105,0,1,0,cruise
378.900000,-0.000991,,0.978564,0.968964,-1.897493,1.574820,off,none,0.500028,0,1,0,cruise
378.950000,-0.001022,,0.976327,0.969773,-1.907958,1.567083,off,none,0.511019,0,1,0,cruise
379.000000,-0.001092,,0.973507,0.968384,-1.925599,1.548797,off,none,0.507573,0,1,0,cruise
379.050000,-0.001169,,0.975801,0.970668,-1.937381,1.535601,off,none,0.541303,0,1,0,cruise
379.100000,-0.001186,,0.979018,0.972908,-1.946211,1.525869,off,none,0.623056,0,1,0,cruise
379.150000,-0.001305,,0.981335,0.976740,-1.938373,1.515647,off,none,0.549710,0,1,0,cruise
379.200000,-0.001253,,0.979008,0.977893,-1.911540,1.510167,off,none,0.460861,0,1,0,cruise
379.250000,-0.001225,,0.977114,0.974597,-1.936927,1.484186,off,none,0.483494,0,1,0,cruise
379.300000,-0.001216,,0.973979,0.972148,-1.938489,1.466884,off,none,0.561882,0,1,0,cruise
379.350000,-0.001278,,0.972886,0.971057,-1.960491,1.456707,off,none,0.502563,0,1,0,cruise
379.400000,-0.001411,,0.977526,0.972204,-1.963946,1.447218,off,none,0.480048,0,1,0,cruise
379.450000,-0.001603,,0.981672,0.969268,-1.991879,1.423901,off,none,0.590650,0,1,0,cruise
379.500000,-0.001680,,0.982413,0.968975,-2.004080,1.406453,off,none,0.536164,0,1,0,cruise
379.550000,-0.001694,,0.982945,0.967567,-2.014189,1.375802,off,none,0.529938,0,1,0,cruise
379.600000,-0.001644,,0.984000,0.968705,-2.029501,1.362449,off,none,0.465379,0,1,0,cruise
379.650000,-0.001572,,0.982610,0.969711,-2.038094,1.351380,off,none,0.458627,0,1,0,cruise
379.700000,-0.001666,,0.983055,0.972220,-2.062360,1.337963,off,none,0.432102,0,1,0,cruise
379.750000,-0.001697,,0.982202,0.971743,-2.066784,1.334444,off,none,0.442448,0,1,0,cruise
379.800000,-0.001682,,0.981058,0.974153,-2.096253,1.316355,off,none,0.476507,0,1,0,cruise
379.850000,-0.001822,,0.982563,0.975795,-2.107445,1.301922,off,none,0.406371,0,1,0,cruise
379.900000,-0.001889,,0.984326,0.976643,-2.108215,1.295358,off,none,0.393027,0,1,0,cruise
379.950000,-0.001869,,0.984258,0.972458,-2.119918,1.270503,off,none,0.411769,0,1,0,cruise
380.000000,-0.001807,,0.983890,0.969683,-2.113082,1.269124,off,none,0.395565,0,1,0,cruise
380.050000,-0.001771,,0.984075,0.972678,-2.111948,1.259097,off,none,0.400472,0,1,0,cruise
380.100000,-0.001681,,0.984158,0.976462,-2.121927,1.258545,off,none,0.420109,0,1,0,cruise
380.150000,-0.001694,,0.984103,0.972981,-2.116215,1.267567,off,none,0.460129,0,1,0,cruise
380.200000,-0.001722,,0.981994,0.967803,-2.149877,1.252713,off,none,0.499422,0,1,0,cruise
380.250000,-0.001646,,0.981405,0.971079,-2.145581,1.243453,off,none,0.501694,0,1,0,cruise
380.300000,-0.001750,,0.985094,0.974170,-2.132798,1.243134,off,none,0.500365,0,1,0,cruise
380.350000,-0.001661,,0.984162,0.974555,-2.145567,1.236077,off,none,0.517579,0,1,0,cruise
380.400000,-0.001528,,0.982008,0.974301,-2.128681,1.234801,off,none,0.456490,0,1,0,cruise
380.450000,-0.001661,,0.985123,0.973950,-2.127922,1.244184,off,none,0.494866,0,1,0,cruise
380.500000,-0.001588,,0.984184,0.976046,-2.129200,1.244248,off,none,0.518982,0,1,0,cruise
380.550000,-0.001618,,0.983564,0.970073,-2.144522,1.231153,off,none,0.587696,0,1,0,cruise
380.600000,-0.001587,,0.983978,0.973462,-2.141144,1.223658,off,none,0.529775,0,1,0,cruise
380.650000,-0.001533,,0.983436,0.974520,-2.148784,1.227984,off,none,0.484976,0,1,0,cruise
380.700000,-0.001386,,0.983530,0.976311,-2.139342,1.227448,off,none,0.528734,0,1,0,cruise
380.750000,-0.001543,,0.983564,0.974224,-2.147895,1.234887,off,none,0.517413,0,1,0,cruise
380.800000,-0.001581,,0.984242,0.973822,-2.155506,1.235019,off,none,0.462505,0,1,0,cruise
380.850000,-0.001476,,0.985535,0.977357,-2.164083,1.236751,off,none,0.451252,0,1,0,cruise
380.900000,-0.001456,,0.987079,0.980573,-2.173857,1.246305,off,none,0.498368,0,1,0,cruise
380.950000,-0.001477,,0.986632,0.978505,-2.165412,1.243552,off,none,0.507486,0,1,0,cruise
381.000000,-0.001257,,0.985496,0.980671,-2.159911,1.253140,off,none,0.396682,0,1,0,cruise
381.050000,-0.001360,,0.985624,0.978973,-2.160519,1.247564,off,none,0.489711,0,1,0,cruise
381.100000,-0.001366,,0.985901,0.978902,-2.166760,1.253808,off,none,0.604111,0,1,0,cruise
381.150000,-0.001246,,0.984987,0.979969,-2.170691,1.254873,off,none,0.473512,0,1,0,cruise
381.200000,-0.001347,,0.983487,0.976524,-2.174157,1.259480,off,none,0.453682,0,1,0,cruise
381.250000,-0.001395,,0.983412,0.976122,-2.185667,1.258588,off,none,0.595345,0,1,0,cruise
381.300000,-0.001279,,0.984193,0.975422,-2.198524,1.263669,off,none,0.595480,0,1,0,cruise
381.350000,-0.001265,,0.984373,0.978190,-2.195335,1.269719,off,none,0.489538,0,1,0,cruise
381.400000,-0.001270,,0.984206,0.980325,-2.188154,1.275069,off,none,0.499196,0,1,0,cruise
381.450000,-0.001073,,0.984279,0.981905,-2.197346,1.274040,off,none,0.607882,0,1,0,cruise
381.500000,-0.001177,,0.984872,0.980025,-2.220167,1.284463,off,none,0.561801,0,1,0,cruise
381.550000,-0.001196,,0.985560,0.977970,-2.216967,1.285452,off,none,0.529126,0,1,0,cruise
381.600000,-0.001172,,0.986126,0.979629,-2.237691,1.273364,off,none,0.528926,0,1,0,cruise
381.650000,-0.001235,,0.986447,0.982052,-2.219967,1.294418,off,none,0.607328,0,1,0,cruise
381.700000,-0.001152,,0.986390,0.982726,-2.220015,1.298886,off,none,0.657188,0,1,0,cruise
381.750000,-0.001034,,0.984422,0.984172,-2.215097,1.312713,off,none,0.641094,0,1,0,cruise
381.800000,-0.000791,,0.985030,0.983138,-2.212481,1.300615,off,none,0.522088,0,1,0,cruise
381.850000,-0.000762,,0.984936,0.983866,-2.207112,1.305180,off,none,0.603443,0,1,0,cruise
381.900000,-0.000756,,0.986373,0.986389,-2.197141,1.312440,off,none,0.651259,0,1,0,cruise
381.950000,-0.001008,,0.987758,0.985210,-2.171294,1.318682,off,none,0.653244,0,1,0,cruise
382.000000,-0.001068,,0.986993,0.985679,-2.162352,1.317147,off,none,0.448294,0,1,0,cruise
382.050000,-0.001062,,0.986335,0.984398,-2.140245,1.343621,off,none,0.559221,0,1,0,cruise
382.100000,-0.000875,,0.985730,0.986652,-2.170413,1.340346,off,none,0.370782,0,1,0,cruise
382.150000,-0.000700,,0.984972,0.986299,-2.174767,1.342114,off,none,0.535274,0,1,0,cruise
382.200000,-0.000784,,0.986310,0.987046,-2.177031,1.349955,off,none,0.538765,0,1,0,cruise
382.250000,-0.000706,,0.985569,0.986043,-2.163389,1.368477,off,none,0.657291,0,1,0,cruise
382.300000,-0.000770,,0.986367,0.984658,-2.148091,1.377185,off,none,0.376278,0,1,0,cruise
382.350000,-0.000678,,0.985146,0.983782,-2.142839,1.386136,off,none,0.358286,0,1,0,cruise
382.400000,-0.000619,,0.985128,0.983440,-2.139306,1.401554,off,none,0.262973,0,1,0,cruise
382.450000,-0.000661,,0.986102,0.983053,-2.135425,1.408620,off,none,0.709862,0,1,0,cruise
382.500000,-0.000599,,0.986264,0.981290,-2.124682,1.412903,off,none,0.315688,0,1,0,cruise
382.550000,-0.000676,,0.984351,0.978369,-2.077913,1.428706,off,none,0.385511,0,1,0,cruise
382.600000,-0.000628,,0.985731,0.982330,-2.081178,1.435716,off,none,0.434675,0,1,0,cruise
382.650000,-0.000610,,0.984205,0.984492,-2.076237,1.446112,off,none,0.383892,0,1,0,cruise
382.700000,-0.000645,,0.984259,0.982030,-2.049032,1.452405,off,none,0.397386,0,1,0,cruise
382.750000,-0.000527,,0.983820,0.983306,-2.038865,1.463797,off,none,0.679290,0,1,0,cruise
382.800000,-0.000353,,0.984180,0.985113,-2.018514,1.478695,off,none,0.626243,0,1,0,cruise
382.850000,-0.000221,,0.982626,0.981031,-2.002555,1.496650,off,none,0.613791,0,1,0,cruise
382.900000,-0.000205,,0.981044,0.983464,-2.017628,1.521218,off,none,0.780244,0,1,0,cruise
382.950000,-0.000212,,0.979945,0.982364,-2.002580,1.539044,off,none,0.723808,0,1,0,cruise
383.000000,-0.000151,,0.980951,0.982643,-1.989997,1.545959,off,none,0.536897,0,1,0,cruise
383.050000,-0.000226,,0.980895,0.983119,-1.969756,1.557224,off,none,0.662243,0,1,0,cruise
383.100000,-0.000319,,0.979984,0.982638,-1.956771,1.569105,off,none,0.747018,0,1,0,cruise
383.150000,-0.000351,,0.980542,0.983889,-1.919788,1.580167,off,none,0.679492,0,1,0,cruise
383.200000,-0.000402,,0.981748,0.983146,-1.897139,1.588935,off,none,0.652394,0,1,0,cruise
383.250000,-0.000349,,0.982175,0.983025,-1.910909,1.603803,off,none,0.661888,0,1,0,cruise
383.300000,-0.000301,,0.984326,0.986862,-1.914397,1.621829,off,none,0.478813,0,1,0,cruise
383.350000,-0.000363,,0.984470,0.986148,-1.903138,1.632336,off,none,0.660969,0,1,0,cruise
383.400000,-0.000304,,0.984400,0.986232,-1.896158,1.643481,off,none,0.686717,0,1,0,cruise
383.450000,-0.000330,,0.981810,0.982857,-1.892742,1.665200,off,none,0.583534,0,1,0,cruise
383.500000,-0.000170,,0.981562,0.985030,-1.867936,1.677126,off,none,0.780644,0,1,0,cruise
383.550000,-0.000059,,0.981207,0.981905,-1.854059,1.678542,off,none,0.747287,0,1,0,cruise
383.600000,-0.000172,,0.983403,0.982386,-1.844067,1.689433,off,none,0.651109,0,1,0,cruise
383.650000,-0.000132,,0.985496,0.986106,-1.831453,1.698415,off,none,0.621221,0,1,0,cruise
383.700000,-0.000011,,0.985736,0.988706,-1.817074,1.705305,off,none,0.428218,0,1,0,cruise
383.750000,-0.000046,,0.982772,0.985727,-1.821469,1.729267,off,none,0.729697,0,1,0,cruise
383.800000,0.000014,,0.982324,0.986031,-1.806308,1.742575,off,none,0.553602,0,1,0,cruise
383.850000,-0.000074,,0.983716,0.988584,-1.806930,1.764586,off,none,0.516656,0,1,0,cruise
383.900000,0.000059,,0.983036,0.987061,-1.783365,1.772988,off,none,0.565131,0,1,0,cruise
383.950000,-0.000030,,0.984107,0.988774,-1.764909,1.791404,off,none,0.595023,0,1,0,cruise
384.000000,-0.000067,,0.984805,0.987892,-1.749535,1.796583,off,none,0.275289,0,1,0,cruise
384.050000,-0.000109,,0.984255,0.987987,-1.741014,1.803677,off,none,0.512116,0,1,0,cruise
384.100000,-0.000026,,0.980342,0.985683,-1.738357,1.818784,off,none,0.625478,0,1,0,cruise
384.150000,-0.000003,,0.983117,0.985779,-1.731090,1.820457,off,none,0.742974,0,0,0,cruise
384.200000,0.000021,,0.983396,0.986701,-1.729548,1.834889,off,none,0.503021,0,1,0,cruise
384.250000,0.000001,,0.983154,0.986859,-1.717600,1.855133,off,none,0.555443,0,1,0,cruise
384.300000,-0.000134,,0.981808,0.984735,-1.695315,1.869675,off,none,0.552374,0,1,0,cruise
384.350000,-0.000272,,0.984277,0.984330,-1.662373,1.882119,off,none,0.511110,0,1,0,cruise
384.400000,-0.000328,,0.985789,0.986957,-1.653283,1.872445,off,none,0.491738,0,1,0,cruise
384.450000,-0.000236,,0.987014,0.987874,-1.651267,1.882246,off,none,0.576589,0,1,0,cruise
384.500000,-0.000373,,0.986971,0.990036,-1.641022,1.885639,off,none,0.795666,0,0,0,cruise
384.550000,-0.000349,,0.987617,0.988942,-1.641454,1.895482,off,none,0.823693,0,0,0,cruise
384.600000,-0.000448,,0.987786,0.989299,-1.634748,1.894837,off,none,0.780063,0,0,0,cruise
384.650000,-0.000408,,0.986940,0.988292,-1.640444,1.903430,off,none,0.845071,0,0,0,cruise
384.700000,-0.000333,,0.988833,0.989747,-1.648979,1.898815,off,none,0.814915,0,0,0,cruise
384.750000,-0.000339,,0.989134,0.990216,-1.642305,1.893095,off,none,0.656811,0,1,0,cruise
384.800000,-0.000275,,0.988332,0.987478,-1.651157,1.890429,off,none,0.725236,0,1,0,cruise
384.850000,-0.000265,,0.986788,0.986769,-1.658378,1.898390,off,none,0.669828,0,1,0,cruise
384.900000,-0.000389,,0.984488,0.978664,-1.683695,1.901007,off,none,0.699883,0,1,0,cruise
384.950000,-0.000499,,0.985990,0.981616,-1.671314,1.911378,off,none,0.779902,0,1,0,cruise
385.000000,-0.000513,,0.986165,0.981766,-1.670860,1.898831,off,none,0.723591,0,0,0,cruise
385.050000,-0.000577,,0.985691,0.983294,-1.663032,1.898697,off,none,0.648273,0,1,0,cruise
385.100000,-0.000703,,0.984503,0.978223,-1.662422,1.889655,off,none,0.717568,0,1,0,cruise
385.150000,-0.000824,,0.982642,0.974221,-1.672840,1.866723,off,none,0.645488,0,1,0,cruise
385.200000,-0.000870,,0.982264,0.975649,-1.681041,1.861367,off,none,0.539756,0,1,0,cruise
385.250000,-0.001045,,0.982332,0.973785,-1.675229,1.861410,off,none,0.572333,0,1,0,cruise
385.300000,-0.000997,,0.981627,0.975477,-1.671665,1.863593,off,none,0.674843,0,1,0,cruise
385.350000,-0.000889,,0.983424,0.976798,-1.680854,1.859623,off,none,0.607294,0,1,0,cruise
385.400000,-0.001032,,0.983728,0.978847,-1.674359,1.869804,off,none,0.674688,0,1,0,cruise
385.450000,-0.001176,,0.983911,0.980059,-1.694324,1.854922,off,none,0.783392,0,1,0,cruise
385.500000,-0.001279,,0.982278,0.977903,-1.697585,1.845820,off,none,0.770129,0,0,0,cruise
385.550000,-0.001329,,0.981450,0.976525,-1.708929,1.839430,off,none,0.553317,0,1,0,cruise
385.600000,-0.001318,,0.982367,0.977734,-1.713042,1.835319,off,none,0.782430,0,1,0,cruise
385.650000,-0.001284,,0.983352,0.978902,-1.717983,1.820786,off,none,0.716098,0,1,0,cruise
385.700000,-0.001284,,0.983113,0.978533,-1.715634,1.817978,off,none,0.684144,0,1,0,cruise
385.750000,-0.001298,,0.983939,0.979843,-1.718774,1.810587,off,none,0.678668,0,1,0,cruise
385.800000,-0.001288,,0.984150,0.979013,-1.742713,1.794203,off,none,0.645503,0,1,0,cruise
385.850000,-0.001327,,0.983670,0.976279,-1.749469,1.782811,off,none,0.694041,0,1,0,cruise
385.900000,-0.001338,,0.983727,0.976961,-1.778219,1.785698,off,none,0.706113,0,1,0,cruise
385.950000,-0.001397,,0.980889,0.976500,-1.777454,1.783837,off,none,0.637734,0,1,0,cruise
386.000000,-0.001287,,0.981834,0.975638,-1.781225,1.772681,off,none,0.784330,0,0,0,cruise
386.050000,-0.001332,,0.980712,0.972195,-1.788777,1.772582,off,none,0.820055,0,0,0,cruise
386.100000,-0.001266,,0.978623,0.969200,-1.786912,1.778936,off,none,0.682265,0,1,0,cruise
386.150000,-0.001292,,0.976964,0.965144,-1.803400,1.771726,off,none,0.829114,0,0,0,cruise
386.200000,-0.001253,,0.977152,0.971247,-1.796025,1.781001,off,none,0.820023,0,0,0,cruise
386.250000,-0.001116,,0.979171,0.969831,-1.803655,1.772995,off,none,0.855083,0,0,0,cruise
386.300000,-0.001149,,0.982341,0.972259,-1.810376,1.777129,off,none,0.878670,0,0,0,cruise
386.350000,-0.001075,,0.983145,0.972377,-1.807019,1.772847,off,none,0.828484,0,0,0,cruise
386.400000,-0.000972,,0.980867,0.969691,-1.820155,1.764182,off,none,0.793584,0,0,0,cruise
386.450000,-0.000865,,0.982772,0.974094,-1.802151,1.771987,off,none,0.881188,0,0,0,cruise
386.500000,-0.000770,,0.983195,0.977415,-1.784058,1.788416,off,none,0.878222,0,0,0,cruise
386.550000,-0.000737,,0.981316,0.971177,-1.807731,1.785039,off,none,0.769050,0,0,0,cruise
386.600000,-0.000605,,0.979279,0.965176,-1.809514,1.782948,off,none,0.809667,0,0,0,cruise
386.650000,-0.000523,,0.982095,0.966118,-1.823804,1.772494,off,none,0.878934,0,0,0,cruise
386.700000,-0.000376,,0.978860,0.960491,-1.827781,1.772251,off,none,0.827924,0,0,0,cruise
386.750000,-0.000258,,0.978657,0.955906,-1.813964,1.776377,off,none,0.779283,0,0,0,cruise
386.800000,-0.000187,,0.966688,0.933654,-1.783810,1.799761,off,none,0.729144,0,0,0,cruise
386.850000,-0.000119,,0.971424,0.936179,-1.752151,1.821437,off,none,0.679142,0,0,0,cruise
386.900000,-0.000021,,0.975308,0.945311,-1.735686,1.852549,off,none,0.629140,0,0,0,cruise
386.950000,0.000089,,0.972978,0.941014,-1.722042,1.868971,off,none,0.585609,0,0,0,cruise
387.000000,0.000044,,0.970080,0.936568,-1.706260,1.890742,off,none,0.582191,0,0,0,cruise
387.050000,-0.000012,,0.972929,0.935446,-1.686552,1.880690,off,none,0.586625,0,0,0,cruise
387.100000,0.000005,,0.969971,0.931773,-1.669166,1.881152,off,none,0.636873,0,0,0,cruise
387.150000,0.000106,,0.970268,0.922578,-1.621954,1.927526,off,none,0.688157,0,0,0,cruise
387.200000,0.000368,,0.971634,0.937803,-1.593223,1.951854,off,none,0.735912,0,0,0,cruise
387.250000,0.000272,,0.971443,0.924418,-1.572300,1.974168,off,none,0.761574,0,0,0,cruise
387.300000,0.000464,,0.970723,0.915981,-1.551000,1.992947,off,none,0.774729,0,0,0,cruise
387.350000,0.000839,,0.969165,0.927471,-1.508131,2.047903,off,none,0.777340,0,0,0,cruise
387.400000,0.000922,,0.968287,0.918371,-1.466685,2.097285,off,none,0.784446,0,0,0,cruise
387.450000,0.000932,,0.971779,0.921458,-1.428304,2.133048,off,none,0.832810,0,0,0,cruise
387.500000,0.001094,,0.970852,0.921642,-1.414019,2.156367,off,none,0.823308,0,0,0,cruise
387.550000,0.000878,,0.966927,0.892839,-1.368350,2.160161,off,none,0.877175,0,0,0,cruise
387.600000,0.001113,,0.968595,0.905823,-1.321965,2.190046,off,none,0.876926,0,0,0,cruise
387.650000,0.001428,,0.970518,0.898641,-1.253191,2.265378,off,none,0.876612,0,0,0,cruise
387.700000,0.001215,,0.961230,0.874940,-1.217986,2.277149,off,none,0.875614,0,0,0,cruise
387.750000,0.001554,,0.942167,0.877394,-1.156448,2.348653,off,none,0.819972,0,0,0,cruise
387.800000,0.001597,,0.933080,0.867394,-1.089819,2.388629,off,none,0.860042,0,0,0,cruise
387.850000,0.001666,,0.913381,0.840169,-1.020073,2.428551,off,none,0.875666,0,0,0,cruise
387.900000,0.002266,,0.910481,0.848605,-1.048707,2.431053,off,none,0.855967,0,0,0,cruise
387.950000,0.001926,,0.877860,0.820274,-0.973050,2.513005,off,none,0.314037,0,0,0,cruise
388.000000,0.002159,,0.849579,0.830771,-0.981028,2.475160,off,none,0.255490,0,0,0,cruise
388.050000,0.001616,,0.753838,0.764414,-1.058786,2.261867,off,none,0.250885,0,0,0,cruise
388.100000,0.000867,,0.760647,0.776435,-1.053979,2.267045,off,none,0.143463,0,0,0,cruise
388.150000,0.000152,,0.735543,0.749383,-1.055033,2.200689,off,none,0.301579,0,1,0,cruise
388.200000,-0.000360,,0.733488,0.696616,-1.087959,2.150996,off,none,0.288693,0,1,0,cruise
388.250000,0.000675,,0.731328,0.704631,-0.965003,2.317668,off,none,0.158448,0,1,0,cruise
388.300000,-0.000128,,0.672570,0.666989,-1.128765,2.071948,off,none,0.234318,0,1,0,cruise
388.350000,-0.000523,,0.668195,0.667020,-1.270889,1.770891,off,none,0.226491,0,1,0,cruise
388.400000,-0.000443,,0.682380,0.691102,-1.302502,1.674315,off,none,0.080891,0,1,0,cruise
388.450000,-0.000362,,0.718343,0.729118,-1.317902,1.635649,off,none,0.111242,0,1,0,cruise
388.500000,-0.000037,,0.732123,0.744214,-1.253616,1.663368,off,none,0.242499,0,1,0,cruise
388.550000,-0.000370,,0.762651,0.769209,-1.697090,1.273431,off,none,0.252149,0,1,0,cruise
388.600000,-0.000325,,0.728078,0.731834,-1.898994,1.133906,off,none,0.178703,0,1,0,cruise
388.650000,-0.000420,,0.682244,0.711283,-2.297791,0.935747,off,none,0.245536,0,1,0,cruise
388.700000,-0.000390,,0.699059,0.725886,-2.742097,0.652304,off,none,0.386523,0,1,0,cruise
388.750000,-0.000376,,0.707398,0.730646,-3.205840,0.395079,off,none,0.296505,0,1,0,cruise
388.800000,-0.000399,,0.764493,0.765087,-3.102028,0.566670,off,none,0.335908,0,1,0,cruise
388.850000,-0.000267,,0.827566,0.836784,-3.086927,0.600175,off,none,0.315623,0,1,0,cruise
388.900000,-0.000424,,0.848938,0.879477,-3.084386,0.564271,off,none,0.319088,0,1,0,cruise
388.950000,-0.000310,,0.847003,0.889963,-3.130169,0.534675,off,none,0.474958,0,1,0,cruise
389.000000,-0.000306,,0.851435,0.894973,-3.148355,0.496829,off,none,0.429177,0,1,0,cruise
389.050000,-0.000295,,0.854088,0.896613,-3.106016,0.570658,off,none,0.309551,0,1,0,cruise
389.100000,-0.000103,,0.856550,0.890284,-3.093472,0.589065,off,none,0.372573,0,1,0,cruise
389.150000,-0.000159,,0.875000,0.903876,-3.052593,0.620521,off,none,0.509248,0,1,0,cruise
389.200000,-0.000146,,0.869048,0.914849,-3.028163,0.663366,off,none,0.367346,0,1,0,cruise
389.250000,-0.000053,,0.868403,0.935755,-2.971561,0.664916,off,none,0.424833,0,1,0,cruise
389.300000,-0.000052,,0.879360,0.925115,-2.892762,0.714798,off,none,0.448281,0,1,0,cruise
389.350000,0.000005,,0.879973,0.929690,-2.847669,0.771644,off,none,0.426368,0,1,0,cruise
389.400000,-0.000075,,0.877264,0.914843,-2.780958,0.858722,off,none,0.495518,0,1,0,cruise
389.450000,-0.000123,,0.885692,0.925764,-2.731250,0.888755,off,none,0.448945,0,1,0,cruise
389.500000,-0.000144,,0.894319,0.933303,-2.674124,0.890931,off,none,0.375686,0,1,0,cruise
389.550000,-0.000145,,0.884395,0.932980,-2.571986,0.948916,off,none,0.427632,0,1,0,cruise
389.600000,0.000029,,0.891291,0.949068,-2.544057,0.980430,off,none,0.399693,0,1,0,cruise
389.650000,0.000050,,0.904753,0.946557,-2.516720,1.026272,off,none,0.342140,0,1,0,cruise
389.700000,0.000075,,0.906499,0.953547,-2.480936,1.044070,off,none,0.627964,0,1,0,cruise
389.750000,0.000165,,0.889989,0.930848,-2.425964,1.110193,off,none,0.515762,0,1,0,cruise
389.800000,0.000086,,0.908360,0.945744,-2.409060,1.128483,off,none,0.546251,0,1,0,cruise
389.850000,0.000079,,0.909365,0.950112,-2.391324,1.171864,off,none,0.700894,0,1,0,cruise
389.900000,0.000032,,0.908875,0.955229,-2.346507,1.217426,off,none,0.675707,0,1,0,cruise
389.950000,-0.000120,,0.914568,0.957505,-2.298674,1.274001,off,none,0.679044,0,1,0,cruise
390.000000,-0.000017,,0.913836,0.960567,-2.286902,1.286862,off,none,0.611436,0,1,0,cruise
390.050000,0.000070,,0.908185,0.971891,-2.261167,1.321277,off,none,0.550190,0,1,0,cruise
390.100000,0.000112,,0.894373,0.977801,-2.256757,1.344898,off,none,0.618428,0,1,0,cruise
390.150000,0.000138,,0.893501,0.978661,-2.219376,1.378069,off,none,0.618155,0,1,0,cruise
390.200000,0.000142,,0.880217,0.982146,-2.187334,1.410861,off,none,0.658825,0,1,0,cruise
390.250000,0.000179,,0.881076,0.983664,-2.172230,1.414601,off,none,0.570353,0,1,0,cruise
390.300000,0.000184,,0.881180,0.978106,-2.147706,1.435471,off,none,0.536580,0,1,0,cruise
390.350000,0.000220,,0.859350,0.980297,-2.113085,1.476819,off,none,0.531065,0,1,0,cruise
390.400000,0.000111,,0.859003,0.978415,-2.053419,1.517925,off,none,0.497739,0,1,0,cruise
390.450000,0.000093,,0.856649,0.977655,-2.007695,1.574146,off,none,0.650312,0,1,0,cruise
390.500000,0.000072,,0.873076,0.982668,-1.999726,1.566825,off,none,0.556461,0,1,0,cruise
390.550000,0.000097,,0.824289,0.981493,-2.000639,1.578761,off,none,0.588499,0,1,0,cruise
390.600000,0.000033,,0.813689,0.986343,-1.974862,1.596766,off,none,0.503700,0,1,0,cruise
390.650000,-0.000041,,0.818215,0.987286,-1.941843,1.620100,off,none,0.544232,0,1,0,cruise
390.700000,-0.000105,,0.764601,0.983214,-1.926756,1.646057,off,none,0.611255,0,1,0,cruise
390.750000,-0.000164,,0.761601,0.982790,-1.917502,1.667517,off,none,0.571051,0,1,0,cruise
390.800000,-0.000282,,0.781780,0.983900,-1.893169,1.686111,off,none,0.677854,0,1,0,cruise
390.850000,-0.000341,,0.791607,0.986690,-1.874617,1.696844,off,none,0.597086,0,1,0,cruise
390.900000,-0.000471,,0.870061,0.988126,-1.847885,1.719709,off,none,0.423892,0,1,0,cruise
390.950000,-0.000528,,0.888881,0.987197,-1.835853,1.731889,off,none,0.318971,0,1,0,cruise
391.000000,-0.000604,,0.841048,0.985997,-1.841339,1.713208,off,none,0.266338,0,1,0,cruise
391.050000,-0.000657,,0.840035,0.985754,-1.841930,1.709945,off,none,0.266255,0,1,0,cruise
391.100000,-0.000777,,0.775749,0.983515,-1.843701,1.710164,off,none,0.358706,0,1,0,cruise
391.150000,-0.000830,,0.756695,0.982617,-1.844220,1.724223,off,none,0.326838,0,1,0,cruise
391.200000,-0.000858,,0.763272,0.981375,-1.848688,1.712921,off,none,0.410591,0,1,0,cruise
391.250000,-0.000919,,0.785593,0.981886,-1.857587,1.705233,off,none,0.237040,0,1,0,cruise
391.300000,-0.000939,,0.795727,0.984398,-1.861698,1.698502,off,none,0.148877,0,1,0,cruise
391.350000,-0.000958,,0.791721,0.984983,-1.879848,1.702444,off,none,0.261736,0,1,0,cruise
391.400000,-0.000976,,0.804387,0.983398,-1.879260,1.695597,off,none,0.175875,0,1,0,cruise
391.450000,-0.000991,,0.776290,0.979808,-1.897088,1.674853,off,none,0.282690,0,1,0,cruise
391.500000,-0.001125,,0.804819,0.980305,-1.940335,1.630550,off,none,0.325496,0,1,0,cruise
391.550000,-0.001210,,0.885771,0.981950,-1.950188,1.612671,off,none,0.442642,0,1,0,cruise
391.600000,-0.001196,,0.921355,0.983794,-1.970165,1.611402,off,none,0.346568,0,1,0,cruise
391.650000,-0.001239,,0.931445,0.984361,-1.968872,1.621204,off,none,0.307605,0,1,0,cruise
391.700000,-0.001137,,0.896832,0.984635,-1.962504,1.621928,off,none,0.320623,0,1,0,cruise
391.750000,-0.001149,,0.918893,0.983588,-1.961407,1.615241,off,none,0.242268,0,1,0,cruise
391.800000,-0.001163,,0.938472,0.984003,-1.964524,1.607620,off,none,0.138333,0,1,0,cruise
391.850000,-0.001164,,0.941791,0.985542,-1.975680,1.600446,off,none,0.234159,0,1,0,cruise
391.900000,-0.001272,,0.932448,0.987361,-1.967266,1.588533,off,none,0.175852,0,1,0,cruise
391.950000,-0.001399,,0.939765,0.987032,-1.976007,1.582574,off,none,0.092106,0,1,0,lead1
392.000000,-0.001580,,0.944995,0.987264,-1.992840,1.540187,off,none,0.290206,0,1,0,cruise
392.050000,-0.001629,,0.921141,0.985237,-2.005043,1.516420,off,none,0.398803,0,1,0,cruise
392.100000,-0.001525,,0.917010,0.989481,-2.025555,1.498572,off,none,0.227923,0,1,0,cruise
392.150000,-0.001560,,0.902299,0.988536,-2.037211,1.492241,off,none,0.204258,0,1,0,cruise
392.200000,-0.001556,,0.925504,0.989263,-2.033601,1.487683,off,none,0.165842,0,1,0,cruise
392.250000,-0.001546,,0.951195,0.990296,-2.046049,1.479931,off,none,0.065671,0,1,0,cruise
392.300000,-0.001498,,0.946515,0.990873,-2.058681,1.478894,off,none,-0.070300,0,1,0,cruise
392.350000,-0.001475,,0.916764,0.990533,-2.073653,1.475117,off,none,0.152250,0,1,0,cruise
392.400000,-0.001497,,0.921489,0.987778,-2.102436,1.467014,off,none,0.320567,0,1,0,cruise
392.450000,-0.001507,,0.924888,0.987181,-2.103708,1.484657,off,none,0.294253,0,1,0,cruise
392.500000,-0.001531,,0.924302,0.986182,-2.097365,1.492105,off,none,0.229297,0,1,0,cruise
392.550000,-0.001576,,0.930248,0.985087,-2.107405,1.505773,off,none,0.392844,0,1,0,cruise
392.600000,-0.001501,,0.921600,0.983932,-2.111889,1.483922,off,none,0.279705,0,1,0,cruise
392.650000,-0.001490,,0.918690,0.981780,-2.108939,1.481687,off,none,0.209074,0,1,0,cruise
392.700000,-0.001553,,0.947171,0.982415,-2.115101,1.472693,off,none,0.153287,0,1,0,cruise
392.750000,-0.001623,,0.947964,0.983728,-2.114858,1.469796,off,none,0.061885,0,1,0,cruise
392.800000,-0.001614,,0.939652,0.979470,-2.099015,1.468358,off,none,0.004689,0,1,0,cruise
392.850000,-0.001439,,0.945465,0.982020,-2.107968,1.458237,off,none,0.026375,0,1,0,cruise
392.900000,-0.001378,,0.937480,0.984019,-2.132401,1.451617,off,none,0.004054,0,1,0,lead0
392.950000,-0.001265,,0.924491,0.985897,-2.117764,1.464799,off,none,-0.051685,0,1,0,lead0
393.000000,-0.001352,,0.896307,0.985838,-2.098958,1.462955,off,none,-0.062646,0,1,0,lead0
393.050000,-0.001451,,0.902890,0.983566,-2.088330,1.447062,off,none,0.124322,0,1,0,cruise
393.100000,-0.001357,,0.839774,0.983682,-2.088649,1.446632,off,none,0.151203,0,1,0,cruise
393.150000,-0.001378,,0.826897,0.987875,-2.088659,1.461951,off,none,0.075508,0,1,0,lead0
393.200000,-0.001348,,0.858757,0.988385,-2.088947,1.453230,off,none,0.156514,0,1,0,lead0
393.250000,-0.001417,,0.885791,0.988330,-2.090453,1.449209,off,none,0.019346,0,1,0,lead0
393.300000,-0.001408,,0.891064,0.988742,-2.081665,1.452279,off,none,0.221378,0,1,0,lead0
393.350000,-0.001416,,0.918672,0.990711,-2.091248,1.447023,off,none,0.101618,0,1,0,lead0
393.400000,-0.001444,,0.886460,0.989333,-2.106754,1.446308,off,none,0.060008,0,1,0,lead0
393.450000,-0.001431,,0.880744,0.990251,-2.107103,1.444020,off,none,0.138274,0,1,0,cruise
393.500000,-0.001424,,0.897844,0.990425,-2.104117,1.442531,off,none,0.160917,0,1,0,cruise
393.550000,-0.001447,,0.921272,0.989949,-2.105813,1.450534,off,none,0.041700,0,1,0,cruise
393.600000,-0.001384,,0.915669,0.988688,-2.100262,1.458682,off,none,-0.021034,0,1,0,cruise
393.650000,-0.001432,,0.905761,0.988414,-2.115825,1.470094,off,none,-0.078850,0,1,0,cruise
393.700000,-0.001450,,0.907146,0.988654,-2.124245,1.466690,off,none,-0.134458,0,1,0,cruise
393.750000,-0.001403,,0.919644,0.990181,-2.128988,1.457861,off,none,-0.096589,0,1,0,cruise
393.800000,-0.001377,,0.934919,0.989733,-2.135985,1.456526,off,none,-0.061727,0,1,0,cruise
393.850000,-0.001374,,0.945713,0.990273,-2.150575,1.455673,off,none,-0.000324,0,1,0,cruise
393.900000,-0.001305,,0.897927,0.988885,-2.153971,1.458071,off,none,-0.083264,0,1,0,cruise
393.950000,-0.001291,,0.907415,0.990226,-2.150997,1.456846,off,none,-0.146548,0,1,0,cruise
394.000000,-0.001296,,0.923349,0.990603,-2.125803,1.463377,off,none,-0.419071,0,1,0,lead1
394.050000,-0.001330,,0.893954,0.988787,-2.106339,1.476705,off,none,-0.423485,0,1,0,lead1
394.100000,-0.001296,,0.882292,0.987873,-2.096290,1.481529,off,none,-0.240914,0,1,0,lead0
394.150000,-0.001285,,0.880483,0.988350,-2.113827,1.480886,off,none,-0.580632,0,1,0,lead1
394.200000,-0.001173,,0.913888,0.988185,-2.095534,1.481439,off,none,-0.188258,0,1,0,cruise
394.250000,-0.001141,,0.931096,0.989932,-2.100806,1.475224,off,none,-0.370743,0,1,0,lead0
394.300000,-0.001061,,0.919209,0.988766,-2.083731,1.492130,off,none,-0.343594,0,1,0,cruise
394.350000,-0.000972,,0.939720,0.988199,-2.079682,1.510538,off,none,-0.361049,0,1,0,lead0
394.400000,-0.000814,,0.955750,0.985897,-2.082567,1.519573,off,none,-0.286769,0,1,0,lead0
394.450000,-0.000759,,0.953560,0.984140,-2.058390,1.523474,off,none,-0.383010,0,1,0,lead0
394.500000,-0.000705,,0.960681,0.987012,-2.044974,1.536388,off,none,-0.297374,0,1,0,lead0
394.550000,-0.000758,,0.959743,0.986952,-2.058262,1.550601,off,none,-0.385488,0,1,0,lead0
394.600000,-0.000756,,0.958927,0.986170,-2.043617,1.560724,off,none,-0.325683,0,1,0,lead0
394.650000,-0.000715,,0.957102,0.986494,-2.059329,1.565645,off,none,-0.296422,0,1,0,cruise
394.700000,-0.000636,,0.956401,0.987585,-2.037432,1.581531,off,none,-0.225120,0,1,0,cruise
394.750000,-0.000537,,0.956891,0.986877,-2.022961,1.614127,off,none,-0.628190,0,1,0,lead1
394.800000,-0.000563,,0.948419,0.982352,-2.018001,1.647081,off,none,-0.316403,0,1,0,lead0
394.850000,-0.000528,,0.954386,0.986811,-1.998841,1.640788,off,none,-0.298212,0,1,0,lead0
394.900000,-0.000567,,0.949123,0.987917,-1.992186,1.648451,off,none,-0.381940,0,1,0,cruise
394.950000,-0.000545,,0.942992,0.987654,-1.976400,1.663774,off,none,-0.367579,0,1,0,cruise
395.000000,-0.000403,,0.949186,0.988758,-1.980960,1.697695,off,none,-0.405189,0,1,0,cruise
395.050000,-0.000504,,0.951901,0.988439,-1.963968,1.723886,off,none,-0.428808,0,1,0,cruise
395.100000,-0.000592,,0.942303,0.986203,-1.963610,1.747080,off,none,-0.301254,0,1,0,cruise
395.150000,-0.000593,,0.950923,0.985854,-1.969381,1.755462,off,none,-0.203428,0,1,0,cruise
395.200000,-0.000599,,0.958784,0.984573,-1.979202,1.755843,off,none,-0.295761,0,1,0,cruise
395.250000,-0.000434,,0.955134,0.986694,-1.966271,1.769943,off,none,-0.174810,0,1,0,cruise
395.300000,-0.000548,,0.950451,0.983755,-1.963519,1.773493,off,none,-0.123760,0,1,0,cruise
395.350000,-0.000629,,0.950547,0.981209,-1.919177,1.782885,off,none,-0.217047,0,1,0,cruise
395.400000,-0.000607,,0.943945,0.981097,-1.910836,1.797095,off,none,-0.366978,0,1,0,cruise
395.450000,-0.000681,,0.932725,0.982288,-1.929106,1.800952,off,none,-0.260582,0,1,0,cruise
395.500000,-0.000682,,0.938768,0.984083,-1.898547,1.823402,off,none,-0.291582,0,1,0,cruise
395.550000,-0.000580,,0.911405,0.979068,-1.906669,1.853567,off,none,-0.332269,0,1,0,cruise
395.600000,-0.000467,,0.760790,0.959291,-1.919972,1.865606,off,none,-0.322015,0,1,0,cruise
395.650000,-0.000535,,0.675053,0.965091,-1.913102,1.870284,off,none,-0.226043,0,1,0,cruise
395.700000,-0.000644,,0.729530,0.977275,-1.892555,1.860168,off,none,-0.002578,0,1,0,cruise
395.750000,-0.000531,,0.838282,0.983215,-1.885481,1.854472,off,none,-0.005979,0,1,0,cruise
395.800000,-0.000630,,0.812580,0.982784,-1.866366,1.855257,off,none,-0.047347,0,1,0,cruise
395.850000,-0.000593,,0.778276,0.982284,-1.876654,1.856878,off,none,-0.011998,0,1,0,cruise
395.900000,-0.000508,,0.768367,0.982921,-1.875612,1.867340,off,none,0.014542,0,1,0,cruise
395.950000,-0.000568,,0.809024,0.983162,-1.869773,1.885257,off,none,-0.158360,0,1,0,cruise
396.000000,-0.000372,,0.840963,0.985410,-1.865981,1.881208,off,none,-0.029348,0,1,0,cruise
396.050000,-0.000496,,0.806011,0.983736,-1.865959,1.897339,off,none,-0.000434,0,1,0,cruise
396.100000,-0.000506,,0.802628,0.981206,-1.859416,1.877363,off,none,0.146031,0,1,0,cruise
396.150000,-0.000438,,0.830500,0.985660,-1.837595,1.868383,off,none,-0.014747,0,1,0,cruise
396.200000,-0.000335,,0.825736,0.987773,-1.822076,1.870440,off,none,0.022498,0,1,0,cruise
396.250000,-0.000299,,0.795404,0.989460,-1.795708,1.858042,off,none,-0.016348,0,1,0,cruise
396.300000,-0.000372,,0.786337,0.987650,-1.784602,1.885645,off,none,-0.067671,0,1,0,cruise
396.350000,-0.000400,,0.788436,0.987048,-1.779592,1.882145,off,none,-0.149625,0,1,0,cruise
396.400000,-0.000442,,0.839967,0.987254,-1.767246,1.895273,off,none,-0.132297,0,1,0,cruise
396.450000,-0.000619,,0.841037,0.979787,-1.743704,1.907796,off,none,0.029186,0,1,0,cruise
396.500000,-0.000445,,0.820476,0.986617,-1.735370,1.912650,off,none,0.041191,0,1,0,cruise
396.550000,-0.000515,,0.816741,0.985470,-1.709511,1.948202,off,none,0.066181,0,1,0,cruise
396.600000,-0.000501,,0.828018,0.973613,-1.705269,1.961001,off,none,0.060577,0,1,0,cruise
396.650000,-0.000423,,0.813357,0.976759,-1.729011,1.954577,off,none,0.075441,0,1,0,cruise
396.700000,-0.000410,,0.770525,0.963261,-1.727732,1.947009,off,none,-0.044764,0,1,0,cruise
396.750000,-0.000399,,0.820163,0.976397,-1.728704,1.926635,off,none,0.027050,0,1,0,cruise
396.800000,-0.000501,,0.838918,0.974481,-1.700933,1.959750,off,none,0.062483,0,1,0,cruise
396.850000,-0.000448,,0.790543,0.972458,-1.700251,1.956345,off,none,-0.013929,0,1,0,cruise
396.900000,-0.000469,,0.795103,0.981165,-1.715309,1.956320,off,none,0.056558,0,1,0,cruise
396.950000,-0.000484,,0.784063,0.982610,-1.743006,1.955598,off,none,-0.050905,0,1,0,cruise
397.000000,-0.000587,,0.824811,0.986206,-1.735674,1.968093,off,none,-0.135922,0,1,0,cruise
397.050000,-0.000641,,0.777746,0.986825,-1.735680,1.964108,off,none,-0.247678,0,1,0,cruise
397.100000,-0.000652,,0.715880,0.986591,-1.739968,1.956627,off,none,-0.536309,0,1,0,lead1
397.150000,-0.000799,,0.729059,0.983283,-1.744065,1.952776,off,none,-0.042373,0,1,0,cruise
397.200000,-0.000818,,0.713708,0.983986,-1.755343,1.931045,off,none,-0.040837,0,1,0,cruise
397.250000,-0.000768,,0.721864,0.987127,-1.757765,1.923524,off,none,-0.043665,0,1,0,cruise
397.300000,-0.000773,,0.726043,0.985567,-1.769767,1.917258,off,none,-0.439917,0,1,0,lead1
397.350000,-0.000704,,0.751883,0.986408,-1.760160,1.900355,off,none,-0.096960,0,1,0,cruise
397.400000,-0.000668,,0.762188,0.984887,-1.756553,1.906267,off,none,-0.171544,0,1,0,cruise
397.450000,-0.000723,,0.797138,0.984906,-1.758597,1.910055,off,none,-0.112866,0,1,0,cruise
397.500000,-0.000725,,0.804092,0.987434,-1.767603,1.906531,off,none,-0.346915,0,1,0,lead1
397.550000,-0.000735,,0.778176,0.984869,-1.760198,1.904569,off,none,0.015720,0,1,0,cruise
397.600000,-0.000794,,0.746475,0.985639,-1.762620,1.911744,off,none,-0.346447,0,1,0,lead1
397.650000,-0.000859,,0.760644,0.986832,-1.754810,1.880836,off,none,-0.108034,0,1,0,cruise
397.700000,-0.000915,,0.750989,0.985809,-1.773723,1.872850,off,none,-0.348221,0,1,0,lead1
397.750000,-0.000940,,0.791375,0.988198,-1.786075,1.870065,off,none,0.173024,0,1,0,cruise
397.800000,-0.000952,,0.818575,0.986667,-1.785103,1.872145,off,none,0.126611,0,1,0,cruise
397.850000,-0.000864,,0.812745,0.987132,-1.780488,1.875780,off,none,-0.147116,0,1,0,lead1
397.900000,-0.000829,,0.834033,0.987435,-1.778936,1.854343,off,none,-0.266747,0,1,0,lead1
397.950000,-0.000730,,0.853193,0.988561,-1.781961,1.844701,off,none,-0.288300,0,1,0,lead1
398.000000,-0.000808,,0.863271,0.988580,-1.781883,1.840952,off,none,0.024061,0,1,0,cruise
398.050000,-0.000967,,0.832220,0.986972,-1.777848,1.835467,off,none,0.072198,0,1,0,cruise
398.100000,-0.000924,,0.871284,0.989323,-1.783999,1.824378,off,none,-0.161439,0,1,0,cruise
398.150000,-0.000908,,0.885395,0.989551,-1.796379,1.816408,off,none,-0.240107,0,1,0,cruise
398.200000,-0.000945,,0.875492,0.989323,-1.796161,1.814981,off,none,-0.254040,0,1,0,cruise
398.250000,-0.001023,,0.869370,0.988737,-1.798258,1.817964,off,none,-0.373338,0,1,0,cruise
398.300000,-0.000914,,0.841244,0.987204,-1.785935,1.817790,off,none,0.029226,0,1,0,cruise
398.350000,-0.000870,,0.847074,0.986955,-1.784162,1.820367,off,none,-0.201255,0,1,0,cruise
398.400000,-0.000874,,0.901913,0.988738,-1.791858,1.807037,off,none,-0.325299,0,1,0,lead0
398.450000,-0.000890,,0.862451,0.988457,-1.796252,1.787548,off,none,-0.274517,0,1,0,lead0
398.500000,-0.001000,,0.825465,0.988682,-1.803319,1.786656,off,none,-0.359520,0,1,0,lead0
398.550000,-0.001020,,0.848016,0.989172,-1.806441,1.797317,off,none,-0.421477,0,1,0,lead0
398.600000,-0.001026,,0.821966,0.988228,-1.803401,1.794892,off,none,-0.374361,0,1,0,lead0
398.650000,-0.000974,,0.769730,0.988453,-1.822096,1.771428,off,none,-0.416107,0,1,0,lead0
398.700000,-0.001033,,0.733792,0.986526,-1.813697,1.770456,off,none,-0.280552,0,1,0,lead0
398.750000,-0.001042,,0.739312,0.985863,-1.817374,1.760714,off,none,-0.402653,0,1,0,lead0
398.800000,-0.000882,,0.726401,0.987052,-1.817853,1.756480,off,none,-0.409629,0,1,0,lead0
398.850000,-0.000807,,0.751463,0.987975,-1.806313,1.754318,off,none,-0.465889,0,1,0,lead0
398.900000,-0.000764,,0.746014,0.988990,-1.788906,1.764495,off,none,-0.487497,0,1,0,lead0
398.950000,-0.000729,,0.777786,0.989510,-1.767386,1.759947,off,none,-0.346935,0,1,0,lead0
399.000000,-0.000909,,0.787852,0.988270,-1.755527,1.793291,off,none,-0.358216,0,1,0,lead0
399.050000,-0.000858,,0.795861,0.988934,-1.757331,1.792570,off,none,-0.409093,0,1,0,lead0
399.100000,-0.000921,,0.826729,0.989501,-1.746867,1.803260,off,none,-0.533726,0,1,0,lead0
399.150000,-0.000843,,0.831709,0.989180,-1.748901,1.802413,off,none,-0.491938,0,1,0,lead0
399.200000,-0.000793,,0.828619,0.989230,-1.751585,1.800612,off,none,-0.501396,0,1,0,lead0
399.250000,-0.000894,,0.857462,0.989007,-1.726176,1.783594,off,none,-0.369672,0,1,0,lead0
399.300000,-0.000831,,0.847811,0.989267,-1.719390,1.780862,off,none,-0.252658,0,1,0,lead0
399.350000,-0.000803,,0.854020,0.986770,-1.743185,1.805891,off,none,-0.395031,0,1,0,lead0
399.400000,-0.000809,,0.911868,0.986139,-1.736825,1.801853,off,none,-0.417626,0,1,0,lead0
399.450000,-0.000790,,0.903884,0.987101,-1.741809,1.817125,off,none,-0.455122,0,1,0,lead0
399.500000,-0.000776,,0.894052,0.985317,-1.746511,1.840833,off,none,-0.433173,0,1,0,lead0
399.550000,-0.000824,,0.883678,0.985799,-1.739041,1.847942,off,none,-0.314899,0,1,0,lead0
399.600000,-0.000834,,0.834562,0.982994,-1.738722,1.854644,off,none,-0.391450,0,1,0,lead0
399.650000,-0.000788,,0.874890,0.985888,-1.745910,1.855259,off,none,-0.421265,0,1,0,lead0
399.700000,-0.000697,,0.847621,0.983360,-1.740650,1.856956,off,none,-0.515574,0,1,0,lead0
399.750000,-0.000708,,0.830620,0.982824,-1.744015,1.864346,off,none,-0.528053,0,1,0,lead0
399.800000,-0.000713,,0.825813,0.984245,-1.746735,1.860020,off,none,-0.431113,0,1,0,lead0
399.850000,-0.000677,,0.819461,0.984130,-1.730038,1.871844,off,none,-0.389291,0,1,0,lead0
399.900000,-0.000630,,0.826619,0.982697,-1.726351,1.862719,off,none,-0.344938,0,1,0,lead0
399.950000,-0.000709,,0.858295,0.986069,-1.723420,1.866335,off,none,-0.420841,0,1,0,lead0
400.000000,-0.000790,,0.838649,0.987032,-1.719268,1.869303,off,none,-0.382829,0,1,0,lead0
400.050000,-0.000740,,0.841228,0.987858,-1.713569,1.882781,off,none,-0.446404,0,1,0,lead0
400.100000,-0.000706,,0.854556,0.987847,-1.715593,1.883566,off,none,-0.422357,0,1,0,lead0
400.150000,-0.000652,,0.875079,0.984310,-1.700660,1.889467,off,none,-0.299441,0,1,0,lead0
400.200000,-0.000695,,0.899896,0.986717,-1.688257,1.886175,off,none,-0.322682,0,1,0,lead0
400.250000,-0.000801,,0.915066,0.986533,-1.673090,1.893725,off,none,-0.340881,0,1,0,lead0
400.300000,-0.000859,,0.941101,0.985012,-1.658052,1.895644,off,none,-0.469779,0,1,0,lead0
400.350000,-0.000915,,0.919560,0.984021,-1.662389,1.910029,off,none,0.016898,0,1,0,cruise
400.400000,-0.000917,,0.911642,0.982094,-1.671383,1.898221,off,none,0.170197,0,1,0,cruise
400.450000,-0.000896,,0.921462,0.980770,-1.682574,1.892766,off,none,0.257336,0,1,0,cruise
400.500000,-0.000938,,0.913129,0.979317,-1.697066,1.907413,off,none,0.337557,0,1,0,cruise
400.550000,-0.000905,,0.913781,0.979688,-1.719411,1.890993,off,none,0.214393,0,1,0,cruise
400.600000,-0.000847,,0.921822,0.979962,-1.740523,1.882779,off,none,0.293660,0,1,0,cruise
400.650000,-0.000877,,0.946002,0.982433,-1.748537,1.875510,off,none,0.122719,0,1,0,cruise
400.700000,-0.000904,,0.967151,0.984842,-1.741048,1.873454,off,none,0.252645,0,1,0,cruise
400.750000,-0.000984,,0.956431,0.983522,-1.726989,1.884843,off,none,0.406550,0,1,0,cruise
400.800000,-0.000939,,0.953575,0.982084,-1.741470,1.871442,off,none,0.306704,0,1,0,cruise
400.850000,-0.000909,,0.956949,0.980267,-1.771538,1.886314,off,none,0.412363,0,1,0,cruise
400.900000,-0.000976,,0.952363,0.981720,-1.773430,1.889363,off,none,0.236812,0,1,0,cruise
400.950000,-0.001021,,0.957819,0.982771,-1.779664,1.870607,off,none,0.288503,0,1,0,cruise
401.000000,-0.000894,,0.959609,0.981890,-1.788174,1.865415,off,none,0.402948,0,1,0,cruise
401.050000,-0.000991,,0.970878,0.983686,-1.792116,1.870553,off,none,0.391167,0,1,0,cruise
401.100000,-0.000928,,0.949364,0.979383,-1.802757,1.867256,off,none,0.544730,0,1,0,cruise
401.150000,-0.000777,,0.915798,0.975213,-1.785560,1.860484,off,none,0.376053,0,1,0,cruise
401.200000,-0.000764,,0.920234,0.973130,-1.775604,1.864862,off,none,0.254003,0,1,0,cruise
401.250000,-0.000827,,0.901414,0.971397,-1.766528,1.865975,off,none,0.201588,0,1,0,cruise
401.300000,-0.000790,,0.928498,0.976244,-1.770316,1.855922,off,none,0.321473,0,1,0,cruise
401.350000,-0.000816,,0.911459,0.975380,-1.785548,1.857265,off,none,0.420839,0,1,0,cruise
401.400000,-0.000802,,0.844520,0.970422,-1.801508,1.854754,off,none,0.337188,0,1,0,cruise
401.450000,-0.000936,,0.801007,0.968627,-1.798730,1.860520,off,none,0.410053,0,1,0,cruise
401.500000,-0.000976,,0.832389,0.971283,-1.786083,1.852732,off,none,0.433866,0,1,0,cruise
401.550000,-0.000934,,0.881102,0.975076,-1.784483,1.841256,off,none,0.482569,0,1,0,cruise
401.600000,-0.000943,,0.780599,0.970932,-1.810146,1.825914,off,none,0.335782,0,1,0,cruise
401.650000,-0.000930,,0.748591,0.969032,-1.837899,1.829677,off,none,0.412570,0,1,0,cruise
401.700000,-0.000950,,0.821242,0.968867,-1.828854,1.822909,off,none,0.597167,0,1,0,cruise
401.750000,-0.000984,,0.824483,0.967704,-1.825452,1.831031,off,none,0.640417,0,1,0,cruise
401.800000,-0.000951,,0.909639,0.975447,-1.831739,1.829326,off,none,0.592846,0,1,0,cruise
401.850000,-0.000920,,0.931639,0.978698,-1.826569,1.818069,off,none,0.581970,0,1,0,cruise
401.900000,-0.000807,,0.921174,0.980069,-1.823978,1.792237,off,none,0.472189,0,1,0,cruise
401.950000,-0.000840,,0.924842,0.980058,-1.821114,1.797273,off,none,0.243159,0,1,0,cruise
402.000000,-0.000884,,0.938495,0.981297,-1.825835,1.791040,off,none,0.396906,0,1,0,cruise
402.050000,-0.000841,,0.943231,0.983599,-1.826760,1.780475,off,none,0.492630,0,1,0,cruise
402.100000,-0.000809,,0.940839,0.984605,-1.819358,1.789563,off,none,0.572527,0,1,0,cruise
402.150000,-0.000944,,0.943065,0.984805,-1.825639,1.785511,off,none,0.488045,0,1,0,cruise
402.200000,-0.000951,,0.915141,0.982426,-1.827656,1.790750,off,none,0.517039,0,1,0,cruise
402.250000,-0.001002,,0.913270,0.980747,-1.828785,1.796580,off,none,0.459835,0,1,0,cruise
402.300000,-0.001029,,0.943150,0.982319,-1.839416,1.799518,off,none,0.460270,0,1,0,cruise
402.350000,-0.000978,,0.930487,0.982234,-1.845566,1.793791,off,none,0.412834,0,1,0,cruise
402.400000,-0.001052,,0.916633,0.980699,-1.829354,1.797440,off,none,0.454919,0,1,0,cruise
402.450000,-0.001075,,0.915458,0.979422,-1.825059,1.800054,off,none,0.554317,0,1,0,cruise
402.500000,-0.001060,,0.929376,0.980651,-1.819040,1.813351,off,none,0.446821,0,1,0,cruise
402.550000,-0.001041,,0.932730,0.982647,-1.830063,1.806098,off,none,0.401200,0,1,0,cruise
402.600000,-0.001064,,0.917151,0.980042,-1.833906,1.798523,off,none,0.357256,0,1,0,cruise
402.650000,-0.001069,,0.917172,0.980916,-1.842890,1.788108,off,none,0.343146,0,1,0,cruise
402.700000,-0.001126,,0.887252,0.976931,-1.842278,1.785915,off,none,0.127960,0,1,0,cruise
402.750000,-0.001155,,0.874727,0.977435,-1.866888,1.779286,off,none,0.333759,0,1,0,cruise
402.800000,-0.001194,,0.899606,0.979501,-1.861945,1.790311,off,none,0.379477,0,1,0,cruise
402.850000,-0.001269,,0.956490,0.984597,-1.816636,1.798594,off,none,0.439262,0,1,0,cruise
402.900000,-0.001207,,0.964014,0.985931,-1.807152,1.796979,off,none,0.423734,0,1,0,cruise
402.950000,-0.001264,,0.957508,0.984118,-1.804929,1.788396,off,none,0.488483,0,1,0,cruise
403.000000,-0.001283,,0.957178,0.982155,-1.820958,1.783138,off,none,0.376359,0,1,0,cruise
403.050000,-0.001315,,0.945578,0.981636,-1.848743,1.768162,off,none,0.276494,0,1,0,cruise
403.100000,-0.001297,,0.911746,0.981821,-1.844831,1.773606,off,none,0.290244,0,1,0,cruise
403.150000,-0.001294,,0.896926,0.980347,-1.850032,1.769824,off,none,0.254725,0,1,0,cruise
403.200000,-0.001338,,0.882000,0.980257,-1.866134,1.743244,off,none,0.379314,0,1,0,cruise
403.250000,-0.001444,,0.911964,0.980522,-1.877464,1.744600,off,none,0.456254,0,1,0,cruise
403.300000,-0.001442,,0.947141,0.984627,-1.859902,1.733897,off,none,0.470265,0,1,0,cruise
403.350000,-0.001433,,0.950262,0.985110,-1.861330,1.725720,off,none,0.455474,0,1,0,cruise
403.400000,-0.001477,,0.944970,0.984264,-1.871812,1.725374,off,none,0.516922,0,1,0,cruise
403.450000,-0.001422,,0.926416,0.984146,-1.885564,1.729368,off,none,0.575544,0,1,0,cruise
403.500000,-0.001454,,0.941713,0.983912,-1.895855,1.734335,off,none,0.509228,0,1,0,cruise
403.550000,-0.001414,,0.949208,0.984678,-1.897824,1.698430,off,none,0.415190,0,1,0,cruise
403.600000,-0.001341,,0.942002,0.984508,-1.898452,1.674960,off,none,0.331750,0,1,0,cruise
403.650000,-0.001340,,0.937894,0.985303,-1.895514,1.664776,off,none,0.047018,0,1,0,cruise
403.700000,-0.001371,,0.911803,0.981878,-1.891754,1.673057,off,none,0.338579,0,1,0,cruise
403.750000,-0.001307,,0.921518,0.983088,-1.889536,1.683936,off,none,0.291579,0,1,0,cruise
403.800000,-0.001267,,0.899520,0.982605,-1.897172,1.677285,off,none,0.337876,0,1,0,cruise
403.850000,-0.001298,,0.927444,0.983523,-1.898053,1.671030,off,none,0.273057,0,1,0,cruise
403.900000,-0.001204,,0.942749,0.984106,-1.902677,1.687128,off,none,0.288784,0,1,0,cruise
403.950000,-0.001185,,0.916684,0.981480,-1.926760,1.701343,off,none,0.219348,0,1,0,cruise
404.000000,-0.001106,,0.884852,0.981654,-1.938889,1.708331,off,none,0.147771,0,1,0,cruise
404.050000,-0.001171,,0.909076,0.982984,-1.956757,1.710007,off,none,0.196176,0,1,0,cruise
404.100000,-0.001138,,0.913069,0.984534,-1.964601,1.698083,off,none,0.093765,0,1,0,cruise
404.150000,-0.001096,,0.931692,0.985437,-1.949439,1.694322,off,none,0.047820,0,1,0,cruise
404.200000,-0.001140,,0.924216,0.986660,-1.954705,1.687554,off,none,0.118195,0,1,0,cruise
404.250000,-0.001090,,0.931307,0.987047,-1.962944,1.678378,off,none,0.083960,0,1,0,cruise
404.300000,-0.001076,,0.927037,0.986385,-1.976691,1.699666,off,none,0.059481,0,1,0,cruise
404.350000,-0.001050,,0.912262,0.986752,-1.986319,1.693545,off,none,0.018871,0,1,0,cruise
404.400000,-0.001039,,0.932723,0.987379,-1.980540,1.702382,off,none,0.013795,0,1,0,cruise
404.450000,-0.000984,,0.932029,0.985941,-1.975660,1.718217,off,none,0.045931,0,1,0,cruise
404.500000,-0.000942,,0.919495,0.984421,-1.944661,1.729937,off,none,-0.074379,0,1,0,cruise
404.550000,-0.000951,,0.923740,0.984710,-1.959697,1.725054,off,none,-0.069526,0,1,0,cruise
404.600000,-0.000921,,0.926055,0.982959,-1.965717,1.711926,off,none,-0.092386,0,1,0,cruise
404.650000,-0.000900,,0.924056,0.982518,-1.963509,1.710601,off,none,-0.070742,0,1,0,cruise
404.700000,-0.000977,,0.899053,0.981398,-1.956409,1.728503,off,none,-0.098131,0,1,0,cruise
404.750000,-0.000819,,0.884497,0.979052,-1.945030,1.736055,off,none,0.034786,0,1,0,cruise
404.800000,-0.000788,,0.854763,0.971095,-1.961807,1.734699,off,none,0.146685,0,1,0,cruise
404.850000,-0.000732,,0.870958,0.975885,-1.948951,1.745517,off,none,0.056447,0,1,0,cruise
404.900000,-0.000802,,0.887307,0.976158,-1.930003,1.766988,off,none,-0.057741,0,1,0,cruise
404.950000,-0.000864,,0.931959,0.981137,-1.917298,1.767543,off,none,-0.089909,0,1,0,cruise
405.000000,-0.000860,,0.932626,0.978576,-1.900540,1.792818,off,none,-0.096173,0,1,0,cruise
405.050000,-0.000804,,0.917414,0.969948,-1.881882,1.826780,off,none,-0.176343,0,1,0,cruise
405.100000,-0.000795,,0.912782,0.971520,-1.899335,1.817278,off,none,-0.019676,0,1,0,cruise
405.150000,-0.000810,,0.926382,0.972491,-1.903563,1.799842,off,none,0.051611,0,1,0,cruise
405.200000,-0.000833,,0.913959,0.968370,-1.896821,1.810119,off,none,0.087615,0,1,0,cruise
405.250000,-0.000819,,0.913917,0.968516,-1.888376,1.814403,off,none,0.015565,0,1,0,cruise
405.300000,-0.000842,,0.908225,0.963995,-1.881053,1.804438,off,none,-0.004880,0,1,0,cruise
405.350000,-0.000731,,0.888145,0.959374,-1.885154,1.799002,off,none,0.009333,0,1,0,cruise
405.400000,-0.000635,,0.926405,0.968168,-1.875439,1.809957,off,none,-0.059714,0,1,0,cruise
405.450000,-0.000657,,0.929137,0.970430,-1.868750,1.820307,off,none,-0.102245,0,1,0,cruise
405.500000,-0.000662,,0.923486,0.968709,-1.863452,1.816258,off,none,-0.090262,0,1,0,cruise
405.550000,-0.000682,,0.914508,0.964559,-1.861238,1.805977,off,none,0.107035,0,1,0,cruise
405.600000,-0.000553,,0.873145,0.965316,-1.849784,1.812520,off,none,0.058608,0,1,0,cruise
405.650000,-0.000544,,0.865707,0.962707,-1.830997,1.810707,off,none,-0.013182,0,1,0,cruise
405.700000,-0.000589,,0.863753,0.964642,-1.819980,1.826870,off,none,-0.115979,0,1,0,cruise
405.750000,-0.000732,,0.866651,0.962936,-1.815369,1.845830,off,none,-0.099968,0,1,0,cruise
405.800000,-0.000704,,0.855725,0.959775,-1.805681,1.848994,off,none,0.040192,0,1,0,cruise
405.850000,-0.000717,,0.874165,0.964025,-1.801423,1.859575,off,none,-0.022060,0,1,0,cruise
405.900000,-0.000608,,0.889724,0.967141,-1.775969,1.874496,off,none,-0.017020,0,1,0,cruise
405.950000,-0.000689,,0.904944,0.970730,-1.766021,1.884912,off,none,-0.036858,0,1,0,cruise
406.000000,-0.000641,,0.876517,0.967968,-1.776894,1.891349,off,none,-0.097160,0,1,0,cruise
406.050000,-0.000604,,0.844202,0.961710,-1.765635,1.882408,off,none,0.046602,0,1,0,cruise
406.100000,-0.000674,,0.820218,0.955195,-1.769169,1.891876,off,none,0.079634,0,1,0,cruise
406.150000,-0.000622,,0.736505,0.932950,-1.741296,1.900268,off,none,0.271028,0,1,0,cruise
406.200000,-0.000759,,0.743632,0.931725,-1.737397,1.894677,off,none,0.238493,0,1,0,cruise
406.250000,-0.000821,,0.759799,0.933467,-1.724543,1.904166,off,none,0.098412,0,1,0,cruise
406.300000,-0.000884,,0.775796,0.937431,-1.717181,1.910229,off,none,0.113705,0,1,0,cruise
406.350000,-0.000988,,0.852951,0.946462,-1.728061,1.910391,off,none,0.075176,0,1,0,cruise
406.400000,-0.001026,,0.854919,0.941529,-1.722777,1.913503,off,none,0.092279,0,1,0,cruise
406.450000,-0.001184,,0.867314,0.938582,-1.720545,1.914608,off,none,0.220309,0,1,0,cruise
406.500000,-0.001053,,0.882787,0.940678,-1.729495,1.902321,off,none,0.154685,0,1,0,cruise
406.550000,-0.001149,,0.840398,0.919243,-1.734968,1.882391,off,none,0.077593,0,1,0,cruise
406.600000,-0.001176,,0.868345,0.924808,-1.736951,1.879064,off,none,0.173975,0,1,0,cruise
406.650000,-0.001125,,0.878809,0.930822,-1.743136,1.865314,off,none,0.205318,0,1,0,cruise
406.700000,-0.001146,,0.861573,0.937788,-1.736336,1.853766,off,none,0.355635,0,1,0,cruise
406.750000,-0.001063,,0.821652,0.931959,-1.747549,1.833984,off,none,0.328388,0,1,0,cruise
406.800000,-0.001076,,0.803899,0.926407,-1.762040,1.821199,off,none,0.201890,0,1,0,cruise
406.850000,-0.001236,,0.808197,0.931473,-1.767399,1.817814,off,none,0.246697,0,1,0,cruise
406.900000,-0.001129,,0.798183,0.930722,-1.770891,1.828568,off,none,0.259017,0,1,0,cruise
406.950000,-0.001169,,0.798603,0.925073,-1.777429,1.819792,off,none,0.395267,0,1,0,cruise
407.000000,-0.001248,,0.782005,0.913569,-1.792444,1.810895,off,none,0.341470,0,1,0,cruise
407.050000,-0.001322,,0.782196,0.916251,-1.802267,1.798456,off,none,0.372656,0,1,0,cruise
407.100000,-0.001272,,0.810726,0.923458,-1.808225,1.795119,off,none,0.353156,0,1,0,cruise
407.150000,-0.001333,,0.821556,0.925554,-1.804238,1.777704,off,none,0.381167,0,1,0,cruise
407.200000,-0.001416,,0.810040,0.929116,-1.805624,1.773797,off,none,0.466278,0,1,0,cruise
407.250000,-0.001382,,0.843838,0.936404,-1.841003,1.747259,off,none,0.396278,0,1,0,cruise
407.300000,-0.001409,,0.852140,0.940249,-1.842397,1.751124,off,none,0.312436,0,1,0,cruise
407.350000,-0.001380,,0.888411,0.951692,-1.853488,1.727196,off,none,0.344188,0,1,0,cruise
407.400000,-0.001368,,0.895228,0.954387,-1.870581,1.713240,off,none,0.343603,0,1,0,cruise
407.450000,-0.001374,,0.900401,0.955589,-1.884376,1.714083,off,none,0.439237,0,1,0,cruise
407.500000,-0.001408,,0.884137,0.959020,-1.906258,1.697741,off,none,0.420461,0,1,0,cruise
407.550000,-0.001479,,0.886150,0.960617,-1.906288,1.701201,off,none,0.357927,0,1,0,cruise
407.600000,-0.001527,,0.890789,0.957474,-1.906809,1.686897,off,none,0.407793,0,1,0,cruise
407.650000,-0.001498,,0.877734,0.948214,-1.888904,1.670007,off,none,0.499662,0,1,0,cruise
407.700000,-0.001494,,0.870669,0.948804,-1.904688,1.620278,off,none,0.554813,0,1,0,cruise
407.750000,-0.001388,,0.866047,0.956137,-1.895323,1.606923,off,none,0.517205,0,1,0,cruise
407.800000,-0.001451,,0.828604,0.957849,-1.889011,1.599939,off,none,0.005369,0,1,0,cruise
407.850000,-0.001499,,0.827655,0.953219,-1.896800,1.602380,off,none,0.400248,0,1,0,cruise
407.900000,-0.001571,,0.791603,0.952206,-1.904599,1.600100,off,none,0.572402,0,1,0,cruise
407.950000,-0.001541,,0.850624,0.953078,-1.908330,1.606177,off,none,0.491091,0,1,0,cruise
408.000000,-0.001556,,0.848603,0.961657,-1.875885,1.596962,off,none,0.447256,0,1,0,cruise
408.050000,-0.001682,,0.772180,0.953008,-1.890161,1.586464,off,none,0.366756,0,1,0,cruise
408.100000,-0.001715,,0.750429,0.945639,-1.915070,1.585783,off,none,0.462309,0,1,0,cruise
408.150000,-0.001701,,0.760153,0.943399,-1.918871,1.568628,off,none,0.524971,0,1,0,cruise
408.200000,-0.001797,,0.756874,0.954232,-1.922894,1.545263,off,none,0.462439,0,1,0,cruise
408.250000,-0.001793,,0.649117,0.929075,-1.921505,1.525010,off,none,0.474100,0,1,0,cruise
408.300000,-0.001885,,0.587199,0.903786,-1.973171,1.493815,off,none,0.556167,0,1,0,cruise
408.350000,-0.001850,,0.625164,0.922731,-1.959873,1.476276,off,none,0.574624,0,1,0,cruise
408.400000,-0.001917,,0.686047,0.945572,-1.971201,1.466741,off,none,0.439790,0,1,0,cruise
408.450000,-0.001895,,0.776459,0.942138,-1.962210,1.456258,off,none,0.556135,0,1,0,cruise
408.500000,-0.001938,,0.840274,0.952635,-1.964718,1.454237,off,none,0.389322,0,1,0,cruise
408.550000,-0.002002,,0.848219,0.955957,-1.967710,1.444617,off,none,0.371315,0,1,0,cruise
408.600000,-0.002094,,0.850019,0.968654,-1.979411,1.419732,off,none,0.177927,0,1,0,cruise
408.650000,-0.002012,,0.814334,0.967327,-1.969695,1.426536,off,none,0.467123,0,1,0,cruise
408.700000,-0.002015,,0.824026,0.973973,-1.983106,1.435212,off,none,0.139241,0,1,0,cruise
408.750000,-0.001981,,0.832160,0.976089,-1.997387,1.415100,off,none,0.238159,0,1,0,cruise
408.800000,-0.001883,,0.833942,0.966340,-1.999442,1.418870,off,none,0.556193,0,1,0,cruise
408.850000,-0.001861,,0.827316,0.958686,-1.992565,1.418228,off,none,0.269423,0,1,0,cruise
408.900000,-0.001874,,0.856862,0.974351,-2.004584,1.399692,off,none,0.559008,0,1,0,cruise
408.950000,-0.001763,,0.893760,0.971104,-2.008085,1.393863,off,none,0.444720,0,1,0,cruise
409.000000,-0.001772,,0.896484,0.970781,-2.002409,1.379961,off,none,0.139657,0,1,0,cruise
409.050000,-0.001841,,0.875263,0.968184,-2.006150,1.371333,off,none,0.522096,0,1,0,cruise
409.100000,-0.001904,,0.891898,0.970491,-2.008811,1.358819,off,none,0.154136,0,1,0,cruise
409.150000,-0.001874,,0.853608,0.968721,-2.025462,1.357691,off,none,0.222152,0,1,0,cruise
409.200000,-0.001824,,0.860203,0.966992,-2.030651,1.354662,off,none,0.191886,0,1,0,cruise
409.250000,-0.001839,,0.877827,0.969183,-2.035851,1.340486,off,none,0.249351,0,1,0,cruise
409.300000,-0.001829,,0.898566,0.964617,-2.036907,1.331287,off,none,0.411190,0,1,0,cruise
409.350000,-0.001808,,0.893461,0.948688,-2.037517,1.345180,off,none,0.346516,0,1,0,cruise
409.400000,-0.001757,,0.895037,0.962531,-2.050161,1.318861,off,none,0.258041,0,1,0,cruise
409.450000,-0.001722,,0.911988,0.962520,-2.063610,1.299211,off,none,0.315936,0,1,0,cruise
409.500000,-0.001757,,0.904007,0.962613,-2.081698,1.304840,off,none,0.311646,0,1,0,cruise
409.550000,-0.001679,,0.905293,0.966056,-2.101117,1.288242,off,none,0.296694,0,1,0,cruise
409.600000,-0.001662,,0.898686,0.961810,-2.097948,1.295320,off,none,0.300902,0,1,0,cruise
409.650000,-0.001567,,0.903956,0.967716,-2.110109,1.279610,off,none,0.146042,0,1,0,cruise
409.700000,-0.001558,,0.918220,0.968359,-2.112576,1.270739,off,none,0.203344,0,1,0,cruise
409.750000,-0.001448,,0.912252,0.962542,-2.101854,1.260546,off,none,0.372993,0,1,0,cruise
409.800000,-0.001261,,0.886675,0.956127,-2.118401,1.248401,off,none,0.333163,0,1,0,cruise
409.850000,-0.001314,,0.888112,0.964524,-2.108774,1.250068,off,none,0.319690,0,1,0,cruise
409.900000,-0.001381,,0.918360,0.956818,-2.129801,1.233909,off,none,0.267567,0,1,0,cruise
409.950000,-0.001350,,0.924590,0.972302,-2.153172,1.234749,off,none,0.303941,0,1,0,cruise
410.000000,-0.001271,,0.914726,0.976838,-2.144588,1.230338,off,none,0.805315,0,1,0,cruise
410.050000,-0.001167,,0.890550,0.972677,-2.138895,1.223652,off,none,0.758760,0,1,0,cruise
410.100000,-0.001149,,0.885204,0.973292,-2.125815,1.213110,off,none,0.617525,0,1,0,cruise
410.150000,-0.001112,,0.866177,0.978424,-2.139936,1.208079,off,none,0.624422,0,1,0,cruise
410.200000,-0.001083,,0.917780,0.977140,-2.134817,1.220955,off,none,0.683779,0,1,0,cruise
410.250000,-0.001015,,0.923588,0.972215,-2.136573,1.217619,off,none,0.664138,0,1,0,cruise
410.300000,-0.000900,,0.915015,0.976517,-2.134505,1.221611,off,none,0.386607,0,1,0,cruise
410.350000,-0.000902,,0.922794,0.981429,-2.143740,1.214511,off,none,0.297138,0,1,0,cruise
410.400000,-0.000797,,0.905956,0.981984,-2.161196,1.213509,off,none,0.423812,0,1,0,cruise
410.450000,-0.000784,,0.946766,0.980642,-2.168986,1.220584,off,none,0.408655,0,1,0,cruise
410.500000,-0.000658,,0.960707,0.985753,-2.154437,1.208350,off,none,0.655884,0,1,0,cruise
410.550000,-0.000571,,0.954083,0.985078,-2.139266,1.219851,off,none,0.429296,0,1,0,cruise
410.600000,-0.000555,,0.960243,0.986772,-2.129265,1.211329,off,none,0.364216,0,1,0,cruise
410.650000,-0.000467,,0.961538,0.987579,-2.138703,1.211961,off,none,0.382852,0,1,0,cruise
410.700000,-0.000388,,0.968031,0.988971,-2.137653,1.224866,off,none,0.486159,0,1,0,cruise
410.750000,-0.000295,,0.971002,0.989952,-2.113248,1.232752,off,none,0.465900,0,1,0,cruise
410.800000,-0.000275,,0.969364,0.987586,-2.100889,1.253517,off,none,0.514597,0,1,0,cruise
410.850000,-0.000208,,0.982355,0.990586,-2.075581,1.264266,off,none,0.705882,0,1,0,cruise
410.900000,-0.000127,,0.981986,0.989557,-2.064825,1.284577,off,none,0.423784,0,1,0,cruise
410.950000,-0.000199,,0.986477,0.990808,-2.041402,1.325668,off,none,0.733975,0,1,0,cruise
411.000000,-0.000173,,0.985441,0.989790,-2.047483,1.352091,off,none,0.761910,0,1,0,cruise
411.050000,-0.000038,,0.981082,0.988754,-2.029702,1.354496,off,none,0.855389,0,1,0,cruise
411.100000,-0.000044,,0.984049,0.989777,-2.016722,1.391127,off,none,0.756349,0,1,0,cruise
411.150000,-0.000033,,0.984656,0.987205,-1.996165,1.386105,off,none,0.759171,0,1,0,cruise
411.200000,0.000015,,0.986545,0.988510,-1.985675,1.403490,off,none,0.742801,0,1,0,cruise
411.250000,0.000080,,0.986538,0.989331,-1.977839,1.430541,off,none,0.692014,0,1,0,cruise
411.300000,0.000200,,0.984294,0.991374,-1.966547,1.430897,off,none,0.680118,0,1,0,cruise
411.350000,0.000203,,0.985707,0.991240,-1.962626,1.432303,off,none,0.295895,0,1,0,cruise
411.400000,0.000289,,0.984277,0.991797,-1.961079,1.448306,off,none,0.297842,0,1,0,cruise
411.450000,0.000357,,0.983015,0.992151,-1.942173,1.472793,off,none,0.633602,0,1,0,cruise
411.500000,0.000373,,0.975896,0.990496,-1.912822,1.495353,off,none,0.736394,0,1,0,cruise
411.550000,0.000414,,0.975726,0.990224,-1.901248,1.497889,off,none,0.755303,0,1,0,cruise
411.600000,0.000330,,0.987222,0.992187,-1.885899,1.505715,off,none,0.696985,0,1,0,cruise
411.650000,0.000415,,0.982513,0.992414,-1.871030,1.512416,off,none,0.581052,0,1,0,cruise
411.700000,0.000385,,0.985508,0.993075,-1.860429,1.531498,off,none,0.675282,0,1,0,cruise
411.750000,0.000325,,0.980671,0.992231,-1.852410,1.548898,off,none,0.751057,0,1,0,cruise
411.800000,0.000332,,0.987029,0.991854,-1.838336,1.553471,off,none,0.755388,0,1,0,cruise
411.850000,0.000345,,0.987581,0.991762,-1.825783,1.568657,off,none,0.827488,0,1,0,cruise
411.900000,0.000284,,0.987599,0.990776,-1.809206,1.580157,off,none,0.687140,0,1,0,cruise
411.950000,0.000253,,0.989660,0.990736,-1.807668,1.595422,off,none,0.654123,0,1,0,cruise
412.000000,0.000390,,0.985142,0.990883,-1.790790,1.613312,off,none,0.715228,0,1,0,cruise
412.050000,0.000343,,0.984279,0.990973,-1.776877,1.626071,off,none,0.653723,0,1,0,cruise
412.100000,0.000271,,0.987566,0.992461,-1.778943,1.638611,off,none,0.727393,0,1,0,cruise
412.150000,0.000334,,0.986712,0.993276,-1.780825,1.624660,off,none,0.683041,0,1,0,cruise
412.200000,0.000252,,0.984277,0.992666,-1.772939,1.640409,off,none,0.610923,0,1,0,cruise
412.250000,0.000278,,0.985328,0.992907,-1.765888,1.651446,off,none,0.625379,0,1,0,cruise
412.300000,0.000294,,0.988550,0.992789,-1.753891,1.651433,off,none,0.586449,0,1,0,cruise
412.350000,0.000328,,0.991478,0.993851,-1.755064,1.660146,off,none,0.733923,0,1,0,cruise
412.400000,0.000348,,0.990450,0.993663,-1.747888,1.656981,off,none,0.665568,0,1,0,cruise
412.450000,0.000283,,0.992923,0.994080,-1.749474,1.683220,off,none,0.619569,0,1,0,cruise
412.500000,0.000332,,0.993206,0.993902,-1.741940,1.708500,off,none,0.643933,0,1,0,cruise
412.550000,0.000227,,0.992680,0.994617,-1.735404,1.714032,off,none,0.649553,0,1,0,cruise
412.600000,0.000225,,0.990590,0.993940,-1.727343,1.709824,off,none,0.758595,0,1,0,cruise
412.650000,0.000226,,0.990667,0.994371,-1.719453,1.698882,off,none,0.666187,0,1,0,cruise
412.700000,0.000210,,0.990765,0.994054,-1.698690,1.705310,off,none,0.611232,0,1,0,cruise
412.750000,0.000267,,0.991390,0.994589,-1.701500,1.707249,off,none,0.544453,0,1,0,cruise
412.800000,0.000227,,0.993737,0.994709,-1.697268,1.713720,off,none,0.512802,0,1,0,cruise
412.850000,0.000232,,0.994292,0.995135,-1.705602,1.719511,off,none,0.659302,0,1,0,cruise
412.900000,0.000124,,0.994107,0.994862,-1.706366,1.729994,off,none,0.708643,0,1,0,cruise
412.950000,0.000090,,0.991768,0.994456,-1.692902,1.732484,off,none,0.748559,0,1,0,cruise
413.000000,0.000134,,0.989693,0.993581,-1.690256,1.741138,off,none,0.657913,0,1,0,cruise
413.050000,0.000057,,0.989919,0.994094,-1.677499,1.746736,off,none,0.596493,0,1,0,cruise
413.100000,0.000133,,0.995328,0.994782,-1.678185,1.762710,off,none,0.636831,0,1,0,cruise
413.150000,0.000136,,0.993836,0.995252,-1.680798,1.762490,off,none,0.769734,0,1,0,cruise
413.200000,0.000077,,0.991871,0.994071,-1.682329,1.752885,off,none,0.735865,0,1,0,cruise
413.250000,0.000065,,0.991152,0.994027,-1.687554,1.756095,off,none,0.659435,0,1,0,cruise
413.300000,0.000065,,0.990508,0.994089,-1.686462,1.758926,off,none,0.615321,0,1,0,cruise
413.350000,0.000035,,0.992308,0.994346,-1.702893,1.758686,off,none,0.691430,0,1,0,cruise
413.400000,0.000039,,0.992672,0.994596,-1.691542,1.775334,off,none,0.657697,0,1,0,cruise
413.450000,-0.000004,,0.992005,0.994107,-1.711921,1.761378,off,none,0.588050,0,1,0,cruise
413.500000,0.000027,,0.991045,0.994867,-1.704043,1.749822,off,none,0.772124,0,1,0,cruise
413.550000,-0.000057,,0.989269,0.993670,-1.702295,1.763328,off,none,0.743470,0,1,0,cruise
413.600000,-0.000072,,0.991492,0.994193,-1.708285,1.764504,off,none,0.682300,0,1,0,cruise
413.650000,-0.000029,,0.990893,0.994763,-1.707745,1.763970,off,none,0.579791,0,1,0,cruise
413.700000,-0.000019,,0.990267,0.995192,-1.706584,1.754003,off,none,0.642749,0,1,0,cruise
413.750000,-0.000018,,0.989464,0.995451,-1.715477,1.751767,off,none,0.754537,0,1,0,cruise
413.800000,-0.000103,,0.989099,0.994526,-1.715420,1.746950,off,none,0.782610,0,1,0,cruise
413.850000,-0.000080,,0.990506,0.995045,-1.718711,1.746582,off,none,0.807144,0,1,0,cruise
413.900000,-0.000050,,0.987590,0.994209,-1.722610,1.739857,off,none,0.699047,0,1,0,cruise
413.950000,-0.000100,,0.989779,0.994498,-1.724674,1.736135,off,none,0.763993,0,1,0,cruise
414.000000,-0.000135,,0.991118,0.994894,-1.730701,1.735161,off,none,0.763637,0,1,0,cruise
414.050000,-0.000174,,0.991435,0.994959,-1.746841,1.719832,off,none,0.770056,0,1,0,cruise
414.100000,-0.000170,,0.988991,0.994065,-1.749349,1.719032,off,none,0.845267,0,1,0,cruise
414.150000,-0.000214,,0.987791,0.994505,-1.757498,1.682220,off,none,0.840445,0,1,0,cruise
414.200000,-0.000264,,0.982953,0.993738,-1.773891,1.666805,off,none,0.728661,0,1,0,cruise
414.250000,-0.000246,,0.983916,0.993489,-1.765382,1.679352,off,none,0.242651,0,1,0,cruise
414.300000,-0.000241,,0.984546,0.994449,-1.769476,1.672663,off,none,0.418985,0,1,0,cruise
414.350000,-0.000287,,0.985593,0.993634,-1.776824,1.663671,off,none,0.755543,0,1,0,cruise
414.400000,-0.000165,,0.990572,0.994821,-1.775489,1.661550,off,none,0.506821,0,1,0,cruise
414.450000,-0.000144,,0.989878,0.994923,-1.776391,1.665123,off,none,0.491336,0,1,0,cruise
414.500000,-0.000139,,0.992109,0.994921,-1.776904,1.665276,off,none,0.380988,0,1,0,cruise
414.550000,-0.000139,,0.991864,0.994140,-1.782728,1.663739,off,none,0.638183,0,1,0,cruise
414.600000,-0.000169,,0.990048,0.994450,-1.791797,1.655101,off,none,0.625506,0,1,0,cruise
414.650000,-0.000216,,0.990852,0.994530,-1.786862,1.665633,off,none,0.341001,0,1,0,cruise
414.700000,-0.000243,,0.989523,0.994108,-1.792211,1.668021,off,none,0.750114,0,1,0,cruise
414.750000,-0.000219,,0.990399,0.994451,-1.784509,1.666057,off,none,0.807057,0,1,0,cruise
414.800000,-0.000216,,0.986473,0.993498,-1.799681,1.658246,off,none,0.790817,0,1,0,cruise
414.850000,-0.000208,,0.987249,0.994179,-1.808936,1.649052,off,none,0.834147,0,1,0,cruise
414.900000,-0.000202,,0.985432,0.993900,-1.806672,1.640687,off,none,0.667767,0,1,0,cruise
414.950000,-0.000222,,0.980819,0.993922,-1.818413,1.651891,off,none,0.728954,0,1,0,cruise
415.000000,-0.000246,,0.984766,0.994028,-1.829109,1.650052,off,none,0.765041,0,1,0,cruise
415.050000,-0.000277,,0.980673,0.993705,-1.835199,1.634229,off,none,0.779207,0,1,0,cruise
415.100000,-0.000283,,0.983482,0.993528,-1.828847,1.648760,off,none,0.836293,0,1,0,cruise
415.150000,-0.000234,,0.985699,0.993624,-1.836705,1.649028,off,none,0.741771,0,1,0,cruise
415.200000,-0.000274,,0.985494,0.994096,-1.842614,1.643797,off,none,0.474393,0,1,0,cruise
415.250000,-0.000258,,0.975970,0.993056,-1.841784,1.644585,off,none,0.447591,0,1,0,cruise
415.300000,-0.000246,,0.975636,0.993843,-1.842830,1.656068,off,none,0.469535,0,1,0,cruise
415.350000,-0.000276,,0.972071,0.993412,-1.854816,1.658587,off,none,0.360976,0,1,0,cruise
415.400000,-0.000365,,0.972851,0.993828,-1.867514,1.642406,off,none,0.422521,0,1,0,cruise
415.450000,-0.000356,,0.980867,0.993738,-1.871536,1.632136,off,none,0.714205,0,1,0,cruise
415.500000,-0.000368,,0.978098,0.993106,-1.874222,1.618085,off,none,0.415887,0,1,0,cruise
415.550000,-0.000377,,0.977094,0.994024,-1.877007,1.599314,off,none,0.412736,0,1,0,cruise
415.600000,-0.000434,,0.983133,0.995084,-1.879678,1.594688,off,none,0.433684,0,1,0,cruise
415.650000,-0.000341,,0.981793,0.995046,-1.875903,1.593397,off,none,0.494291,0,1,0,cruise
415.700000,-0.000396,,0.979589,0.995149,-1.887529,1.589580,off,none,0.761087,0,1,0,cruise
415.750000,-0.000416,,0.974536,0.994371,-1.889625,1.572145,off,none,0.634792,0,1,0,cruise
415.800000,-0.000319,,0.976083,0.995085,-1.896363,1.558394,off,none,0.717858,0,1,0,cruise
415.850000,-0.000356,,0.976664,0.993957,-1.892276,1.550490,off,none,0.739610,0,1,0,cruise
415.900000,-0.000314,,0.974230,0.994681,-1.903109,1.541231,off,none,0.796088,0,1,0,cruise
415.950000,-0.000351,,0.974001,0.993824,-1.906306,1.551915,off,none,0.580169,0,1,0,cruise
416.000000,-0.000301,,0.975007,0.992970,-1.904323,1.548635,off,none,0.823341,0,1,0,cruise
416.050000,-0.000309,,0.974869,0.993549,-1.905449,1.558213,off,none,0.553880,0,1,0,cruise
416.100000,-0.000296,,0.980958,0.994591,-1.909086,1.559728,off,none,0.784705,0,1,0,cruise
416.150000,-0.000258,,0.984678,0.994715,-1.913315,1.554902,off,none,0.700033,0,1,0,cruise
416.200000,-0.000297,,0.980638,0.994358,-1.915626,1.564387,off,none,0.650755,0,1,0,cruise
416.250000,-0.000255,,0.978052,0.994032,-1.913787,1.563010,off,none,0.567495,0,1,0,cruise
416.300000,-0.000235,,0.970096,0.994636,-1.921957,1.562850,off,none,0.715272,0,1,0,cruise
416.350000,-0.000231,,0.974363,0.994274,-1.920896,1.568897,off,none,0.778136,0,1,0,cruise
416.400000,-0.000189,,0.981319,0.994420,-1.917083,1.568987,off,none,0.798956,0,1,0,cruise
416.450000,-0.000133,,0.986032,0.994196,-1.908739,1.557273,off,none,0.829134,0,1,0,cruise
416.500000,-0.000087,,0.988397,0.993953,-1.907368,1.570103,off,none,0.827608,0,1,0,cruise
416.550000,-0.000057,,0.988430,0.995185,-1.898092,1.570137,off,none,0.750665,0,1,0,cruise
416.600000,-0.000041,,0.985514,0.994955,-1.898468,1.575622,off,none,0.685075,0,1,0,cruise
416.650000,-0.000066,,0.983744,0.995149,-1.893948,1.592002,off,none,0.660033,0,1,0,cruise
416.700000,-0.000011,,0.981073,0.994524,-1.891734,1.600022,off,none,0.604347,0,1,0,cruise
416.750000,0.000026,,0.984267,0.994646,-1.895993,1.621253,off,none,0.571115,0,1,0,cruise
416.800000,0.000066,,0.983342,0.994573,-1.888680,1.631710,off,none,0.601880,0,1,0,cruise
416.850000,0.000067,,0.990313,0.995162,-1.886493,1.624854,off,none,0.537673,0,1,0,cruise
416.900000,0.000103,,0.987091,0.993892,-1.875391,1.623876,off,none,0.676327,0,1,0,cruise
416.950000,0.000159,,0.983354,0.994009,-1.864511,1.624342,off,none,0.634836,0,1,0,cruise
417.000000,0.000289,,0.982472,0.993915,-1.854773,1.633032,off,none,0.658352,0,1,0,cruise
417.050000,0.000263,,0.984333,0.993793,-1.841465,1.654083,off,none,0.594671,0,1,0,cruise
417.100000,0.000288,,0.973088,0.992560,-1.826008,1.651067,off,none,0.716525,0,1,0,cruise
417.150000,0.000221,,0.975221,0.992897,-1.801543,1.649186,off,none,0.607575,0,1,0,cruise
417.200000,0.000272,,0.974798,0.992293,-1.783263,1.659377,off,none,0.552330,0,1,0,cruise
417.250000,0.000322,,0.969953,0.992087,-1.792260,1.670873,off,none,0.479409,0,1,0,cruise
417.300000,0.000269,,0.980499,0.993284,-1.809190,1.701645,off,none,0.486013,0,1,0,cruise
417.350000,0.000348,,0.974084,0.992610,-1.810703,1.700423,off,none,0.534687,0,1,0,cruise
417.400000,0.000327,,0.969881,0.990740,-1.801330,1.685015,off,none,0.666756,0,1,0,cruise
417.450000,0.000193,,0.957137,0.988635,-1.789470,1.690965,off,none,0.674671,0,1,0,cruise
417.500000,0.000180,,0.971023,0.989376,-1.784790,1.688293,off,none,0.586423,0,1,0,cruise
417.550000,0.000189,,0.962506,0.987024,-1.779043,1.699194,off,none,0.508295,0,1,0,cruise
417.600000,0.000217,,0.961745,0.989843,-1.775350,1.692970,off,none,0.579309,0,1,0,cruise
417.650000,0.000217,,0.966846,0.990554,-1.768266,1.697218,off,none,0.685504,0,1,0,cruise
417.700000,0.000101,,0.957390,0.989718,-1.765631,1.722239,off,none,0.749744,0,1,0,cruise
417.750000,0.000170,,0.959303,0.990614,-1.765573,1.731239,off,none,0.807077,0,1,0,cruise
417.800000,0.000103,,0.951629,0.987296,-1.782671,1.752512,off,none,0.709023,0,1,0,cruise
417.850000,0.000084,,0.937634,0.987090,-1.777869,1.741910,off,none,0.819046,0,1,0,cruise
417.900000,0.000105,,0.947776,0.989327,-1.760528,1.734883,off,none,0.626159,0,1,0,cruise
417.950000,0.000021,,0.956403,0.987524,-1.757407,1.738776,off,none,0.625020,0,1,0,cruise
418.000000,-0.000016,,0.938975,0.987962,-1.754075,1.734636,off,none,0.579057,0,1,0,cruise
418.050000,-0.000021,,0.942573,0.987642,-1.759030,1.749598,off,none,0.546318,0,1,0,cruise
418.100000,0.000019,,0.912818,0.985189,-1.763447,1.741532,off,none,0.626617,0,1,0,cruise
418.150000,0.000052,,0.919778,0.987834,-1.756041,1.748815,off,none,0.605332,0,1,0,cruise
418.200000,0.000005,,0.895154,0.984133,-1.753038,1.753343,off,none,0.656725,0,1,0,cruise
418.250000,-0.000023,,0.890825,0.983686,-1.744583,1.753723,off,none,0.621826,0,1,0,cruise
418.300000,-0.000042,,0.905507,0.983311,-1.749407,1.778286,off,none,0.598330,0,1,0,cruise
418.350000,0.000056,,0.887797,0.984042,-1.744303,1.766032,off,none,0.538363,0,1,0,cruise
418.400000,0.000039,,0.916386,0.985448,-1.739980,1.761540,off,none,0.554652,0,1,0,cruise
418.450000,-0.000010,,0.897224,0.983342,-1.731928,1.759150,off,none,0.626760,0,1,0,cruise
418.500000,-0.000051,,0.864834,0.983353,-1.724821,1.752657,off,none,0.617405,0,1,0,cruise
418.550000,-0.000071,,0.884708,0.984323,-1.739817,1.759081,off,none,0.686070,0,1,0,cruise
418.600000,-0.000019,,0.895852,0.985099,-1.746092,1.741999,off,none,0.713446,0,1,0,cruise
418.650000,-0.000097,,0.924180,0.982732,-1.740611,1.748885,off,none,0.683444,0,1,0,cruise
418.700000,-0.000158,,0.941496,0.985635,-1.747660,1.730022,off,none,0.747233,0,1,0,cruise
418.750000,-0.000163,,0.936607,0.982362,-1.755707,1.715244,off,none,0.779000,0,1,0,cruise
418.800000,-0.000199,,0.933854,0.980142,-1.763207,1.696664,off,none,0.613390,0,1,0,cruise
418.850000,-0.000189,,0.895080,0.980293,-1.769909,1.674065,off,none,0.542146,0,1,0,cruise
418.900000,-0.000159,,0.847355,0.976766,-1.761205,1.661949,off,none,0.616067,0,1,0,cruise
418.950000,-0.000207,,0.905300,0.973708,-1.776360,1.663059,off,none,0.550313,0,1,0,cruise
419.000000,-0.000258,,0.917331,0.974232,-1.768659,1.663980,off,none,0.537095,0,1,0,cruise
419.050000,-0.000257,,0.932186,0.971024,-1.770803,1.667267,off,none,0.421339,0,1,0,cruise
419.100000,-0.000267,,0.943829,0.974177,-1.783141,1.682425,off,none,0.467161,0,1,0,cruise
419.150000,-0.000241,,0.931372,0.973721,-1.781581,1.679020,off,none,0.485653,0,1,0,cruise
419.200000,-0.000263,,0.925529,0.977426,-1.773812,1.669961,off,none,0.535442,0,1,0,cruise
419.250000,-0.000329,,0.906451,0.978073,-1.769480,1.676644,off,none,0.595276,0,1,0,cruise
419.300000,-0.000334,,0.895483,0.973504,-1.770491,1.672074,off,none,0.198653,0,1,0,cruise
419.350000,-0.000307,,0.902484,0.973885,-1.774056,1.682520,off,none,0.175396,0,1,0,cruise
419.400000,-0.000238,,0.868658,0.969944,-1.783870,1.683885,off,none,0.137642,0,1,0,cruise
419.450000,-0.000270,,0.846341,0.968360,-1.793169,1.677426,off,none,0.520297,0,1,0,cruise
419.500000,-0.000294,,0.868889,0.968471,-1.805727,1.653272,off,none,0.537852,0,1,0,cruise
419.550000,-0.000301,,0.898455,0.964028,-1.803868,1.640443,off,none,0.105259,0,1,0,cruise
419.600000,-0.000280,,0.883175,0.965348,-1.813616,1.644623,off,none,0.127041,0,1,0,cruise
419.650000,-0.000268,,0.869334,0.971966,-1.829930,1.626765,off,none,0.080399,0,1,0,cruise
419.700000,-0.000233,,0.891243,0.976148,-1.836755,1.613943,off,none,0.586554,0,1,0,cruise
419.750000,-0.000270,,0.859077,0.977287,-1.863235,1.610158,off,none,0.603026,0,1,0,cruise
419.800000,-0.000275,,0.869259,0.978229,-1.870774,1.596126,off,none,0.580560,0,1,0,cruise
419.850000,-0.000262,,0.856524,0.977699,-1.885080,1.599094,off,none,0.619017,0,1,0,cruise
419.900000,-0.000274,,0.866162,0.969601,-1.887484,1.599670,off,none,0.620521,0,1,0,cruise
419.950000,-0.000302,,0.901583,0.974019,-1.922474,1.581123,off,none,0.611289,0,1,0,cruise
420.000000,-0.000333,,0.921910,0.973944,-1.932994,1.581774,off,none,0.583877,0,1,0,cruise
420.050000,-0.000298,,0.942783,0.972764,-1.948379,1.582034,off,none,0.650610,0,1,0,cruise
420.100000,-0.000315,,0.961305,0.977055,-1.966668,1.579949,off,none,0.672997,0,1,0,cruise
420.150000,-0.000229,,0.964582,0.974725,-1.958216,1.593414,off,none,0.685005,0,1,0,cruise
420.200000,-0.000332,,0.977502,0.977760,-1.976593,1.583630,off,none,0.681601,0,1,0,cruise
420.250000,-0.000292,,0.962377,0.979422,-1.974147,1.577665,off,none,0.605865,0,1,0,cruise
420.300000,-0.000351,,0.943850,0.974627,-1.969256,1.563069,off,none,0.700879,0,1,0,cruise
420.350000,-0.000351,,0.943850,0.974627,-1.969256,1.563069,off,none,0.700879,0,1,0,cruise
